sample_id,sample_index,audio_path,split,wave_frame_normalized,filter_cutoff_normalized,filter_resonance_normalized,filter_drive_normalized,amp_attack_normalized,amp_decay_normalized,amp_sustain_normalized,amp_release_normalized
pilot_v1_00000,0,data\raw\audio\pilot_v1\pilot_v1_00000.wav,train,0.5593363046646118,0.4968908429145813,0.26482224464416504,0.5210748910903931,0.18792618811130524,0.2581033706665039,0.40187835693359375,0.20284205675125122
pilot_v1_00001,1,data\raw\audio\pilot_v1\pilot_v1_00001.wav,test,0.046786118298769,0.6183102130889893,0.6035115122795105,0.08280085772275925,0.36593762040138245,0.4200248420238495,0.8203170895576477,0.3887616693973541
pilot_v1_00002,2,data\raw\audio\pilot_v1\pilot_v1_00002.wav,train,0.4230934977531433,0.4138450026512146,0.16036365926265717,0.5992260575294495,0.2759867310523987,0.3946917951107025,0.21089524030685425,0.31776365637779236
pilot_v1_00003,3,data\raw\audio\pilot_v1\pilot_v1_00003.wav,test,0.9082851409912109,0.8402072191238403,0.521696925163269,0.28443339467048645,0.05443882569670677,0.227120041847229,0.6168605089187622,0.109968401491642
pilot_v1_00004,4,data\raw\audio\pilot_v1\pilot_v1_00004.wav,train,0.8131392598152161,0.34904927015304565,0.7191511988639832,0.22892972826957703,0.14831894636154175,0.30806583166122437,0.38064971566200256,0.3600494861602783
pilot_v1_00005,5,data\raw\audio\pilot_v1\pilot_v1_00005.wav,train,0.33159446716308594,0.7669577598571777,0.3609532415866852,0.6671808958053589,0.31969282031059265,0.4904950261116028,0.7995046973228455,0.1522575169801712
pilot_v1_00006,6,data\raw\audio\pilot_v1\pilot_v1_00006.wav,train,0.2005399614572525,0.561145007610321,0.4056410789489746,0.15070991218090057,0.43442943692207336,0.3447694480419159,0.581781268119812,0.2453213632106781
pilot_v1_00007,7,data\raw\audio\pilot_v1\pilot_v1_00007.wav,train,0.7172252535820007,0.6910275816917419,0.06386153399944305,0.46561700105667114,0.20701906085014343,0.1566898375749588,0.9881131649017334,0.4312390089035034
pilot_v1_00008,8,data\raw\audio\pilot_v1\pilot_v1_00008.wav,train,0.6625480055809021,0.39394235610961914,0.49349328875541687,0.7303751111030579,0.3774029016494751,0.20872391760349274,0.3203166425228119,0.3237268030643463
pilot_v1_00009,9,data\raw\audio\pilot_v1\pilot_v1_00009.wav,train,0.17709699273109436,0.7902942895889282,0.025920702144503593,0.24849848449230194,0.15624608099460602,0.36927786469459534,0.7018787860870361,0.18159456551074982
pilot_v1_00010,10,data\raw\audio\pilot_v1\pilot_v1_00010.wav,train,0.29253843426704407,0.44797587394714355,0.7813015580177307,0.38699567317962646,0.0897325947880745,0.4440912902355194,0.516857922077179,0.2638704180717468
pilot_v1_00011,11,data\raw\audio\pilot_v1\pilot_v1_00011.wav,train,0.8053174614906311,0.5995412468910217,0.34889736771583557,0.12166450917720795,0.2673531174659729,0.27788710594177246,0.9108977913856506,0.42787835001945496
pilot_v1_00012,12,data\raw\audio\pilot_v1\pilot_v1_00012.wav,train,0.9629814624786377,0.5208324790000916,0.1482921838760376,0.019651705399155617,0.3361385464668274,0.18075670301914215,0.49950382113456726,0.21851001679897308
pilot_v1_00013,13,data\raw\audio\pilot_v1\pilot_v1_00013.wav,train,0.4465250074863434,0.6636724472045898,0.5838568210601807,0.5014596581459045,0.10833805799484253,0.364552766084671,0.8806505799293518,0.3825146555900574
pilot_v1_00014,14,data\raw\audio\pilot_v1\pilot_v1_00014.wav,train,0.08585361391305923,0.3205447196960449,0.2268902212381363,0.3629167079925537,0.24963705241680145,0.47209861874580383,0.2881109416484833,0.2788536846637726
pilot_v1_00015,15,data\raw\audio\pilot_v1\pilot_v1_00015.wav,validation,0.5671390295028687,0.7256293892860413,0.6913488507270813,0.6284080743789673,0.4214012622833252,0.28265219926834106,0.6817834973335266,0.1367233842611313
pilot_v1_00016,16,data\raw\audio\pilot_v1\pilot_v1_00016.wav,train,0.6140311360359192,0.3040737509727478,0.022714434191584587,0.16897818446159363,0.06322655826807022,0.3552243709564209,0.8458918929100037,0.2934642434120178
pilot_v1_00017,17,data\raw\audio\pilot_v1\pilot_v1_00017.wav,train,0.10149585455656052,0.7434598803520203,0.4590492844581604,0.43417230248451233,0.29063647985458374,0.1890207678079605,0.4272312819957733,0.12946128845214844
pilot_v1_00018,18,data\raw\audio\pilot_v1\pilot_v1_00018.wav,train,0.49338293075561523,0.5379140973091125,0.30207541584968567,0.20206396281719208,0.35089996457099915,0.29759204387664795,0.6415298581123352,0.2230398952960968
pilot_v1_00019,19,data\raw\audio\pilot_v1\pilot_v1_00019.wav,train,0.9785892367362976,0.646305501461029,0.7657661437988281,0.6838027834892273,0.17952634394168854,0.45814529061317444,0.23539578914642334,0.36516720056533813
pilot_v1_00020,20,data\raw\audio\pilot_v1\pilot_v1_00020.wav,validation,0.7584290504455566,0.4645329713821411,0.5682878494262695,0.5810579061508179,0.22323176264762878,0.38323166966438293,0.774908185005188,0.2648142874240875
pilot_v1_00021,21,data\raw\audio\pilot_v1\pilot_v1_00021.wav,train,0.27690011262893677,0.5816581845283508,0.10150989890098572,0.3157951533794403,0.44477924704551697,0.19378593564033508,0.355881005525589,0.4069395363330841
pilot_v1_00022,22,data\raw\audio\pilot_v1\pilot_v1_00022.wav,train,0.13023537397384644,0.3769133388996124,0.6568956971168518,0.5478577017784119,0.3097302317619324,0.2696247398853302,0.962856113910675,0.33645498752593994
pilot_v1_00023,23,data\raw\audio\pilot_v1\pilot_v1_00023.wav,test,0.646936297416687,0.8075751066207886,0.22369921207427979,0.0662790834903717,0.13171903789043427,0.4534201920032501,0.5563058853149414,0.17245541512966156
pilot_v1_00024,24,data\raw\audio\pilot_v1\pilot_v1_00024.wav,train,0.7328673601150513,0.5448585748672485,0.6439453959465027,0.33174797892570496,0.2527063488960266,0.48355793952941895,0.72723388671875,0.2382248044013977
pilot_v1_00025,25,data\raw\audio\pilot_v1\pilot_v1_00025.wav,train,0.24743220210075378,0.7091771364212036,0.28654277324676514,0.6464032530784607,0.0809418186545372,0.3159868121147156,0.34588930010795593,0.4460258185863495
pilot_v1_00026,26,data\raw\audio\pilot_v1\pilot_v1_00026.wav,train,0.3472023904323578,0.3658117949962616,0.5312348008155823,0.036363642662763596,0.16464272141456604,0.16923584043979645,0.9353962540626526,0.34253647923469543
pilot_v1_00027,27,data\raw\audio\pilot_v1\pilot_v1_00027.wav,validation,0.859997034072876,0.7494062781333923,0.18866372108459473,0.47450098395347595,0.3924437463283539,0.33115655183792114,0.5415293574333191,0.15661115944385529
pilot_v1_00028,28,data\raw\audio\pilot_v1\pilot_v1_00028.wav,train,0.8926467299461365,0.43004950881004333,0.3892441391944885,0.4182645380496979,0.41104835271835327,0.43363550305366516,0.8558831810951233,0.29700109362602234
pilot_v1_00029,29,data\raw\audio\pilot_v1\pilot_v1_00029.wav,test,0.376205176115036,0.8221060633659363,0.7287043333053589,0.10358642041683197,0.233427494764328,0.24555668234825134,0.47490599751472473,0.11107782274484634
pilot_v1_00030,30,data\raw\audio\pilot_v1\pilot_v1_00030.wav,train,0.031174514442682266,0.48007988929748535,0.08554848283529282,0.7135802507400513,0.12494087964296341,0.21919818222522736,0.6563067436218262,0.19352667033672333
pilot_v1_00031,31,data\raw\audio\pilot_v1\pilot_v1_00031.wav,train,0.5124745965003967,0.6359436511993408,0.44611459970474243,0.2755573093891144,0.3460982143878937,0.4016268253326416,0.26285529136657715,0.4013242721557617
pilot_v1_00032,32,data\raw\audio\pilot_v1\pilot_v1_00032.wav,train,0.5238420963287354,0.40929195284843445,0.7980843782424927,0.05668541043996811,0.20057444274425507,0.3253571391105652,0.629898190498352,0.44099777936935425
pilot_v1_00033,33,data\raw\audio\pilot_v1\pilot_v1_00033.wav,validation,0.010986743494868279,0.8442486524581909,0.33362457156181335,0.5589091181755066,0.4283750355243683,0.16480395197868347,0.2485472410917282,0.23317007720470428
pilot_v1_00034,34,data\raw\audio\pilot_v1\pilot_v1_00034.wav,train,0.39608675241470337,0.5009399056434631,0.47673121094703674,0.3224048912525177,0.3136376738548279,0.3218088448047638,0.8326669931411743,0.16163936257362366
pilot_v1_00035,35,data\raw\audio\pilot_v1\pilot_v1_00035.wav,train,0.881583571434021,0.6137662529945374,0.041165485978126526,0.572973370552063,0.1418735533952713,0.4880124628543854,0.43883875012397766,0.3475914001464844
pilot_v1_00036,36,data\raw\audio\pilot_v1\pilot_v1_00036.wav,validation,0.847714364528656,0.5743168592453003,0.24372494220733643,0.6932505965232849,0.06088479235768318,0.4081321358680725,0.9524207711219788,0.11696040630340576
pilot_v1_00037,37,data\raw\audio\pilot_v1\pilot_v1_00037.wav,train,0.3663526773452759,0.6784178018569946,0.6761279106140137,0.19114133715629578,0.2820416986942291,0.2243366688489914,0.5714836716651917,0.30291038751602173
pilot_v1_00038,38,data\raw\audio\pilot_v1\pilot_v1_00038.wav,train,0.22846579551696777,0.33644819259643555,0.13148432970046997,0.4275997579097748,0.3719918429851532,0.23907402157783508,0.7598034143447876,0.3954415023326874
pilot_v1_00039,39,data\raw\audio\pilot_v1\pilot_v1_00039.wav,train,0.7449679970741272,0.7801375985145569,0.599055826663971,0.17700842022895813,0.19437138736248016,0.42851972579956055,0.3663409948348999,0.1876171976327896
pilot_v1_00040,40,data\raw\audio\pilot_v1\pilot_v1_00040.wav,validation,0.6277859807014465,0.4434400796890259,0.1694316864013672,0.2688918709754944,0.41495662927627563,0.4639446437358856,0.9485448598861694,0.1245293840765953
pilot_v1_00041,41,data\raw\audio\pilot_v1\pilot_v1_00041.wav,validation,0.1425180584192276,0.6035984754562378,0.51120924949646,0.7217004895210266,0.24358265101909637,0.30202391743659973,0.5299006104469299,0.28865519165992737
pilot_v1_00042,42,data\raw\audio\pilot_v1\pilot_v1_00042.wav,train,0.2647995054721832,0.3979751169681549,0.2557750344276428,0.11312724649906158,0.10228289663791656,0.1831987351179123,0.7388380765914917,0.3700992465019226
pilot_v1_00043,43,data\raw\audio\pilot_v1\pilot_v1_00043.wav,train,0.7773954272270203,0.7857325673103333,0.6139711141586304,0.4072516858577728,0.32969313859939575,0.35076984763145447,0.33266767859458923,0.22784912586212158
pilot_v1_00044,44,data\raw\audio\pilot_v1\pilot_v1_00044.wav,train,0.9987770318984985,0.3337332308292389,0.41456565260887146,0.4810205101966858,0.2737990915775299,0.4469149112701416,0.6714816689491272,0.4130678176879883
pilot_v1_00045,45,data\raw\audio\pilot_v1\pilot_v1_00045.wav,train,0.4820154011249542,0.7130369544029236,0.05323043838143349,0.028372133150696754,0.09578755497932434,0.26448628306388855,0.2524227201938629,0.2708197236061096
pilot_v1_00046,46,data\raw\audio\pilot_v1\pilot_v1_00046.wav,train,0.1125590056180954,0.5082145929336548,0.7102534770965576,0.6368995904922485,0.16230027377605438,0.20026858150959015,0.866339921951294,0.16632698476314545
pilot_v1_00047,47,data\raw\audio\pilot_v1\pilot_v1_00047.wav,train,0.5941495895385742,0.6768361330032349,0.3715623617172241,0.34270644187927246,0.38384810090065,0.38834744691848755,0.4598044455051422,0.3304493725299835
pilot_v1_00048,48,data\raw\audio\pilot_v1\pilot_v1_00048.wav,train,0.5785378813743591,0.5247757434844971,0.5393788814544678,0.4545656144618988,0.1256638467311859,0.2720663547515869,0.22392478585243225,0.187263622879982
pilot_v1_00049,49,data\raw\audio\pilot_v1\pilot_v1_00049.wav,train,0.06569743156433105,0.6589490175247192,0.17881466448307037,0.16030360758304596,0.30328482389450073,0.43963807821273804,0.6054483652114868,0.3295080065727234
pilot_v1_00050,50,data\raw\audio\pilot_v1\pilot_v1_00050.wav,train,0.4663771390914917,0.3167082965373993,0.6358296871185303,0.6752654910087585,0.438334584236145,0.37507855892181396,0.41331467032432556,0.4222094416618347
pilot_v1_00051,51,data\raw\audio\pilot_v1\pilot_v1_00051.wav,train,0.9518886208534241,0.7303137183189392,0.2963714599609375,0.22232003509998322,0.2171773463487625,0.2131570726633072,0.8073609471321106,0.2580893933773041
pilot_v1_00052,52,data\raw\audio\pilot_v1\pilot_v1_00052.wav,train,0.7930032014846802,0.3814998269081116,0.0938359946012497,0.29535603523254395,0.1855805516242981,0.2891361117362976,0.5966907143592834,0.37735819816589355
pilot_v1_00053,53,data\raw\audio\pilot_v1\pilot_v1_00053.wav,train,0.3116573691368103,0.8035674095153809,0.43640896677970886,0.5897783041000366,0.35734519362449646,0.4772157371044159,0.977848470211029,0.21324141323566437
pilot_v1_00054,54,data\raw\audio\pilot_v1\pilot_v1_00054.wav,train,0.1581602692604065,0.46051734685897827,0.38097891211509705,0.07477064430713654,0.29708245396614075,0.3580487370491028,0.39088982343673706,0.14187967777252197
pilot_v1_00055,55,data\raw\audio\pilot_v1\pilot_v1_00055.wav,train,0.6746780872344971,0.5862358212471008,0.7383834719657898,0.5276474356651306,0.06928154081106186,0.17561954259872437,0.7845221757888794,0.284122109413147
pilot_v1_00056,56,data\raw\audio\pilot_v1\pilot_v1_00056.wav,train,0.6981062889099121,0.3526570200920105,0.31812968850135803,0.6202878355979919,0.3400430381298065,0.23294079303741455,0.5054490566253662,0.3943345844745636
pilot_v1_00057,57,data\raw\audio\pilot_v1\pilot_v1_00057.wav,validation,0.21285422146320343,0.762032151222229,0.7513272166252136,0.3695821464061737,0.11849547177553177,0.3991450071334839,0.9239241480827332,0.20837759971618652
pilot_v1_00058,58,data\raw\audio\pilot_v1\pilot_v1_00058.wav,train,0.31946441531181335,0.5575101971626282,0.006688617169857025,0.5124725103378296,0.22698283195495605,0.41422414779663086,0.3073633313179016,0.10439562797546387
pilot_v1_00059,59,data\raw\audio\pilot_v1\pilot_v1_00059.wav,train,0.8320759534835815,0.6960468888282776,0.47346776723861694,0.010110856033861637,0.4049939513206482,0.25367021560668945,0.7133123278617859,0.3122282922267914
pilot_v1_00060,60,data\raw\audio\pilot_v1\pilot_v1_00060.wav,train,0.9284413456916809,0.4846494197845459,0.6728980541229248,0.12965601682662964,0.39849796891212463,0.15020589530467987,0.2778494954109192,0.1468553990125656
pilot_v1_00061,61,data\raw\audio\pilot_v1\pilot_v1_00061.wav,validation,0.41169461607933044,0.6319198608398438,0.2092083990573883,0.380476176738739,0.17108795046806335,0.3396523594856262,0.6966896653175354,0.3546847701072693
pilot_v1_00062,62,data\raw\audio\pilot_v1\pilot_v1_00062.wav,train,0.05787895619869232,0.42605042457580566,0.5523078441619873,0.23754003643989563,0.087387815117836,0.496999055147171,0.4845241904258728,0.4366409182548523
pilot_v1_00063,63,data\raw\audio\pilot_v1\pilot_v1_00063.wav,validation,0.5394842028617859,0.8267012238502502,0.11597417294979095,0.73987877368927,0.25876134634017944,0.31320300698280334,0.8908877968788147,0.2506859004497528
pilot_v1_00064,64,data\raw\audio\pilot_v1\pilot_v1_00064.wav,train,0.5350209474563599,0.340014785528183,0.5807264447212219,0.36906298995018005,0.4256925582885742,0.17786210775375366,0.9741475582122803,0.2534109950065613
pilot_v1_00065,65,data\raw\audio\pilot_v1\pilot_v1_00065.wav,train,0.04781559482216835,0.7751778960227966,0.1389225423336029,0.6105445027351379,0.2031714767217636,0.36729782819747925,0.5551218390464783,0.41748833656311035
pilot_v1_00066,66,data\raw\audio\pilot_v1\pilot_v1_00066.wav,validation,0.42004886269569397,0.5706492066383362,0.6944807171821594,0.0019699623808264732,0.1384097933769226,0.46928954124450684,0.7636656165122986,0.32461607456207275
pilot_v1_00067,67,data\raw\audio\pilot_v1\pilot_v1_00067.wav,test,0.9346137046813965,0.6834114193916321,0.2362583428621292,0.5074211955070496,0.31701594591140747,0.2854827046394348,0.357113778591156,0.18241442739963531
pilot_v1_00068,68,data\raw\audio\pilot_v1\pilot_v1_00068.wav,train,0.8434818387031555,0.5058497786521912,0.035302553325891495,0.38087227940559387,0.2856946587562561,0.20595750212669373,0.6466449499130249,0.28213536739349365
pilot_v1_00069,69,data\raw\audio\pilot_v1\pilot_v1_00069.wav,train,0.3247819244861603,0.6101488471031189,0.49661144614219666,0.13950523734092712,0.05731729790568352,0.37215110659599304,0.22798578441143036,0.1399356722831726
pilot_v1_00070,70,data\raw\audio\pilot_v1\pilot_v1_00070.wav,test,0.20533934235572815,0.4042820632457733,0.3395170569419861,0.7480340003967285,0.1972431242465973,0.4412393867969513,0.8407281041145325,0.21112659573554993
pilot_v1_00071,71,data\raw\audio\pilot_v1\pilot_v1_00071.wav,test,0.6888977885246277,0.8478989005088806,0.7781818509101868,0.24255982041358948,0.3692055940628052,0.28067487478256226,0.4345923662185669,0.37520062923431396
pilot_v1_00072,72,data\raw\audio\pilot_v1\pilot_v1_00072.wav,train,0.6810793280601501,0.5121339559555054,0.3515850603580475,0.15646548569202423,0.24021656811237335,0.30519258975982666,0.6551225185394287,0.30874618887901306
pilot_v1_00073,73,data\raw\audio\pilot_v1\pilot_v1_00073.wav,train,0.1662856489419937,0.6720942854881287,0.716019332408905,0.44814127683639526,0.4184325635433197,0.493261456489563,0.2741469144821167,0.10087078809738159
pilot_v1_00074,74,data\raw\audio\pilot_v1\pilot_v1_00074.wav,train,0.3013346195220947,0.3298477530479431,0.07323121279478073,0.21163836121559143,0.3271082937717438,0.3419816493988037,0.857116162776947,0.20502375066280365
pilot_v1_00075,75,data\raw\audio\pilot_v1\pilot_v1_00075.wav,train,0.7887993454933167,0.7176777720451355,0.4087713658809662,0.6727550029754639,0.10497758537530899,0.15954169631004333,0.4636632800102234,0.3910234868526459
pilot_v1_00076,76,data\raw\audio\pilot_v1\pilot_v1_00076.wav,test,0.9424207210540771,0.40269961953163147,0.6066311597824097,0.5934476256370544,0.0985616147518158,0.2553583085536957,0.9279868602752686,0.24989545345306396
pilot_v1_00077,77,data\raw\audio\pilot_v1\pilot_v1_00077.wav,train,0.4591216444969177,0.781796932220459,0.2742026150226593,0.30193206667900085,0.2709151804447174,0.42291945219039917,0.5466439127922058,0.4358932077884674
pilot_v1_00078,78,data\raw\audio\pilot_v1\pilot_v1_00078.wav,train,0.07124381512403488,0.4387483596801758,0.518578827381134,0.5383892059326172,0.3874033987522125,0.3918612599372864,0.7345943450927734,0.3541080355644226
pilot_v1_00079,79,data\raw\audio\pilot_v1\pilot_v1_00079.wav,train,0.5897148847579956,0.6074341535568237,0.15098176896572113,0.07720388472080231,0.15863513946533203,0.22992920875549316,0.3407260477542877,0.14623591303825378
pilot_v1_00080,80,data\raw\audio\pilot_v1\pilot_v1_00080.wav,train,0.6053264737129211,0.45658111572265625,0.7318346500396729,0.7193357944488525,0.3004131317138672,0.430847704410553,0.5798401832580566,0.3495781421661377
pilot_v1_00081,81,data\raw\audio\pilot_v1\pilot_v1_00081.wav,validation,0.11810550838708878,0.5909609198570251,0.398613840341568,0.2580815553665161,0.12845012545585632,0.24840852618217468,0.9986968040466309,0.16358335316181183
pilot_v1_00082,82,data\raw\audio\pilot_v1\pilot_v1_00082.wav,validation,0.4747600257396698,0.38533490896224976,0.4429827630519867,0.4009731411933899,0.21352438628673553,0.21632498502731323,0.38254186511039734,0.23528489470481873
pilot_v1_00083,83,data\raw\audio\pilot_v1\pilot_v1_00083.wav,test,0.9893089532852173,0.7988763451576233,0.0761803388595581,0.10916046798229218,0.4419021010398865,0.4043932259082794,0.7888723015785217,0.44315531849861145
pilot_v1_00084,84,data\raw\audio\pilot_v1\pilot_v1_00084.wav,train,0.7731914520263672,0.3119668960571289,0.2771608829498291,0.030585164204239845,0.3608089089393616,0.4807274341583252,0.20268014073371887,0.19229556620121002
pilot_v1_00085,85,data\raw\audio\pilot_v1\pilot_v1_00085.wav,train,0.2544768750667572,0.7342326641082764,0.6408272981643677,0.49199962615966797,0.18220224976539612,0.31879594922065735,0.6211205124855042,0.40016263723373413
pilot_v1_00086,86,data\raw\audio\pilot_v1\pilot_v1_00086.wav,train,0.15064355731010437,0.5294169783592224,0.198044091463089,0.3490622639656067,0.07196403294801712,0.16649077832698822,0.410142183303833,0.30780234932899475
pilot_v1_00087,87,data\raw\audio\pilot_v1\pilot_v1_00087.wav,train,0.6341871023178101,0.6550630331039429,0.5343544483184814,0.640806257724762,0.2944854199886322,0.3340511620044708,0.8161060214042664,0.12180960923433304
pilot_v1_00088,88,data\raw\audio\pilot_v1\pilot_v1_00088.wav,train,0.7357593774795532,0.4224335849285126,0.11087800562381744,0.5540040135383606,0.11494018137454987,0.3804225027561188,0.2986944019794464,0.22863958775997162
pilot_v1_00089,89,data\raw\audio\pilot_v1\pilot_v1_00089.wav,train,0.22095103561878204,0.8316105008125305,0.5714197158813477,0.04841550439596176,0.34370821714401245,0.19661644101142883,0.6798425912857056,0.3708469569683075
pilot_v1_00090,90,data\raw\audio\pilot_v1\pilot_v1_00090.wav,train,0.37167030572891235,0.4883003234863281,0.2143295705318451,0.5633761882781982,0.40221989154815674,0.2667301595211029,0.48887163400650024,0.28923192620277405
pilot_v1_00091,91,data\raw\audio\pilot_v1\pilot_v1_00091.wav,train,0.8591201305389404,0.6269094347953796,0.6537653207778931,0.3217567205429077,0.22986675798892975,0.45616528391838074,0.8825425505638123,0.12514887750148773
pilot_v1_00092,92,data\raw\audio\pilot_v1\pilot_v1_00092.wav,train,0.887755811214447,0.5525500178337097,0.45592957735061646,0.19594056904315948,0.17367278039455414,0.35237249732017517,0.5211185216903687,0.33393147587776184
pilot_v1_00093,93,data\raw\audio\pilot_v1\pilot_v1_00093.wav,train,0.40444111824035645,0.6996139287948608,0.013334107585251331,0.7016435265541077,0.3958032429218292,0.1918085366487503,0.9026821255683899,0.16985180974006653
pilot_v1_00094,94,data\raw\audio\pilot_v1\pilot_v1_00094.wav,train,0.0009235041216015816,0.35765013098716736,0.7688843011856079,0.1866370588541031,0.26212742924690247,0.29482561349868774,0.3161049783229828,0.2741735875606537
pilot_v1_00095,95,data\raw\audio\pilot_v1\pilot_v1_00095.wav,train,0.5193787217140198,0.7583649754524231,0.31145724654197693,0.4282335638999939,0.08391185849905014,0.46101847290992737,0.7101432085037231,0.416378915309906
pilot_v1_00096,96,data\raw\audio\pilot_v1\pilot_v1_00096.wav,train,0.5072791576385498,0.5660882592201233,0.056350111961364746,0.6547415256500244,0.3631513714790344,0.4496813118457794,0.39593157172203064,0.3657866418361664
pilot_v1_00097,97,data\raw\audio\pilot_v1\pilot_v1_00097.wav,train,0.019890710711479187,0.6874439120292664,0.42394596338272095,0.3365846872329712,0.19079788029193878,0.26161307096481323,0.7770878672599792,0.22361664474010468
pilot_v1_00098,98,data\raw\audio\pilot_v1\pilot_v1_00098.wav,train,0.38529160618782043,0.34407275915145874,0.36844420433044434,0.4750801920890808,0.05087130144238472,0.20312044024467468,0.5916977524757385,0.1302090287208557
pilot_v1_00099,99,data\raw\audio\pilot_v1\pilot_v1_00099.wav,test,0.900039553642273,0.7706418037414551,0.7008716464042664,0.04602973163127899,0.27963966131210327,0.38555964827537537,0.9853317141532898,0.29425469040870667
pilot_v1_00100,100,data\raw\audio\pilot_v1\pilot_v1_00100.wav,train,0.870182454586029,0.41744497418403625,0.501841127872467,0.09526239335536957,0.32307112216949463,0.4668391942977905,0.4246792793273926,0.17576654255390167
pilot_v1_00101,101,data\raw\audio\pilot_v1\pilot_v1_00101.wav,train,0.3517877161502838,0.8352813124656677,0.16629979014396667,0.413396418094635,0.14485520124435425,0.2992788553237915,0.8062014579772949,0.3398088216781616
pilot_v1_00102,102,data\raw\audio\pilot_v1\pilot_v1_00102.wav,train,0.24113775789737701,0.4932565689086914,0.6233407258987427,0.2748550772666931,0.20961612462997437,0.18600787222385406,0.21251125633716583,0.410464346408844
pilot_v1_00103,103,data\raw\audio\pilot_v1\pilot_v1_00103.wav,train,0.7243910431861877,0.6233375668525696,0.25890541076660156,0.7040199637413025,0.4317469298839569,0.3479393422603607,0.606559157371521,0.26829642057418823
pilot_v1_00104,104,data\raw\audio\pilot_v1\pilot_v1_00104.wav,train,0.654069721698761,0.32530298829078674,0.6855098009109497,0.4450971484184265,0.15258091688156128,0.41087719798088074,0.477090448141098,0.1587686985731125
pilot_v1_00105,105,data\raw\audio\pilot_v1\pilot_v1_00105.wav,train,0.13958120346069336,0.7217271327972412,0.24684305489063263,0.1712283492088318,0.3809581995010376,0.2214420586824417,0.8959289789199829,0.34465134143829346
pilot_v1_00106,106,data\raw\audio\pilot_v1\pilot_v1_00106.wav,train,0.2658451795578003,0.5161745548248291,0.5896754264831543,0.6876552104949951,0.2644692063331604,0.24190452694892883,0.28533217310905457,0.44796982407569885
pilot_v1_00107,107,data\raw\audio\pilot_v1\pilot_v1_00107.wav,train,0.7530047297477722,0.66754150390625,0.1283646821975708,0.2084568440914154,0.09250663220882416,0.4257105886936188,0.6916972398757935,0.24021153151988983
pilot_v1_00108,108,data\raw\audio\pilot_v1\pilot_v1_00108.wav,train,0.9703418016433716,0.4519290328025818,0.3304942548274994,0.3049303889274597,0.11103277653455734,0.3282303810119629,0.3062036335468292,0.4061734974384308
pilot_v1_00109,109,data\raw\audio\pilot_v1\pilot_v1_00109.wav,train,0.48685961961746216,0.5948327779769897,0.7887147068977356,0.5787305235862732,0.3335537016391754,0.16203753650188446,0.7246771454811096,0.19841858744621277
pilot_v1_00110,110,data\raw\audio\pilot_v1\pilot_v1_00110.wav,train,0.10582178831100464,0.3900906443595886,0.04429733380675316,0.062257878482341766,0.42487722635269165,0.324596643447876,0.5065600275993347,0.11579891294240952
pilot_v1_00111,111,data\raw\audio\pilot_v1\pilot_v1_00111.wav,train,0.6244759559631348,0.7949684858322144,0.48609936237335205,0.5416164398193359,0.24627098441123962,0.48516061902046204,0.9125104546546936,0.30167949199676514
pilot_v1_00112,112,data\raw\audio\pilot_v1\pilot_v1_00112.wav,validation,0.5775837302207947,0.3722054362297058,0.20608875155448914,0.255037397146225,0.2880394458770752,0.15303640067577362,0.7516128420829773,0.10665726661682129
pilot_v1_00113,113,data\raw\audio\pilot_v1\pilot_v1_00113.wav,train,0.09017966687679291,0.811527669429779,0.6635176539421082,0.7340986728668213,0.06590907275676727,0.33684322237968445,0.37067416310310364,0.3144098222255707
pilot_v1_00114,114,data\raw\audio\pilot_v1\pilot_v1_00114.wav,train,0.44000181555747986,0.469207763671875,0.11909227818250656,0.12406067550182343,0.17614805698394775,0.49974411725997925,0.9605625867843628,0.38523685932159424
pilot_v1_00115,115,data\raw\audio\pilot_v1\pilot_v1_00115.wav,train,0.9547339081764221,0.5778058767318726,0.5616896748542786,0.39779171347618103,0.35436370968818665,0.31030839681625366,0.5671015977859497,0.1993599534034729
pilot_v1_00116,116,data\raw\audio\pilot_v1\pilot_v1_00116.wav,train,0.7998930215835571,0.5340113639831543,0.7606953978538513,0.4949979782104492,0.44834673404693604,0.23572859168052673,0.8307015895843506,0.4306195080280304
pilot_v1_00117,117,data\raw\audio\pilot_v1\pilot_v1_00117.wav,validation,0.28148362040519714,0.6510642766952515,0.32126152515411377,0.015868056565523148,0.2195788025856018,0.39629313349723816,0.449349045753479,0.24474458396434784
pilot_v1_00118,118,data\raw\audio\pilot_v1\pilot_v1_00118.wav,train,0.18644292652606964,0.30794236063957214,0.4640980660915375,0.6258602738380432,0.1345052868127823,0.41709738969802856,0.6319124698638916,0.15150977671146393
pilot_v1_00119,119,data\raw\audio\pilot_v1\pilot_v1_00119.wav,train,0.6696813106536865,0.738802433013916,0.003558289958164096,0.35228946805000305,0.30685853958129883,0.25090378522872925,0.23808567225933075,0.35925906896591187
pilot_v1_00120,120,data\raw\audio\pilot_v1\pilot_v1_00120.wav,test,0.7087488174438477,0.4751533269882202,0.4270271360874176,0.09261259436607361,0.07746589183807373,0.29198798537254333,0.870673656463623,0.4230291247367859
pilot_v1_00121,121,data\raw\audio\pilot_v1\pilot_v1_00121.wav,train,0.19424563646316528,0.6395441889762878,0.0907178521156311,0.5215256810188293,0.256072461605072,0.4744279682636261,0.45161327719688416,0.2589785158634186
pilot_v1_00122,122,data\raw\audio\pilot_v1\pilot_v1_00122.wav,validation,0.3361799120903015,0.4350762665271759,0.7477638125419617,0.28941574692726135,0.38974905014038086,0.360815167427063,0.6670989990234375,0.17687346041202545
pilot_v1_00123,123,data\raw\audio\pilot_v1\pilot_v1_00123.wav,validation,0.8233245611190796,0.8184723854064941,0.384098619222641,0.6074358820915222,0.16722756624221802,0.17274631559848785,0.2605651617050171,0.3190484046936035
pilot_v1_00124,124,data\raw\audio\pilot_v1\pilot_v1_00124.wav,train,0.9156778454780579,0.3622286021709442,0.18194502592086792,0.6574006080627441,0.2363113909959793,0.2748754918575287,0.7493481636047363,0.13456584513187408
pilot_v1_00125,125,data\raw\audio\pilot_v1\pilot_v1_00125.wav,train,0.4321800470352173,0.7543490529060364,0.5487485527992249,0.22846469283103943,0.4082742929458618,0.4368075728416443,0.3307024836540222,0.27673885226249695
pilot_v1_00126,126,data\raw\audio\pilot_v1\pilot_v1_00126.wav,train,0.03550243377685547,0.5485430955886841,0.293239563703537,0.46052879095077515,0.3497633635997772,0.37797313928604126,0.9380834698677063,0.3805706202983856
pilot_v1_00127,127,data\raw\audio\pilot_v1\pilot_v1_00127.wav,train,0.5541407465934753,0.7042001485824585,0.6264615654945374,0.14262309670448303,0.12138558179140091,0.21041204035282135,0.5319147109985352,0.21652328968048096
pilot_v1_00128,128,data\raw\audio\pilot_v1\pilot_v1_00128.wav,test,0.5478531718254089,0.3962453603744507,0.195632666349411,0.39031240344047546,0.3172871172428131,0.4869735836982727,0.6744675040245056,0.2723252773284912
pilot_v1_00129,129,data\raw\audio\pilot_v1\pilot_v1_00129.wav,train,0.03336514160037041,0.7882346510887146,0.5351035594940186,0.11907593905925751,0.13968947529792786,0.3207797408103943,0.25563812255859375,0.4144902229309082
pilot_v1_00130,130,data\raw\audio\pilot_v1\pilot_v1_00130.wav,train,0.43456125259399414,0.4452015161514282,0.27955296635627747,0.7278335094451904,0.20617778599262238,0.1658095270395279,0.8631007075309753,0.3330453932285309
pilot_v1_00131,131,data\raw\audio\pilot_v1\pilot_v1_00131.wav,train,0.9217212796211243,0.600998044013977,0.6401053667068481,0.25177109241485596,0.42736053466796875,0.32637450098991394,0.45674484968185425,0.1690061241388321
pilot_v1_00132,132,data\raw\audio\pilot_v1\pilot_v1_00132.wav,test,0.8255820274353027,0.5099799633026123,0.43755924701690674,0.3596429228782654,0.3714420795440674,0.42747560143470764,0.9453542828559875,0.2900749444961548
pilot_v1_00133,133,data\raw\audio\pilot_v1\pilot_v1_00133.wav,test,0.3420993685722351,0.674231231212616,0.08014291524887085,0.630948007106781,0.19970688223838806,0.23803949356079102,0.5268899202346802,0.1260376125574112
pilot_v1_00134,134,data\raw\audio\pilot_v1\pilot_v1_00134.wav,train,0.1880820244550705,0.33200743794441223,0.7372327446937561,0.022236216813325882,0.05838270112872124,0.22534765303134918,0.7418729066848755,0.23053094744682312
pilot_v1_00135,135,data\raw\audio\pilot_v1\pilot_v1_00135.wav,test,0.7067357301712036,0.7155346274375916,0.39467230439186096,0.4981384873390198,0.2862030267715454,0.4091547131538391,0.3359316289424896,0.37269261479377747
pilot_v1_00136,136,data\raw\audio\pilot_v1\pilot_v1_00136.wav,train,0.6676644086837769,0.49941134452819824,0.7744017839431763,0.6025440692901611,0.1044689491391182,0.35180413722991943,0.9556385278701782,0.305849552154541
pilot_v1_00137,137,data\raw\audio\pilot_v1\pilot_v1_00137.wav,train,0.18027547001838684,0.6166037917137146,0.3076101243495941,0.28184640407562256,0.3260428011417389,0.18424344062805176,0.5744670033454895,0.11998266726732254
pilot_v1_00138,138,data\raw\audio\pilot_v1\pilot_v1_00138.wav,train,0.2874068319797516,0.4107174575328827,0.4503936469554901,0.5185324549674988,0.41596850752830505,0.30100175738334656,0.7567473649978638,0.19151397049427032
pilot_v1_00139,139,data\raw\audio\pilot_v1\pilot_v1_00139.wav,train,0.8021543025970459,0.8414465188980103,0.017207875847816467,0.0860714316368103,0.2379799634218216,0.46293357014656067,0.3630981743335724,0.3992551863193512
pilot_v1_00140,140,data\raw\audio\pilot_v1\pilot_v1_00140.wav,train,0.9607735276222229,0.33787816762924194,0.21660304069519043,0.14743483066558838,0.15696682035923004,0.3893764615058899,0.6268908381462097,0.23619498312473297
pilot_v1_00141,141,data\raw\audio\pilot_v1\pilot_v1_00141.wav,train,0.44237926602363586,0.777331531047821,0.6529485583305359,0.4681553840637207,0.3843970000743866,0.20130786299705505,0.24535343050956726,0.44393426179885864
pilot_v1_00142,142,data\raw\audio\pilot_v1\pilot_v1_00142.wav,train,0.08804622292518616,0.5727927088737488,0.10857999324798584,0.2315150946378708,0.26963523030281067,0.26346954703330994,0.8359338641166687,0.3514024019241333
pilot_v1_00143,143,data\raw\audio\pilot_v1\pilot_v1_00143.wav,train,0.5712999701499939,0.6812514066696167,0.5722569823265076,0.6638616919517517,0.0982903465628624,0.4459090828895569,0.44187071919441223,0.16553880274295807
pilot_v1_00144,144,data\raw\audio\pilot_v1\pilot_v1_00144.wav,validation,0.6181882619857788,0.5547041296958923,0.34180620312690735,0.03895239531993866,0.442398339509964,0.21486854553222656,0.28089338541030884,0.35251733660697937
pilot_v1_00145,145,data\raw\audio\pilot_v1\pilot_v1_00145.wav,train,0.10368461906909943,0.697476863861084,0.7773601412773132,0.4711840748786926,0.21457751095294952,0.3767995834350586,0.6999446153640747,0.14477038383483887
pilot_v1_00146,146,data\raw\audio\pilot_v1\pilot_v1_00146.wav,train,0.48924094438552856,0.3554905951023102,0.032983582466840744,0.32847556471824646,0.1309017837047577,0.4379359185695648,0.4813430607318878,0.24875177443027496
pilot_v1_00147,147,data\raw\audio\pilot_v1\pilot_v1_00147.wav,train,0.9763851165771484,0.7605080008506775,0.4974559247493744,0.648944616317749,0.30263733863830566,0.2703757584095001,0.88786780834198,0.43462440371513367
pilot_v1_00148,148,data\raw\audio\pilot_v1\pilot_v1_00148.wav,train,0.7552620768547058,0.4288879632949829,0.6999772787094116,0.7110400795936584,0.29616573452949524,0.17733624577522278,0.5022189021110535,0.20629526674747467
pilot_v1_00149,149,data\raw\audio\pilot_v1\pilot_v1_00149.wav,train,0.27176475524902344,0.8251726627349854,0.23241841793060303,0.27883127331733704,0.07498245686292648,0.35977521538734436,0.9208554029464722,0.3921644985675812
pilot_v1_00150,150,data\raw\audio\pilot_v1\pilot_v1_00150.wav,train,0.13341771066188812,0.48184728622436523,0.5752061605453491,0.4215856194496155,0.18349424004554749,0.4755081236362457,0.31035861372947693,0.3102090656757355
pilot_v1_00151,151,data\raw\audio\pilot_v1\pilot_v1_00151.wav,test,0.6520565152168274,0.633345365524292,0.14279133081436157,0.10100208222866058,0.361092209815979,0.2874402701854706,0.716518223285675,0.10246416181325912
pilot_v1_00152,152,data\raw\audio\pilot_v1\pilot_v1_00152.wav,test,0.7223740220069885,0.314103364944458,0.5131350755691528,0.20465078949928284,0.22958320379257202,0.25194332003593445,0.5999420285224915,0.20959697663784027
pilot_v1_00153,153,data\raw\audio\pilot_v1\pilot_v1_00153.wav,train,0.23497042059898376,0.7320791482925415,0.1549508422613144,0.68048495054245,0.4009278118610382,0.4125075340270996,0.98089599609375,0.3736312985420227
pilot_v1_00154,154,data\raw\audio\pilot_v1\pilot_v1_00154.wav,test,0.3577110469341278,0.5272733569145203,0.6120455861091614,0.16570743918418884,0.3406895101070404,0.40084108710289,0.387867271900177,0.28093060851097107
pilot_v1_00155,155,data\raw\audio\pilot_v1\pilot_v1_00155.wav,test,0.8724436163902283,0.6572232246398926,0.2702553868293762,0.43671494722366333,0.11325975507497787,0.23464782536029816,0.7813435196876526,0.13877063989639282
pilot_v1_00156,156,data\raw\audio\pilot_v1\pilot_v1_00156.wav,train,0.9060790538787842,0.4630194306373596,0.07083617150783539,0.5453194975852966,0.08168735355138779,0.31148138642311096,0.2208532840013504,0.32577845454216003
pilot_v1_00157,157,data\raw\audio\pilot_v1\pilot_v1_00157.wav,train,0.387669175863266,0.584506094455719,0.40951475501060486,0.06955399364233017,0.25967568159103394,0.49528786540031433,0.6022210717201233,0.1836218684911728
pilot_v1_00158,158,data\raw\audio\pilot_v1\pilot_v1_00158.wav,train,0.01775738224387169,0.37889939546585083,0.3539569079875946,0.5843772888183594,0.39474985003471375,0.3413430452346802,0.4165174067020416,0.25498300790786743
pilot_v1_00159,159,data\raw\audio\pilot_v1\pilot_v1_00159.wav,train,0.5009952783584595,0.805328905582428,0.715303897857666,0.3132096230983734,0.17317643761634827,0.15190766751766205,0.8103594183921814,0.4190152585506439
pilot_v1_00160,160,data\raw\audio\pilot_v1\pilot_v1_00160.wav,train,0.521151602268219,0.4497706890106201,0.46649274230003357,0.11644377559423447,0.27975836396217346,0.22816383838653564,0.4964476525783539,0.37938588857650757
pilot_v1_00161,161,data\raw\audio\pilot_v1\pilot_v1_00161.wav,train,0.006358391605317593,0.5969741344451904,0.00281377206556499,0.4046632647514343,0.052328284829854965,0.39572396874427795,0.8774079084396362,0.2152928113937378
pilot_v1_00162,162,data\raw\audio\pilot_v1\pilot_v1_00162.wav,train,0.3987618684768677,0.39224591851234436,0.7583231329917908,0.2663508355617523,0.1936517059803009,0.41901150345802307,0.2913289964199066,0.1330161988735199
pilot_v1_00163,163,data\raw\audio\pilot_v1\pilot_v1_00163.wav,train,0.8862270712852478,0.792829692363739,0.3219757676124573,0.7249725461006165,0.36499667167663574,0.25708043575286865,0.6847665905952454,0.2752349376678467
pilot_v1_00164,164,data\raw\audio\pilot_v1\pilot_v1_00164.wav,train,0.8533247709274292,0.3188527226448059,0.12453564256429672,0.6336259841918945,0.43380653858184814,0.15772835910320282,0.3235832750797272,0.17838004231452942
pilot_v1_00165,165,data\raw\audio\pilot_v1\pilot_v1_00165.wav,train,0.3700252175331116,0.7281608581542969,0.5577194690704346,0.34524619579315186,0.212232768535614,0.34579622745513916,0.7049109935760498,0.320595383644104
pilot_v1_00166,166,data\raw\audio\pilot_v1\pilot_v1_00166.wav,test,0.22284024953842163,0.5226317048072815,0.2006739228963852,0.4836044907569885,0.1457436978816986,0.4894871413707733,0.513850748538971,0.42425692081451416
pilot_v1_00167,167,data\raw\audio\pilot_v1\pilot_v1_00167.wav,test,0.7413108348846436,0.6611014008522034,0.6674637794494629,0.025051448494195938,0.3237323462963104,0.30704817175865173,0.9077038168907166,0.2601659297943115
pilot_v1_00168,168,data\raw\audio\pilot_v1\pilot_v1_00168.wav,train,0.639742374420166,0.41530436277389526,0.28774186968803406,0.3257230818271637,0.09184568375349045,0.27685973048210144,0.377410352230072,0.15025795996189117
pilot_v1_00169,169,data\raw\audio\pilot_v1\pilot_v1_00169.wav,train,0.1525365561246872,0.8374389410018921,0.6303011178970337,0.5703861713409424,0.2635807991027832,0.4430529773235321,0.7964452505111694,0.35813841223716736
pilot_v1_00170,170,data\raw\audio\pilot_v1\pilot_v1_00170.wav,train,0.252827912569046,0.49539607763290405,0.1874641478061676,0.05414242669939995,0.37834182381629944,0.37029561400413513,0.5847672820091248,0.4291369915008545
pilot_v1_00171,171,data\raw\audio\pilot_v1\pilot_v1_00171.wav,train,0.7673922777175903,0.6211815476417542,0.5448793768882751,0.56218022108078,0.1505213975906372,0.20973141491413116,0.9913282990455627,0.2431308627128601
pilot_v1_00172,172,data\raw\audio\pilot_v1\pilot_v1_00172.wav,train,0.9877840876579285,0.5596542358398438,0.7454735040664673,0.42432451248168945,0.2444259524345398,0.2816195785999298,0.40491294860839844,0.38684791326522827
pilot_v1_00173,173,data\raw\audio\pilot_v1\pilot_v1_00173.wav,train,0.46908465027809143,0.6938945055007935,0.3849199414253235,0.17954696714878082,0.4220235347747803,0.47105494141578674,0.8235812783241272,0.2008451670408249
pilot_v1_00174,174,data\raw\audio\pilot_v1\pilot_v1_00174.wav,test,0.1235366091132164,0.3505125045776367,0.42934495210647583,0.6958364844322205,0.33209702372550964,0.3655759394168854,0.2077048271894455,0.1077805683016777
pilot_v1_00175,175,data\raw\audio\pilot_v1\pilot_v1_00175.wav,test,0.6070955395698547,0.7641849517822266,0.08987297862768173,0.18782159686088562,0.11091417074203491,0.1817694455385208,0.6138496994972229,0.3156589865684509
pilot_v1_00176,176,data\raw\audio\pilot_v1\pilot_v1_00176.wav,train,0.5914876461029053,0.3686787188053131,0.6210684180259705,0.5150607228279114,0.35503706336021423,0.4564281702041626,0.8528605103492737,0.11486911028623581
pilot_v1_00177,177,data\raw\audio\pilot_v1\pilot_v1_00177.wav,train,0.0766788199543953,0.747915506362915,0.2597225308418274,0.006794504821300507,0.17704884707927704,0.29586324095726013,0.47172752022743225,0.30088019371032715
pilot_v1_00178,178,data\raw\audio\pilot_v1\pilot_v1_00178.wav,train,0.4534425139427185,0.5420858263969421,0.504140317440033,0.6170156002044678,0.06853782385587692,0.19072602689266205,0.6595582365989685,0.40436890721321106
pilot_v1_00179,179,data\raw\audio\pilot_v1\pilot_v1_00179.wav,train,0.9408918619155884,0.7106403708457947,0.1654628962278366,0.3721233606338501,0.29011133313179016,0.35691988468170166,0.265902578830719,0.19648350775241852
pilot_v1_00180,180,data\raw\audio\pilot_v1\pilot_v1_00180.wav,train,0.7830038666725159,0.4773116111755371,0.3629278540611267,0.23500041663646698,0.30869153141975403,0.4517084062099457,0.7304363250732422,0.4499022364616394
pilot_v1_00181,181,data\raw\audio\pilot_v1\pilot_v1_00181.wav,train,0.2996896505355835,0.6374030113220215,0.7047191858291626,0.7431522011756897,0.13734698295593262,0.26790136098861694,0.34888800978660583,0.24201877415180206
pilot_v1_00182,182,data\raw\audio\pilot_v1\pilot_v1_00182.wav,train,0.16817498207092285,0.4329208433628082,0.06188718602061272,0.13297688961029053,0.22102347016334534,0.19548578560352325,0.9323248863220215,0.15957066416740417
pilot_v1_00183,183,data\raw\audio\pilot_v1\pilot_v1_00183.wav,train,0.6866306662559509,0.820611298084259,0.4200725853443146,0.37789201736450195,0.44845330715179443,0.3849219083786011,0.538301944732666,0.34557846188545227
pilot_v1_00184,184,data\raw\audio\pilot_v1\pilot_v1_00184.wav,validation,0.6944529414176941,0.5404455661773682,0.04972122237086296,0.6778528690338135,0.1671212911605835,0.33287984132766724,0.7717269062995911,0.40964367985725403
pilot_v1_00185,185,data\raw\audio\pilot_v1\pilot_v1_00185.wav,train,0.20723246037960052,0.6446135640144348,0.4821379482746124,0.2190016806125641,0.3883044719696045,0.17094802856445312,0.3528611361980438,0.26743069291114807
pilot_v1_00186,186,data\raw\audio\pilot_v1\pilot_v1_00186.wav,train,0.32313308119773865,0.30150270462036133,0.32509657740592957,0.4512947201728821,0.2532310485839844,0.3142971396446228,0.9659002423286438,0.1738528162240982
pilot_v1_00187,187,data\raw\audio\pilot_v1\pilot_v1_00187.wav,train,0.8376825451850891,0.745259165763855,0.7926573753356934,0.1628464013338089,0.0756329670548439,0.4818578362464905,0.5595605969429016,0.33794015645980835
pilot_v1_00188,188,data\raw\audio\pilot_v1\pilot_v1_00188.wav,train,0.9330886602401733,0.37434619665145874,0.5920872688293457,0.07223191112279892,0.11931396275758743,0.40335536003112793,0.8488869071006775,0.1320803463459015
pilot_v1_00189,189,data\raw\audio\pilot_v1\pilot_v1_00189.wav,validation,0.41437357664108276,0.8093698620796204,0.1276167631149292,0.5309228897094727,0.34713470935821533,0.2209158092737198,0.4304374158382416,0.29616573452949524
pilot_v1_00190,190,data\raw\audio\pilot_v1\pilot_v1_00190.wav,train,0.053246818482875824,0.4670683741569519,0.6831181049346924,0.2986755967140198,0.4073737859725952,0.243861585855484,0.6382998824119568,0.36664968729019165
pilot_v1_00191,191,data\raw\audio\pilot_v1\pilot_v1_00191.wav,train,0.5367898941040039,0.5799617767333984,0.2475661188364029,0.5871925950050354,0.23563817143440247,0.4319301247596741,0.2323269248008728,0.22443999350070953
pilot_v1_00192,192,data\raw\audio\pilot_v1\pilot_v1_00192.wav,train,0.5450374484062195,0.5186787247657776,0.662318229675293,0.21422246098518372,0.05491313338279724,0.3865673243999481,0.30302223563194275,0.19436860084533691
pilot_v1_00193,193,data\raw\audio\pilot_v1\pilot_v1_00193.wav,train,0.05977001413702965,0.6658096313476562,0.21973341703414917,0.669434130191803,0.27706366777420044,0.2041383534669876,0.7216573357582092,0.4022112786769867
pilot_v1_00194,194,data\raw\audio\pilot_v1\pilot_v1_00194.wav,train,0.4100475609302521,0.3227046728134155,0.5628889203071594,0.15319201350212097,0.36836278438568115,0.26057493686676025,0.5096040368080139,0.298893541097641
pilot_v1_00195,195,data\raw\audio\pilot_v1\pilot_v1_00195.wav,train,0.9226439595222473,0.7234864830970764,0.10544811189174652,0.4506808817386627,0.19017577171325684,0.4486541450023651,0.9157652258872986,0.1129252016544342
pilot_v1_00196,196,data\raw\audio\pilot_v1\pilot_v1_00196.wav,validation,0.8305492401123047,0.38748782873153687,0.30449196696281433,0.5358480215072632,0.2086774706840515,0.3489522635936737,0.4800854027271271,0.3406864404678345
pilot_v1_00197,197,data\raw\audio\pilot_v1\pilot_v1_00197.wav,test,0.3137871325016022,0.7967317700386047,0.765019953250885,0.0804760679602623,0.4374716877937317,0.18703122437000275,0.8991352319717407,0.15472139418125153
pilot_v1_00198,198,data\raw\audio\pilot_v1\pilot_v1_00198.wav,train,0.21828725934028625,0.4544287919998169,0.02032756432890892,0.5967640280723572,0.32095828652381897,0.29823532700538635,0.282102108001709,0.23734048008918762
pilot_v1_00199,199,data\raw\audio\pilot_v1\pilot_v1_00199.wav,train,0.6998773813247681,0.593104898929596,0.459773987531662,0.2993437945842743,0.14862759411334991,0.4658067524433136,0.6886284947395325,0.4451811909675598
pilot_v1_00200,200,data\raw\audio\pilot_v1\pilot_v1_00200.wav,train,0.6764453649520874,0.3469123840332031,0.08327475190162659,0.004555724561214447,0.2670445442199707,0.42468783259391785,0.42165669798851013,0.3373633325099945
pilot_v1_00201,201,data\raw\audio\pilot_v1\pilot_v1_00201.wav,train,0.16358952224254608,0.769111156463623,0.44692739844322205,0.5041016340255737,0.08846739679574966,0.24089136719703674,0.8030228614807129,0.1732332557439804
pilot_v1_00202,202,data\raw\audio\pilot_v1\pilot_v1_00202.wav,train,0.3059839606285095,0.5632882118225098,0.391541987657547,0.3657875657081604,0.15320391952991486,0.22247444093227386,0.2157628983259201,0.266640305519104
pilot_v1_00203,203,data\raw\audio\pilot_v1\pilot_v1_00203.wav,train,0.791480302810669,0.6888672709465027,0.7278630137443542,0.6130831837654114,0.3757447898387909,0.4119211435317993,0.6096063852310181,0.4088960587978363
pilot_v1_00204,204,data\raw\audio\pilot_v1\pilot_v1_00204.wav,train,0.9460874199867249,0.4904526472091675,0.5257231593132019,0.7454911470413208,0.41915178298950195,0.48414310812950134,0.39913409948349,0.2210860550403595
pilot_v1_00205,205,data\raw\audio\pilot_v1\pilot_v1_00205.wav,train,0.46472620964050293,0.6247654557228088,0.19251301884651184,0.24583080410957336,0.24721220135688782,0.32358887791633606,0.7800864577293396,0.36333850026130676
pilot_v1_00206,206,data\raw\audio\pilot_v1\pilot_v1_00206.wav,train,0.06759227812290192,0.4202806353569031,0.6494872570037842,0.3841905891895294,0.10726120322942734,0.16306447982788086,0.5886264443397522,0.2926837205886841
pilot_v1_00207,207,data\raw\audio\pilot_v1\pilot_v1_00207.wav,train,0.5840949416160583,0.8337550163269043,0.28267109394073486,0.13691790401935577,0.3356645107269287,0.32926908135414124,0.9821041226387024,0.12855561077594757
pilot_v1_00208,208,data\raw\audio\pilot_v1\pilot_v1_00208.wav,validation,0.5997027158737183,0.43650415539741516,0.4001450836658478,0.56669682264328,0.1798228770494461,0.30860814452171326,0.746108889579773,0.2801269590854645
pilot_v1_00209,209,data\raw\audio\pilot_v1\pilot_v1_00209.wav,train,0.11445018649101257,0.8156684637069702,0.06770585477352142,0.31917279958724976,0.35215312242507935,0.49805423617362976,0.32764291763305664,0.13786548376083374
pilot_v1_00210,210,data\raw\audio\pilot_v1\pilot_v1_00210.wav,train,0.4803684651851654,0.47362709045410156,0.7246720790863037,0.5514642000198364,0.29366663098335266,0.338555246591568,0.9410696029663086,0.21997113525867462
pilot_v1_00211,211,data\raw\audio\pilot_v1\pilot_v1_00211.wav,train,0.9929795265197754,0.642379879951477,0.35708877444267273,0.051689159125089645,0.06487265229225159,0.15475952625274658,0.535129725933075,0.38410693407058716
pilot_v1_00212,212,data\raw\audio\pilot_v1\pilot_v1_00212.wav,train,0.7758685946464539,0.547012448310852,0.1580689698457718,0.18336506187915802,0.1339809149503708,0.24919825792312622,0.8737084269523621,0.26228082180023193
pilot_v1_00213,213,data\raw\audio\pilot_v1\pilot_v1_00213.wav,train,0.2591223418712616,0.7070397734642029,0.5225169658660889,0.43077462911605835,0.3121674954891205,0.4154021143913269,0.45487740635871887,0.4264146089553833
pilot_v1_00214,214,data\raw\audio\pilot_v1\pilot_v1_00214.wav,validation,0.14795121550559998,0.36365199089050293,0.26713576912879944,0.19852900505065918,0.44586849212646484,0.39801058173179626,0.6639087200164795,0.32258203625679016
pilot_v1_00215,215,data\raw\audio\pilot_v1\pilot_v1_00215.wav,validation,0.6295568943023682,0.7515490651130676,0.6026652455329895,0.6983269453048706,0.22371819615364075,0.23745696246623993,0.257554292678833,0.18032395839691162
pilot_v1_00216,216,data\raw\audio\pilot_v1\pilot_v1_00216.wav,train,0.746735155582428,0.4709710478782654,0.2292865365743637,0.4042929708957672,0.3919574022293091,0.1744416505098343,0.8276453614234924,0.24648480117321014
pilot_v1_00217,217,data\raw\audio\pilot_v1\pilot_v1_00217.wav,train,0.2338951677083969,0.5752030611038208,0.6906091570854187,0.10657453536987305,0.16355377435684204,0.3625202775001526,0.446106493473053,0.4324481785297394
pilot_v1_00218,218,data\raw\audio\pilot_v1\pilot_v1_00218.wav,train,0.36067938804626465,0.370477557182312,0.14592169225215912,0.7167972922325134,0.07850466668605804,0.47269898653030396,0.6351304650306702,0.3616204261779785
pilot_v1_00219,219,data\raw\audio\pilot_v1\pilot_v1_00219.wav,train,0.8461913466453552,0.8140274286270142,0.5845758318901062,0.26135677099227905,0.25044476985931396,0.29027077555656433,0.24106889963150024,0.1537827104330063
pilot_v1_00220,220,data\raw\audio\pilot_v1\pilot_v1_00220.wav,train,0.8757822513580322,0.3062105178833008,0.7867404222488403,0.3457911014556885,0.34445223212242126,0.21210213005542755,0.754879355430603,0.31623581051826477
pilot_v1_00221,221,data\raw\audio\pilot_v1\pilot_v1_00221.wav,train,0.39443594217300415,0.7413066029548645,0.3449258804321289,0.643349289894104,0.12191102653741837,0.3796728253364563,0.3737064301967621,0.1084001287817955
pilot_v1_00222,222,data\raw\audio\pilot_v1\pilot_v1_00222.wav,train,0.012881707400083542,0.5357707142829895,0.48807409405708313,0.03317230939865112,0.23217441141605377,0.4350840151309967,0.9575552940368652,0.20163553953170776
pilot_v1_00223,223,data\raw\audio\pilot_v1\pilot_v1_00223.wav,train,0.529399037361145,0.6484659314155579,0.02986542508006096,0.48868149518966675,0.4107520878314972,0.2731635570526123,0.5639076828956604,0.387595534324646
pilot_v1_00224,224,data\raw\audio\pilot_v1\pilot_v1_00224.wav,train,0.510463297367096,0.32728269696235657,0.375539630651474,0.6902394890785217,0.14257338643074036,0.28447145223617554,0.9312382340431213,0.4381491243839264
pilot_v1_00225,225,data\raw\audio\pilot_v1\pilot_v1_00225.wav,train,0.025012752041220665,0.7194704413414001,0.7423537969589233,0.20513586699962616,0.31451308727264404,0.46826717257499695,0.5496913194656372,0.2522338032722473
pilot_v1_00226,226,data\raw\audio\pilot_v1\pilot_v1_00226.wav,train,0.382122665643692,0.5146714448928833,0.09925481677055359,0.4418230950832367,0.4310257136821747,0.3683423697948456,0.7315719127655029,0.14808160066604614
pilot_v1_00227,227,data\raw\audio\pilot_v1\pilot_v1_00227.wav,train,0.8949021697044373,0.6703957915306091,0.4324631094932556,0.1737685203552246,0.20262250304222107,0.1788962334394455,0.33754733204841614,0.3558712601661682
pilot_v1_00228,228,data\raw\audio\pilot_v1\pilot_v1_00228.wav,train,0.8660424947738647,0.44128191471099854,0.6334329843521118,0.05971651151776314,0.1962309181690216,0.2796688973903656,0.6520510315895081,0.10321181267499924
pilot_v1_00229,229,data\raw\audio\pilot_v1\pilot_v1_00229.wav,train,0.34958556294441223,0.6057400703430176,0.297109991312027,0.5448887944221497,0.3748081624507904,0.44022250175476074,0.2709195017814636,0.31099939346313477
pilot_v1_00230,230,data\raw\audio\pilot_v1\pilot_v1_00230.wav,test,0.2452930510044098,0.40013065934181213,0.5417490005493164,0.30824729800224304,0.28350830078125,0.3731902241706848,0.8603188991546631,0.3927840292453766
pilot_v1_00231,231,data\raw\audio\pilot_v1\pilot_v1_00231.wav,train,0.7265779972076416,0.7835940718650818,0.1780945062637329,0.5761417150497437,0.060967519879341125,0.20698635280132294,0.466661661863327,0.2068721055984497
pilot_v1_00232,232,data\raw\audio\pilot_v1\pilot_v1_00232.wav,validation,0.640650749206543,0.5678830146789551,0.5546013712882996,0.47766581177711487,0.32961031794548035,0.16055886447429657,0.649688720703125,0.14349165558815002
pilot_v1_00233,233,data\raw\audio\pilot_v1\pilot_v1_00233.wav,train,0.12810009717941284,0.6848686337471008,0.11515376716852188,0.04271029680967331,0.10081600397825241,0.342987060546875,0.23124082386493683,0.2856089174747467
pilot_v1_00234,234,data\raw\audio\pilot_v1\pilot_v1_00234.wav,validation,0.27927953004837036,0.342888206243515,0.6705834269523621,0.6514666676521301,0.240766242146492,0.49223217368125916,0.8375468254089355,0.37848058342933655
pilot_v1_00235,235,data\raw\audio\pilot_v1\pilot_v1_00235.wav,train,0.7644706964492798,0.7736810445785522,0.21005429327487946,0.33912283182144165,0.4130968451499939,0.30415356159210205,0.43157240748405457,0.21448896825313568
pilot_v1_00236,236,data\raw\audio\pilot_v1\pilot_v1_00236.wav,train,0.980848491191864,0.40715107321739197,0.012183459475636482,0.2723124027252197,0.38179993629455566,0.23095163702964783,0.9709173440933228,0.4209592044353485
pilot_v1_00237,237,data\raw\audio\pilot_v1\pilot_v1_00237.wav,train,0.4993041753768921,0.8464060425758362,0.46962305903434753,0.707290768623352,0.1596493124961853,0.3928720951080322,0.5520532131195068,0.2569696605205536
pilot_v1_00238,238,data\raw\audio\pilot_v1\pilot_v1_00238.wav,train,0.09533023834228516,0.5030791163444519,0.31260764598846436,0.09858017414808273,0.09491202980279922,0.4218847453594208,0.7666608095169067,0.18577948212623596
pilot_v1_00239,239,data\raw\audio\pilot_v1\pilot_v1_00239.wav,train,0.6120160222053528,0.6116099953651428,0.7551913261413574,0.41080957651138306,0.2730989456176758,0.25431403517723083,0.36031976342201233,0.32789337635040283
pilot_v1_00240,240,data\raw\audio\pilot_v1\pilot_v1_00240.wav,validation,0.5651276111602783,0.48680734634399414,0.13699711859226227,0.2927369177341461,0.21727220714092255,0.40610042214393616,0.5243362784385681,0.16825847327709198
pilot_v1_00241,241,data\raw\audio\pilot_v1\pilot_v1_00241.wav,train,0.07969196140766144,0.6297784447669983,0.5952068567276001,0.6048514246940613,0.439813494682312,0.2180212438106537,0.9056655764579773,0.3322550356388092
pilot_v1_00242,242,data\raw\audio\pilot_v1\pilot_v1_00242.wav,train,0.45244261622428894,0.4238947629928589,0.23818422853946686,0.09007260948419571,0.30611327290534973,0.24669207632541656,0.3130488693714142,0.4138706922531128
pilot_v1_00243,243,data\raw\audio\pilot_v1\pilot_v1_00243.wav,test,0.9652367830276489,0.8288398385047913,0.6800000071525574,0.5247994661331177,0.12753568589687347,0.4291209876537323,0.7069004774093628,0.27174845337867737
pilot_v1_00244,244,data\raw\audio\pilot_v1\pilot_v1_00244.wav,train,0.8113628029823303,0.3591074049472809,0.4790060818195343,0.4572562575340271,0.07131731510162354,0.33575308322906494,0.2956869602203369,0.36916786432266235
pilot_v1_00245,245,data\raw\audio\pilot_v1\pilot_v1_00245.wav,train,0.29492172598838806,0.755598783493042,0.040353063493967056,0.1451646387577057,0.2997210621833801,0.1681816130876541,0.6766488552093506,0.22704891860485077
pilot_v1_00246,246,data\raw\audio\pilot_v1\pilot_v1_00246.wav,validation,0.1749579757452011,0.5510531663894653,0.7957876920700073,0.6599892377853394,0.3582083284854889,0.317084938287735,0.49213841557502747,0.12272641062736511
pilot_v1_00247,247,data\raw\audio\pilot_v1\pilot_v1_00247.wav,train,0.6562585234642029,0.7024873495101929,0.33446624875068665,0.22514793276786804,0.18626829981803894,0.47900599241256714,0.8855745792388916,0.28672102093696594
pilot_v1_00248,248,data\raw\audio\pilot_v1\pilot_v1_00248.wav,test,0.7109395861625671,0.3836408257484436,0.7078373432159424,0.12737993896007538,0.4043061137199402,0.45447486639022827,0.20566602051258087,0.3973112404346466
pilot_v1_00249,249,data\raw\audio\pilot_v1\pilot_v1_00249.wav,train,0.19840478897094727,0.801409900188446,0.37230971455574036,0.3952063024044037,0.22611942887306213,0.2650281488895416,0.6243358254432678,0.18952733278274536
pilot_v1_00250,250,data\raw\audio\pilot_v1\pilot_v1_00250.wav,train,0.3339740037918091,0.45837825536727905,0.416952908039093,0.2524990737438202,0.11585680395364761,0.1983376443386078,0.4069030284881592,0.11782504618167877
pilot_v1_00251,251,data\raw\audio\pilot_v1\pilot_v1_00251.wav,train,0.8191807866096497,0.5883919596672058,0.05250687152147293,0.7373737692832947,0.33800700306892395,0.3821341395378113,0.8130462765693665,0.3037346303462982
pilot_v1_00252,252,data\raw\audio\pilot_v1\pilot_v1_00252.wav,validation,0.9105442762374878,0.5312096476554871,0.2503528892993927,0.6225897073745728,0.2568894326686859,0.45932283997535706,0.5766497850418091,0.16081778705120087
pilot_v1_00253,253,data\raw\audio\pilot_v1\pilot_v1_00253.wav,train,0.4290148615837097,0.6524980068206787,0.6179380416870117,0.3548319637775421,0.08455907553434372,0.2931181788444519,0.9956860542297363,0.34672409296035767
pilot_v1_00254,254,data\raw\audio\pilot_v1\pilot_v1_00254.wav,test,0.04062063246965408,0.310268372297287,0.17483101785182953,0.4975849688053131,0.169608935713768,0.19353517889976501,0.3855768144130707,0.4390849769115448
pilot_v1_00255,255,data\raw\audio\pilot_v1\pilot_v1_00255.wav,train,0.5573210716247559,0.7367701530456543,0.5072721838951111,0.01255009789019823,0.3984028100967407,0.3540893793106079,0.7921361923217773,0.23130300641059875
pilot_v1_00256,256,data\raw\audio\pilot_v1\pilot_v1_00256.wav,train,0.5553536415100098,0.3086766004562378,0.7421408891677856,0.5748235583305359,0.2867920696735382,0.2655640244483948,0.25453317165374756,0.13279876112937927
pilot_v1_00257,257,data\raw\audio\pilot_v1\pilot_v1_00257.wav,train,0.04249778389930725,0.7372543811798096,0.3777066469192505,0.3095840811729431,0.05934394896030426,0.4536425471305847,0.6731798052787781,0.2967933118343353
pilot_v1_00258,258,data\raw\audio\pilot_v1\pilot_v1_00258.wav,train,0.42707565426826477,0.5305567979812622,0.43304356932640076,0.5431114435195923,0.19907522201538086,0.3816436231136322,0.4580817222595215,0.3672986328601837
pilot_v1_00259,259,data\raw\audio\pilot_v1\pilot_v1_00259.wav,train,0.9125720262527466,0.654191792011261,0.0975034162402153,0.06150958687067032,0.3704990744590759,0.19921532273292542,0.8642541170120239,0.2251797467470169
pilot_v1_00260,260,data\raw\audio\pilot_v1\pilot_v1_00260.wav,validation,0.8171831965446472,0.4578562378883362,0.2996436357498169,0.1751953810453415,0.42678990960121155,0.29224151372909546,0.5254436135292053,0.41027116775512695
pilot_v1_00261,261,data\raw\audio\pilot_v1\pilot_v1_00261.wav,train,0.3358220160007477,0.5899543762207031,0.6320722103118896,0.4404119849205017,0.20519812405109406,0.45981231331825256,0.9445057511329651,0.26814886927604675
pilot_v1_00262,262,data\raw\audio\pilot_v1\pilot_v1_00262.wav,validation,0.19649651646614075,0.3819093108177185,0.1751471608877182,0.20683881640434265,0.14024189114570618,0.3549206852912903,0.3367310166358948,0.17459237575531006
pilot_v1_00263,263,data\raw\audio\pilot_v1\pilot_v1_00263.wav,train,0.712999165058136,0.8020333647727966,0.5427442193031311,0.688555121421814,0.31830939650535583,0.19300028681755066,0.7432708144187927,0.33858898282051086
pilot_v1_00264,264,data\raw\audio\pilot_v1\pilot_v1_00264.wav,train,0.6583204865455627,0.5493929386138916,0.11299952864646912,0.4120534360408783,0.09726794809103012,0.21753141283988953,0.5731790065765381,0.44917863607406616
pilot_v1_00265,265,data\raw\audio\pilot_v1\pilot_v1_00265.wav,validation,0.17305304110050201,0.7030395865440369,0.5548034310340881,0.09735206514596939,0.2690829038619995,0.40697747468948364,0.9545339941978455,0.2413967251777649
pilot_v1_00266,266,data\raw\audio\pilot_v1\pilot_v1_00266.wav,train,0.2967644929885864,0.358656644821167,0.21179406344890594,0.7088106870651245,0.38537657260894775,0.4296562969684601,0.3642519414424896,0.15892724692821503
pilot_v1_00267,267,data\raw\audio\pilot_v1\pilot_v1_00267.wav,test,0.809360921382904,0.7570899128913879,0.6700164675712585,0.2708110511302948,0.1575375497341156,0.24586045742034912,0.7580838799476624,0.34483349323272705
pilot_v1_00268,268,data\raw\audio\pilot_v1\pilot_v1_00268.wav,test,0.967269778251648,0.42330479621887207,0.4709722399711609,0.3379876911640167,0.23892290890216827,0.16901355981826782,0.24450521171092987,0.11424683034420013
pilot_v1_00269,269,data\raw\audio\pilot_v1\pilot_v1_00269.wav,train,0.4505077004432678,0.8304707407951355,0.009663349017500877,0.6526203751564026,0.4166002869606018,0.33521750569343567,0.6254441142082214,0.30015647411346436
pilot_v1_00270,270,data\raw\audio\pilot_v1\pilot_v1_00270.wav,train,0.08156673610210419,0.48527848720550537,0.7542089223861694,0.04111597687005997,0.3250814378261566,0.4781286120414734,0.44326820969581604,0.4036238491535187
pilot_v1_00271,271,data\raw\audio\pilot_v1\pilot_v1_00271.wav,train,0.5631568431854248,0.6301997900009155,0.31554409861564636,0.4792758524417877,0.10388000309467316,0.317575067281723,0.8367336392402649,0.19583986699581146
pilot_v1_00272,272,data\raw\audio\pilot_v1\pilot_v1_00272.wav,test,0.6100184321403503,0.5025615096092224,0.5953960418701172,0.22345070540905,0.3621023893356323,0.34352296590805054,0.6977288722991943,0.3861083388328552
pilot_v1_00273,273,data\raw\audio\pilot_v1\pilot_v1_00273.wav,train,0.09717842936515808,0.6131685376167297,0.1348542869091034,0.6616793274879456,0.1840343475341797,0.1597265899181366,0.27925172448158264,0.20019635558128357
pilot_v1_00274,274,data\raw\audio\pilot_v1\pilot_v1_00274.wav,train,0.4973960816860199,0.4054239094257355,0.6793956160545349,0.14374351501464844,0.07399068772792816,0.30366307497024536,0.8894609808921814,0.10715312510728836
pilot_v1_00275,275,data\raw\audio\pilot_v1\pilot_v1_00275.wav,train,0.9829080700874329,0.8470256328582764,0.23995991051197052,0.4586730897426605,0.2955828011035919,0.49310988187789917,0.4835096001625061,0.31494078040122986
pilot_v1_00276,276,data\raw\audio\pilot_v1\pilot_v1_00276.wav,train,0.7625030279159546,0.3412919342517853,0.037795621901750565,0.5265825390815735,0.30170658230781555,0.3919954001903534,0.9189818501472473,0.1496090292930603
pilot_v1_00277,277,data\raw\audio\pilot_v1\pilot_v1_00277.wav,test,0.2811567485332489,0.7741692662239075,0.48039108514785767,0.08828526735305786,0.1302822232246399,0.23144112527370453,0.500137448310852,0.3573986291885376
pilot_v1_00278,278,data\raw\audio\pilot_v1\pilot_v1_00278.wav,train,0.12616094946861267,0.5672256350517273,0.3373897075653076,0.6061753034591675,0.21555104851722717,0.2551453113555908,0.7186481356620789,0.4284186065196991
pilot_v1_00279,279,data\raw\audio\pilot_v1\pilot_v1_00279.wav,train,0.6426782608032227,0.6865664124488831,0.794816792011261,0.29140588641166687,0.4429995119571686,0.42134979367256165,0.31228142976760864,0.2425033003091812
pilot_v1_00280,280,data\raw\audio\pilot_v1\pilot_v1_00280.wav,train,0.7286107540130615,0.3995446562767029,0.3744393587112427,0.01415012963116169,0.1725751906633377,0.4677773118019104,0.9792539477348328,0.1791251003742218
pilot_v1_00281,281,data\raw\audio\pilot_v1\pilot_v1_00281.wav,validation,0.24335820972919464,0.7852204442024231,0.7076601982116699,0.4959806501865387,0.39377638697624207,0.28534844517707825,0.5977266430854797,0.32123905420303345
pilot_v1_00282,282,data\raw\audio\pilot_v1\pilot_v1_00282.wav,train,0.35146039724349976,0.4397571086883545,0.05074245110154152,0.3559728264808655,0.26029515266418457,0.17943143844604492,0.7835105061531067,0.4248792231082916
pilot_v1_00283,283,data\raw\audio\pilot_v1\pilot_v1_00283.wav,train,0.8640714883804321,0.6061568856239319,0.4175448715686798,0.621441662311554,0.08261819928884506,0.36751070618629456,0.38946008682250977,0.26088961958885193
pilot_v1_00284,284,data\raw\audio\pilot_v1\pilot_v1_00284.wav,train,0.8969641327857971,0.5130073428153992,0.6165643334388733,0.7358595132827759,0.11384260654449463,0.44105446338653564,0.6001399755477905,0.3800293207168579
pilot_v1_00285,285,data\raw\audio\pilot_v1\pilot_v1_00285.wav,train,0.38021790981292725,0.6709523797035217,0.2528979480266571,0.25400614738464355,0.3416813910007477,0.2791333496570587,0.21897929906845093,0.21603776514530182
pilot_v1_00286,286,data\raw\audio\pilot_v1\pilot_v1_00286.wav,train,0.026855692267417908,0.32682812213897705,0.5082299113273621,0.3939681649208069,0.40038761496543884,0.20610900223255157,0.8122818470001221,0.13373978435993195
pilot_v1_00287,287,data\raw\audio\pilot_v1\pilot_v1_00287.wav,train,0.5084614157676697,0.7209659814834595,0.1719195544719696,0.12861375510692596,0.22857311367988586,0.37368038296699524,0.4186477065086365,0.27585700154304504
pilot_v1_00288,288,data\raw\audio\pilot_v1\pilot_v1_00288.wav,train,0.5273674726486206,0.5351511240005493,0.22071538865566254,0.30086368322372437,0.3243640065193176,0.3630561828613281,0.8765109181404114,0.32652342319488525
pilot_v1_00289,289,data\raw\audio\pilot_v1\pilot_v1_00289.wav,train,0.014816800132393837,0.6501930356025696,0.659382164478302,0.5952627062797546,0.14668673276901245,0.17360937595367432,0.49495211243629456,0.18426528573036194
pilot_v1_00290,290,data\raw\audio\pilot_v1\pilot_v1_00290.wav,validation,0.39256277680397034,0.30465200543403625,0.10409858822822571,0.08171988278627396,0.2116437405347824,0.28978028893470764,0.6863105893135071,0.2556050717830658
pilot_v1_00291,291,data\raw\audio\pilot_v1\pilot_v1_00291.wav,train,0.8777539730072021,0.7418242692947388,0.5654093623161316,0.534619927406311,0.43284523487091064,0.47357669472694397,0.29227522015571594,0.41973885893821716
pilot_v1_00292,292,data\raw\audio\pilot_v1\pilot_v1_00292.wav,validation,0.8441277146339417,0.3687797784805298,0.7632797956466675,0.44908660650253296,0.3644442558288574,0.37879613041877747,0.7036717534065247,0.21024063229560852
pilot_v1_00293,293,data\raw\audio\pilot_v1\pilot_v1_00293.wav,train,0.3625834286212921,0.8146847486495972,0.3050593137741089,0.15480203926563263,0.19262941181659698,0.21259160339832306,0.32252755761146545,0.3743763566017151
pilot_v1_00294,294,data\raw\audio\pilot_v1\pilot_v1_00294.wav,train,0.2320510298013687,0.47048282623291016,0.4619278609752655,0.6682990789413452,0.052898913621902466,0.2739948332309723,0.9087110757827759,0.28165432810783386
pilot_v1_00295,295,data\raw\audio\pilot_v1\pilot_v1_00295.wav,test,0.7487367987632751,0.5767993927001953,0.02012583613395691,0.2153761386871338,0.2807380259037018,0.43454912304878235,0.5150407552719116,0.1393929123878479
pilot_v1_00296,296,data\raw\audio\pilot_v1\pilot_v1_00296.wav,train,0.6315552592277527,0.3632351756095886,0.4498750865459442,0.13514041900634766,0.10993460565805435,0.4975644052028656,0.7949500679969788,0.2055554986000061
pilot_v1_00297,297,data\raw\audio\pilot_v1\pilot_v1_00297.wav,train,0.14610469341278076,0.7530739307403564,0.08227923512458801,0.38598382472991943,0.3315263092517853,0.30948513746261597,0.37651294469833374,0.3915155529975891
pilot_v1_00298,298,data\raw\audio\pilot_v1\pilot_v1_00298.wav,validation,0.2610306739807129,0.5453860759735107,0.7253298163414001,0.24451251327991486,0.42304590344429016,0.1552947461605072,0.9922741651535034,0.309581458568573
pilot_v1_00299,299,data\raw\audio\pilot_v1\pilot_v1_00299.wav,train,0.7738102078437805,0.7076257467269897,0.3929023742675781,0.746828019618988,0.24497827887535095,0.33772361278533936,0.5863116383552551,0.10174575448036194
pilot_v1_00300,300,data\raw\audio\pilot_v1\pilot_v1_00300.wav,train,0.9949469566345215,0.472131609916687,0.19193288683891296,0.6147862672805786,0.15148276090621948,0.4162341058254242,0.8225252032279968,0.35186851024627686
pilot_v1_00301,301,data\raw\audio\pilot_v1\pilot_v1_00301.wav,train,0.47849005460739136,0.642834484577179,0.5274742245674133,0.3641031086444855,0.3789307773113251,0.24866271018981934,0.4036741256713867,0.1440308392047882
pilot_v1_00302,302,data\raw\audio\pilot_v1\pilot_v1_00302.wav,train,0.11638861149549484,0.4359475374221802,0.2828844487667084,0.5055286288261414,0.2626378536224365,0.23657962679862976,0.615040123462677,0.24803359806537628
pilot_v1_00303,303,data\raw\audio\pilot_v1\pilot_v1_00303.wav,train,0.5976735353469849,0.8173325657844543,0.6473197937011719,0.0031444511841982603,0.09121391922235489,0.3985007703304291,0.20871174335479736,0.43399694561958313
pilot_v1_00304,304,data\raw\audio\pilot_v1\pilot_v1_00304.wav,train,0.5820313096046448,0.4185868799686432,0.06674766540527344,0.6994677186012268,0.44944509863853455,0.24142727255821228,0.46969524025917053,0.23547130823135376
pilot_v1_00305,305,data\raw\audio\pilot_v1\pilot_v1_00305.wav,train,0.06949649006128311,0.8344079256057739,0.40305694937705994,0.19738104939460754,0.22160640358924866,0.42385557293891907,0.8510353565216064,0.44331201910972595
pilot_v1_00306,306,data\raw\audio\pilot_v1\pilot_v1_00306.wav,train,0.46288225054740906,0.4899684190750122,0.3584621548652649,0.43237462639808655,0.1363368183374405,0.41143062710762024,0.26767852902412415,0.35075873136520386
pilot_v1_00307,307,data\raw\audio\pilot_v1\pilot_v1_00307.wav,train,0.948089063167572,0.6263571977615356,0.722127377986908,0.1817607432603836,0.3081514239311218,0.2233521044254303,0.6615420579910278,0.16479374468326569
pilot_v1_00308,308,data\raw\audio\pilot_v1\pilot_v1_00308.wav,train,0.7894484996795654,0.5626647472381592,0.5242809057235718,0.05045105889439583,0.2891377806663513,0.3227122128009796,0.34719714522361755,0.30522748827934265
pilot_v1_00309,309,data\raw\audio\pilot_v1\pilot_v1_00309.wav,train,0.30791911482810974,0.6905988454818726,0.15747740864753723,0.552698016166687,0.06793668121099472,0.48463258147239685,0.7281721234321594,0.11925908923149109
pilot_v1_00310,310,data\raw\audio\pilot_v1\pilot_v1_00310.wav,train,0.16171641647815704,0.3453499674797058,0.6005352139472961,0.3176586329936981,0.17797957360744476,0.3301003873348236,0.5406153202056885,0.1907690316438675
pilot_v1_00311,311,data\raw\audio\pilot_v1\pilot_v1_00311.wav,train,0.6784168481826782,0.7696331143379211,0.2673132121562958,0.5682038068771362,0.35565662384033203,0.1625295877456665,0.9340642094612122,0.39861175417900085
pilot_v1_00312,312,data\raw\audio\pilot_v1\pilot_v1_00312.wav,train,0.7018445730209351,0.45293760299682617,0.687686026096344,0.48726019263267517,0.23501870036125183,0.20364853739738464,0.3510363698005676,0.29079315066337585
pilot_v1_00313,313,data\raw\audio\pilot_v1\pilot_v1_00313.wav,train,0.21640890836715698,0.5935556292533875,0.23025710880756378,0.034589316695928574,0.40644294023513794,0.3874443471431732,0.7696942090988159,0.12666507065296173
pilot_v1_00314,314,data\raw\audio\pilot_v1\pilot_v1_00314.wav,train,0.3157256245613098,0.38693562150001526,0.5871337056159973,0.6416519284248352,0.3477359712123871,0.44918936491012573,0.5615440607070923,0.23117975890636444
pilot_v1_00315,315,data\raw\audio\pilot_v1\pilot_v1_00315.wav,train,0.8285198211669922,0.7983920574188232,0.14453627169132233,0.3474813401699066,0.12028742581605911,0.259743332862854,0.9676765203475952,0.3734321594238281
pilot_v1_00316,316,data\raw\audio\pilot_v1\pilot_v1_00316.wav,train,0.9246422648429871,0.3222832977771759,0.34553056955337524,0.2626807689666748,0.07617317885160446,0.18786317110061646,0.4281728267669678,0.2729528546333313
pilot_v1_00317,317,data\raw\audio\pilot_v1\pilot_v1_00317.wav,train,0.4082012176513672,0.7250153422355652,0.7849644422531128,0.7154661417007446,0.25424113869667053,0.34841668605804443,0.8471964597702026,0.415208637714386
pilot_v1_00318,318,data\raw\audio\pilot_v1\pilot_v1_00318.wav,train,0.06167852133512497,0.5170478820800781,0.02967672049999237,0.10835776478052139,0.38772162795066833,0.4649294316768646,0.23406662046909332,0.33378517627716064
pilot_v1_00319,319,data\raw\audio\pilot_v1\pilot_v1_00319.wav,train,0.5429790616035461,0.6663996577262878,0.4902164936065674,0.40250545740127563,0.16612941026687622,0.2987254858016968,0.6406129598617554,0.16965505480766296
pilot_v1_00320,320,data\raw\audio\pilot_v1\pilot_v1_00320.wav,validation,0.5387601852416992,0.4655395746231079,0.00028150752768851817,0.023641647771000862,0.14956453442573547,0.1718226969242096,0.7197349071502686,0.1614398956298828
pilot_v1_00321,321,data\raw\audio\pilot_v1\pilot_v1_00321.wav,validation,0.0513712614774704,0.5803830623626709,0.4678540825843811,0.485032856464386,0.3215716481208801,0.3323870003223419,0.3008919358253479,0.34744763374328613
pilot_v1_00322,322,data\raw\audio\pilot_v1\pilot_v1_00322.wav,train,0.4163110852241516,0.3737562894821167,0.32492443919181824,0.3435603380203247,0.4365043044090271,0.48102322220802307,0.9178463816642761,0.43982988595962524
pilot_v1_00323,323,data\raw\audio\pilot_v1\pilot_v1_00323.wav,validation,0.9310585260391235,0.8110007047653198,0.7573286294937134,0.6353275775909424,0.20807011425495148,0.3148300349712372,0.5114780068397522,0.23194646835327148
pilot_v1_00324,324,data\raw\audio\pilot_v1\pilot_v1_00324.wav,train,0.8396818041801453,0.3010520339012146,0.5579338073730469,0.7263079285621643,0.18917177617549896,0.22038327157497406,0.8969682455062866,0.3980350196361542
pilot_v1_00325,325,data\raw\audio\pilot_v1\pilot_v1_00325.wav,train,0.32128751277923584,0.7467501759529114,0.12236917018890381,0.2650311589241028,0.3678164482116699,0.40418967604637146,0.4784925580024719,0.19014954566955566
pilot_v1_00326,326,data\raw\audio\pilot_v1\pilot_v1_00326.wav,train,0.2091379314661026,0.5387853980064392,0.6668845415115356,0.40645790100097656,0.2780616581439972,0.4324226677417755,0.6902704834938049,0.11846862733364105
pilot_v1_00327,327,data\raw\audio\pilot_v1\pilot_v1_00327.wav,validation,0.6923916935920715,0.6451656818389893,0.20242595672607422,0.11466777324676514,0.05548986792564392,0.2429872453212738,0.2843174934387207,0.30447977781295776
pilot_v1_00328,328,data\raw\audio\pilot_v1\pilot_v1_00328.wav,validation,0.6845737099647522,0.43118926882743835,0.6289525628089905,0.1889737844467163,0.33508768677711487,0.29502928256988525,0.8008929491043091,0.3685402274131775
pilot_v1_00329,329,data\raw\audio\pilot_v1\pilot_v1_00329.wav,test,0.17008569836616516,0.8212348818778992,0.29026326537132263,0.6947000026702881,0.10626333951950073,0.45696040987968445,0.4197338819503784,0.22633057832717896
pilot_v1_00330,330,data\raw\audio\pilot_v1\pilot_v1_00330.wav,train,0.29784074425697327,0.4767894744873047,0.5458623170852661,0.1811583787202835,0.2477584332227707,0.3577938973903656,0.6114799380302429,0.12198670208454132
pilot_v1_00331,331,data\raw\audio\pilot_v1\pilot_v1_00331.wav,train,0.785000741481781,0.6389654278755188,0.18452905118465424,0.4227316975593567,0.4201558530330658,0.19023387134075165,0.21784436702728271,0.2860720157623291
pilot_v1_00332,332,data\raw\audio\pilot_v1\pilot_v1_00332.wav,train,0.938865065574646,0.5414329171180725,0.3870747983455658,0.5609536170959473,0.3763520419597626,0.2683945298194885,0.7784932851791382,0.16754023730754852
pilot_v1_00333,333,data\raw\audio\pilot_v1\pilot_v1_00333.wav,test,0.455382376909256,0.7123342156410217,0.7452727556228638,0.055387627333402634,0.15417136251926422,0.45083341002464294,0.3969675600528717,0.33162760734558105
pilot_v1_00334,334,data\raw\audio\pilot_v1\pilot_v1_00334.wav,train,0.07479897141456604,0.36708688735961914,0.08813373744487762,0.56888347864151,0.08785395324230194,0.38438865542411804,0.9843199253082275,0.41322189569473267
pilot_v1_00335,335,data\raw\audio\pilot_v1\pilot_v1_00335.wav,train,0.5934526920318604,0.7483997344970703,0.4299132525920868,0.3272414803504944,0.2661077380180359,0.19632074236869812,0.590268075466156,0.27100884914398193
pilot_v1_00336,336,data\raw\audio\pilot_v1\pilot_v1_00336.wav,train,0.6090947985649109,0.3500578701496124,0.26227983832359314,0.37610313296318054,0.22428280115127563,0.44392770528793335,0.32624542713165283,0.42031559348106384
pilot_v1_00337,337,data\raw\audio\pilot_v1\pilot_v1_00337.wav,train,0.12169121205806732,0.7656805515289307,0.6196824312210083,0.1347586214542389,0.4468541741371155,0.2763669192790985,0.7453091740608215,0.25622454285621643
pilot_v1_00338,338,data\raw\audio\pilot_v1\pilot_v1_00338.wav,train,0.47099030017852783,0.5579900145530701,0.16253921389579773,0.7418225407600403,0.31160905957221985,0.20889678597450256,0.5359779596328735,0.18505573272705078
pilot_v1_00339,339,data\raw\audio\pilot_v1\pilot_v1_00339.wav,train,0.9857228398323059,0.6944511532783508,0.5051103234291077,0.23632581532001495,0.132964625954628,0.3708285093307495,0.9425163269042969,0.32727113366127014
pilot_v1_00340,340,data\raw\audio\pilot_v1\pilot_v1_00340.wav,train,0.7693623304367065,0.4938710927963257,0.704529881477356,0.37381497025489807,0.06427760422229767,0.47052237391471863,0.453723669052124,0.14274676144123077
pilot_v1_00341,341,data\raw\audio\pilot_v1\pilot_v1_00341.wav,train,0.25095242261886597,0.621598482131958,0.3650696873664856,0.6153197288513184,0.29271137714385986,0.28245386481285095,0.8723719120025635,0.2849654257297516
pilot_v1_00342,342,data\raw\audio\pilot_v1\pilot_v1_00342.wav,test,0.15447409451007843,0.41471830010414124,0.42067670822143555,0.008210035972297192,0.3527787923812866,0.18226194381713867,0.2588423192501068,0.3778584599494934
pilot_v1_00343,343,data\raw\audio\pilot_v1\pilot_v1_00343.wav,train,0.6377120018005371,0.8390653729438782,0.06011061370372772,0.5136380195617676,0.18077193200588226,0.3647015690803528,0.6650132536888123,0.2137654423713684
pilot_v1_00344,344,data\raw\audio\pilot_v1\pilot_v1_00344.wav,train,0.7392838001251221,0.5219743847846985,0.4835107624530792,0.5887010097503662,0.40980294346809387,0.3948900103569031,0.4453071057796478,0.10386057198047638
pilot_v1_00345,345,data\raw\audio\pilot_v1\pilot_v1_00345.wav,train,0.22478017210960388,0.6627991199493408,0.04717593640089035,0.2971629202365875,0.23154886066913605,0.2286960482597351,0.8262474536895752,0.3117390275001526
pilot_v1_00346,346,data\raw\audio\pilot_v1\pilot_v1_00346.wav,train,0.3681454360485077,0.31725654006004333,0.7916986346244812,0.5321552157402039,0.12286616116762161,0.2579544484615326,0.24251523613929749,0.39350229501724243
pilot_v1_00347,347,data\raw\audio\pilot_v1\pilot_v1_00347.wav,train,0.8552895784378052,0.7286490201950073,0.32800787687301636,0.07099241763353348,0.34504735469818115,0.41851934790611267,0.6359789967536926,0.20749950408935547
pilot_v1_00348,348,data\raw\audio\pilot_v1\pilot_v1_00348.wav,train,0.8841701149940491,0.39051884412765503,0.12548616528511047,0.16124071180820465,0.2514609694480896,0.34628939628601074,0.37236958742141724,0.43888887763023376
pilot_v1_00349,349,data\raw\audio\pilot_v1\pilot_v1_00349.wav,train,0.4006727635860443,0.7934492230415344,0.5922641158103943,0.4528931975364685,0.07906317710876465,0.1568533480167389,0.7537260055541992,0.25288277864456177
pilot_v1_00350,350,data\raw\audio\pilot_v1\pilot_v1_00350.wav,train,0.004509658552706242,0.4492530822753906,0.24932953715324402,0.21785517036914825,0.16256800293922424,0.3065149486064911,0.5650126338005066,0.14870920777320862
pilot_v1_00351,351,data\raw\audio\pilot_v1\pilot_v1_00351.wav,train,0.5231484770774841,0.5985326170921326,0.6825259923934937,0.6789950728416443,0.39139288663864136,0.490322083234787,0.958842933177948,0.3565896153450012
pilot_v1_00352,352,data\raw\audio\pilot_v1\pilot_v1_00352.wav,train,0.5030215978622437,0.37834271788597107,0.5368423461914062,0.49974995851516724,0.06193488836288452,0.41338223218917847,0.5479516386985779,0.3168847858905792
pilot_v1_00353,353,data\raw\audio\pilot_v1\pilot_v1_00353.wav,train,0.015815790742635727,0.8069930672645569,0.19506476819515228,0.02064327895641327,0.28411567211151123,0.2514505088329315,0.9289251565933228,0.10913985967636108
pilot_v1_00354,354,data\raw\audio\pilot_v1\pilot_v1_00354.wav,train,0.38954871892929077,0.4615238904953003,0.6379501819610596,0.6321003437042236,0.37387123703956604,0.23381321132183075,0.33981192111968994,0.20235389471054077
pilot_v1_00355,355,data\raw\audio\pilot_v1\pilot_v1_00355.wav,train,0.9041130542755127,0.5849607586860657,0.27975407242774963,0.35850629210472107,0.19561755657196045,0.4013739824295044,0.7332624197006226,0.38822317123413086
pilot_v1_00356,356,data\raw\audio\pilot_v1\pilot_v1_00356.wav,train,0.8745008111000061,0.5256469249725342,0.07915955036878586,0.25026825070381165,0.2016245275735855,0.4947553277015686,0.26893606781959534,0.24722440540790558
pilot_v1_00357,357,data\raw\audio\pilot_v1\pilot_v1_00357.wav,train,0.3558013439178467,0.6578091979026794,0.4404947757720947,0.7293520569801331,0.4304489493370056,0.3123156726360321,0.6502747535705566,0.4330969452857971
pilot_v1_00358,358,data\raw\audio\pilot_v1\pilot_v1_00358.wav,train,0.23681986331939697,0.31368646025657654,0.3960205316543579,0.11784921586513519,0.3155170679092407,0.1524001508951187,0.4684864282608032,0.3622478246688843
pilot_v1_00359,359,data\raw\audio\pilot_v1\pilot_v1_00359.wav,train,0.7203788161277771,0.7336040735244751,0.7347116470336914,0.3915576934814453,0.1431197226047516,0.3404686748981476,0.8623515963554382,0.15450094640254974
pilot_v1_00360,360,data\raw\audio\pilot_v1\pilot_v1_00360.wav,train,0.6500560641288757,0.4813591241836548,0.30818966031074524,0.6621758341789246,0.2725527286529541,0.3759656250476837,0.22892741858959198,0.2616373598575592
pilot_v1_00361,361,data\raw\audio\pilot_v1\pilot_v1_00361.wav,train,0.1352628618478775,0.6349416375160217,0.7726494669914246,0.23321668803691864,0.09390795975923538,0.21540072560310364,0.6479493975639343,0.4256696403026581
pilot_v1_00362,362,data\raw\audio\pilot_v1\pilot_v1_00362.wav,train,0.26985740661621094,0.42719024419784546,0.016993993893265724,0.46674567461013794,0.16022613644599915,0.27124977111816406,0.43326330184936523,0.3218584954738617
pilot_v1_00363,363,data\raw\audio\pilot_v1\pilot_v1_00363.wav,train,0.7573226094245911,0.8258299231529236,0.4525597095489502,0.14886316657066345,0.38279780745506287,0.43744373321533203,0.8398110270500183,0.17970184981822968
pilot_v1_00364,364,data\raw\audio\pilot_v1\pilot_v1_00364.wav,test,0.9744167327880859,0.35393214225769043,0.650000274181366,0.08786597847938538,0.41371026635169983,0.36026838421821594,0.5502772927284241,0.27938181161880493
pilot_v1_00365,365,data\raw\audio\pilot_v1\pilot_v1_00365.wav,train,0.4911171495914459,0.7610255479812622,0.21759727597236633,0.516756534576416,0.2417030781507492,0.17646123468875885,0.9689335227012634,0.13722188770771027
pilot_v1_00366,366,data\raw\audio\pilot_v1\pilot_v1_00366.wav,train,0.1017482653260231,0.5540845990180969,0.5747897028923035,0.283181756734848,0.10020875185728073,0.2869070768356323,0.36235204339027405,0.21934890747070312
pilot_v1_00367,367,data\raw\audio\pilot_v1\pilot_v1_00367.wav,test,0.6202188730239868,0.6992039084434509,0.10721822828054428,0.601224422454834,0.328642874956131,0.4763430953025818,0.768485963344574,0.3833831548690796
pilot_v1_00368,368,data\raw\audio\pilot_v1\pilot_v1_00368.wav,train,0.5733571648597717,0.5711618661880493,0.7755962610244751,0.10223452746868134,0.18682672083377838,0.18511810898780823,0.904475212097168,0.22045865654945374
pilot_v1_00369,369,data\raw\audio\pilot_v1\pilot_v1_00369.wav,train,0.08613669127225876,0.6818413138389587,0.3423987329006195,0.4203459620475769,0.3592245876789093,0.3513112962245941,0.5233293771743774,0.3626202344894409
pilot_v1_00370,370,data\raw\audio\pilot_v1\pilot_v1_00370.wav,train,0.4442288875579834,0.3374568521976471,0.49958616495132446,0.2803398370742798,0.29915642738342285,0.46209895610809326,0.7079566121101379,0.29194411635398865
pilot_v1_00371,371,data\raw\audio\pilot_v1\pilot_v1_00371.wav,train,0.9587783217430115,0.7788603901863098,0.03280703350901604,0.7095272541046143,0.0703316330909729,0.30153462290763855,0.3142876625061035,0.12790684401988983
pilot_v1_00372,372,data\raw\audio\pilot_v1\pilot_v1_00372.wav,train,0.804180383682251,0.41016530990600586,0.23337674140930176,0.6477980017662048,0.1269100159406662,0.20077532529830933,0.6757029891014099,0.3366449773311615
pilot_v1_00373,373,data\raw\audio\pilot_v1\pilot_v1_00373.wav,train,0.2854653000831604,0.8431066870689392,0.6970663666725159,0.3296179175376892,0.3051642179489136,0.3902107775211334,0.29414257407188416,0.17260564863681793
pilot_v1_00374,374,data\raw\audio\pilot_v1\pilot_v1_00374.wav,validation,0.1821550726890564,0.49792027473449707,0.14141814410686493,0.46957826614379883,0.44040852785110474,0.44640159606933594,0.8870697617530823,0.26599133014678955
pilot_v1_00375,375,data\raw\audio\pilot_v1\pilot_v1_00375.wav,train,0.6656981706619263,0.6170544624328613,0.5777518153190613,0.040551044046878815,0.21822744607925415,0.26259520649909973,0.49303585290908813,0.4081563353538513
pilot_v1_00376,376,data\raw\audio\pilot_v1\pilot_v1_00376.wav,train,0.704767107963562,0.33044496178627014,0.15434706211090088,0.3118799924850464,0.3974476754665375,0.3199457824230194,0.6233285665512085,0.34130868315696716
pilot_v1_00377,377,data\raw\audio\pilot_v1\pilot_v1_00377.wav,train,0.18995828926563263,0.7160567045211792,0.5149112939834595,0.585702657699585,0.16901381313800812,0.48750582337379456,0.20447604358196259,0.1554451435804367
pilot_v1_00378,378,data\raw\audio\pilot_v1\pilot_v1_00378.wav,train,0.34016308188438416,0.5093564391136169,0.2704451084136963,0.06776518374681473,0.08550821989774704,0.3272485136985779,0.8142855167388916,0.2380855828523636
pilot_v1_00379,379,data\raw\audio\pilot_v1\pilot_v1_00379.wav,train,0.8276124000549316,0.6759628653526306,0.6099033355712891,0.5471011996269226,0.25751498341560364,0.1653173714876175,0.4079587459564209,0.4458248019218445
pilot_v1_00380,380,data\raw\audio\pilot_v1\pilot_v1_00380.wav,train,0.9197208285331726,0.4447172284126282,0.4124387800693512,0.43813037872314453,0.33899277448654175,0.2385326474905014,0.9941420555114746,0.1950921267271042
pilot_v1_00381,381,data\raw\audio\pilot_v1\pilot_v1_00381.wav,test,0.43640658259391785,0.6025898456573486,0.06986583024263382,0.1642848253250122,0.11642131954431534,0.4266006052494049,0.575703501701355,0.40283340215682983
pilot_v1_00382,382,data\raw\audio\pilot_v1\pilot_v1_00382.wav,train,0.03145800158381462,0.394551545381546,0.7127470374107361,0.6821765303611755,0.2251032441854477,0.40862149000167847,0.793033242225647,0.2995370328426361
pilot_v1_00383,383,data\raw\audio\pilot_v1\pilot_v1_00383.wav,validation,0.5499137043952942,0.788887619972229,0.3553425073623657,0.202954962849617,0.4037475883960724,0.22618260979652405,0.38707235455513,0.11367008835077286
pilot_v1_00384,384,data\raw\audio\pilot_v1\pilot_v1_00384.wav,train,0.5521710515022278,0.5478857755661011,0.42295122146606445,0.7055385112762451,0.20757760107517242,0.47530463337898254,0.8195177316665649,0.1475898176431656
pilot_v1_00385,385,data\raw\audio\pilot_v1\pilot_v1_00385.wav,train,0.03737737983465195,0.705897867679596,0.059298574924468994,0.2733522355556488,0.4354455769062042,0.2914985120296478,0.4004804491996765,0.35533905029296875
pilot_v1_00386,386,data\raw\audio\pilot_v1\pilot_v1_00386.wav,train,0.4302429258823395,0.36063235998153687,0.702232837677002,0.41464167833328247,0.31912827491760254,0.17191502451896667,0.6183068156242371,0.43727391958236694
pilot_v1_00387,387,data\raw\audio\pilot_v1\pilot_v1_00387.wav,train,0.917707622051239,0.7548372149467468,0.3659117519855499,0.09403567016124725,0.14733317494392395,0.36135005950927734,0.2117438167333603,0.2513989806175232
pilot_v1_00388,388,data\raw\audio\pilot_v1\pilot_v1_00388.wav,train,0.8213249444961548,0.4333491921424866,0.168051615357399,0.04443679749965668,0.053813256323337555,0.43627169728279114,0.7981678247451782,0.3949887752532959
pilot_v1_00389,389,data\raw\audio\pilot_v1\pilot_v1_00389.wav,train,0.338025838136673,0.8190919756889343,0.5012617707252502,0.47669172286987305,0.27503758668899536,0.27570778131484985,0.37949636578559875,0.20911180973052979
pilot_v1_00390,390,data\raw\audio\pilot_v1\pilot_v1_00390.wav,train,0.19233956933021545,0.4746357798576355,0.25673872232437134,0.3354480564594269,0.3665327727794647,0.21090252697467804,0.9892180562019348,0.10510846972465515
pilot_v1_00391,391,data\raw\audio\pilot_v1\pilot_v1_00391.wav,train,0.710810661315918,0.6411026120185852,0.6235548853874207,0.655893862247467,0.18888135254383087,0.37709546089172363,0.5830689072608948,0.3128610849380493
pilot_v1_00392,392,data\raw\audio\pilot_v1\pilot_v1_00392.wav,train,0.6717379093170166,0.3074876666069031,0.24390776455402374,0.5398405194282532,0.4204460084438324,0.33601126074790955,0.7004812955856323,0.3766292333602905
pilot_v1_00393,393,data\raw\audio\pilot_v1\pilot_v1_00393.wav,train,0.18453256785869598,0.7402980327606201,0.6864925622940063,0.06405243277549744,0.24904200434684753,0.1535719484090805,0.3195168972015381,0.21258199214935303
pilot_v1_00394,394,data\raw\audio\pilot_v1\pilot_v1_00394.wav,train,0.2833319306373596,0.5323471426963806,0.13088588416576385,0.577410876750946,0.10928709805011749,0.311185747385025,0.9117460250854492,0.14124159514904022
pilot_v1_00395,395,data\raw\audio\pilot_v1\pilot_v1_00395.wav,test,0.7978967428207397,0.6516209244728088,0.5883266925811768,0.3062657415866852,0.3367641866207123,0.4992539584636688,0.5183046460151672,0.2834145426750183
pilot_v1_00396,396,data\raw\audio\pilot_v1\pilot_v1_00396.wav,train,0.9567613005638123,0.46768277883529663,0.7892827987670898,0.21015843749046326,0.26833879947662354,0.3967829644680023,0.8794968128204346,0.18660396337509155
pilot_v1_00397,397,data\raw\audio\pilot_v1\pilot_v1_00397.wav,train,0.43806135654449463,0.5782227516174316,0.32875481247901917,0.685969352722168,0.09029720723628998,0.23485156893730164,0.49816733598709106,0.3287789523601532
pilot_v1_00398,398,data\raw\audio\pilot_v1\pilot_v1_00398.wav,test,0.09205985814332962,0.37161940336227417,0.4858984053134918,0.17265668511390686,0.15522980690002441,0.25036856532096863,0.683071494102478,0.4215017557144165
pilot_v1_00399,399,data\raw\audio\pilot_v1\pilot_v1_00399.wav,validation,0.575618326663971,0.8131541013717651,0.04645198583602905,0.443687379360199,0.37684446573257446,0.4179290235042572,0.28921547532081604,0.2574510872364044
pilot_v1_00400,400,data\raw\audio\pilot_v1\pilot_v1_00400.wav,train,0.6224761009216309,0.38835904002189636,0.6644874811172485,0.3534318208694458,0.13268649578094482,0.22231875360012054,0.4251013398170471,0.4123549461364746
pilot_v1_00401,401,data\raw\audio\pilot_v1\pilot_v1_00401.wav,test,0.10766776651144028,0.7955920100212097,0.20316487550735474,0.624713659286499,0.31033748388290405,0.41038769483566284,0.8439691066741943,0.2701869606971741
pilot_v1_00402,402,data\raw\audio\pilot_v1\pilot_v1_00402.wav,train,0.4849536120891571,0.45140695571899414,0.5603035092353821,0.017466703429818153,0.4438423812389374,0.4248793423175812,0.2372693568468094,0.16567282378673553
pilot_v1_00403,403,data\raw\audio\pilot_v1\pilot_v1_00403.wav,train,0.9724034070968628,0.5963952541351318,0.12164939194917679,0.4933921694755554,0.22261831164360046,0.2424394190311432,0.6436113715171814,0.32971513271331787
pilot_v1_00404,404,data\raw\audio\pilot_v1\pilot_v1_00404.wav,train,0.7510350346565247,0.5155216455459595,0.31948474049568176,0.39655208587646484,0.17852845788002014,0.1615016609430313,0.3542878031730652,0.12389647960662842
pilot_v1_00405,405,data\raw\audio\pilot_v1\pilot_v1_00405.wav,test,0.2677203118801117,0.669235348701477,0.7612993121147156,0.12529312074184418,0.3503231406211853,0.32906270027160645,0.7727416157722473,0.287942111492157
pilot_v1_00406,406,data\raw\audio\pilot_v1\pilot_v1_00406.wav,train,0.13764426112174988,0.32371118664741516,0.005699941422790289,0.7325858473777771,0.2916405498981476,0.4856511056423187,0.5585216283798218,0.36936479806900024
pilot_v1_00407,407,data\raw\audio\pilot_v1\pilot_v1_00407.wav,train,0.6560994982719421,0.7222114205360413,0.4639086127281189,0.2565459609031677,0.0637727826833725,0.32371893525123596,0.9644978046417236,0.2271948754787445
pilot_v1_00408,408,data\raw\audio\pilot_v1\pilot_v1_00408.wav,train,0.7264184355735779,0.4917277693748474,0.09362895786762238,0.1412004828453064,0.34555190801620483,0.26078110933303833,0.34396690130233765,0.11766809225082397
pilot_v1_00409,409,data\raw\audio\pilot_v1\pilot_v1_00409.wav,train,0.2391974776983261,0.6237589120864868,0.42606818675994873,0.4619442820549011,0.12393691390752792,0.4502169191837311,0.7251035571098328,0.3035487234592438
pilot_v1_00410,410,data\raw\audio\pilot_v1\pilot_v1_00410.wav,train,0.35366809368133545,0.4168550372123718,0.38155314326286316,0.2267688512802124,0.2340042144060135,0.3864370286464691,0.5436105132102966,0.396101176738739
pilot_v1_00411,411,data\raw\audio\pilot_v1\pilot_v1_00411.wav,train,0.8682170510292053,0.8369120955467224,0.7491364479064941,0.6590921878814697,0.41204634308815,0.20263029634952545,0.9372702240943909,0.1883462369441986
pilot_v1_00412,412,data\raw\audio\pilot_v1\pilot_v1_00412.wav,validation,0.9020959138870239,0.343622088432312,0.5481562614440918,0.6087612509727478,0.39305707812309265,0.29976868629455566,0.472739040851593,0.4416358470916748
pilot_v1_00413,413,data\raw\audio\pilot_v1\pilot_v1_00413.wav,train,0.38338130712509155,0.7721328735351562,0.18370825052261353,0.2880861163139343,0.1655796617269516,0.46596217155456543,0.8542903661727905,0.23387762904167175
pilot_v1_00414,414,data\raw\audio\pilot_v1\pilot_v1_00414.wav,train,0.02173907309770584,0.5644280910491943,0.6266382932662964,0.5233073234558105,0.08033448457717896,0.3474041223526001,0.264497309923172,0.1623682826757431
pilot_v1_00415,415,data\raw\audio\pilot_v1\pilot_v1_00415.wav,train,0.5052826404571533,0.6879960298538208,0.29110878705978394,0.09082377701997757,0.2517390251159668,0.1868394911289215,0.6585220694541931,0.3482508659362793
pilot_v1_00416,416,data\raw\audio\pilot_v1\pilot_v1_00416.wav,train,0.5173529982566833,0.35608768463134766,0.1391238421201706,0.24124017357826233,0.19493591785430908,0.19749312102794647,0.24753999710083008,0.297708660364151
pilot_v1_00417,417,data\raw\audio\pilot_v1\pilot_v1_00417.wav,train,0.0028644977137446404,0.7588870525360107,0.5785714387893677,0.7493693828582764,0.3729775846004486,0.3799329996109009,0.6287081837654114,0.1117158904671669
pilot_v1_00418,418,data\raw\audio\pilot_v1\pilot_v1_00418.wav,train,0.4025619328022003,0.5519264936447144,0.2356906235218048,0.1377292275428772,0.28148317337036133,0.45533397793769836,0.4400779604911804,0.19418610632419586
pilot_v1_00419,419,data\raw\audio\pilot_v1\pilot_v1_00419.wav,train,0.8897214531898499,0.7013455033302307,0.6962197422981262,0.3826668858528137,0.059868600219488144,0.2672650218009949,0.833722710609436,0.40205323696136475
pilot_v1_00420,420,data\raw\audio\pilot_v1\pilot_v1_00420.wav,train,0.857062578201294,0.4878159761428833,0.49409055709838867,0.5088496208190918,0.14127840101718903,0.19127264618873596,0.5699396729469299,0.23886311054229736
pilot_v1_00421,421,data\raw\audio\pilot_v1\pilot_v1_00421.wav,train,0.37358036637306213,0.6285012364387512,0.036650966852903366,0.0005601660814136267,0.31268250942230225,0.3532048165798187,0.9514744877815247,0.4467334747314453
pilot_v1_00422,422,data\raw\audio\pilot_v1\pilot_v1_00422.wav,train,0.21910099685192108,0.4207397401332855,0.7811175584793091,0.6122460961341858,0.4290006160736084,0.46150895953178406,0.36723801493644714,0.343265563249588
pilot_v1_00423,423,data\raw\audio\pilot_v1\pilot_v1_00423.wav,validation,0.7377551794052124,0.8322634100914001,0.338533878326416,0.3673771023750305,0.2015235871076584,0.2939479351043701,0.7612989544868469,0.15727081894874573
pilot_v1_00424,424,data\raw\audio\pilot_v1\pilot_v1_00424.wav,train,0.6361871957778931,0.527786135673523,0.7181856036186218,0.07844908535480499,0.38289904594421387,0.24757659435272217,0.5287101864814758,0.2641012370586395
pilot_v1_00425,425,data\raw\audio\pilot_v1\pilot_v1_00425.wav,train,0.14879876375198364,0.6556529402732849,0.3513713777065277,0.5371626019477844,0.1616746336221695,0.43138331174850464,0.9475379586219788,0.40630659461021423
pilot_v1_00426,426,data\raw\audio\pilot_v1\pilot_v1_00426.wav,validation,0.25638359785079956,0.31154561042785645,0.4070192277431488,0.30345046520233154,0.09674280136823654,0.40527060627937317,0.3337237536907196,0.3358006775379181
pilot_v1_00427,427,data\raw\audio\pilot_v1\pilot_v1_00427.wav,train,0.7711315155029297,0.7357614636421204,0.07381093502044678,0.5919449329376221,0.27439412474632263,0.2158348262310028,0.7400768995285034,0.1717209815979004
pilot_v1_00428,428,data\raw\audio\pilot_v1\pilot_v1_00428.wav,train,0.9912779927253723,0.3847827613353729,0.27284103631973267,0.6716185212135315,0.33070942759513855,0.3192857801914215,0.25147688388824463,0.2928314208984375
pilot_v1_00429,429,data\raw\audio\pilot_v1\pilot_v1_00429.wav,test,0.4728832244873047,0.8005365133285522,0.6091640591621399,0.21279053390026093,0.102841317653656,0.4798504114151001,0.6699373126029968,0.12874844670295715
pilot_v1_00430,430,data\raw\audio\pilot_v1\pilot_v1_00430.wav,train,0.12004220485687256,0.4550900459289551,0.15197618305683136,0.4465484023094177,0.24259699881076813,0.3335159122943878,0.4612996280193329,0.22230570018291473
pilot_v1_00431,431,data\raw\audio\pilot_v1\pilot_v1_00431.wav,train,0.6032955050468445,0.5914116501808167,0.5156307220458984,0.15807689726352692,0.41439202427864075,0.16732239723205566,0.867237389087677,0.36451300978660583
pilot_v1_00432,432,data\raw\audio\pilot_v1\pilot_v1_00432.wav,train,0.58765709400177,0.43826019763946533,0.3984374701976776,0.6391103863716125,0.07021839171648026,0.4941381812095642,0.6031349301338196,0.2177809774875641
pilot_v1_00433,433,data\raw\audio\pilot_v1\pilot_v1_00433.wav,train,0.07315392792224884,0.6090303063392639,0.7339650988578796,0.35075387358665466,0.29769593477249146,0.30470311641693115,0.22218549251556396,0.38185495138168335
pilot_v1_00434,434,data\raw\audio\pilot_v1\pilot_v1_00434.wav,train,0.45727166533470154,0.4010019302368164,0.07677306234836578,0.49057692289352417,0.3563777506351471,0.15871040523052216,0.8090518116950989,0.27821534872055054
pilot_v1_00435,435,data\raw\audio\pilot_v1\pilot_v1_00435.wav,validation,0.9444162845611572,0.782454252243042,0.4412190914154053,0.032000694423913956,0.18497329950332642,0.34251657128334045,0.4155789017677307,0.13601571321487427
pilot_v1_00436,436,data\raw\audio\pilot_v1\pilot_v1_00436.wav,validation,0.7867736220359802,0.328289270401001,0.6433730721473694,0.11094222217798233,0.21617327630519867,0.42238354682922363,0.9760724902153015,0.3230673372745514
pilot_v1_00437,437,data\raw\audio\pilot_v1\pilot_v1_00437.wav,train,0.30327579379081726,0.7181953191757202,0.275787889957428,0.3991842567920685,0.43778836727142334,0.25619059801101685,0.5947068929672241,0.18086564540863037
pilot_v1_00438,438,data\raw\audio\pilot_v1\pilot_v1_00438.wav,train,0.1644066423177719,0.51151442527771,0.5314437747001648,0.2594069540500641,0.30428269505500793,0.23041969537734985,0.7865544557571411,0.26316288113594055
pilot_v1_00439,439,data\raw\audio\pilot_v1\pilot_v1_00439.wav,train,0.683044970035553,0.6738213896751404,0.19900260865688324,0.7180061340332031,0.12624068558216095,0.39098358154296875,0.3927149474620819,0.427240252494812
pilot_v1_00440,440,data\raw\audio\pilot_v1\pilot_v1_00440.wav,train,0.6908667683601379,0.40372541546821594,0.5692777037620544,0.4298321306705475,0.25818461179733276,0.36646583676338196,0.9221844673156738,0.36078372597694397
pilot_v1_00441,441,data\raw\audio\pilot_v1\pilot_v1_00441.wav,train,0.20346271991729736,0.8495631217956543,0.11106790602207184,0.18503136932849884,0.08638984709978104,0.17839765548706055,0.5031359791755676,0.15291166305541992
pilot_v1_00442,442,data\raw\audio\pilot_v1\pilot_v1_00442.wav,validation,0.326718807220459,0.5043541789054871,0.655541718006134,0.7027857303619385,0.1716342568397522,0.2863600552082062,0.7155768871307373,0.24595414102077484
pilot_v1_00443,443,data\raw\audio\pilot_v1\pilot_v1_00443.wav,train,0.8414508700370789,0.6106034517288208,0.2137259691953659,0.19479408860206604,0.3995019197463989,0.468799352645874,0.30905380845069885,0.4319518804550171
pilot_v1_00444,444,data\raw\audio\pilot_v1\pilot_v1_00444.wav,train,0.9366135597229004,0.5690227746963501,0.01471987646073103,0.32024404406547546,0.40560129284858704,0.3726409375667572,0.6947062015533447,0.2034963220357895
pilot_v1_00445,445,data\raw\audio\pilot_v1\pilot_v1_00445.wav,train,0.418204128742218,0.6839974522590637,0.45337289571762085,0.564884603023529,0.22795017063617706,0.20508049428462982,0.2760732173919678,0.3894961178302765
pilot_v1_00446,446,data\raw\audio\pilot_v1\pilot_v1_00446.wav,train,0.049722377210855484,0.3395978510379791,0.31048712134361267,0.04717601463198662,0.11788211017847061,0.28013965487480164,0.8927125930786133,0.31847673654556274
pilot_v1_00447,447,data\raw\audio\pilot_v1\pilot_v1_00447.wav,train,0.5329607725143433,0.7767028212547302,0.7718085646629333,0.5552363395690918,0.33910611271858215,0.4420710504055023,0.48655685782432556,0.11060130596160889
pilot_v1_00448,448,data\raw\audio\pilot_v1\pilot_v1_00448.wav,test,0.5414522290229797,0.4254644811153412,0.33187296986579895,0.1786184310913086,0.37019744515419006,0.399677574634552,0.553479790687561,0.1352253407239914
pilot_v1_00449,449,data\raw\audio\pilot_v1\pilot_v1_00449.wav,train,0.056001193821430206,0.8283275961875916,0.7986646890640259,0.42600545287132263,0.19782593846321106,0.2321065068244934,0.9719321727752686,0.2774677276611328
pilot_v1_00450,450,data\raw\audio\pilot_v1\pilot_v1_00450.wav,train,0.41363418102264404,0.4831244945526123,0.043332312256097794,0.19229501485824585,0.056307218968868256,0.2531777322292328,0.35928070545196533,0.3812781572341919
pilot_v1_00451,451,data\raw\audio\pilot_v1\pilot_v1_00451.wav,train,0.9264132380485535,0.6323366761207581,0.47651809453964233,0.6921154856681824,0.28515446186065674,0.41509851813316345,0.7652584910392761,0.2171614170074463
pilot_v1_00452,452,data\raw\audio\pilot_v1\pilot_v1_00452.wav,train,0.8340731859207153,0.555846095085144,0.677122950553894,0.5714720487594604,0.3160424828529358,0.33877766132354736,0.2259046584367752,0.42375823855400085
pilot_v1_00453,453,data\raw\audio\pilot_v1\pilot_v1_00453.wav,train,0.3176167607307434,0.6966034770011902,0.2407774031162262,0.3239247798919678,0.13780854642391205,0.150698721408844,0.6447709798812866,0.25963813066482544
pilot_v1_00454,454,data\raw\audio\pilot_v1\pilot_v1_00454.wav,validation,0.2147618979215622,0.3522023856639862,0.5976948142051697,0.5576810240745544,0.2041023075580597,0.31403762102127075,0.4365147650241852,0.17751170694828033
pilot_v1_00455,455,data\raw\audio\pilot_v1\pilot_v1_00455.wav,train,0.696047306060791,0.7635276317596436,0.13401778042316437,0.05792922526597977,0.4263119399547577,0.49646615982055664,0.8428583741188049,0.3197561502456665
pilot_v1_00456,456,data\raw\audio\pilot_v1\pilot_v1_00456.wav,train,0.6726157665252686,0.459999680519104,0.5106421113014221,0.34102198481559753,0.15801557898521423,0.43914487957954407,0.27193114161491394,0.42996519804000854
pilot_v1_00457,457,data\raw\audio\pilot_v1\pilot_v1_00457.wav,train,0.16006556153297424,0.5877943634986877,0.17117124795913696,0.6386026740074158,0.3864726722240448,0.27294135093688965,0.6534808278083801,0.24401021003723145
pilot_v1_00458,458,data\raw\audio\pilot_v1\pilot_v1_00458.wav,train,0.3098140060901642,0.37977269291877747,0.6141729950904846,0.026960860937833786,0.271516352891922,0.21369029581546783,0.4652564823627472,0.15079675614833832
pilot_v1_00459,459,data\raw\audio\pilot_v1\pilot_v1_00459.wav,train,0.7950056791305542,0.804186999797821,0.25362062454223633,0.4824475347995758,0.09953518211841583,0.3742435872554779,0.8592826724052429,0.3586260974407196
pilot_v1_00460,460,data\raw\audio\pilot_v1\pilot_v1_00460.wav,train,0.9498562216758728,0.3151119649410248,0.056166719645261765,0.40904492139816284,0.10551770776510239,0.47804972529411316,0.5447703003883362,0.10592300444841385
pilot_v1_00461,461,data\raw\audio\pilot_v1\pilot_v1_00461.wav,train,0.46831145882606506,0.7308019399642944,0.41358304023742676,0.11134977638721466,0.3281184732913971,0.28860390186309814,0.9259053468704224,0.31375572085380554
pilot_v1_00462,462,data\raw\audio\pilot_v1\pilot_v1_00462.wav,train,0.06382300704717636,0.5241183638572693,0.3690420687198639,0.7230373620986938,0.4178496301174164,0.17474552989006042,0.3428559899330139,0.3846040964126587
pilot_v1_00463,463,data\raw\audio\pilot_v1\pilot_v1_00463.wav,train,0.580508291721344,0.6606467962265015,0.711602509021759,0.26757362484931946,0.23922479152679443,0.35854092240333557,0.7365171909332275,0.19864705204963684
pilot_v1_00464,464,data\raw\audio\pilot_v1\pilot_v1_00464.wav,train,0.5961465835571289,0.5065543055534363,0.18059015274047852,0.5288812518119812,0.29511716961860657,0.30255645513534546,0.9974087476730347,0.4055352210998535
pilot_v1_00465,465,data\raw\audio\pilot_v1\pilot_v1_00465.wav,train,0.11071140319108963,0.6773883700370789,0.5387743711471558,0.07353253662586212,0.0729069784283638,0.4631103277206421,0.5787356495857239,0.19771085679531097
pilot_v1_00466,466,data\raw\audio\pilot_v1\pilot_v1_00466.wav,train,0.48392313718795776,0.3332825005054474,0.2942284345626831,0.5912852883338928,0.18161331117153168,0.3502773344516754,0.790026068687439,0.11506982147693634
pilot_v1_00467,467,data\raw\audio\pilot_v1\pilot_v1_00467.wav,train,0.9967178106307983,0.7145281434059143,0.6360186338424683,0.2938418686389923,0.3598475754261017,0.1840730756521225,0.38387835025787354,0.3010198473930359
pilot_v1_00468,468,data\raw\audio\pilot_v1\pilot_v1_00468.wav,train,0.7793634533882141,0.3973851203918457,0.4354378581047058,0.22117206454277039,0.4413498044013977,0.2636116147041321,0.6202722787857056,0.1580611914396286
pilot_v1_00469,469,data\raw\audio\pilot_v1\pilot_v1_00469.wav,train,0.26292192935943604,0.7873634696006775,0.09675928205251694,0.6764062643051147,0.21250204741954803,0.4474077522754669,0.2012334167957306,0.34401318430900574
pilot_v1_00470,470,data\raw\audio\pilot_v1\pilot_v1_00470.wav,train,0.14445780217647552,0.44191116094589233,0.7397682666778564,0.15869928896427155,0.12902085483074188,0.38918209075927734,0.8175035119056702,0.44731026887893677
pilot_v1_00471,471,data\raw\audio\pilot_v1\pilot_v1_00471.wav,train,0.6257578730583191,0.604019820690155,0.37842127680778503,0.4561656415462494,0.30139270424842834,0.19973570108413696,0.4109418988227844,0.23948267102241516
pilot_v1_00472,472,data\raw\audio\pilot_v1\pilot_v1_00472.wav,test,0.7429355978965759,0.33485642075538635,0.7519190311431885,0.7385476231575012,0.08293218910694122,0.16431079804897308,0.6787376403808594,0.17639927566051483
pilot_v1_00473,473,data\raw\audio\pilot_v1\pilot_v1_00473.wav,train,0.23040029406547546,0.7806218266487122,0.3163650631904602,0.2388640195131302,0.26155680418014526,0.3262321949005127,0.29740673303604126,0.3405217230319977
pilot_v1_00474,474,data\raw\audio\pilot_v1\pilot_v1_00474.wav,train,0.3644784390926361,0.5736639499664307,0.47329044342041016,0.37868866324424744,0.39682552218437195,0.488545686006546,0.8838794231414795,0.41119861602783203
pilot_v1_00475,475,data\raw\audio\pilot_v1\pilot_v1_00475.wav,validation,0.8496847748756409,0.6801115870475769,0.008818091824650764,0.1314392387866974,0.17422519624233246,0.32097387313842773,0.49002501368522644,0.268950492143631
pilot_v1_00476,476,data\raw\audio\pilot_v1\pilot_v1_00476.wav,train,0.8795210123062134,0.5004178881645203,0.20629675686359406,0.011527860537171364,0.23082801699638367,0.22517061233520508,0.901235818862915,0.3664996922016144
pilot_v1_00477,477,data\raw\audio\pilot_v1\pilot_v1_00477.wav,train,0.3979921042919159,0.6153286695480347,0.6738556027412415,0.5110512375831604,0.40280893445014954,0.40759989619255066,0.5202699303627014,0.22424963116645813
pilot_v1_00478,478,data\raw\audio\pilot_v1\pilot_v1_00478.wav,train,0.009143434464931488,0.4075603783130646,0.11851902306079865,0.37127235531806946,0.3427651822566986,0.4276457130908966,0.7109425663948059,0.13086333870887756
pilot_v1_00479,479,data\raw\audio\pilot_v1\pilot_v1_00479.wav,test,0.5258443355560303,0.8448721170425415,0.5509338974952698,0.6185904741287231,0.11430852115154266,0.23956619203090668,0.31750285625457764,0.29498907923698425
pilot_v1_00480,480,data\raw\audio\pilot_v1\pilot_v1_00480.wav,train,0.5145067572593689,0.4785887598991394,0.606032133102417,0.46420589089393616,0.43275704979896545,0.3165193498134613,0.7752630710601807,0.3345644474029541
pilot_v1_00481,481,data\raw\audio\pilot_v1\pilot_v1_00481.wav,train,0.02923882193863392,0.6363943815231323,0.26347291469573975,0.15213678777217865,0.21015633642673492,0.4827236831188202,0.3938989043235779,0.17056483030319214
pilot_v1_00482,482,data\raw\audio\pilot_v1\pilot_v1_00482.wav,test,0.3780786991119385,0.42949727177619934,0.5187610387802124,0.6654965281486511,0.14386335015296936,0.3306640386581421,0.9873151183128357,0.2749079763889313
pilot_v1_00483,483,data\raw\audio\pilot_v1\pilot_v1_00483.wav,train,0.8906746506690979,0.8237663507461548,0.16134582459926605,0.2306327074766159,0.32248827815055847,0.17011018097400665,0.5934740304946899,0.41703325510025024
pilot_v1_00484,484,data\raw\audio\pilot_v1\pilot_v1_00484.wav,train,0.8620603084564209,0.36539044976234436,0.3607516884803772,0.2857701778411865,0.2787088453769684,0.24468198418617249,0.8039368391036987,0.22935248911380768
pilot_v1_00485,485,data\raw\audio\pilot_v1\pilot_v1_00485.wav,train,0.345298707485199,0.7509351968765259,0.721305251121521,0.5979079008102417,0.050251852720975876,0.4341283440589905,0.4229888319969177,0.37147971987724304
pilot_v1_00486,486,data\raw\audio\pilot_v1\pilot_v1_00486.wav,train,0.24927574396133423,0.5432276725769043,0.06442908197641373,0.08459392935037613,0.19177134335041046,0.4024614691734314,0.6082988381385803,0.2898860275745392
pilot_v1_00487,487,data\raw\audio\pilot_v1\pilot_v1_00487.wav,train,0.7308663129806519,0.7097671031951904,0.40390104055404663,0.5192975401878357,0.3637526035308838,0.21866531670093536,0.21482431888580322,0.12588313221931458
pilot_v1_00488,488,data\raw\audio\pilot_v1\pilot_v1_00488.wav,train,0.6449376344680786,0.37521955370903015,0.027281295508146286,0.6295617818832397,0.24566982686519623,0.18852759897708893,0.8938966989517212,0.1916574388742447
pilot_v1_00489,489,data\raw\audio\pilot_v1\pilot_v1_00489.wav,validation,0.1320822685956955,0.8082279562950134,0.4909602701663971,0.3617815673351288,0.4239036738872528,0.356099396944046,0.4752652943134308,0.39945510029792786
pilot_v1_00490,490,data\raw\audio\pilot_v1\pilot_v1_00490.wav,validation,0.2749911844730377,0.46404874324798584,0.3479020297527313,0.5030696988105774,0.3341732621192932,0.4586784839630127,0.6934731602668762,0.3070734441280365
pilot_v1_00491,491,data\raw\audio\pilot_v1\pilot_v1_00491.wav,train,0.7604880332946777,0.5832499265670776,0.7842494249343872,0.018057385459542274,0.11196351051330566,0.2967571020126343,0.2873160243034363,0.12115011364221573
pilot_v1_00492,492,data\raw\audio\pilot_v1\pilot_v1_00492.wav,train,0.9766224026679993,0.5372905731201172,0.5816895365715027,0.1204364076256752,0.09308956563472748,0.19461989402770996,0.7229862213134766,0.3488703966140747
pilot_v1_00493,493,data\raw\audio\pilot_v1\pilot_v1_00493.wav,validation,0.49526074528694153,0.6480370163917542,0.14850573241710663,0.3882395029067993,0.2654609680175781,0.3826994299888611,0.3039394021034241,0.16294510662555695
pilot_v1_00494,494,data\raw\audio\pilot_v1\pilot_v1_00494.wav,train,0.0995577722787857,0.30251139402389526,0.693100094795227,0.2469971477985382,0.380418062210083,0.4525461792945862,0.9148238301277161,0.23462526500225067
pilot_v1_00495,495,data\raw\audio\pilot_v1\pilot_v1_00495.wav,validation,0.6160599589347839,0.7439818978309631,0.22631028294563293,0.7318950891494751,0.15157072246074677,0.270116925239563,0.5082992911338806,0.4424262046813965
pilot_v1_00496,496,data\raw\audio\pilot_v1\pilot_v1_00496.wav,train,0.5692020654678345,0.3201278746128082,0.4565047323703766,0.06449174880981445,0.3074474632740021,0.36981043219566345,0.36917898058891296,0.24924133718013763
pilot_v1_00497,497,data\raw\audio\pilot_v1\pilot_v1_00497.wav,test,0.0839499831199646,0.7271542549133301,0.024088026955723763,0.5496407747268677,0.13546662032604218,0.2078896164894104,0.750715434551239,0.43515893816947937
pilot_v1_00498,498,data\raw\audio\pilot_v1\pilot_v1_00498.wav,train,0.4483686089515686,0.5192061066627502,0.7686782479286194,0.31446412205696106,0.21894702315330505,0.2773945927619934,0.5680474638938904,0.35339510440826416
pilot_v1_00499,499,data\raw\audio\pilot_v1\pilot_v1_00499.wav,train,0.9609801769256592,0.6642584800720215,0.3011174201965332,0.5823817849159241,0.44740381836891174,0.444965660572052,0.9621069431304932,0.14560317993164062
pilot_v1_00500,500,data\raw\audio\pilot_v1\pilot_v1_00500.wav,train,0.8073496222496033,0.446480393409729,0.10168754309415817,0.6854928731918335,0.3537929952144623,0.36367806792259216,0.44829297065734863,0.3080118000507355
pilot_v1_00501,501,data\raw\audio\pilot_v1\pilot_v1_00501.wav,train,0.2906029224395752,0.5999958515167236,0.5661580562591553,0.20036670565605164,0.1751684844493866,0.18124952912330627,0.8294627666473389,0.10021647065877914
pilot_v1_00502,502,data\raw\audio\pilot_v1\pilot_v1_00502.wav,train,0.17897069454193115,0.39338576793670654,0.22310784459114075,0.43558913469314575,0.06646138429641724,0.28348681330680847,0.23927606642246246,0.20439079403877258
pilot_v1_00503,503,data\raw\audio\pilot_v1\pilot_v1_00503.wav,train,0.6605759263038635,0.7919584512710571,0.658659815788269,0.16755706071853638,0.2890618145465851,0.47156572341918945,0.6329193711280823,0.39031046628952026
pilot_v1_00504,504,data\raw\audio\pilot_v1\pilot_v1_00504.wav,train,0.7152584195137024,0.5605254173278809,0.28515756130218506,0.27706438302993774,0.12036328762769699,0.4195316731929779,0.4507162868976593,0.2827950119972229
pilot_v1_00505,505,data\raw\audio\pilot_v1\pilot_v1_00505.wav,test,0.20241795480251312,0.6927547454833984,0.6465034484863281,0.7120659947395325,0.3492109477519989,0.25897839665412903,0.8691781163215637,0.14066475629806519
pilot_v1_00506,506,data\raw\audio\pilot_v1\pilot_v1_00506.wav,train,0.32965657114982605,0.34749072790145874,0.1896345019340515,0.10482023656368256,0.40925395488739014,0.22765327990055084,0.2621091604232788,0.21183432638645172
pilot_v1_00507,507,data\raw\audio\pilot_v1\pilot_v1_00507.wav,train,0.8151680827140808,0.7674753665924072,0.5283119082450867,0.41702643036842346,0.2368820309638977,0.39385682344436646,0.6680452823638916,0.37583890557289124
pilot_v1_00508,508,data\raw\audio\pilot_v1\pilot_v1_00508.wav,train,0.9062862396240234,0.41214725375175476,0.7308469414710999,0.47289663553237915,0.16817061603069305,0.49132904410362244,0.32946327328681946,0.25413987040519714
pilot_v1_00509,509,data\raw\audio\pilot_v1\pilot_v1_00509.wav,train,0.42494043707847595,0.8408645987510681,0.38905563950538635,0.03796367347240448,0.39038071036338806,0.3075336217880249,0.7482924461364746,0.41814783215522766
pilot_v1_00510,510,data\raw\audio\pilot_v1\pilot_v1_00510.wav,validation,0.044877246022224426,0.4964026212692261,0.4443387985229492,0.6452552080154419,0.2551112174987793,0.15581582486629486,0.5329219698905945,0.3252542316913605
pilot_v1_00511,511,data\raw\audio\pilot_v1\pilot_v1_00511.wav,train,0.5613950490951538,0.619906485080719,0.08615338802337646,0.3328888416290283,0.07687684893608093,0.3452616035938263,0.939273476600647,0.1831219345331192
pilot_v1_00512,512,data\raw\audio\pilot_v1\pilot_v1_00512.wav,test,0.5615954399108887,0.41290903091430664,0.47778040170669556,0.2637081742286682,0.10134056955575943,0.44497933983802795,0.8640546798706055,0.3426777720451355
pilot_v1_00513,513,data\raw\audio\pilot_v1\pilot_v1_00513.wav,test,0.043186016380786896,0.8392719626426697,0.04143455624580383,0.7254200577735901,0.32918262481689453,0.2775784432888031,0.4575059711933136,0.15681052207946777
pilot_v1_00514,514,data\raw\audio\pilot_v1\pilot_v1_00514.wav,train,0.4247404932975769,0.49728918075561523,0.797033965587616,0.11524485051631927,0.4128897488117218,0.20764097571372986,0.6737553477287292,0.2394515722990036
pilot_v1_00515,515,data\raw\audio\pilot_v1\pilot_v1_00515.wav,train,0.907978892326355,0.6187093257904053,0.3333565294742584,0.40659961104393005,0.24107173085212708,0.3697332739830017,0.25473278760910034,0.4471931457519531
pilot_v1_00516,516,data\raw\audio\pilot_v1\pilot_v1_00516.wav,train,0.8158867955207825,0.562089204788208,0.13277766108512878,0.4862735867500305,0.16007621586322784,0.4717022180557251,0.7411171197891235,0.1937258541584015
pilot_v1_00517,517,data\raw\audio\pilot_v1\pilot_v1_00517.wav,train,0.3284827470779419,0.6919714212417603,0.5995690226554871,0.024584591388702393,0.38127461075782776,0.283793568611145,0.33498454093933105,0.40146538615226746
pilot_v1_00518,518,data\raw\audio\pilot_v1\pilot_v1_00518.wav,train,0.20169878005981445,0.3486422300338745,0.24243038892745972,0.6348055601119995,0.2727941870689392,0.1809634119272232,0.9462527632713318,0.29816827178001404
pilot_v1_00519,519,data\raw\audio\pilot_v1\pilot_v1_00519.wav,train,0.7164308428764343,0.7665504217147827,0.6756157279014587,0.3433363139629364,0.0951198861002922,0.363563597202301,0.5275967121124268,0.11230438202619553
pilot_v1_00520,520,data\raw\audio\pilot_v1\pilot_v1_00520.wav,train,0.6617535948753357,0.44730889797210693,0.25535890460014343,0.05440758541226387,0.3142074644565582,0.3935501277446747,0.7575052976608276,0.22182400524616241
pilot_v1_00521,521,data\raw\audio\pilot_v1\pilot_v1_00521.wav,validation,0.17825578153133392,0.5988735556602478,0.6127756834030151,0.5597213506698608,0.1427805870771408,0.22751672565937042,0.3640553951263428,0.36398935317993164
pilot_v1_00522,522,data\raw\audio\pilot_v1\pilot_v1_00522.wav,train,0.28942665457725525,0.39407268166542053,0.1698456108570099,0.3274741768836975,0.20305009186267853,0.25909292697906494,0.9547303915023804,0.2933124601840973
pilot_v1_00523,523,data\raw\audio\pilot_v1\pilot_v1_00523.wav,train,0.8080649971961975,0.7904238700866699,0.5124063491821289,0.5693681836128235,0.43050122261047363,0.4198176860809326,0.5737577676773071,0.12927278876304626
pilot_v1_00524,524,data\raw\audio\pilot_v1\pilot_v1_00524.wav,train,0.9626752138137817,0.3212202489376068,0.7098861932754517,0.6955505609512329,0.37460023164749146,0.3450776934623718,0.8349835276603699,0.3352769613265991
pilot_v1_00525,525,data\raw\audio\pilot_v1\pilot_v1_00525.wav,validation,0.44817206263542175,0.7263052463531494,0.37041574716567993,0.19030547142028809,0.19653576612472534,0.15580220520496368,0.44111815094947815,0.17123934626579285
pilot_v1_00526,526,data\raw\audio\pilot_v1\pilot_v1_00526.wav,train,0.08225353062152863,0.5206940174102783,0.4149307608604431,0.4225984215736389,0.061492759734392166,0.3076106905937195,0.6275947690010071,0.264625608921051
pilot_v1_00527,527,data\raw\audio\pilot_v1\pilot_v1_00527.wav,train,0.5693981647491455,0.6635342836380005,0.05437871813774109,0.1805441826581955,0.2830815017223358,0.49157774448394775,0.24625474214553833,0.40678757429122925
pilot_v1_00528,528,data\raw\audio\pilot_v1\pilot_v1_00528.wav,validation,0.6162903904914856,0.5380440354347229,0.6346830725669861,0.6165458559989929,0.22642503678798676,0.17022526264190674,0.4821527898311615,0.2630036771297455
pilot_v1_00529,529,data\raw\audio\pilot_v1\pilot_v1_00529.wav,validation,0.09789562225341797,0.6464360356330872,0.29600414633750916,0.37478965520858765,0.4040989279747009,0.33094945549964905,0.8884801268577576,0.4270375967025757
pilot_v1_00530,530,data\raw\audio\pilot_v1\pilot_v1_00530.wav,test,0.4950298070907593,0.30340641736984253,0.5405271649360657,0.5131479501724243,0.3375794291496277,0.48241618275642395,0.28023239970207214,0.3232272267341614
pilot_v1_00531,531,data\raw\audio\pilot_v1\pilot_v1_00531.wav,train,0.9782831072807312,0.7427931427955627,0.17917975783348083,0.0079712625592947,0.11638127267360687,0.3163835108280182,0.6990858316421509,0.1810675859451294
pilot_v1_00532,532,data\raw\audio\pilot_v1\pilot_v1_00532.wav,train,0.7611767053604126,0.37677496671676636,0.3797834515571594,0.13342158496379852,0.08476702868938446,0.21874311566352844,0.3097531199455261,0.27801278233528137
pilot_v1_00533,533,data\raw\audio\pilot_v1\pilot_v1_00533.wav,train,0.2737882733345032,0.8074362277984619,0.737967312335968,0.37524649500846863,0.2565845847129822,0.40270939469337463,0.7157137989997864,0.13585646450519562
pilot_v1_00534,534,data\raw\audio\pilot_v1\pilot_v1_00534.wav,test,0.13139408826828003,0.46520864963531494,0.09503310918807983,0.23693391680717468,0.39787757396698,0.43394380807876587,0.5030723810195923,0.21798290312290192
pilot_v1_00535,535,data\raw\audio\pilot_v1\pilot_v1_00535.wav,train,0.6461420059204102,0.5823334455490112,0.43682289123535156,0.7419503927230835,0.17003576457500458,0.2446689009666443,0.9215095639228821,0.3820148706436157
pilot_v1_00536,536,data\raw\audio\pilot_v1\pilot_v1_00536.wav,validation,0.7320730686187744,0.36621060967445374,0.007201822940260172,0.4537757337093353,0.4392889440059662,0.2965090572834015,0.3884824812412262,0.3182527422904968
pilot_v1_00537,537,data\raw\audio\pilot_v1\pilot_v1_00537.wav,train,0.2485908567905426,0.7498044967651367,0.47476109862327576,0.16255763173103333,0.21769987046718597,0.458600789308548,0.7821504473686218,0.11050619930028915
pilot_v1_00538,538,data\raw\audio\pilot_v1\pilot_v1_00538.wav,validation,0.3440904915332794,0.543923020362854,0.3176175057888031,0.6788471937179565,0.12774278223514557,0.35611239075660706,0.5990864634513855,0.20371966063976288
pilot_v1_00539,539,data\raw\audio\pilot_v1\pilot_v1_00539.wav,train,0.8627446889877319,0.7082409262657166,0.7500326633453369,0.21727272868156433,0.30580776929855347,0.1887122541666031,0.980231761932373,0.38959187269210815
pilot_v1_00540,540,data\raw\audio\pilot_v1\pilot_v1_00540.wav,train,0.8923406004905701,0.47967278957366943,0.5525768995285034,0.29621389508247375,0.2992941439151764,0.2698315978050232,0.4157158136367798,0.24585898220539093
pilot_v1_00541,541,data\raw\audio\pilot_v1\pilot_v1_00541.wav,train,0.37785211205482483,0.6355369687080383,0.11702337116003036,0.5874548554420471,0.07184264063835144,0.4524310231208801,0.8097510933876038,0.43172788619995117
pilot_v1_00542,542,data\raw\audio\pilot_v1\pilot_v1_00542.wav,train,0.027574321255087852,0.43099352717399597,0.6726300120353699,0.071211077272892,0.18657304346561432,0.382835328578949,0.2215106338262558,0.3608795404434204
pilot_v1_00543,543,data\raw\audio\pilot_v1\pilot_v1_00543.wav,train,0.5147338509559631,0.8230505585670471,0.2081579864025116,0.5326710939407349,0.3580004572868347,0.19492729008197784,0.6030712723731995,0.15313495695590973
pilot_v1_00544,544,data\raw\audio\pilot_v1\pilot_v1_00544.wav,train,0.5270777940750122,0.5018842816352844,0.16014303267002106,0.7280979752540588,0.08867449313402176,0.1835954487323761,0.2920868694782257,0.10522699356079102
pilot_v1_00545,545,data\raw\audio\pilot_v1\pilot_v1_00545.wav,train,0.00836319848895073,0.6147099137306213,0.5206969380378723,0.24931147694587708,0.26673904061317444,0.3496280610561371,0.6857237815856934,0.31310707330703735
pilot_v1_00546,546,data\raw\audio\pilot_v1\pilot_v1_00546.wav,train,0.39675718545913696,0.4088851511478424,0.2650410830974579,0.3920656740665436,0.37522023916244507,0.4637375473976135,0.49553948640823364,0.39487090706825256
pilot_v1_00547,547,data\raw\audio\pilot_v1\pilot_v1_00547.wav,train,0.880300760269165,0.8438410758972168,0.6045134663581848,0.11806006729602814,0.15363159775733948,0.3030133545398712,0.8766986727714539,0.2088651806116104
pilot_v1_00548,548,data\raw\audio\pilot_v1\pilot_v1_00548.wav,train,0.8514384627342224,0.3355123996734619,0.405078649520874,0.02195241115987301,0.24751697480678558,0.1993808150291443,0.5129004120826721,0.4375198483467102
pilot_v1_00549,549,data\raw\audio\pilot_v1\pilot_v1_00549.wav,validation,0.36421751976013184,0.7792021632194519,0.06251974403858185,0.5006245374679565,0.41894394159317017,0.38865572214126587,0.9069512486457825,0.25151747465133667
pilot_v1_00550,550,data\raw\audio\pilot_v1\pilot_v1_00550.wav,train,0.22864805161952972,0.5747154355049133,0.7197117805480957,0.35791608691215515,0.335237592458725,0.44799748063087463,0.32428717613220215,0.14734314382076263
pilot_v1_00551,551,data\raw\audio\pilot_v1\pilot_v1_00551.wav,validation,0.7431970238685608,0.6788167357444763,0.362296998500824,0.6319445371627808,0.10778655111789703,0.26403120160102844,0.7058122754096985,0.3552212417125702
pilot_v1_00552,552,data\raw\audio\pilot_v1\pilot_v1_00552.wav,train,0.6260149478912354,0.39865046739578247,0.7825462222099304,0.5158904790878296,0.2766360938549042,0.32150033116340637,0.5857212543487549,0.421683669090271
pilot_v1_00553,553,data\raw\audio\pilot_v1\pilot_v1_00553.wav,validation,0.14270028471946716,0.7864086627960205,0.34936195611953735,0.0865197405219078,0.0554376021027565,0.48890045285224915,0.9920893907546997,0.2575909495353699
pilot_v1_00554,554,data\raw\audio\pilot_v1\pilot_v1_00554.wav,train,0.2626642882823944,0.44330132007598877,0.49224773049354553,0.6013429760932922,0.19048136472702026,0.3258126676082611,0.37669825553894043,0.18642139434814453
pilot_v1_00555,555,data\raw\audio\pilot_v1\pilot_v1_00555.wav,train,0.7811195254325867,0.6034604907035828,0.02545756660401821,0.28378066420555115,0.3681555986404419,0.1637209802865982,0.795539915561676,0.32863977551460266
pilot_v1_00556,556,data\raw\audio\pilot_v1\pilot_v1_00556.wav,train,0.9974942207336426,0.5075474381446838,0.22798842191696167,0.23418214917182922,0.43694648146629333,0.24021539092063904,0.20694905519485474,0.1413814276456833
pilot_v1_00557,557,data\raw\audio\pilot_v1\pilot_v1_00557.wav,train,0.4826858937740326,0.6761686205863953,0.6916669607162476,0.6633926630020142,0.2091042846441269,0.42812344431877136,0.6129026412963867,0.2835964858531952
pilot_v1_00558,558,data\raw\audio\pilot_v1\pilot_v1_00558.wav,train,0.10993549227714539,0.33386334776878357,0.14719310402870178,0.14861521124839783,0.14883553981781006,0.4071429371833801,0.4058114290237427,0.3764900863170624
pilot_v1_00559,559,data\raw\audio\pilot_v1\pilot_v1_00559.wav,validation,0.5973852872848511,0.7131667733192444,0.583540141582489,0.46624618768692017,0.32065343856811523,0.2245434820652008,0.8242880702018738,0.21239936351776123
pilot_v1_00560,560,data\raw\audio\pilot_v1\pilot_v1_00560.wav,train,0.5817736983299255,0.3165699541568756,0.30239352583885193,0.3309587836265564,0.1639813482761383,0.41467955708503723,0.6601734757423401,0.36990925669670105
pilot_v1_00561,561,data\raw\audio\pilot_v1\pilot_v1_00561.wav,train,0.0630737692117691,0.7301748394966125,0.7668643593788147,0.6486579775810242,0.3914329409599304,0.2525872588157654,0.26670947670936584,0.22769586741924286
pilot_v1_00562,562,data\raw\audio\pilot_v1\pilot_v1_00562.wav,train,0.46704745292663574,0.5254514813423157,0.022397777065634727,0.03994608297944069,0.25013917684555054,0.23263214528560638,0.8520049452781677,0.12335271388292313
pilot_v1_00563,563,data\raw\audio\pilot_v1\pilot_v1_00563.wav,train,0.9506059288978577,0.6596241593360901,0.4579502046108246,0.4694543778896332,0.0787118524312973,0.40003305673599243,0.4710632860660553,0.2874404489994049
pilot_v1_00564,564,data\raw\audio\pilot_v1\pilot_v1_00564.wav,train,0.7967274188995361,0.4606473445892334,0.6573602557182312,0.419123113155365,0.12243624776601791,0.496009886264801,0.931523323059082,0.16617386043071747
pilot_v1_00565,565,data\raw\audio\pilot_v1\pilot_v1_00565.wav,train,0.3095220923423767,0.5863662958145142,0.22494389116764069,0.10126371681690216,0.3440254032611847,0.313409686088562,0.5376935601234436,0.3302595317363739
pilot_v1_00566,566,data\raw\audio\pilot_v1\pilot_v1_00566.wav,test,0.1583424061536789,0.3808325529098511,0.5678247213363647,0.7100213766098022,0.41054415702819824,0.1513472944498062,0.73109370470047,0.41185325384140015
pilot_v1_00567,567,data\raw\audio\pilot_v1\pilot_v1_00567.wav,train,0.6729072332382202,0.8029005527496338,0.10026434808969498,0.2805817127227783,0.2324792593717575,0.3392559289932251,0.349738210439682,0.26964321732521057
pilot_v1_00568,568,data\raw\audio\pilot_v1\pilot_v1_00568.wav,train,0.6963354349136353,0.5571030378341675,0.5298930406570435,0.16523553431034088,0.35194605588912964,0.3748714029788971,0.9667099714279175,0.1628051996231079
pilot_v1_00569,569,data\raw\audio\pilot_v1\pilot_v1_00569.wav,train,0.21303632855415344,0.6956402659416199,0.18810130655765533,0.43937912583351135,0.18012839555740356,0.21414664387702942,0.5601729154586792,0.3488166332244873
pilot_v1_00570,570,data\raw\audio\pilot_v1\pilot_v1_00570.wav,train,0.317329078912735,0.35360094904899597,0.6452891230583191,0.2027387171983719,0.0653972253203392,0.27246302366256714,0.771065890789032,0.44119828939437866
pilot_v1_00571,571,data\raw\audio\pilot_v1\pilot_v1_00571.wav,train,0.8358001708984375,0.7629767060279846,0.28710341453552246,0.6816624999046326,0.29323896765708923,0.4384964108467102,0.3520023226737976,0.23331251740455627
pilot_v1_00572,572,data\raw\audio\pilot_v1\pilot_v1_00572.wav,train,0.9271586537361145,0.426449179649353,0.08454850316047668,0.5848227739334106,0.3118627667427063,0.35913145542144775,0.6376944184303284,0.39666691422462463
pilot_v1_00573,573,data\raw\audio\pilot_v1\pilot_v1_00573.wav,train,0.41236498951911926,0.8270995020866394,0.4458939731121063,0.310564786195755,0.13418877124786377,0.17516441643238068,0.23152251541614532,0.188783198595047
pilot_v1_00574,574,data\raw\audio\pilot_v1\pilot_v1_00574.wav,train,0.05525531992316246,0.4837137460708618,0.39024609327316284,0.5472509264945984,0.2241450995206833,0.2882484793663025,0.8497403860092163,0.11710301786661148
pilot_v1_00575,575,data\raw\audio\pilot_v1\pilot_v1_00575.wav,train,0.5427200198173523,0.6309837698936462,0.7289231419563293,0.06835002452135086,0.44534316658973694,0.4775239825248718,0.4310915470123291,0.30311107635498047
pilot_v1_00576,576,data\raw\audio\pilot_v1\pilot_v1_00576.wav,train,0.5312986373901367,0.5697053670883179,0.367296040058136,0.4398896098136902,0.2639589011669159,0.3423539996147156,0.5105060935020447,0.28942710161209106
pilot_v1_00577,577,data\raw\audio\pilot_v1\pilot_v1_00577.wav,train,0.049952827394008636,0.6824672222137451,0.7005058526992798,0.17497029900550842,0.09156449884176254,0.15837635099887848,0.9164683818817139,0.12529665231704712
pilot_v1_00578,578,data\raw\audio\pilot_v1\pilot_v1_00578.wav,train,0.41986483335494995,0.3404220640659332,0.057496875524520874,0.6897948384284973,0.1500701755285263,0.30497246980667114,0.30227047204971313,0.22981077432632446
pilot_v1_00579,579,data\raw\audio\pilot_v1\pilot_v1_00579.wav,train,0.9363826513290405,0.775584876537323,0.4243125915527344,0.20778138935565948,0.3788914680480957,0.4942373037338257,0.7207062244415283,0.3720668852329254
pilot_v1_00580,580,data\raw\audio\pilot_v1\pilot_v1_00580.wav,train,0.8402479290962219,0.40521734952926636,0.6221437454223633,0.3101600706577301,0.4223039448261261,0.3909545838832855,0.28139209747314453,0.2743215262889862
pilot_v1_00581,581,data\raw\audio\pilot_v1\pilot_v1_00581.wav,train,0.32740744948387146,0.8488348722457886,0.25849077105522156,0.5749650001525879,0.2440471053123474,0.2302190661430359,0.6877210736274719,0.41657426953315735
pilot_v1_00582,582,data\raw\audio\pilot_v1\pilot_v1_00582.wav,train,0.2046670764684677,0.5054506659507751,0.5030367374420166,0.0601862370967865,0.11036529392004013,0.25641196966171265,0.481041818857193,0.3351515531539917
pilot_v1_00583,583,data\raw\audio\pilot_v1\pilot_v1_00583.wav,train,0.6901785731315613,0.6097503900527954,0.16671524941921234,0.5422224998474121,0.3325490355491638,0.42243456840515137,0.8998938202857971,0.1710231453180313
pilot_v1_00584,584,data\raw\audio\pilot_v1\pilot_v1_00584.wav,train,0.6823601126670837,0.3291718661785126,0.590187132358551,0.6524875164031982,0.051778536289930344,0.4689998924732208,0.21646888554096222,0.23410287499427795
pilot_v1_00585,585,data\raw\audio\pilot_v1\pilot_v1_00585.wav,train,0.16561341285705566,0.7170022130012512,0.12965954840183258,0.33737459778785706,0.2802096903324127,0.2863891124725342,0.6105055809020996,0.44194597005844116
pilot_v1_00586,586,data\raw\audio\pilot_v1\pilot_v1_00586.wav,train,0.3039602041244507,0.5122721791267395,0.6849961280822754,0.4801274836063385,0.3652777671813965,0.17834652960300446,0.4207088351249695,0.34939345717430115
pilot_v1_00587,587,data\raw\audio\pilot_v1\pilot_v1_00587.wav,train,0.7855654358863831,0.6722328066825867,0.2455500364303589,0.04244799539446831,0.19327370822429657,0.3662445843219757,0.802267849445343,0.16342473030090332
pilot_v1_00588,588,data\raw\audio\pilot_v1\pilot_v1_00588.wav,train,0.9441896677017212,0.4394160509109497,0.0445648729801178,0.09758580476045609,0.21178066730499268,0.44240522384643555,0.5877218842506409,0.306593120098114
pilot_v1_00589,589,data\raw\audio\pilot_v1\pilot_v1_00589.wav,train,0.4589375853538513,0.6081010699272156,0.487150102853775,0.41253846883773804,0.4343554973602295,0.28030213713645935,0.9813913106918335,0.1206277534365654
pilot_v1_00590,590,data\raw\audio\pilot_v1\pilot_v1_00590.wav,train,0.07338101416826248,0.40257006883621216,0.3302246928215027,0.2698313891887665,0.32411110401153564,0.20498137176036835,0.3998960256576538,0.19213710725307465
pilot_v1_00591,591,data\raw\audio\pilot_v1\pilot_v1_00591.wav,train,0.5859925746917725,0.78166663646698,0.787665843963623,0.7075795531272888,0.14546336233615875,0.37237149477005005,0.7810396552085876,0.3999781310558319
pilot_v1_00592,592,data\raw\audio\pilot_v1\pilot_v1_00592.wav,test,0.6016042828559875,0.38547372817993164,0.12014299631118774,0.08889299631118774,0.3888542056083679,0.26721468567848206,0.9419190287590027,0.20418685674667358
pilot_v1_00593,593,data\raw\audio\pilot_v1\pilot_v1_00593.wav,train,0.12024261802434921,0.799014687538147,0.5619572401046753,0.5267093777656555,0.16666996479034424,0.4551120102405548,0.5357878804206848,0.39014989137649536
pilot_v1_00594,594,data\raw\audio\pilot_v1\pilot_v1_00594.wav,train,0.4745759069919586,0.4559059143066406,0.2050398737192154,0.29006779193878174,0.07535187155008316,0.3801330029964447,0.7454997897148132,0.30821505188941956
pilot_v1_00595,595,data\raw\audio\pilot_v1\pilot_v1_00595.wav,train,0.9910780787467957,0.5902853012084961,0.6632481217384338,0.6053183078765869,0.2536090314388275,0.19752280414104462,0.32684212923049927,0.10037770122289658
pilot_v1_00596,596,data\raw\audio\pilot_v1\pilot_v1_00596.wav,validation,0.7699576616287231,0.5292865037918091,0.46539294719696045,0.6611881852149963,0.34758681058883667,0.29384946823120117,0.6632452607154846,0.35323458909988403
pilot_v1_00597,597,data\raw\audio\pilot_v1\pilot_v1_00597.wav,train,0.25710228085517883,0.6549330949783325,0.0040699755772948265,0.2232116013765335,0.1187649741768837,0.4612390100955963,0.25669798254966736,0.14539919793605804
pilot_v1_00598,598,data\raw\audio\pilot_v1\pilot_v1_00598.wav,train,0.14997117221355438,0.3126336634159088,0.759402334690094,0.4598989486694336,0.23525939881801605,0.35353824496269226,0.8745160698890686,0.24940252304077148
pilot_v1_00599,599,data\raw\audio\pilot_v1\pilot_v1_00599.wav,train,0.6354680061340332,0.7348999977111816,0.3207477927207947,0.14471709728240967,0.40765413641929626,0.19143593311309814,0.4554918706417084,0.4353622794151306
pilot_v1_00600,600,data\raw\audio\pilot_v1\pilot_v1_00600.wav,train,0.7370402812957764,0.48870694637298584,0.747349202632904,0.25422513484954834,0.17667075991630554,0.2161048799753189,0.6357853412628174,0.3251577317714691
pilot_v1_00601,601,data\raw\audio\pilot_v1\pilot_v1_00601.wav,validation,0.22027868032455444,0.6273165345191956,0.3829016089439392,0.7363765239715576,0.35531824827194214,0.40536901354789734,0.2419215738773346,0.1828966587781906
pilot_v1_00602,602,data\raw\audio\pilot_v1\pilot_v1_00602.wav,validation,0.37429577112197876,0.42148908972740173,0.4274425804615021,0.12766583263874054,0.29056257009506226,0.4312201142311096,0.8268416523933411,0.2542370557785034
pilot_v1_00603,603,data\raw\audio\pilot_v1\pilot_v1_00603.wav,train,0.8558863401412964,0.8306664824485779,0.09191343188285828,0.39272239804267883,0.06798817217350006,0.24724306166172028,0.4455002248287201,0.4183724522590637
pilot_v1_00604,604,data\raw\audio\pilot_v1\pilot_v1_00604.wav,train,0.8895248770713806,0.35725194215774536,0.2928737699985504,0.4958338141441345,0.1370665580034256,0.16754429042339325,0.9566957354545593,0.21160900592803955
pilot_v1_00605,605,data\raw\audio\pilot_v1\pilot_v1_00605.wav,train,0.4042569398880005,0.757966160774231,0.625313401222229,0.013568056747317314,0.3090703785419464,0.3335663378238678,0.5632475018501282,0.37574243545532227
pilot_v1_00606,606,data\raw\audio\pilot_v1\pilot_v1_00606.wav,train,0.00306058581918478,0.553486168384552,0.18231166899204254,0.622324526309967,0.4490022361278534,0.4798206388950348,0.7554909586906433,0.28301966190338135
pilot_v1_00607,607,data\raw\audio\pilot_v1\pilot_v1_00607.wav,train,0.5156565308570862,0.7005494832992554,0.5498952865600586,0.3572908043861389,0.22057148814201355,0.31908586621284485,0.37451696395874023,0.14076188206672668
pilot_v1_00608,608,data\raw\audio\pilot_v1\pilot_v1_00608.wav,train,0.5045334100723267,0.3450081944465637,0.6947973370552063,0.15421073138713837,0.326494038105011,0.24281089007854462,0.7322779297828674,0.1777563989162445
pilot_v1_00609,609,data\raw\audio\pilot_v1\pilot_v1_00609.wav,train,0.023004498332738876,0.7715775966644287,0.23735804855823517,0.44893044233322144,0.10391929745674133,0.4254210889339447,0.33844655752182007,0.31987327337265015
pilot_v1_00610,610,data\raw\audio\pilot_v1\pilot_v1_00610.wav,train,0.3841310441493988,0.5656893253326416,0.5804082751274109,0.21668490767478943,0.2376018613576889,0.4098238945007324,0.9302903413772583,0.42351287603378296
pilot_v1_00611,611,data\raw\audio\pilot_v1\pilot_v1_00611.wav,train,0.900831937789917,0.6870452761650085,0.13782499730587006,0.6691725254058838,0.41624969244003296,0.22192661464214325,0.5489363074302673,0.2595216631889343
pilot_v1_00612,612,data\raw\audio\pilot_v1\pilot_v1_00612.wav,train,0.8679251074790955,0.4923129081726074,0.3399801254272461,0.5957702994346619,0.3849458694458008,0.3242240250110626,0.8594143986701965,0.3813953101634979
pilot_v1_00613,613,data\raw\audio\pilot_v1\pilot_v1_00613.wav,train,0.355389803647995,0.6223932504653931,0.7794280648231506,0.30107349157333374,0.15651482343673706,0.48632633686065674,0.46594879031181335,0.21740607917308807
pilot_v1_00614,614,data\raw\audio\pilot_v1\pilot_v1_00614.wav,train,0.23948892951011658,0.4178524613380432,0.034837882965803146,0.5333647727966309,0.09800991415977478,0.32845091819763184,0.6528129577636719,0.1351088434457779
pilot_v1_00615,615,data\raw\audio\pilot_v1\pilot_v1_00615.wav,train,0.7246952652931213,0.835688054561615,0.4953674077987671,0.08076272159814835,0.27001407742500305,0.1610613763332367,0.27187272906303406,0.2772224247455597
pilot_v1_00616,616,data\raw\audio\pilot_v1\pilot_v1_00616.wav,train,0.6543739438056946,0.5168420672416687,0.07188790291547775,0.3638561964035034,0.13940837979316711,0.20195497572422028,0.8384489417076111,0.3847425878047943
pilot_v1_00617,617,data\raw\audio\pilot_v1\pilot_v1_00617.wav,train,0.1379324048757553,0.668208658695221,0.40821048617362976,0.6142871379852295,0.31766510009765625,0.3859320282936096,0.43227559328079224,0.19882763922214508
pilot_v1_00618,618,data\raw\audio\pilot_v1\pilot_v1_00618.wav,train,0.26944732666015625,0.3251732289791107,0.3529272973537445,0.00411028228700161,0.42791032791137695,0.4506571292877197,0.648936927318573,0.10578516125679016
pilot_v1_00619,619,data\raw\audio\pilot_v1\pilot_v1_00619.wav,train,0.7507473826408386,0.7215970158576965,0.7165814638137817,0.5067464709281921,0.20572645962238312,0.2613929510116577,0.2302897423505783,0.3135744631290436
pilot_v1_00620,620,data\raw\audio\pilot_v1\pilot_v1_00620.wav,train,0.9711341857910156,0.38941454887390137,0.5175772905349731,0.38610267639160156,0.19932812452316284,0.18629777431488037,0.7659507989883423,0.15097731351852417
pilot_v1_00621,621,data\raw\audio\pilot_v1\pilot_v1_00621.wav,validation,0.48569899797439575,0.7942931056022644,0.1507626622915268,0.13574039936065674,0.37172242999076843,0.3470325469970703,0.3594123423099518,0.3587646484375
pilot_v1_00622,622,data\raw\audio\pilot_v1\pilot_v1_00622.wav,test,0.10893554985523224,0.4520670175552368,0.6076315641403198,0.7459630370140076,0.28665512800216675,0.4663543701171875,0.9718738198280334,0.42978399991989136
pilot_v1_00623,623,data\raw\audio\pilot_v1\pilot_v1_00623.wav,train,0.6217302083969116,0.5949715375900269,0.2744229733943939,0.24316664040088654,0.0578337162733078,0.3003323972225189,0.552811861038208,0.24387232959270477
pilot_v1_00624,624,data\raw\audio\pilot_v1\pilot_v1_00624.wav,validation,0.5748381018638611,0.46907728910446167,0.44276365637779236,0.5531910061836243,0.40120893716812134,0.36179107427597046,0.313703715801239,0.4478127062320709
pilot_v1_00625,625,data\raw\audio\pilot_v1\pilot_v1_00625.wav,validation,0.09329333901405334,0.5776758790016174,0.07517882436513901,0.0506926067173481,0.2292052060365677,0.17252616584300995,0.7077531814575195,0.24002836644649506
pilot_v1_00626,626,data\raw\audio\pilot_v1\pilot_v1_00626.wav,train,0.4388411343097687,0.3728722929954529,0.7320550084114075,0.5669806003570557,0.11271001398563385,0.2908226549625397,0.5235325694084167,0.1575581580400467
pilot_v1_00627,627,data\raw\audio\pilot_v1\pilot_v1_00627.wav,train,0.9555264115333557,0.8121949434280396,0.39961427450180054,0.3166867196559906,0.34114083647727966,0.47480031847953796,0.9050593376159668,0.3434681296348572
pilot_v1_00628,628,data\raw\audio\pilot_v1\pilot_v1_00628.wav,validation,0.7976357936859131,0.3080812394618988,0.19748321175575256,0.19677570462226868,0.26005443930625916,0.37748828530311584,0.49127888679504395,0.11561558395624161
pilot_v1_00629,629,data\raw\audio\pilot_v1\pilot_v1_00629.wav,train,0.2850855886936188,0.7389407753944397,0.5330111384391785,0.6993427872657776,0.08140702545642853,0.21146568655967712,0.8849143385887146,0.3015221953392029
pilot_v1_00630,630,data\raw\audio\pilot_v1\pilot_v1_00630.wav,train,0.18479397892951965,0.5333362221717834,0.2777230441570282,0.18310056626796722,0.17272435128688812,0.2751653492450714,0.2962985336780548,0.40499013662338257
pilot_v1_00631,631,data\raw\audio\pilot_v1\pilot_v1_00631.wav,train,0.6699856519699097,0.6503885388374329,0.6421695351600647,0.43323421478271484,0.3952988386154175,0.43590089678764343,0.6774594187736511,0.19720785319805145
pilot_v1_00632,632,data\raw\audio\pilot_v1\pilot_v1_00632.wav,train,0.7090531587600708,0.43467801809310913,0.21557576954364777,0.7156168818473816,0.21412627398967743,0.4986908435821533,0.40775248408317566,0.13143043220043182
pilot_v1_00633,633,data\raw\audio\pilot_v1\pilot_v1_00633.wav,train,0.19259671866893768,0.8180736899375916,0.6542283892631531,0.263265997171402,0.44294804334640503,0.31079283356666565,0.8137044310569763,0.2954273521900177
pilot_v1_00634,634,data\raw\audio\pilot_v1\pilot_v1_00634.wav,validation,0.3397819399833679,0.4760894179344177,0.10963396728038788,0.40162593126296997,0.30301541090011597,0.15394280850887299,0.20505692064762115,0.36593326926231384
pilot_v1_00635,635,data\raw\audio\pilot_v1\pilot_v1_00635.wav,validation,0.8210673332214355,0.6404798030853271,0.5709550976753235,0.10704360157251358,0.1306205838918686,0.3365536034107208,0.6235350370407104,0.22381068766117096
pilot_v1_00636,636,data\raw\audio\pilot_v1\pilot_v1_00636.wav,train,0.9164703488349915,0.5489497184753418,0.7699840068817139,0.03437343239784241,0.07443356513977051,0.41731780767440796,0.3849133253097534,0.4116368591785431
pilot_v1_00637,637,data\raw\audio\pilot_v1\pilot_v1_00637.wav,train,0.43101930618286133,0.704607367515564,0.3117738366127014,0.48674720525741577,0.296617716550827,0.24992765486240387,0.7912799119949341,0.2695176303386688
pilot_v1_00638,638,data\raw\audio\pilot_v1\pilot_v1_00638.wav,test,0.03861607238650322,0.3612840175628662,0.4548320174217224,0.34843310713768005,0.3613726496696472,0.23535585403442383,0.5774574279785156,0.17596037685871124
pilot_v1_00639,639,data\raw\audio\pilot_v1\pilot_v1_00639.wav,train,0.5513951182365417,0.7534050941467285,0.013015929609537125,0.6429009437561035,0.1831153929233551,0.39745891094207764,0.9963005185127258,0.33995527029037476
pilot_v1_00640,640,data\raw\audio\pilot_v1\pilot_v1_00640.wav,train,0.5496222376823425,0.44586819410324097,0.7586884498596191,0.32488739490509033,0.38055500388145447,0.3012913167476654,0.20999620854854584,0.2814290225505829
pilot_v1_00641,641,data\raw\audio\pilot_v1\pilot_v1_00641.wav,train,0.033181190490722656,0.6016654372215271,0.3231242597103119,0.572685956954956,0.15308097004890442,0.4620271325111389,0.6161543130874634,0.13929644227027893
pilot_v1_00642,642,data\raw\audio\pilot_v1\pilot_v1_00642.wav,test,0.4366985559463501,0.3961147964000702,0.46612560749053955,0.057678382843732834,0.0928366407752037,0.35131967067718506,0.4026331603527069,0.2104652374982834
pilot_v1_00643,643,data\raw\audio\pilot_v1\pilot_v1_00643.wav,train,0.9179990887641907,0.7881048321723938,0.001667320728302002,0.5571786761283875,0.26423758268356323,0.18529662489891052,0.8212651610374451,0.374473512172699
pilot_v1_00644,644,data\raw\audio\pilot_v1\pilot_v1_00644.wav,test,0.8268626928329468,0.33133211731910706,0.2010880410671234,0.4251365661621094,0.3330528736114502,0.26230373978614807,0.58249431848526,0.2555086314678192
pilot_v1_00645,645,data\raw\audio\pilot_v1\pilot_v1_00645.wav,train,0.3414270281791687,0.7148590087890625,0.6686610579490662,0.1772693246603012,0.111435167491436,0.4462817907333374,0.9890175461769104,0.4195135533809662
pilot_v1_00646,646,data\raw\audio\pilot_v1\pilot_v1_00646.wav,train,0.1907075047492981,0.5101187825202942,0.12411969155073166,0.6922311186790466,0.2465033382177353,0.3903525471687317,0.3796963393688202,0.32662051916122437
pilot_v1_00647,647,data\raw\audio\pilot_v1\pilot_v1_00647.wav,train,0.7035017013549805,0.6743696928024292,0.5565242171287537,0.19289104640483856,0.4245479702949524,0.20108743011951447,0.7987430095672607,0.18448995053768158
pilot_v1_00648,648,data\raw\audio\pilot_v1\pilot_v1_00648.wav,test,0.6644303798675537,0.41165369749069214,0.1861697882413864,0.11265605688095093,0.1910293996334076,0.1654372662305832,0.5161550045013428,0.24787300825119019
pilot_v1_00649,649,data\raw\audio\pilot_v1\pilot_v1_00649.wav,test,0.18290098011493683,0.84238201379776,0.5443673729896545,0.40991657972335815,0.36282145977020264,0.3275398910045624,0.9099955558776855,0.43379297852516174
pilot_v1_00650,650,data\raw\audio\pilot_v1\pilot_v1_00650.wav,train,0.28673455119132996,0.49901318550109863,0.2890354096889496,0.26698052883148193,0.27913951873779297,0.4871937930583954,0.3212675452232361,0.3520297408103943
pilot_v1_00651,651,data\raw\audio\pilot_v1\pilot_v1_00651.wav,test,0.8034349679946899,0.6162049174308777,0.6308144927024841,0.7228786945343018,0.05127456784248352,0.3198038935661316,0.7026307582855225,0.1442340761423111
pilot_v1_00652,652,data\raw\audio\pilot_v1\pilot_v1_00652.wav,test,0.9570513367652893,0.5718482732772827,0.42829471826553345,0.6373457312583923,0.14518436789512634,0.22625434398651123,0.28901854157447815,0.309377521276474
pilot_v1_00653,653,data\raw\audio\pilot_v1\pilot_v1_00653.wav,train,0.44451650977134705,0.6803072690963745,0.08960513025522232,0.34006232023239136,0.32283884286880493,0.4088648855686188,0.682493269443512,0.10158521682024002
pilot_v1_00654,654,data\raw\audio\pilot_v1\pilot_v1_00654.wav,test,0.08786223828792572,0.3382848799228668,0.7465229034423828,0.4829525947570801,0.43134447932243347,0.42642202973365784,0.4987449645996094,0.20575878024101257
pilot_v1_00655,655,data\raw\audio\pilot_v1\pilot_v1_00655.wav,train,0.5730690360069275,0.777738630771637,0.3851892054080963,0.02716887556016445,0.21011705696582794,0.23852437734603882,0.8796943426132202,0.39167675375938416
pilot_v1_00656,656,data\raw\audio\pilot_v1\pilot_v1_00656.wav,train,0.619957447052002,0.35509154200553894,0.5038724541664124,0.6755292415618896,0.2558409571647644,0.40106117725372314,0.6406773924827576,0.1902887225151062
pilot_v1_00657,657,data\raw\audio\pilot_v1\pilot_v1_00657.wav,train,0.10350054502487183,0.760109543800354,0.16441267728805542,0.21985968947410583,0.07779581099748611,0.23367203772068024,0.23474068939685822,0.39808937907218933
pilot_v1_00658,658,data\raw\audio\pilot_v1\pilot_v1_00658.wav,train,0.49137812852859497,0.5556394457817078,0.6213376522064209,0.456318199634552,0.16772772371768951,0.2515709400177002,0.8464979529380798,0.3057071268558502
pilot_v1_00659,659,data\raw\audio\pilot_v1\pilot_v1_00659.wav,train,0.9726630449295044,0.6984127759933472,0.26077190041542053,0.15928702056407928,0.38934579491615295,0.4136729836463928,0.4280351400375366,0.11978214234113693
pilot_v1_00660,660,data\raw\audio\pilot_v1\pilot_v1_00660.wav,train,0.7565428614616394,0.48225462436676025,0.06137518957257271,0.07448612153530121,0.4079451262950897,0.340289443731308,0.9635165333747864,0.3502364158630371
pilot_v1_00661,661,data\raw\audio\pilot_v1\pilot_v1_00661.wav,validation,0.2710922956466675,0.6337523460388184,0.4187782108783722,0.5301327705383301,0.2365436553955078,0.1523924171924591,0.5571652054786682,0.1643133908510208
pilot_v1_00662,662,data\raw\audio\pilot_v1\pilot_v1_00662.wav,test,0.13604307174682617,0.4279441833496094,0.36344125866889954,0.2936284840106964,0.12178808450698853,0.3123881220817566,0.7740974426269531,0.23599430918693542
pilot_v1_00663,663,data\raw\audio\pilot_v1\pilot_v1_00663.wav,test,0.6488226056098938,0.8242284059524536,0.7060126662254333,0.5907741189002991,0.3492624759674072,0.49499788880348206,0.3552696108818054,0.4437916576862335
pilot_v1_00664,664,data\raw\audio\pilot_v1\pilot_v1_00664.wav,train,0.7191401124000549,0.5271437168121338,0.32629385590553284,0.5098312497138977,0.06631223857402802,0.4374513328075409,0.9347383379936218,0.3331986963748932
pilot_v1_00665,665,data\raw\audio\pilot_v1\pilot_v1_00665.wav,train,0.2375958114862442,0.6570929288864136,0.7930715084075928,0.010559885762631893,0.28753939270973206,0.2714290916919708,0.5406797528266907,0.16919612884521484
pilot_v1_00666,666,data\raw\audio\pilot_v1\pilot_v1_00666.wav,train,0.3570386469364166,0.31477099657058716,0.04852595180273056,0.6190873980522156,0.3540337085723877,0.21515806019306183,0.728034496307373,0.27354001998901367
pilot_v1_00667,667,data\raw\audio\pilot_v1\pilot_v1_00667.wav,train,0.8737244009971619,0.7327461838722229,0.48172199726104736,0.3715170919895172,0.17637965083122253,0.3758932650089264,0.34649860858917236,0.4156669080257416
pilot_v1_00668,668,data\raw\audio\pilot_v1\pilot_v1_00668.wav,train,0.9023569822311401,0.3790374994277954,0.6842665672302246,0.2402077615261078,0.22007961571216583,0.47648438811302185,0.6571632027626038,0.23072080314159393
pilot_v1_00669,669,data\raw\audio\pilot_v1\pilot_v1_00669.wav,train,0.3898063004016876,0.805467426776886,0.24793142080307007,0.739410400390625,0.44794437289237976,0.2872197926044464,0.2635185420513153,0.37284570932388306
pilot_v1_00670,670,data\raw\audio\pilot_v1\pilot_v1_00670.wav,train,0.017573282122612,0.4623434543609619,0.5909408330917358,0.1308371126651764,0.30662617087364197,0.17617057263851166,0.8552685379981995,0.29125145077705383
pilot_v1_00671,671,data\raw\audio\pilot_v1\pilot_v1_00671.wav,train,0.5027644634246826,0.5838306546211243,0.12724962830543518,0.3785676658153534,0.13483454287052155,0.3601478636264801,0.4740985035896301,0.12725219130516052
pilot_v1_00672,672,data\raw\audio\pilot_v1\pilot_v1_00672.wav,train,0.5219441056251526,0.3915708363056183,0.2784537076950073,0.5987556576728821,0.41810256242752075,0.37146106362342834,0.8319640159606934,0.1750306636095047
pilot_v1_00673,673,data\raw\audio\pilot_v1\pilot_v1_00673.wav,test,0.005197872407734394,0.7921538949012756,0.6397885084152222,0.2870989739894867,0.24044817686080933,0.20935901999473572,0.4379364848136902,0.33915606141090393
pilot_v1_00674,674,data\raw\audio\pilot_v1\pilot_v1_00674.wav,train,0.40187573432922363,0.44990962743759155,0.19673067331314087,0.5191614031791687,0.10538075119256973,0.2758839428424835,0.6308491230010986,0.4098322093486786
pilot_v1_00675,675,data\raw\audio\pilot_v1\pilot_v1_00675.wav,validation,0.8834814429283142,0.5971124172210693,0.5354214906692505,0.08397690206766129,0.32660824060440063,0.44327312707901,0.24929922819137573,0.2675824761390686
pilot_v1_00676,676,data\raw\audio\pilot_v1\pilot_v1_00676.wav,train,0.8536288738250732,0.5232986211776733,0.7359870076179504,0.15115389227867126,0.27068281173706055,0.3652859628200531,0.7607110142707825,0.36786577105522156
pilot_v1_00677,677,data\raw\audio\pilot_v1\pilot_v1_00677.wav,train,0.36837631464004517,0.6617686152458191,0.39420896768569946,0.4629707932472229,0.09889087080955505,0.18267619609832764,0.36705079674720764,0.22561800479888916
pilot_v1_00678,678,data\raw\audio\pilot_v1\pilot_v1_00678.wav,train,0.22644229233264923,0.31872236728668213,0.4388037323951721,0.23086252808570862,0.15913596749305725,0.28210434317588806,0.9516618847846985,0.13223230838775635
pilot_v1_00679,679,data\raw\audio\pilot_v1\pilot_v1_00679.wav,train,0.7390533685684204,0.728030800819397,0.08060731738805771,0.6659784317016602,0.38700100779533386,0.47000133991241455,0.5705274343490601,0.29635441303253174
pilot_v1_00680,680,data\raw\audio\pilot_v1\pilot_v1_00680.wav,train,0.6374849081039429,0.49445146322250366,0.4509540796279907,0.389477401971817,0.2036716341972351,0.41810518503189087,0.7379390597343445,0.40416955947875977
pilot_v1_00681,681,data\raw\audio\pilot_v1\pilot_v1_00681.wav,train,0.15613862872123718,0.6202377080917358,0.01855144463479519,0.12137646973133087,0.42528921365737915,0.2573699653148651,0.331961452960968,0.19634222984313965
pilot_v1_00682,682,data\raw\audio\pilot_v1\pilot_v1_00682.wav,train,0.2511790692806244,0.4157108962535858,0.7738391757011414,0.731370210647583,0.31678444147109985,0.22921717166900635,0.949299693107605,0.11370176821947098
pilot_v1_00683,683,data\raw\audio\pilot_v1\pilot_v1_00683.wav,train,0.7676963806152344,0.8378461599349976,0.3062681555747986,0.24677029252052307,0.1387397050857544,0.3952394425868988,0.5308486223220825,0.29965344071388245
pilot_v1_00684,684,data\raw\audio\pilot_v1\pilot_v1_00684.wav,train,0.9850383996963501,0.35144856572151184,0.10879863798618317,0.360455721616745,0.057719796895980835,0.48985978960990906,0.8670530319213867,0.15942956507205963
pilot_v1_00685,685,data\raw\audio\pilot_v1\pilot_v1_00685.wav,test,0.4721984565258026,0.7651207447052002,0.5732587575912476,0.6286710500717163,0.2851937413215637,0.3058824837207794,0.4607088267803192,0.3453792631626129
pilot_v1_00686,686,data\raw\audio\pilot_v1\pilot_v1_00686.wav,train,0.12237606197595596,0.559255838394165,0.21638223528862,0.01863158866763115,0.3688764274120331,0.15750788152217865,0.6705282926559448,0.4486756920814514
pilot_v1_00687,687,data\raw\audio\pilot_v1\pilot_v1_00687.wav,train,0.6078880429267883,0.6934958100318909,0.6519483923912048,0.5032086372375488,0.1974753886461258,0.3467724323272705,0.2516610324382782,0.24085159599781036
pilot_v1_00688,688,data\raw\audio\pilot_v1\pilot_v1_00688.wav,train,0.5922802686691284,0.5424932837486267,0.03398536145687103,0.19942058622837067,0.34320807456970215,0.31535032391548157,0.4126567542552948,0.42859917879104614
pilot_v1_00689,689,data\raw\audio\pilot_v1\pilot_v1_00689.wav,test,0.0755181834101677,0.7110472321510315,0.4976745843887329,0.6842496395111084,0.11534344404935837,0.4813733696937561,0.8065113425254822,0.24264177680015564
pilot_v1_00690,690,data\raw\audio\pilot_v1\pilot_v1_00690.wav,train,0.4565562605857849,0.36773499846458435,0.3408060073852539,0.16777855157852173,0.23009827733039856,0.3319733738899231,0.2247254103422165,0.14942774176597595
pilot_v1_00691,691,data\raw\audio\pilot_v1\pilot_v1_00691.wav,train,0.9381463527679443,0.7469711899757385,0.7771393060684204,0.43610793352127075,0.40188997983932495,0.17123758792877197,0.6060577034950256,0.3572607934474945
pilot_v1_00692,692,data\raw\audio\pilot_v1\pilot_v1_00692.wav,train,0.7833080887794495,0.43252184987068176,0.576549768447876,0.5505261421203613,0.395400732755661,0.24364115297794342,0.39174631237983704,0.10729166120290756
pilot_v1_00693,693,data\raw\audio\pilot_v1\pilot_v1_00693.wav,test,0.29804062843322754,0.8202127814292908,0.14335176348686218,0.06581151485443115,0.17417369782924652,0.43290624022483826,0.7851854562759399,0.3151213526725769
pilot_v1_00694,694,data\raw\audio\pilot_v1\pilot_v1_00694.wav,train,0.1717769056558609,0.47824692726135254,0.6986352801322937,0.5822368264198303,0.08424101769924164,0.40372806787490845,0.5960760712623596,0.38597047328948975
pilot_v1_00695,695,data\raw\audio\pilot_v1\pilot_v1_00695.wav,train,0.6843733191490173,0.6383388042449951,0.2318558245897293,0.31388455629348755,0.26189514994621277,0.21975001692771912,0.9770409464836121,0.200015127658844
pilot_v1_00696,696,data\raw\audio\pilot_v1\pilot_v1_00696.wav,train,0.6921955943107605,0.30164074897766113,0.6115822792053223,0.036629509180784225,0.12878015637397766,0.18975019454956055,0.3065108358860016,0.13385693728923798
pilot_v1_00697,697,data\raw\audio\pilot_v1\pilot_v1_00697.wav,train,0.21083441376686096,0.7453977465629578,0.26900964975357056,0.47204285860061646,0.3001815378665924,0.35714009404182434,0.7126572132110596,0.276101678609848
pilot_v1_00698,698,data\raw\audio\pilot_v1\pilot_v1_00698.wav,train,0.32148411870002747,0.5397695899009705,0.5135994553565979,0.3334997892379761,0.44149893522262573,0.4575935900211334,0.5060550570487976,0.3799128532409668
pilot_v1_00699,699,data\raw\audio\pilot_v1\pilot_v1_00699.wav,train,0.8379867672920227,0.6439381241798401,0.15619534254074097,0.6453859806060791,0.21402446925640106,0.29549098014831543,0.9247279763221741,0.2157924324274063
pilot_v1_00700,700,data\raw\audio\pilot_v1\pilot_v1_00700.wav,test,0.9303431510925293,0.4669386148452759,0.353640079498291,0.713295042514801,0.18243461847305298,0.19597066938877106,0.48518460988998413,0.4251238703727722
pilot_v1_00701,701,data\raw\audio\pilot_v1\pilot_v1_00701.wav,train,0.4174872934818268,0.5798315405845642,0.7142046689987183,0.27804189920425415,0.3604796826839447,0.3838682770729065,0.8917471766471863,0.26100680232048035
pilot_v1_00702,702,data\raw\audio\pilot_v1\pilot_v1_00702.wav,train,0.05208614841103554,0.3750137686729431,0.07115408033132553,0.41653913259506226,0.293984591960907,0.45141860842704773,0.2770388126373291,0.17887979745864868
pilot_v1_00703,703,data\raw\audio\pilot_v1\pilot_v1_00703.wav,train,0.537582516670227,0.8100369572639465,0.4106127619743347,0.10458435118198395,0.07236643880605698,0.2688080668449402,0.6960783004760742,0.32112252712249756
pilot_v1_00704,704,data\raw\audio\pilot_v1\pilot_v1_00704.wav,train,0.5447313189506531,0.3233802616596222,0.09898543357849121,0.47680774331092834,0.24332597851753235,0.2236160933971405,0.7627086639404297,0.36215272545814514
pilot_v1_00705,705,data\raw\audio\pilot_v1\pilot_v1_00705.wav,validation,0.06141708791255951,0.7241618037223816,0.431414395570755,0.04503389075398445,0.41531020402908325,0.4115245044231415,0.3563556969165802,0.15427696704864502
pilot_v1_00706,706,data\raw\audio\pilot_v1\pilot_v1_00706.wav,validation,0.40644749999046326,0.5185403227806091,0.37580734491348267,0.6550260186195374,0.3302673101425171,0.4236983358860016,0.9748566150665283,0.24732019007205963
pilot_v1_00707,707,data\raw\audio\pilot_v1\pilot_v1_00707.wav,train,0.9249032139778137,0.6656708717346191,0.743404746055603,0.33409932255744934,0.10180716216564178,0.241098552942276,0.5560302138328552,0.4333202838897705
pilot_v1_00708,708,data\raw\audio\pilot_v1\pilot_v1_00708.wav,train,0.8297547101974487,0.45376133918762207,0.5412355065345764,0.2731024920940399,0.09543322026729584,0.1627562940120697,0.8414807915687561,0.20212996006011963
pilot_v1_00709,709,data\raw\audio\pilot_v1\pilot_v1_00709.wav,train,0.31494590640068054,0.5924382209777832,0.1768016666173935,0.7050365209579468,0.27405500411987305,0.33015677332878113,0.435542494058609,0.38812801241874695
pilot_v1_00710,710,data\raw\audio\pilot_v1\pilot_v1_00710.wav,train,0.21517546474933624,0.38761770725250244,0.6339448690414429,0.09499861299991608,0.3843246102333069,0.4845982491970062,0.6457434296607971,0.31710806488990784
pilot_v1_00711,711,data\raw\audio\pilot_v1\pilot_v1_00711.wav,train,0.7026247978210449,0.7968623638153076,0.2984050512313843,0.4158566892147064,0.16172687709331512,0.32250624895095825,0.2272820621728897,0.10923568904399872
pilot_v1_00712,712,data\raw\audio\pilot_v1\pilot_v1_00712.wav,train,0.6791927814483643,0.564232349395752,0.6717791557312012,0.6864741444587708,0.4288506507873535,0.2596868574619293,0.8563551902770996,0.219146266579628
pilot_v1_00713,713,data\raw\audio\pilot_v1\pilot_v1_00713.wav,train,0.16047769784927368,0.6898117661476135,0.21046994626522064,0.21036536991596222,0.20000037550926208,0.4489627182483673,0.46270912885665894,0.3832239806652069
pilot_v1_00714,714,data\raw\audio\pilot_v1\pilot_v1_00714.wav,train,0.3071426749229431,0.3465053141117096,0.5534045696258545,0.44242939352989197,0.14151987433433533,0.3876502215862274,0.656027615070343,0.27958378195762634
pilot_v1_00715,715,data\raw\audio\pilot_v1\pilot_v1_00715.wav,train,0.790685772895813,0.7687044143676758,0.114739328622818,0.17169669270515442,0.3138944208621979,0.20368294417858124,0.274859219789505,0.13738174736499786
pilot_v1_00716,716,data\raw\audio\pilot_v1\pilot_v1_00716.wav,train,0.9483466744422913,0.4193451404571533,0.3137545883655548,0.06345828622579575,0.2826150059700012,0.2986316978931427,0.7355416417121887,0.32169926166534424
pilot_v1_00717,717,data\raw\audio\pilot_v1\pilot_v1_00717.wav,train,0.4611262083053589,0.8328188061714172,0.7555581331253052,0.5396814942359924,0.06040838733315468,0.4646652936935425,0.34148165583610535,0.17949925363063812
pilot_v1_00718,718,data\raw\audio\pilot_v1\pilot_v1_00718.wav,validation,0.06923937797546387,0.4908515214920044,0.011035488918423653,0.307571679353714,0.19411537051200867,0.3487454950809479,0.9272798895835876,0.2617972493171692
pilot_v1_00719,719,data\raw\audio\pilot_v1\pilot_v1_00719.wav,train,0.5837888121604919,0.6251636147499084,0.4692574739456177,0.5782815217971802,0.37234625220298767,0.18802031874656677,0.5457456111907959,0.4258715808391571
pilot_v1_00720,720,data\raw\audio\pilot_v1\pilot_v1_00720.wav,test,0.5993967056274414,0.47322016954421997,0.2385510504245758,0.12508010864257812,0.11801981925964355,0.4737820327281952,0.3817351460456848,0.26546764373779297
pilot_v1_00721,721,data\raw\audio\pilot_v1\pilot_v1_00721.wav,train,0.11609713733196259,0.6419724822044373,0.6811469197273254,0.39604198932647705,0.3406171202659607,0.2898153066635132,0.7882569432258606,0.4076746702194214
pilot_v1_00722,722,data\raw\audio\pilot_v1\pilot_v1_00722.wav,train,0.47676828503608704,0.4374483823776245,0.13663151860237122,0.2575005888938904,0.405347615480423,0.1735536903142929,0.5805042386054993,0.3371693193912506
pilot_v1_00723,723,data\raw\audio\pilot_v1\pilot_v1_00723.wav,test,0.9952389001846313,0.8166122436523438,0.5940589308738708,0.7338377833366394,0.22672607004642487,0.3628288507461548,0.9995525479316711,0.17308664321899414
pilot_v1_00724,724,data\raw\audio\pilot_v1\pilot_v1_00724.wav,train,0.7750741839408875,0.3640504777431488,0.7962033152580261,0.62486732006073,0.17051464319229126,0.4348772168159485,0.41075068712234497,0.2914624810218811
pilot_v1_00725,725,data\raw\audio\pilot_v1\pilot_v1_00725.wav,train,0.2602809965610504,0.7519481182098389,0.33566203713417053,0.3540198802947998,0.39897435903549194,0.2741527855396271,0.8169073462486267,0.12738309800624847
pilot_v1_00726,726,data\raw\audio\pilot_v1\pilot_v1_00726.wav,train,0.1448393017053604,0.5460765361785889,0.478591650724411,0.492515504360199,0.25901734828948975,0.21249845623970032,0.20182974636554718,0.22093959152698517
pilot_v1_00727,727,data\raw\audio\pilot_v1\pilot_v1_00727.wav,train,0.6323044896125793,0.7061044573783875,0.03915625810623169,0.01615542732179165,0.08703337609767914,0.3785315155982971,0.6204633116722107,0.3631446659564972
pilot_v1_00728,728,data\raw\audio\pilot_v1\pilot_v1_00728.wav,train,0.7494826912879944,0.37033897638320923,0.4156600832939148,0.28748366236686707,0.30354151129722595,0.33756574988365173,0.4882594645023346,0.29907670617103577
pilot_v1_00729,729,data\raw\audio\pilot_v1\pilot_v1_00729.wav,validation,0.23078322410583496,0.8138892650604248,0.05199335515499115,0.6086391806602478,0.1253102868795395,0.1549665778875351,0.8817325830459595,0.11308231949806213
pilot_v1_00730,730,data\raw\audio\pilot_v1\pilot_v1_00730.wav,train,0.3618379831314087,0.4716465473175049,0.7091323733329773,0.09216643124818802,0.21660318970680237,0.30974987149238586,0.2995529770851135,0.1955517828464508
pilot_v1_00731,731,data\raw\audio\pilot_v1\pilot_v1_00731.wav,train,0.8453969359397888,0.5758790373802185,0.372821569442749,0.5241698026657104,0.4388103187084198,0.4976574778556824,0.680503785610199,0.4034218490123749
pilot_v1_00732,732,data\raw\audio\pilot_v1\pilot_v1_00732.wav,validation,0.8780416250228882,0.5359009504318237,0.1737823188304901,0.4624401926994324,0.35769954323768616,0.39846566319465637,0.3169095814228058,0.23749776184558868
pilot_v1_00733,733,data\raw\audio\pilot_v1\pilot_v1_00733.wav,test,0.39083582162857056,0.6485955715179443,0.5070028305053711,0.1414448618888855,0.18532463908195496,0.2363743782043457,0.7107484936714172,0.4453645348548889
pilot_v1_00734,734,data\raw\audio\pilot_v1\pilot_v1_00734.wav,train,0.014528689906001091,0.3055434823036194,0.25140380859375,0.6578718423843384,0.06880504637956619,0.2488899677991867,0.5204642415046692,0.3418971598148346
pilot_v1_00735,735,data\raw\audio\pilot_v1\pilot_v1_00735.wav,test,0.5290930271148682,0.7406390309333801,0.6182057857513428,0.2257998287677765,0.29765585064888,0.4162898659706116,0.9018288850784302,0.15590475499629974
pilot_v1_00736,736,data\raw\audio\pilot_v1\pilot_v1_00736.wav,train,0.5091806054115295,0.5140042304992676,0.5638891458511353,0.0007910700514912605,0.15567192435264587,0.49254074692726135,0.5909367799758911,0.11903443932533264
pilot_v1_00737,737,data\raw\audio\pilot_v1\pilot_v1_00737.wav,train,0.02568325772881508,0.6697288751602173,0.10566827654838562,0.5093318223953247,0.3778786361217499,0.30326560139656067,0.9843775629997253,0.304916650056839
pilot_v1_00738,738,data\raw\audio\pilot_v1\pilot_v1_00738.wav,train,0.3794991672039032,0.32741275429725647,0.6613165140151978,0.366394579410553,0.2676098048686981,0.16010341048240662,0.39683669805526733,0.3974699079990387
pilot_v1_00739,739,data\raw\audio\pilot_v1\pilot_v1_00739.wav,train,0.8981379866600037,0.7196008563041687,0.2195141315460205,0.6110120415687561,0.08937902003526688,0.34407010674476624,0.7778001427650452,0.18971198797225952
pilot_v1_00740,740,data\raw\audio\pilot_v1\pilot_v1_00740.wav,train,0.8642714023590088,0.4008064568042755,0.02166961319744587,0.749233603477478,0.10786155611276627,0.4207433760166168,0.21345855295658112,0.44026678800582886
pilot_v1_00741,741,data\raw\audio\pilot_v1\pilot_v1_00741.wav,train,0.3497677743434906,0.7842691540718079,0.46033594012260437,0.24062415957450867,0.33671194314956665,0.2547103762626648,0.6073147654533386,0.2325122356414795
pilot_v1_00742,742,data\raw\audio\pilot_v1\pilot_v1_00742.wav,train,0.24315783381462097,0.4411436915397644,0.303148478269577,0.3835156559944153,0.4217556416988373,0.2319408506155014,0.42397233843803406,0.1610022932291031
pilot_v1_00743,743,data\raw\audio\pilot_v1\pilot_v1_00743.wav,validation,0.7303019762039185,0.6056010723114014,0.7644588947296143,0.1390584111213684,0.24938112497329712,0.392665296792984,0.805303156375885,0.34688255190849304
pilot_v1_00744,744,data\raw\audio\pilot_v1\pilot_v1_00744.wav,train,0.6443747282028198,0.34195250272750854,0.3910771310329437,0.21336369216442108,0.3662913143634796,0.3679455816745758,0.2843751907348633,0.4137229025363922
pilot_v1_00745,745,data\raw\audio\pilot_v1\pilot_v1_00745.wav,train,0.12596482038497925,0.7727450132369995,0.7266188263893127,0.6717570424079895,0.18766941130161285,0.1800379604101181,0.69093918800354,0.27155327796936035
pilot_v1_00746,746,data\raw\audio\pilot_v1\pilot_v1_00746.wav,train,0.27946168184280396,0.5682817101478577,0.08373762667179108,0.1567506641149521,0.05396318808197975,0.28467848896980286,0.47779950499534607,0.16703855991363525
pilot_v1_00747,747,data\raw\audio\pilot_v1\pilot_v1_00747.wav,train,0.7626996040344238,0.6852669715881348,0.4481734037399292,0.4456566870212555,0.27656081318855286,0.4672776758670807,0.8968373537063599,0.33108386397361755
pilot_v1_00748,748,data\raw\audio\pilot_v1\pilot_v1_00748.wav,train,0.9840843081474304,0.504023015499115,0.649168848991394,0.5366373658180237,0.31994882225990295,0.3740779459476471,0.5073127150535583,0.12253106385469437
pilot_v1_00749,749,data\raw\audio\pilot_v1\pilot_v1_00749.wav,train,0.49668073654174805,0.6125546097755432,0.2815733551979065,0.07822112739086151,0.1479645073413849,0.20667804777622223,0.9134605526924133,0.28657305240631104
pilot_v1_00750,750,data\raw\audio\pilot_v1\pilot_v1_00750.wav,train,0.0960007831454277,0.4067438244819641,0.5260395407676697,0.5931817293167114,0.20644576847553253,0.2785862684249878,0.30530211329460144,0.36799654364585876
pilot_v1_00751,751,data\raw\audio\pilot_v1\pilot_v1_00751.wav,train,0.6107333302497864,0.8459994196891785,0.19361256062984467,0.30439019203186035,0.4349058270454407,0.44067755341529846,0.7239733934402466,0.2258288711309433
pilot_v1_00752,752,data\raw\audio\pilot_v1\pilot_v1_00752.wav,train,0.5638450384140015,0.42429330945014954,0.7235743403434753,0.3990403711795807,0.08058815449476242,0.19854481518268585,0.9599504470825195,0.37799835205078125
pilot_v1_00753,753,data\raw\audio\pilot_v1\pilot_v1_00753.wav,validation,0.08036235719919205,0.8292388319969177,0.356770396232605,0.11036298424005508,0.2529631555080414,0.38114458322525024,0.5662916302680969,0.21394731104373932
pilot_v1_00754,754,data\raw\audio\pilot_v1\pilot_v1_00754.wav,train,0.44981899857521057,0.4858715534210205,0.4012446105480194,0.7188917994499207,0.3929193913936615,0.45407819747924805,0.7524714469909668,0.14260753989219666
pilot_v1_00755,755,data\raw\audio\pilot_v1\pilot_v1_00755.wav,train,0.9684727191925049,0.6288430094718933,0.06802225112915039,0.26072782278060913,0.16406865417957306,0.26616981625556946,0.37133532762527466,0.28478288650512695
pilot_v1_00756,756,data\raw\audio\pilot_v1\pilot_v1_00756.wav,test,0.8095918297767639,0.5506463050842285,0.26589155197143555,0.35097575187683105,0.2331714779138565,0.192452535033226,0.6327171325683594,0.18523766100406647
pilot_v1_00757,757,data\raw\audio\pilot_v1\pilot_v1_00757.wav,validation,0.2951038181781769,0.7020799517631531,0.6022003889083862,0.6396301984786987,0.41140279173851013,0.3545445501804352,0.23869098722934723,0.3274109661579132
pilot_v1_00758,758,data\raw\audio\pilot_v1\pilot_v1_00758.wav,train,0.17282262444496155,0.360051691532135,0.15931497514247894,0.03105560503900051,0.34667152166366577,0.46021053194999695,0.8300473093986511,0.4201330244541168
pilot_v1_00759,759,data\raw\audio\pilot_v1\pilot_v1_00759.wav,train,0.6599826216697693,0.7565425038337708,0.5229798555374146,0.4893340468406677,0.1244644820690155,0.29280999302864075,0.4484958052635193,0.2560853660106659
pilot_v1_00760,760,data\raw\audio\pilot_v1\pilot_v1_00760.wav,train,0.7146636843681335,0.45850837230682373,0.1464836597442627,0.5643962621688843,0.2912106215953827,0.2462366670370102,0.6662923097610474,0.14895519614219666
pilot_v1_00761,761,data\raw\audio\pilot_v1\pilot_v1_00761.wav,train,0.19626940786838531,0.5885217189788818,0.5859178304672241,0.3200077712535858,0.06275081634521484,0.43020397424697876,0.2599497437477112,0.3567081391811371
pilot_v1_00762,762,data\raw\audio\pilot_v1\pilot_v1_00762.wav,train,0.3341560363769531,0.3829737603664398,0.22872544825077057,0.5564649701118469,0.17926965653896332,0.40640905499458313,0.8713377118110657,0.4386422038078308
pilot_v1_00763,763,data\raw\audio\pilot_v1\pilot_v1_00763.wav,train,0.8174098134040833,0.8007423281669617,0.6892656683921814,0.048152483999729156,0.35125353932380676,0.21713314950466156,0.4524690508842468,0.2527649402618408
pilot_v1_00764,764,data\raw\audio\pilot_v1\pilot_v1_00764.wav,train,0.9137802124023438,0.31012970209121704,0.48829424381256104,0.18564197421073914,0.44525575637817383,0.3180740177631378,0.9386919736862183,0.3936207592487335
pilot_v1_00765,765,data\raw\audio\pilot_v1\pilot_v1_00765.wav,train,0.4263913035392761,0.7366321086883545,0.03086567111313343,0.42996183037757874,0.22265835106372833,0.4787992238998413,0.5327160358428955,0.2077455371618271
pilot_v1_00766,766,data\raw\audio\pilot_v1\pilot_v1_00766.wav,train,0.041291046887636185,0.5318850874900818,0.7865211367607117,0.19345882534980774,0.13136468827724457,0.3346116244792938,0.7484977841377258,0.10374277830123901
pilot_v1_00767,767,data\raw\audio\pilot_v1\pilot_v1_00767.wav,train,0.556038498878479,0.6531740427017212,0.3439241647720337,0.7019315958023071,0.3099861443042755,0.16857799887657166,0.33004528284072876,0.31149232387542725
pilot_v1_00768,768,data\raw\audio\pilot_v1\pilot_v1_00768.wav,train,0.5581010580062866,0.5301576852798462,0.10353807359933853,0.1403937041759491,0.4235501289367676,0.4293690025806427,0.6174541711807251,0.424394816160202
pilot_v1_00769,769,data\raw\audio\pilot_v1\pilot_v1_00769.wav,validation,0.03938598930835724,0.6537933945655823,0.5640656352043152,0.3821960985660553,0.24592652916908264,0.24676986038684845,0.21108892560005188,0.2603471279144287
pilot_v1_00770,770,data\raw\audio\pilot_v1\pilot_v1_00770.wav,train,0.42823442816734314,0.30961188673973083,0.22127792239189148,0.24241869151592255,0.11243925243616104,0.2180081307888031,0.8201239705085754,0.17824149131774902
pilot_v1_00771,771,data\raw\audio\pilot_v1\pilot_v1_00771.wav,test,0.9117774963378906,0.7381903529167175,0.6607239842414856,0.7474576830863953,0.33359912037849426,0.40591585636138916,0.4012841284275055,0.32041484117507935
pilot_v1_00772,772,data\raw\audio\pilot_v1\pilot_v1_00772.wav,train,0.8194424510002136,0.38231661915779114,0.4617091417312622,0.6096023321151733,0.265205055475235,0.4792913794517517,0.9898782968521118,0.13319745659828186
pilot_v1_00773,773,data\raw\audio\pilot_v1\pilot_v1_00773.wav,train,0.33222195506095886,0.802440345287323,0.01912393793463707,0.3678228557109833,0.09344390779733658,0.3172000050544739,0.5839284658432007,0.27537277340888977
pilot_v1_00774,774,data\raw\audio\pilot_v1\pilot_v1_00774.wav,train,0.1981435865163803,0.45691239833831787,0.7635005116462708,0.5076460242271423,0.15214413404464722,0.1680457890033722,0.7973573207855225,0.37920528650283813
pilot_v1_00775,775,data\raw\audio\pilot_v1\pilot_v1_00775.wav,train,0.7126930356025696,0.5890101790428162,0.3060593903064728,0.0024925803299993277,0.37994155287742615,0.3354455828666687,0.37888476252555847,0.21515430510044098
pilot_v1_00776,776,data\raw\audio\pilot_v1\pilot_v1_00776.wav,train,0.6580143570899963,0.3585270941257477,0.7264291644096375,0.3031634986400604,0.2107304036617279,0.38201895356178284,0.9110878705978394,0.10802590101957321
pilot_v1_00777,777,data\raw\audio\pilot_v1\pilot_v1_00777.wav,validation,0.17470014095306396,0.7569596171379089,0.39321935176849365,0.5944270491600037,0.43228137493133545,0.1980523318052292,0.5174552202224731,0.31577548384666443
pilot_v1_00778,778,data\raw\audio\pilot_v1\pilot_v1_00778.wav,train,0.2931644916534424,0.5500605702400208,0.4487771689891815,0.07671836763620377,0.3222315013408661,0.2653355300426483,0.7012820839881897,0.3866032660007477
pilot_v1_00779,779,data\raw\audio\pilot_v1\pilot_v1_00779.wav,validation,0.8116201758384705,0.7037065625190735,0.08196143805980682,0.5381558537483215,0.14421701431274414,0.45461079478263855,0.3201259970664978,0.20072799921035767
pilot_v1_00780,780,data\raw\audio\pilot_v1\pilot_v1_00780.wav,test,0.966475248336792,0.4854166507720947,0.2841302752494812,0.44680896401405334,0.05072825774550438,0.3540116548538208,0.6839278340339661,0.4292534589767456
pilot_v1_00781,781,data\raw\audio\pilot_v1\pilot_v1_00781.wav,train,0.4516664147377014,0.6303383111953735,0.6477832794189453,0.15561412274837494,0.2781355381011963,0.19328714907169342,0.2898789644241333,0.243376225233078
pilot_v1_00782,782,data\raw\audio\pilot_v1\pilot_v1_00782.wav,train,0.07845491170883179,0.42262887954711914,0.19068847596645355,0.6733685731887817,0.36339816451072693,0.29330283403396606,0.8788824081420898,0.15014082193374634
pilot_v1_00783,783,data\raw\audio\pilot_v1\pilot_v1_00783.wav,test,0.5659042596817017,0.8297951817512512,0.5270099639892578,0.21177080273628235,0.19202736020088196,0.4593358039855957,0.49735966324806213,0.357893705368042
pilot_v1_00784,784,data\raw\audio\pilot_v1\pilot_v1_00784.wav,train,0.6127659678459167,0.4060906767845154,0.35892561078071594,0.49102553725242615,0.3486368954181671,0.17920300364494324,0.23637016117572784,0.1601371318101883
pilot_v1_00785,785,data\raw\audio\pilot_v1\pilot_v1_00785.wav,train,0.09406651556491852,0.8476929664611816,0.7233731746673584,0.029359808191657066,0.1208389401435852,0.36847880482673645,0.6429053544998169,0.34601736068725586
pilot_v1_00786,786,data\raw\audio\pilot_v1\pilot_v1_00786.wav,train,0.4985547363758087,0.5024309754371643,0.06628338247537613,0.6410456299781799,0.2371387928724289,0.4681526720523834,0.4258563816547394,0.4493350684642792
pilot_v1_00787,787,data\raw\audio\pilot_v1\pilot_v1_00787.wav,test,0.9821136593818665,0.6130385994911194,0.40181252360343933,0.3495531380176544,0.40890029072761536,0.2841853201389313,0.8449169397354126,0.2415805459022522
pilot_v1_00788,788,data\raw\audio\pilot_v1\pilot_v1_00788.wav,train,0.7647624015808105,0.5665504336357117,0.6008521914482117,0.2589389979839325,0.38990429043769836,0.20717020332813263,0.5592344999313354,0.4048078656196594
pilot_v1_00789,789,data\raw\audio\pilot_v1\pilot_v1_00789.wav,train,0.27755656838417053,0.6858907341957092,0.2684125304222107,0.7206734418869019,0.16874392330646515,0.37320393323898315,0.9654023051261902,0.19704993069171906
pilot_v1_00790,790,data\raw\audio\pilot_v1\pilot_v1_00790.wav,train,0.12780790030956268,0.34143075346946716,0.5239631533622742,0.10903339087963104,0.0772312805056572,0.4401453137397766,0.35333460569381714,0.11443083733320236
pilot_v1_00791,791,data\raw\audio\pilot_v1\pilot_v1_00791.wav,train,0.6423722505569458,0.7743076682090759,0.15637949109077454,0.4003656506538391,0.2548551857471466,0.27942022681236267,0.7719797492027283,0.3003131151199341
pilot_v1_00792,792,data\raw\audio\pilot_v1\pilot_v1_00792.wav,train,0.7283047437667847,0.4406932592391968,0.5861318111419678,0.7003257870674133,0.135820209980011,0.3041399419307709,0.5429073572158813,0.36715269088745117
pilot_v1_00793,793,data\raw\audio\pilot_v1\pilot_v1_00793.wav,train,0.24500519037246704,0.6070924401283264,0.14431755244731903,0.1950574517250061,0.30719077587127686,0.4920482337474823,0.9363681674003601,0.2249850630760193
pilot_v1_00794,794,data\raw\audio\pilot_v1\pilot_v1_00794.wav,validation,0.34786027669906616,0.3991464674472809,0.6886860728263855,0.4288152754306793,0.4469280540943146,0.3432357907295227,0.34491798281669617,0.1315780133008957
pilot_v1_00795,795,data\raw\audio\pilot_v1\pilot_v1_00795.wav,train,0.8663308620452881,0.784821629524231,0.23047785460948944,0.18678425252437592,0.2195211946964264,0.16063594818115234,0.7258553504943848,0.29561999440193176
pilot_v1_00796,796,data\raw\audio\pilot_v1\pilot_v1_00796.wav,train,0.8961697220802307,0.3258835971355438,0.02833303064107895,0.049660976976156235,0.17542441189289093,0.2541774809360504,0.26540473103523254,0.17439787089824677
pilot_v1_00797,797,data\raw\audio\pilot_v1\pilot_v1_00797.wav,train,0.3813765048980713,0.7200219035148621,0.489656001329422,0.5549522042274475,0.35343867540359497,0.421578049659729,0.6592321395874023,0.33844318985939026
pilot_v1_00798,798,data\raw\audio\pilot_v1\pilot_v1_00798.wav,train,0.023743750527501106,0.5134139657020569,0.3468724191188812,0.3212401866912842,0.2884884178638458,0.3931581377983093,0.47198042273521423,0.40909796953201294
pilot_v1_00799,799,data\raw\audio\pilot_v1\pilot_v1_00799.wav,validation,0.5112089514732361,0.6713595390319824,0.7855269908905029,0.5631567239761353,0.0669378936290741,0.23106618225574493,0.8533339500427246,0.2669283151626587
pilot_v1_00800,800,data\raw\audio\pilot_v1\pilot_v1_00800.wav,train,0.5310914516448975,0.3050594925880432,0.4343380630016327,0.4143539369106293,0.38599693775177,0.15413162112236023,0.43941983580589294,0.23000793159008026
pilot_v1_00801,801,data\raw\audio\pilot_v1\pilot_v1_00801.wav,validation,0.012681566178798676,0.742231011390686,0.09801548719406128,0.09651710093021393,0.15858973562717438,0.3380989730358124,0.8328732252120972,0.3722129464149475
pilot_v1_00802,802,data\raw\audio\pilot_v1\pilot_v1_00802.wav,train,0.3927449882030487,0.5342074632644653,0.7408474683761597,0.703809916973114,0.09988874942064285,0.49853256344795227,0.24834077060222626,0.2905972898006439
pilot_v1_00803,803,data\raw\audio\pilot_v1\pilot_v1_00803.wav,train,0.8759828805923462,0.6492487192153931,0.37719330191612244,0.274347722530365,0.2712596654891968,0.3092567026615143,0.6293172836303711,0.12651795148849487
pilot_v1_00804,804,data\raw\audio\pilot_v1\pilot_v1_00804.wav,test,0.8473635315895081,0.4700838327407837,0.17619749903678894,0.3357107639312744,0.32754507660865784,0.2368665188550949,0.3680943250656128,0.3325657844543457
pilot_v1_00805,805,data\raw\audio\pilot_v1\pilot_v1_00805.wav,train,0.3599599301815033,0.5764007568359375,0.5430121421813965,0.6534332036972046,0.10599420964717865,0.39759162068367004,0.7619624733924866,0.16848304867744446
pilot_v1_00806,806,data\raw\audio\pilot_v1\pilot_v1_00806.wav,train,0.23272153735160828,0.36971524357795715,0.2985943853855133,0.046186160296201706,0.23948070406913757,0.4157576262950897,0.5693252086639404,0.2728055715560913
pilot_v1_00807,807,data\raw\audio\pilot_v1\pilot_v1_00807.wav,train,0.7474541068077087,0.8156205415725708,0.6318029761314392,0.4756712317466736,0.4174953103065491,0.2497239112854004,0.9506668448448181,0.4150126278400421
pilot_v1_00808,808,data\raw\audio\pilot_v1\pilot_v1_00808.wav,train,0.6302725672721863,0.5455240607261658,0.21142864227294922,0.5800761580467224,0.19808273017406464,0.2906896471977234,0.33287110924720764,0.3509441018104553
pilot_v1_00809,809,data\raw\audio\pilot_v1\pilot_v1_00809.wav,train,0.1467752307653427,0.7077645063400269,0.6688678860664368,0.3057956397533417,0.3698437809944153,0.47328951954841614,0.7394220232963562,0.16495171189308167
pilot_v1_00810,810,data\raw\audio\pilot_v1\pilot_v1_00810.wav,train,0.25840723514556885,0.36255908012390137,0.11336653679609299,0.5410169363021851,0.28458040952682495,0.36199453473091125,0.5293164849281311,0.23665396869182587
pilot_v1_00811,811,data\raw\audio\pilot_v1\pilot_v1_00811.wav,train,0.7770460247993469,0.7523985505104065,0.5559498071670532,0.06213855743408203,0.056782860308885574,0.17408624291419983,0.9483416080474854,0.4445207417011261
pilot_v1_00812,812,data\raw\audio\pilot_v1\pilot_v1_00812.wav,train,0.9931758642196655,0.43581774830818176,0.7537946701049805,0.1700107455253601,0.1381629854440689,0.2736198902130127,0.4619598388671875,0.19092683494091034
pilot_v1_00813,813,data\raw\audio\pilot_v1\pilot_v1_00813.wav,train,0.47867220640182495,0.8172025084495544,0.3143467307090759,0.444131076335907,0.3157864809036255,0.43571189045906067,0.8680968880653381,0.3987969160079956
pilot_v1_00814,814,data\raw\audio\pilot_v1\pilot_v1_00814.wav,train,0.11425334960222244,0.47279906272888184,0.4713880717754364,0.2089555561542511,0.42583560943603516,0.37902435660362244,0.2506663501262665,0.30643603205680847
pilot_v1_00815,815,data\raw\audio\pilot_v1\pilot_v1_00815.wav,train,0.6013975143432617,0.6435015797615051,0.010858548805117607,0.687902569770813,0.2046756148338318,0.21162377297878265,0.6693257093429565,0.12044161558151245
pilot_v1_00816,816,data\raw\audio\pilot_v1\pilot_v1_00816.wav,train,0.5857554078102112,0.4892932176589966,0.6781982779502869,0.015008889138698578,0.2613000273704529,0.44812774658203125,0.8083486557006836,0.310111939907074
pilot_v1_00817,817,data\raw\audio\pilot_v1\pilot_v1_00817.wav,train,0.06736113876104355,0.6256815195083618,0.23954567313194275,0.4936577379703522,0.0832858607172966,0.26022008061408997,0.41467681527137756,0.10223951190710068
pilot_v1_00818,818,data\raw\audio\pilot_v1\pilot_v1_00818.wav,train,0.4630643427371979,0.41872575879096985,0.5965912342071533,0.35241416096687317,0.17479926347732544,0.20455795526504517,0.6040860414505005,0.20639172196388245
pilot_v1_00819,819,data\raw\audio\pilot_v1\pilot_v1_00819.wav,train,0.9463180899620056,0.8345462083816528,0.1352701187133789,0.626465916633606,0.3963499069213867,0.38715705275535583,0.22293725609779358,0.39238980412483215
pilot_v1_00820,820,data\raw\audio\pilot_v1\pilot_v1_00820.wav,train,0.7926844358444214,0.3460168242454529,0.3362411558628082,0.7350701093673706,0.40245452523231506,0.46515747904777527,0.7874618768692017,0.2485271692276001
pilot_v1_00821,821,data\raw\audio\pilot_v1\pilot_v1_00821.wav,train,0.30529549717903137,0.7703004479408264,0.7944513559341431,0.25626108050346375,0.23108403384685516,0.29775768518447876,0.39342498779296875,0.43452727794647217
pilot_v1_00822,822,data\raw\audio\pilot_v1\pilot_v1_00822.wav,train,0.16238680481910706,0.5625343322753906,0.03894200176000595,0.39755043387413025,0.11478491872549057,0.1874881088733673,0.9753139019012451,0.35274261236190796
pilot_v1_00823,823,data\raw\audio\pilot_v1\pilot_v1_00823.wav,test,0.6771342754364014,0.6904688477516174,0.48075810074806213,0.1235673651099205,0.3421918749809265,0.34957948327064514,0.5937504768371582,0.14486688375473022
pilot_v1_00824,824,data\raw\audio\pilot_v1\pilot_v1_00824.wav,train,0.7005620002746582,0.38599103689193726,0.0510103702545166,0.22721536457538605,0.07338271290063858,0.4123988747596741,0.7146776914596558,0.25477972626686096
pilot_v1_00825,825,data\raw\audio\pilot_v1\pilot_v1_00825.wav,train,0.21707932651042938,0.7974480986595154,0.41859519481658936,0.6564491391181946,0.29454299807548523,0.22312362492084503,0.30834782123565674,0.41885408759117126
pilot_v1_00826,826,data\raw\audio\pilot_v1\pilot_v1_00826.wav,train,0.3131020665168762,0.4533442258834839,0.374170184135437,0.14313651621341705,0.35949400067329407,0.24026425182819366,0.9229394793510437,0.3259824216365814
pilot_v1_00827,827,data\raw\audio\pilot_v1\pilot_v1_00827.wav,train,0.8317557573318481,0.5939628481864929,0.706610918045044,0.4607442319393158,0.1818699985742569,0.4242308735847473,0.5040838718414307,0.18378238379955292
pilot_v1_00828,828,data\raw\audio\pilot_v1\pilot_v1_00828.wav,train,0.9228712916374207,0.5179839730262756,0.5087419748306274,0.5228400826454163,0.2130753993988037,0.32962387800216675,0.8934254050254822,0.28076937794685364
pilot_v1_00829,829,data\raw\audio\pilot_v1\pilot_v1_00829.wav,train,0.40838325023651123,0.6673352718353271,0.17321404814720154,0.09349187463521957,0.44087332487106323,0.1635909229516983,0.4874614179134369,0.13856737315654755
pilot_v1_00830,830,data\raw\audio\pilot_v1\pilot_v1_00830.wav,train,0.05954314023256302,0.32188504934310913,0.6160509586334229,0.606850266456604,0.3011367619037628,0.3229990601539612,0.6937530040740967,0.20975753664970398
pilot_v1_00831,831,data\raw\audio\pilot_v1\pilot_v1_00831.wav,train,0.5467031598091125,0.7246166467666626,0.25160452723503113,0.28926539421081543,0.12937518954277039,0.48372358083724976,0.27531129121780396,0.3738352358341217
pilot_v1_00832,832,data\raw\audio\pilot_v1\pilot_v1_00832.wav,train,0.5355261564254761,0.37334924936294556,0.6384151577949524,0.667405366897583,0.16117456555366516,0.35664990544319153,0.3584738075733185,0.392966628074646
pilot_v1_00833,833,data\raw\audio\pilot_v1\pilot_v1_00833.wav,train,0.053996745496988297,0.8105933666229248,0.2809983789920807,0.22945129871368408,0.3833022117614746,0.1906275451183319,0.7646432518959045,0.20701125264167786
pilot_v1_00834,834,data\raw\audio\pilot_v1\pilot_v1_00834.wav,train,0.4156387448310852,0.4664837121963501,0.5363795757293701,0.46467381715774536,0.2746257185935974,0.2960265278816223,0.554144024848938,0.10302986949682236
pilot_v1_00835,835,data\raw\audio\pilot_v1\pilot_v1_00835.wav,train,0.9323391914367676,0.5813269019126892,0.1938188374042511,0.14946943521499634,0.0964127779006958,0.4567616283893585,0.9727877378463745,0.3108595907688141
pilot_v1_00836,836,data\raw\audio\pilot_v1\pilot_v1_00836.wav,train,0.8359596133232117,0.5391837358474731,0.3963390290737152,0.08265864104032516,0.10243891179561615,0.38469991087913513,0.4371231198310852,0.14822079241275787
pilot_v1_00837,837,data\raw\audio\pilot_v1\pilot_v1_00837.wav,test,0.3234248161315918,0.6455647945404053,0.7358094453811646,0.5204982757568359,0.33121025562286377,0.19543544948101044,0.8436599373817444,0.35605382919311523
pilot_v1_00838,838,data\raw\audio\pilot_v1\pilot_v1_00838.wav,train,0.20895397663116455,0.30011606216430664,0.07884327322244644,0.28532153367996216,0.41472128033638,0.2679310441017151,0.22505447268486023,0.43800923228263855
pilot_v1_00839,839,data\raw\audio\pilot_v1\pilot_v1_00839.wav,train,0.6941607594490051,0.7458149194717407,0.43939530849456787,0.6005488038063049,0.24236463010311127,0.4519084393978119,0.6441136002540588,0.2520518898963928
pilot_v1_00840,840,data\raw\audio\pilot_v1\pilot_v1_00840.wav,validation,0.6863427758216858,0.47665101289749146,0.015993628650903702,0.5020735859870911,0.3733075261116028,0.48190826177597046,0.4646441340446472,0.18589730560779572
pilot_v1_00841,841,data\raw\audio\pilot_v1\pilot_v1_00841.wav,train,0.16990171372890472,0.6388272643089294,0.4523394703865051,0.01978524774312973,0.19470442831516266,0.3145190477371216,0.8584729433059692,0.3281400501728058
pilot_v1_00842,842,data\raw\audio\pilot_v1\pilot_v1_00842.wav,train,0.29997798800468445,0.43186476826667786,0.3091912269592285,0.6270768642425537,0.05946534126996994,0.17074811458587646,0.27278995513916016,0.42084071040153503
pilot_v1_00843,843,data\raw\audio\pilot_v1\pilot_v1_00843.wav,train,0.7812785506248474,0.8219107389450073,0.7728686928749084,0.3620656728744507,0.281983345746994,0.33285006880760193,0.6541418433189392,0.25672364234924316
pilot_v1_00844,844,data\raw\audio\pilot_v1\pilot_v1_00844.wav,train,0.94014573097229,0.36721721291542053,0.5734475255012512,0.24801404774188995,0.31291475892066956,0.43202856183052063,0.3436604142189026,0.3787272274494171
pilot_v1_00845,845,data\raw\audio\pilot_v1\pilot_v1_00845.wav,train,0.45471009612083435,0.7485293745994568,0.10665618628263474,0.7301421761512756,0.14094923436641693,0.2441316395998001,0.737122654914856,0.21460683643817902
pilot_v1_00846,846,data\raw\audio\pilot_v1\pilot_v1_00846.wav,train,0.07742448151111603,0.5407659411430359,0.6513436436653137,0.12289632856845856,0.201022669672966,0.22058230638504028,0.544116199016571,0.14324568212032318
pilot_v1_00847,847,data\raw\audio\pilot_v1\pilot_v1_00847.wav,train,0.5902186632156372,0.7116665244102478,0.2181582897901535,0.38797613978385925,0.42940306663513184,0.4031921625137329,0.9250519275665283,0.28549039363861084
pilot_v1_00848,848,data\raw\audio\pilot_v1\pilot_v1_00848.wav,train,0.6058608889579773,0.5586656928062439,0.4990241527557373,0.3156677186489105,0.08605992794036865,0.2568798065185547,0.789068877696991,0.12316402047872543
pilot_v1_00849,849,data\raw\audio\pilot_v1\pilot_v1_00849.wav,train,0.12431657314300537,0.6951264142990112,0.03146486356854439,0.5804494023323059,0.2584161162376404,0.41898253560066223,0.38312044739723206,0.28728607296943665
pilot_v1_00850,850,data\raw\audio\pilot_v1\pilot_v1_00850.wav,test,0.4703178405761719,0.34991949796676636,0.7761573195457458,0.06713548302650452,0.3999052047729492,0.3957750201225281,0.998117983341217,0.36873093247413635
pilot_v1_00851,851,data\raw\audio\pilot_v1\pilot_v1_00851.wav,train,0.9870036244392395,0.7655417323112488,0.34374210238456726,0.5491949915885925,0.1711340993642807,0.22838522493839264,0.5796438455581665,0.22648321092128754
pilot_v1_00852,852,data\raw\audio\pilot_v1\pilot_v1_00852.wav,train,0.7656402587890625,0.41405096650123596,0.14119790494441986,0.43441063165664673,0.22771792113780975,0.30671411752700806,0.8182560801506042,0.41443580389022827
pilot_v1_00853,853,data\raw\audio\pilot_v1\pilot_v1_00853.wav,train,0.2530896067619324,0.8383986353874207,0.5767514109611511,0.1694687306880951,0.40593045949935913,0.48932453989982605,0.41189226508140564,0.2721860408782959
pilot_v1_00854,854,data\raw\audio\pilot_v1\pilot_v1_00854.wav,train,0.15429002046585083,0.49400103092193604,0.23359595239162445,0.682828426361084,0.33960703015327454,0.3458954095840454,0.6193709969520569,0.16769269108772278
pilot_v1_00855,855,data\raw\audio\pilot_v1\pilot_v1_00855.wav,train,0.6394811868667603,0.6217289566993713,0.6980679631233215,0.20083752274513245,0.11747962236404419,0.15799769759178162,0.20052951574325562,0.3318181335926056
pilot_v1_00856,856,data\raw\audio\pilot_v1\pilot_v1_00856.wav,train,0.7410529851913452,0.31820055842399597,0.27154290676116943,0.1030702143907547,0.2981959879398346,0.20989389717578888,0.8831182718276978,0.4396286904811859
pilot_v1_00857,857,data\raw\audio\pilot_v1\pilot_v1_00857.wav,train,0.2245960682630539,0.7295935153961182,0.6102218627929688,0.41804617643356323,0.06981522589921951,0.37062975764274597,0.4890710413455963,0.23180469870567322
pilot_v1_00858,858,data\raw\audio\pilot_v1\pilot_v1_00858.wav,train,0.3702825605869293,0.5215672850608826,0.15324759483337402,0.2768038809299469,0.18474170565605164,0.4427835941314697,0.6796429753303528,0.16027338802814484
pilot_v1_00859,859,data\raw\audio\pilot_v1\pilot_v1_00859.wav,train,0.8515675067901611,0.6623924374580383,0.5145950317382812,0.7145287990570068,0.35670775175094604,0.27676060795783997,0.29811885952949524,0.34622305631637573
pilot_v1_00860,860,data\raw\audio\pilot_v1\pilot_v1_00860.wav,train,0.8854508996009827,0.4483175277709961,0.7139913439750671,0.6469859480857849,0.4381907880306244,0.18179851770401,0.7118896842002869,0.11832670122385025
pilot_v1_00861,861,data\raw\audio\pilot_v1\pilot_v1_00861.wav,train,0.40000036358833313,0.5975964069366455,0.35580745339393616,0.3318955600261688,0.21567246317863464,0.3657764792442322,0.3182586431503296,0.3042784035205841
pilot_v1_00862,862,data\raw\audio\pilot_v1\pilot_v1_00862.wav,train,0.007135051302611828,0.39091765880584717,0.4111928641796112,0.47318363189697266,0.1259114295244217,0.4708336591720581,0.9005290269851685,0.39681026339530945
pilot_v1_00863,863,data\raw\audio\pilot_v1\pilot_v1_00863.wav,train,0.5199145674705505,0.7938475012779236,0.06940307468175888,0.035481587052345276,0.3045150637626648,0.2815684378147125,0.519371509552002,0.18898288905620575
pilot_v1_00864,864,data\raw\audio\pilot_v1\pilot_v1_00864.wav,train,0.5007641315460205,0.46192246675491333,0.3237285912036896,0.19129668176174164,0.24881042540073395,0.2709389328956604,0.9867027997970581,0.2368595004081726
pilot_v1_00865,865,data\raw\audio\pilot_v1\pilot_v1_00865.wav,train,0.01941782981157303,0.5853596925735474,0.7569128274917603,0.6938412189483643,0.4207760691642761,0.4383287727832794,0.5926643013954163,0.4446568191051483
pilot_v1_00866,866,data\raw\audio\pilot_v1\pilot_v1_00866.wav,validation,0.38789981603622437,0.3774069547653198,0.001478239893913269,0.1761341542005539,0.3372642695903778,0.3764288127422333,0.7761218547821045,0.341168075799942
pilot_v1_00867,867,data\raw\audio\pilot_v1\pilot_v1_00867.wav,train,0.9044171571731567,0.8060576319694519,0.46826839447021484,0.426290363073349,0.10888392478227615,0.21432609856128693,0.3945598900318146,0.1552451103925705
pilot_v1_00868,868,data\raw\audio\pilot_v1\pilot_v1_00868.wav,train,0.8717551827430725,0.3132796585559845,0.6657375693321228,0.5586986541748047,0.08996795862913132,0.28805142641067505,0.609103262424469,0.2983691692352295
pilot_v1_00869,869,data\raw\audio\pilot_v1\pilot_v1_00869.wav,train,0.35891520977020264,0.7331965565681458,0.20205901563167572,0.056177008897066116,0.2685711681842804,0.47594907879829407,0.21542979776859283,0.11244417726993561
pilot_v1_00870,870,data\raw\audio\pilot_v1\pilot_v1_00870.wav,train,0.23565934598445892,0.5265913009643555,0.5590816736221313,0.5739298462867737,0.3772468864917755,0.359270840883255,0.8032827377319336,0.1948922872543335
pilot_v1_00871,871,data\raw\audio\pilot_v1\pilot_v1_00871.wav,train,0.7211713194847107,0.6587529182434082,0.12273465096950531,0.323659211397171,0.1547289788722992,0.17666038870811462,0.4221353530883789,0.402692973613739
pilot_v1_00872,872,data\raw\audio\pilot_v1\pilot_v1_00872.wav,test,0.6508485674858093,0.4273203909397125,0.5461317300796509,0.02887186035513878,0.4358488619327545,0.2342069149017334,0.692666232585907,0.29209524393081665
pilot_v1_00873,873,data\raw\audio\pilot_v1\pilot_v1_00873.wav,train,0.13410231471061707,0.8259597420692444,0.1855778694152832,0.4812682271003723,0.20707744359970093,0.40022987127304077,0.2867007851600647,0.12809601426124573
pilot_v1_00874,874,data\raw\audio\pilot_v1\pilot_v1_00874.wav,test,0.2729712426662445,0.48069190979003906,0.6286848783493042,0.3414892256259918,0.14700324833393097,0.4131834805011749,0.8945609331130981,0.2216738760471344
pilot_v1_00875,875,data\raw\audio\pilot_v1\pilot_v1_00875.wav,train,0.7545769810676575,0.6342741250991821,0.2892124652862549,0.6359345316886902,0.31935977935791016,0.25244760513305664,0.47612082958221436,0.36379876732826233
pilot_v1_00876,876,data\raw\audio\pilot_v1\pilot_v1_00876.wav,validation,0.97472083568573,0.5539458990097046,0.08864732086658478,0.7211012840270996,0.27553850412368774,0.15151473879814148,0.9154322147369385,0.26618069410324097
pilot_v1_00877,877,data\raw\audio\pilot_v1\pilot_v1_00877.wav,train,0.4894683063030243,0.6990659832954407,0.43120622634887695,0.2687736451625824,0.05341075733304024,0.34077996015548706,0.5091009140014648,0.40830761194229126
pilot_v1_00878,878,data\raw\audio\pilot_v1\pilot_v1_00878.wav,train,0.10535033792257309,0.354607492685318,0.3865630030632019,0.4085983633995056,0.18864907324314117,0.4958301782608032,0.7221360802650452,0.33782362937927246
pilot_v1_00879,879,data\raw\audio\pilot_v1\pilot_v1_00879.wav,train,0.6179614067077637,0.7617015838623047,0.7439777851104736,0.1139928326010704,0.3668619394302368,0.31185221672058105,0.3032820522785187,0.17382104694843292
pilot_v1_00880,880,data\raw\audio\pilot_v1\pilot_v1_00880.wav,train,0.5710998177528381,0.3367895781993866,0.1638321578502655,0.5895359516143799,0.12353365123271942,0.32704973220825195,0.5672863125801086,0.32235875725746155
pilot_v1_00881,881,data\raw\audio\pilot_v1\pilot_v1_00881.wav,train,0.08973861485719681,0.7781935334205627,0.5056238770484924,0.29486238956451416,0.3460520803928375,0.16631460189819336,0.9611530303955078,0.18022815883159637
pilot_v1_00882,882,data\raw\audio\pilot_v1\pilot_v1_00882.wav,train,0.44257986545562744,0.5712918639183044,0.2609848976135254,0.5286185145378113,0.4123762547969818,0.32033947110176086,0.37008431553840637,0.26250478625297546
pilot_v1_00883,883,data\raw\audio\pilot_v1\pilot_v1_00883.wav,train,0.9590825438499451,0.6819717288017273,0.619170606136322,0.07599322497844696,0.23377273976802826,0.4863618314266205,0.7514275312423706,0.4265097379684448
pilot_v1_00884,884,data\raw\audio\pilot_v1\pilot_v1_00884.wav,train,0.8014348745346069,0.4985960125923157,0.4217255413532257,0.16042791306972504,0.16507872939109802,0.4096965193748474,0.24022313952445984,0.21987535059452057
pilot_v1_00885,885,data\raw\audio\pilot_v1\pilot_v1_00885.wav,train,0.2885790467262268,0.6177296042442322,0.06038006395101547,0.455170214176178,0.39345958828926086,0.2257191389799118,0.6336751580238342,0.38388359546661377
pilot_v1_00886,886,data\raw\audio\pilot_v1\pilot_v1_00886.wav,train,0.1809944361448288,0.4100269675254822,0.7034791111946106,0.22145982086658478,0.2519712746143341,0.23764735460281372,0.44758617877960205,0.2802220582962036
pilot_v1_00887,887,data\raw\audio\pilot_v1\pilot_v1_00887.wav,train,0.6664907932281494,0.8429678082466125,0.3648020327091217,0.6739248633384705,0.08000531792640686,0.426911860704422,0.8285643458366394,0.13808947801589966
pilot_v1_00888,888,data\raw\audio\pilot_v1\pilot_v1_00888.wav,train,0.7055597305297852,0.5084207653999329,0.7913316488265991,0.379891574382782,0.3105691075325012,0.46256202459335327,0.2611519396305084,0.2014756202697754
pilot_v1_00889,889,data\raw\audio\pilot_v1\pilot_v1_00889.wav,train,0.18879762291908264,0.6750267148017883,0.32686084508895874,0.12950605154037476,0.13235647976398468,0.3004600405693054,0.6672873497009277,0.38739362359046936
pilot_v1_00890,890,data\raw\audio\pilot_v1\pilot_v1_00890.wav,test,0.3432767689228058,0.3308437168598175,0.4838762581348419,0.7411935329437256,0.22211824357509613,0.18480713665485382,0.4514255225658417,0.3163950443267822
pilot_v1_00891,891,data\raw\audio\pilot_v1\pilot_v1_00891.wav,validation,0.8248668909072876,0.7164549827575684,0.04832383245229721,0.23842033743858337,0.4442455768585205,0.3521963655948639,0.8700863122940063,0.10860272496938705
pilot_v1_00892,892,data\raw\audio\pilot_v1\pilot_v1_00892.wav,train,0.9200250506401062,0.3954954743385315,0.24891376495361328,0.3700959086418152,0.35065239667892456,0.4454040825366974,0.5336745381355286,0.3614184558391571
pilot_v1_00893,893,data\raw\audio\pilot_v1\pilot_v1_00893.wav,test,0.43475762009620667,0.7898321747779846,0.681330144405365,0.6205043196678162,0.17829608917236328,0.26279422640800476,0.9402238130569458,0.1536228358745575
pilot_v1_00894,894,data\raw\audio\pilot_v1\pilot_v1_00894.wav,train,0.03505995124578476,0.4443100690841675,0.1259004920721054,0.008862610906362534,0.06337037682533264,0.20191971957683563,0.3285619616508484,0.2466874122619629
pilot_v1_00895,895,data\raw\audio\pilot_v1\pilot_v1_00895.wav,train,0.5476563572883606,0.6021832227706909,0.5934608578681946,0.5115213394165039,0.2921413779258728,0.38981664180755615,0.747588574886322,0.43260738253593445
pilot_v1_00896,896,data\raw\audio\pilot_v1\pilot_v1_00896.wav,train,0.5534518361091614,0.36076223850250244,0.23444603383541107,0.07926134765148163,0.09418915212154388,0.31030067801475525,0.4588916599750519,0.39594322443008423
pilot_v1_00897,897,data\raw\audio\pilot_v1\pilot_v1_00897.wav,train,0.03670511767268181,0.7549678087234497,0.6957552433013916,0.5348847508430481,0.2721746563911438,0.49956488609313965,0.8648662567138672,0.18816091120243073
pilot_v1_00898,898,data\raw\audio\pilot_v1\pilot_v1_00898.wav,train,0.43286845088005066,0.547218382358551,0.1403694599866867,0.29984530806541443,0.3822481632232666,0.3370858132839203,0.25387200713157654,0.11645936965942383
pilot_v1_00899,899,data\raw\audio\pilot_v1\pilot_v1_00899.wav,train,0.9144737124443054,0.7052311897277832,0.579034686088562,0.5970141887664795,0.16067737340927124,0.1531088501214981,0.6723212599754333,0.3023660182952881
pilot_v1_00900,900,data\raw\audio\pilot_v1\pilot_v1_00900.wav,train,0.8230938911437988,0.47449737787246704,0.7800194621086121,0.6707826256752014,0.2420819252729416,0.25076261162757874,0.3361257016658783,0.16218310594558716
pilot_v1_00901,901,data\raw\audio\pilot_v1\pilot_v1_00901.wav,train,0.33784183859825134,0.6409638524055481,0.3382158875465393,0.2150905430316925,0.413429856300354,0.4167845547199249,0.7424662113189697,0.34809306263923645
pilot_v1_00902,902,data\raw\audio\pilot_v1\pilot_v1_00902.wav,train,0.19447679817676544,0.43402478098869324,0.49518972635269165,0.45008426904678345,0.3281908631324768,0.3965838849544525,0.526296854019165,0.44045335054397583
pilot_v1_00903,903,data\raw\audio\pilot_v1\pilot_v1_00903.wav,train,0.7070883512496948,0.8197672367095947,0.036967746913433075,0.15307556092739105,0.1007576435804367,0.2358490228652954,0.9451600313186646,0.23266907036304474
pilot_v1_00904,904,data\raw\audio\pilot_v1\pilot_v1_00904.wav,train,0.6680155992507935,0.5327460169792175,0.40723976492881775,0.2449597418308258,0.2836643159389496,0.17305904626846313,0.36486732959747314,0.16689206659793854
pilot_v1_00905,905,data\raw\audio\pilot_v1\pilot_v1_00905.wav,train,0.18666976690292358,0.6520190834999084,0.07481080293655396,0.7441856265068054,0.062484633177518845,0.36095643043518066,0.7588905692100525,0.33088698983192444
pilot_v1_00906,906,data\raw\audio\pilot_v1\pilot_v1_00906.wav,train,0.2831478714942932,0.3065521717071533,0.7179666757583618,0.1370771825313568,0.19599555432796478,0.47430741786956787,0.5723232626914978,0.4125020503997803
pilot_v1_00907,907,data\raw\audio\pilot_v1\pilot_v1_00907.wav,validation,0.7996656894683838,0.7393617630004883,0.35036930441856384,0.3847844898700714,0.3735901415348053,0.29169732332229614,0.9538699388504028,0.2703827917575836
pilot_v1_00908,908,data\raw\audio\pilot_v1\pilot_v1_00908.wav,train,0.9535273909568787,0.37121233344078064,0.15253853797912598,0.5050620436668396,0.42989999055862427,0.21059131622314453,0.4424668550491333,0.37053683400154114
pilot_v1_00909,909,data\raw\audio\pilot_v1\pilot_v1_00909.wav,train,0.4406869411468506,0.8127473592758179,0.5169723629951477,0.005813266150653362,0.20207661390304565,0.3779807984828949,0.8361250758171082,0.22841426730155945
pilot_v1_00910,910,data\raw\audio\pilot_v1\pilot_v1_00910.wav,train,0.09138762205839157,0.4686269164085388,0.27228033542633057,0.6128759384155273,0.14340004324913025,0.43673521280288696,0.24516239762306213,0.12409248948097229
pilot_v1_00911,911,data\raw\audio\pilot_v1\pilot_v1_00911.wav,train,0.5768991112709045,0.5791671872138977,0.6078201532363892,0.3652831017971039,0.3151383101940155,0.2746328115463257,0.6262944936752319,0.288089394569397
pilot_v1_00912,912,data\raw\audio\pilot_v1\pilot_v1_00912.wav,train,0.623757004737854,0.45047104358673096,0.07811473309993744,0.43208616971969604,0.16946513950824738,0.38543984293937683,0.8904151320457458,0.14212636649608612
pilot_v1_00913,913,data\raw\audio\pilot_v1\pilot_v1_00913.wav,train,0.10699538141489029,0.5954599380493164,0.4417814314365387,0.18424145877361298,0.39689794182777405,0.20282898843288422,0.48427054286003113,0.28423991799354553
pilot_v1_00914,914,data\raw\audio\pilot_v1\pilot_v1_00914.wav,train,0.48757901787757874,0.38875749707221985,0.39709359407424927,0.6977384090423584,0.2571370005607605,0.2619251608848572,0.6970165967941284,0.37711215019226074
pilot_v1_00915,915,data\raw\audio\pilot_v1\pilot_v1_00915.wav,train,0.9691696166992188,0.7959911227226257,0.7334043979644775,0.19837582111358643,0.08578931540250778,0.4498231112957001,0.27834659814834595,0.21312294900417328
pilot_v1_00916,916,data\raw\audio\pilot_v1\pilot_v1_00916.wav,train,0.7528041005134583,0.3246554136276245,0.532443642616272,0.31792062520980835,0.11697030812501907,0.34786751866340637,0.7178925275802612,0.4223272502422333
pilot_v1_00917,917,data\raw\audio\pilot_v1\pilot_v1_00917.wav,train,0.2675361633300781,0.7231552004814148,0.19922314584255219,0.5657424330711365,0.3385406732559204,0.18576455116271973,0.31133410334587097,0.25833603739738464
pilot_v1_00918,918,data\raw\audio\pilot_v1\pilot_v1_00918.wav,train,0.13978137075901031,0.5151147246360779,0.6423709988594055,0.05219971016049385,0.4034672677516937,0.2994573712348938,0.9198800921440125,0.18714511394500732
pilot_v1_00919,919,data\raw\audio\pilot_v1\pilot_v1_00919.wav,train,0.6523773074150085,0.6688279509544373,0.27556899189949036,0.5516767501831055,0.22548198699951172,0.46684756875038147,0.5008443593978882,0.32926201820373535
pilot_v1_00920,920,data\raw\audio\pilot_v1\pilot_v1_00920.wav,train,0.7226962447166443,0.41618800163269043,0.6552237272262573,0.6443178653717041,0.3589434027671814,0.4259539842605591,0.7842685580253601,0.4367801249027252
pilot_v1_00921,921,data\raw\audio\pilot_v1\pilot_v1_00921.wav,train,0.24133455753326416,0.836244523525238,0.2126278430223465,0.347011923789978,0.18720480799674988,0.2419762760400772,0.39041709899902344,0.2508684992790222
pilot_v1_00922,922,data\raw\audio\pilot_v1\pilot_v1_00922.wav,train,0.3534839153289795,0.49185800552368164,0.5695944428443909,0.48843735456466675,0.07088129222393036,0.22143378853797913,0.9783455729484558,0.14671553671360016
pilot_v1_00923,923,data\raw\audio\pilot_v1\pilot_v1_00923.wav,train,0.8699861168861389,0.6238885521888733,0.11216706037521362,0.03267616033554077,0.29870519042015076,0.4106985926628113,0.5970175862312317,0.3545028269290924
pilot_v1_00924,924,data\raw\audio\pilot_v1\pilot_v1_00924.wav,train,0.8988621234893799,0.5651035308837891,0.31002265214920044,0.10571253299713135,0.3047853708267212,0.48545196652412415,0.8113316893577576,0.1045781746506691
pilot_v1_00925,925,data\raw\audio\pilot_v1\pilot_v1_00925.wav,test,0.38600677251815796,0.6886720061302185,0.7705639600753784,0.40294981002807617,0.1271904557943344,0.3247165083885193,0.41789498925209045,0.3123674988746643
pilot_v1_00926,926,data\raw\audio\pilot_v1\pilot_v1_00926.wav,train,0.02106672152876854,0.34348350763320923,0.015183134004473686,0.26147860288619995,0.21867942810058594,0.16189566254615784,0.6008436679840088,0.3941527009010315
pilot_v1_00927,927,data\raw\audio\pilot_v1\pilot_v1_00927.wav,train,0.5065635442733765,0.7719947099685669,0.45461854338645935,0.7174000144004822,0.43985965847969055,0.3279183506965637,0.2198808193206787,0.20823772251605988
pilot_v1_00928,928,data\raw\audio\pilot_v1\pilot_v1_00928.wav,train,0.5176572203636169,0.5517882108688354,0.7026488184928894,0.5435593724250793,0.106812983751297,0.40487682819366455,0.686926007270813,0.24511942267417908
pilot_v1_00929,929,data\raw\audio\pilot_v1\pilot_v1_00929.wav,test,0.001215667463839054,0.7012065649032593,0.3671071529388428,0.058867983520030975,0.3346364498138428,0.21697889268398285,0.29308193922042847,0.43107911944389343
pilot_v1_00930,930,data\raw\audio\pilot_v1\pilot_v1_00930.wav,train,0.4061640202999115,0.35676348209381104,0.4225371778011322,0.5767581462860107,0.4198746681213379,0.24777527153491974,0.8756551742553711,0.3602520823478699
pilot_v1_00931,931,data\raw\audio\pilot_v1\pilot_v1_00931.wav,train,0.8874641060829163,0.7595621347427368,0.058101389557123184,0.30838263034820557,0.2481364905834198,0.43038615584373474,0.49428805708885193,0.15241673588752747
pilot_v1_00932,932,data\raw\audio\pilot_v1\pilot_v1_00932.wav,train,0.857854962348938,0.4208697974681854,0.25710591673851013,0.20637015998363495,0.1546233594417572,0.33440130949020386,0.9079097509384155,0.31760382652282715
pilot_v1_00933,933,data\raw\audio\pilot_v1\pilot_v1_00933.wav,train,0.3724198043346405,0.8323938250541687,0.6247014403343201,0.6912217736244202,0.375803142786026,0.1670110821723938,0.5144321918487549,0.1097664088010788
pilot_v1_00934,934,data\raw\audio\pilot_v1\pilot_v1_00934.wav,validation,0.22221478819847107,0.4871487617492676,0.16768640279769897,0.1732858419418335,0.2657288610935211,0.3182108402252197,0.7043289542198181,0.2030012309551239
pilot_v1_00935,935,data\raw\audio\pilot_v1\pilot_v1_00935.wav,train,0.7350094318389893,0.6278343200683594,0.5001134276390076,0.4415926933288574,0.08813437819480896,0.48031380772590637,0.32337796688079834,0.38896429538726807
pilot_v1_00936,936,data\raw\audio\pilot_v1\pilot_v1_00936.wav,train,0.6334414482116699,0.3111383318901062,0.1298368126153946,0.7063515186309814,0.321193665266037,0.4556448757648468,0.9930841326713562,0.27875784039497375
pilot_v1_00937,937,data\raw\audio\pilot_v1\pilot_v1_00937.wav,test,0.15191252529621124,0.7353549003601074,0.5880576968193054,0.27107512950897217,0.14984562993049622,0.26638007164001465,0.5869238376617432,0.13650012016296387
pilot_v1_00938,938,data\raw\audio\pilot_v1\pilot_v1_00938.wav,test,0.25522297620773315,0.5287300944328308,0.24495829641819,0.41103726625442505,0.20852144062519073,0.1970299929380417,0.7942888736724854,0.218605175614357
pilot_v1_00939,939,data\raw\audio\pilot_v1\pilot_v1_00939.wav,train,0.7719238996505737,0.6565976142883301,0.686760663986206,0.09910567104816437,0.43595457077026367,0.38100770115852356,0.3756543695926666,0.3827385902404785
pilot_v1_00940,940,data\raw\audio\pilot_v1\pilot_v1_00940.wav,train,0.9890206456184387,0.4554886817932129,0.48460519313812256,0.04360165074467659,0.36753612756729126,0.4603646397590637,0.6144347786903381,0.2636471092700958
pilot_v1_00941,941,data\raw\audio\pilot_v1\pilot_v1_00941.wav,train,0.47648537158966064,0.5918099284172058,0.04593885317444801,0.4789924621582031,0.18955053389072418,0.29434195160865784,0.20790711045265198,0.4277825653553009
pilot_v1_00942,942,data\raw\audio\pilot_v1\pilot_v1_00942.wav,test,0.11839340627193451,0.38384702801704407,0.7905774712562561,0.33898454904556274,0.056038856506347656,0.1922702193260193,0.8233784437179565,0.32395079731941223
pilot_v1_00943,943,data\raw\audio\pilot_v1\pilot_v1_00943.wav,train,0.6035997271537781,0.7996004819869995,0.32926708459854126,0.6508932709693909,0.27760955691337585,0.35300567746162415,0.40432843565940857,0.18168967962265015
pilot_v1_00944,944,data\raw\audio\pilot_v1\pilot_v1_00944.wav,train,0.5879614353179932,0.40194621682167053,0.5597903728485107,0.14640727639198303,0.2319268435239792,0.2858969569206238,0.26843658089637756,0.3359953761100769
pilot_v1_00945,945,data\raw\audio\pilot_v1\pilot_v1_00945.wav,test,0.07150498032569885,0.7833979725837708,0.12035617232322693,0.4582015872001648,0.4095218777656555,0.46987390518188477,0.6624990701675415,0.17186693847179413
pilot_v1_00946,946,data\raw\audio\pilot_v1\pilot_v1_00946.wav,train,0.46087363362312317,0.4378533363342285,0.6649997234344482,0.2246285229921341,0.3445960581302643,0.36677679419517517,0.4687868654727936,0.2652745842933655
pilot_v1_00947,947,data\raw\audio\pilot_v1\pilot_v1_00947.wav,validation,0.9421590566635132,0.6086229085922241,0.204459547996521,0.6597669720649719,0.12341591715812683,0.17751257121562958,0.8503262996673584,0.4075273275375366
pilot_v1_00948,948,data\raw\audio\pilot_v1\pilot_v1_00948.wav,train,0.7875661253929138,0.5105785727500916,0.0054309433326125145,0.6035308837890625,0.0793435126543045,0.2811371088027954,0.5396652221679688,0.22245147824287415
pilot_v1_00949,949,data\raw\audio\pilot_v1\pilot_v1_00949.wav,train,0.3021151125431061,0.6728860139846802,0.46285954117774963,0.2918509542942047,0.2510822117328644,0.4418719708919525,0.9333114624023438,0.3647075295448303
pilot_v1_00950,950,data\raw\audio\pilot_v1\pilot_v1_00950.wav,train,0.16752031445503235,0.328687846660614,0.31975287199020386,0.5253782272338867,0.3908438980579376,0.3714964687824249,0.3479008674621582,0.29405200481414795
pilot_v1_00951,951,data\raw\audio\pilot_v1\pilot_v1_00951.wav,test,0.6802993416786194,0.7185943126678467,0.7623498439788818,0.09021696448326111,0.16302010416984558,0.20547454059123993,0.7290736436843872,0.12992161512374878
pilot_v1_00952,952,data\raw\audio\pilot_v1\pilot_v1_00952.wav,train,0.6881211400032043,0.5050296187400818,0.3826996982097626,0.35568657517433167,0.4463045001029968,0.15890923142433167,0.5624982118606567,0.19300226867198944
pilot_v1_00953,953,data\raw\audio\pilot_v1\pilot_v1_00953.wav,train,0.2065763622522354,0.6112794876098633,0.7495036125183105,0.6239244937896729,0.22473405301570892,0.3415193557739258,0.9684374928474426,0.4008433222770691
pilot_v1_00954,954,data\raw\audio\pilot_v1\pilot_v1_00954.wav,train,0.325558066368103,0.403586745262146,0.0924806073307991,0.012420132756233215,0.1332458108663559,0.49374446272850037,0.3503240644931793,0.2975248396396637
pilot_v1_00955,955,data\raw\audio\pilot_v1\pilot_v1_00955.wav,train,0.8422433733940125,0.8494250774383545,0.4257029592990875,0.4969746470451355,0.31123098731040955,0.3058471381664276,0.7687891125679016,0.1115594357252121
pilot_v1_00956,956,data\raw\audio\pilot_v1\pilot_v1_00956.wav,train,0.9343563318252563,0.33893078565597534,0.6278336644172668,0.3942294120788574,0.2922593951225281,0.22934472560882568,0.2333110123872757,0.3420554995536804
pilot_v1_00957,957,data\raw\audio\pilot_v1\pilot_v1_00957.wav,test,0.4218061566352844,0.7760353088378906,0.29152482748031616,0.1261516958475113,0.06482648849487305,0.3914470970630646,0.6396656632423401,0.15608680248260498
pilot_v1_00958,958,data\raw\audio\pilot_v1\pilot_v1_00958.wav,train,0.048073455691337585,0.5691529512405396,0.5469590425491333,0.7376102805137634,0.18115077912807465,0.4232688844203949,0.4290710687637329,0.23870646953582764
pilot_v1_00959,959,data\raw\audio\pilot_v1\pilot_v1_00959.wav,train,0.5332651138305664,0.684127151966095,0.18329420685768127,0.2529871165752411,0.3524983823299408,0.2558794319629669,0.8479033708572388,0.44654950499534607
pilot_v1_00960,960,data\raw\audio\pilot_v1\pilot_v1_00960.wav,train,0.5406578183174133,0.4832632541656494,0.5201042294502258,0.630351722240448,0.3319539725780487,0.21331503987312317,0.9186959862709045,0.41100946068763733
pilot_v1_00961,961,data\raw\audio\pilot_v1\pilot_v1_00961.wav,train,0.05716001242399216,0.6324751377105713,0.1619066298007965,0.3595275282859802,0.10941003262996674,0.3754066526889801,0.512135922908783,0.26879939436912537
pilot_v1_00962,962,data\raw\audio\pilot_v1\pilot_v1_00962.wav,train,0.4105224609375,0.424789160490036,0.6046897768974304,0.499487966299057,0.2446727603673935,0.4393734335899353,0.7191256284713745,0.1752207726240158
pilot_v1_00963,963,data\raw\audio\pilot_v1\pilot_v1_00963.wav,train,0.9291607737541199,0.8276519775390625,0.2629106938838959,0.023104680702090263,0.4232529401779175,0.271973192691803,0.30009129643440247,0.339306503534317
pilot_v1_00964,964,data\raw\audio\pilot_v1\pilot_v1_00964.wav,validation,0.8337669372558594,0.3520718514919281,0.06543047726154327,0.11957855522632599,0.379456102848053,0.1756545752286911,0.6896072626113892,0.13071204721927643
pilot_v1_00965,965,data\raw\audio\pilot_v1\pilot_v1_00965.wav,train,0.319263756275177,0.7633978128433228,0.4041200876235962,0.3905629515647888,0.15105584263801575,0.358254075050354,0.2834610044956207,0.2947997450828552
pilot_v1_00966,966,data\raw\audio\pilot_v1\pilot_v1_00966.wav,train,0.2111617922782898,0.556512713432312,0.3597511351108551,0.25055670738220215,0.09100606292486191,0.47698840498924255,0.8977757692337036,0.3652842938899994
pilot_v1_00967,967,data\raw\audio\pilot_v1\pilot_v1_00967.wav,train,0.6983064413070679,0.697270929813385,0.7210848331451416,0.7268713712692261,0.2629426121711731,0.2890804409980774,0.47910720109939575,0.2230709344148636
pilot_v1_00968,968,data\raw\audio\pilot_v1\pilot_v1_00968.wav,train,0.6748749017715454,0.38017940521240234,0.3475855886936188,0.4679478704929352,0.1464795470237732,0.253464937210083,0.6121350526809692,0.1162378266453743
pilot_v1_00969,969,data\raw\audio\pilot_v1\pilot_v1_00969.wav,train,0.15646548569202423,0.804594099521637,0.783149778842926,0.14692926406860352,0.32466962933540344,0.41418904066085815,0.21869687736034393,0.3022459149360657
pilot_v1_00970,970,data\raw\audio\pilot_v1\pilot_v1_00970.wav,train,0.31146106123924255,0.4590553045272827,0.027599593624472618,0.6648210883140564,0.4333697557449341,0.39920076727867126,0.8000890612602234,0.4057352542877197
pilot_v1_00971,971,data\raw\audio\pilot_v1\pilot_v1_00971.wav,train,0.7946994304656982,0.5868502855300903,0.4920578896999359,0.23277230560779572,0.21121615171432495,0.23316805064678192,0.41912785172462463,0.19785147905349731
pilot_v1_00972,972,data\raw\audio\pilot_v1\pilot_v1_00972.wav,train,0.9526037573814392,0.5237202048301697,0.6926371455192566,0.28200459480285645,0.19232457876205444,0.31287482380867004,0.983460545539856,0.4485361874103546
pilot_v1_00973,973,data\raw\audio\pilot_v1\pilot_v1_00973.wav,train,0.46519967913627625,0.6602479219436646,0.22506414353847504,0.6031376123428345,0.36465221643447876,0.4968412220478058,0.5896076560020447,0.2406504899263382
pilot_v1_00974,974,data\raw\audio\pilot_v1\pilot_v1_00974.wav,train,0.06498179584741592,0.3160482347011566,0.5821543335914612,0.08520001173019409,0.28116485476493835,0.339745432138443,0.7791046500205994,0.15820163488388062
pilot_v1_00975,975,data\raw\audio\pilot_v1\pilot_v1_00975.wav,train,0.5797138810157776,0.731737494468689,0.14974984526634216,0.5172259211540222,0.052373673766851425,0.15047061443328857,0.3977782726287842,0.3442130386829376
pilot_v1_00976,976,data\raw\audio\pilot_v1\pilot_v1_00976.wav,train,0.595352292060852,0.33233872056007385,0.7674320936203003,0.2793422043323517,0.4066501557826996,0.4880688488483429,0.5368801951408386,0.15162630379199982
pilot_v1_00977,977,data\raw\audio\pilot_v1\pilot_v1_00977.wav,train,0.11187010258436203,0.7135838866233826,0.30065447092056274,0.7112537026405334,0.23471307754516602,0.322035551071167,0.9432192444801331,0.359504371881485
pilot_v1_00978,978,data\raw\audio\pilot_v1\pilot_v1_00978.wav,train,0.48081129789352417,0.5069617033004761,0.4577488601207733,0.09975095838308334,0.11976295709609985,0.1645979881286621,0.3254934251308441,0.430502325296402
pilot_v1_00979,979,data\raw\audio\pilot_v1\pilot_v1_00979.wav,train,0.9994654655456543,0.6777952909469604,0.024552814662456512,0.4206315577030182,0.34816354513168335,0.32532283663749695,0.744358241558075,0.24449998140335083
pilot_v1_00980,980,data\raw\audio\pilot_v1\pilot_v1_00980.wav,train,0.7790573239326477,0.44284647703170776,0.22200821340084076,0.47059664130210876,0.25454598665237427,0.4286136031150818,0.2581325173377991,0.38548219203948975
pilot_v1_00981,981,data\raw\audio\pilot_v1\pilot_v1_00981.wav,train,0.2645688056945801,0.6049557328224182,0.6583433747291565,0.03879954665899277,0.07596523314714432,0.2393380105495453,0.6641056537628174,0.199476420879364
pilot_v1_00982,982,data\raw\audio\pilot_v1\pilot_v1_00982.wav,test,0.14085757732391357,0.39698606729507446,0.10278516262769699,0.6502565741539001,0.16570259630680084,0.22400794923305511,0.4546799063682556,0.10641258955001831
pilot_v1_00983,983,data\raw\audio\pilot_v1\pilot_v1_00983.wav,train,0.6280171275138855,0.786965012550354,0.5664763450622559,0.32935306429862976,0.3882468640804291,0.40797489881515503,0.873130738735199,0.31429269909858704
pilot_v1_00984,984,data\raw\audio\pilot_v1\pilot_v1_00984.wav,train,0.7451948523521423,0.5729880332946777,0.1898535192012787,0.06967546790838242,0.22117872536182404,0.3505057692527771,0.2432214468717575,0.3807518482208252
pilot_v1_00985,985,data\raw\audio\pilot_v1\pilot_v1_00985.wav,test,0.2268000990152359,0.6794360876083374,0.5293132662773132,0.5459212064743042,0.44996964931488037,0.1831049621105194,0.6368780732154846,0.21666115522384644
pilot_v1_00986,986,data\raw\audio\pilot_v1\pilot_v1_00986.wav,train,0.3661253750324249,0.33499452471733093,0.2849371135234833,0.31234651803970337,0.3084569275379181,0.30218106508255005,0.44435909390449524,0.13438528776168823
pilot_v1_00987,987,data\raw\audio\pilot_v1\pilot_v1_00987.wav,validation,0.8493786454200745,0.7807604074478149,0.6455028653144836,0.5830338597297668,0.1361297219991684,0.46427345275878906,0.8254926204681396,0.27660030126571655
pilot_v1_00988,988,data\raw\audio\pilot_v1\pilot_v1_00988.wav,train,0.8822686672210693,0.4082280099391937,0.4448995888233185,0.6802397966384888,0.06741134822368622,0.3881208300590515,0.5641082525253296,0.17701128125190735
pilot_v1_00989,989,data\raw\audio\pilot_v1\pilot_v1_00989.wav,train,0.3948802053928375,0.8455391526222229,0.0874965712428093,0.20415428280830383,0.28956469893455505,0.20021210610866547,0.9581298828125,0.31922969222068787
pilot_v1_00990,990,data\raw\audio\pilot_v1\pilot_v1_00990.wav,train,0.01030210591852665,0.5002882480621338,0.7302846908569336,0.4376831650733948,0.3558644652366638,0.26452070474624634,0.37313124537467957,0.42289063334465027
pilot_v1_00991,991,data\raw\audio\pilot_v1\pilot_v1_00991.wav,train,0.5250500440597534,0.6151983737945557,0.3877132833003998,0.16692717373371124,0.17767482995986938,0.4471207857131958,0.7546793818473816,0.25879791378974915
pilot_v1_00992,992,data\raw\audio\pilot_v1\pilot_v1_00992.wav,test,0.5127357840538025,0.4293668866157532,0.04282069951295853,0.3447646200656891,0.2693884074687958,0.45776912569999695,0.34046700596809387,0.2109653800725937
pilot_v1_00993,993,data\raw\audio\pilot_v1\pilot_v1_00993.wav,train,0.02942107617855072,0.8236362934112549,0.4752233326435089,0.6333958506584167,0.09706085920333862,0.2970442771911621,0.7341148853302002,0.3749973475933075
pilot_v1_00994,994,data\raw\audio\pilot_v1\pilot_v1_00994.wav,train,0.37594354152679443,0.47925567626953125,0.3323867619037628,0.02628609910607338,0.15710987150669098,0.189589262008667,0.547147810459137,0.28229591250419617
pilot_v1_00995,995,data\raw\audio\pilot_v1\pilot_v1_00995.wav,train,0.8943987488746643,0.637061595916748,0.799957811832428,0.48458781838417053,0.38590115308761597,0.3556225597858429,0.9283191561698914,0.1401396244764328
pilot_v1_00996,996,data\raw\audio\pilot_v1\pilot_v1_00996.wav,train,0.8607774972915649,0.5433666706085205,0.5974273085594177,0.40528005361557007,0.4168081283569336,0.45292121171951294,0.46762704849243164,0.32441282272338867
pilot_v1_00997,997,data\raw\audio\pilot_v1\pilot_v1_00997.wav,train,0.34596914052963257,0.7099053859710693,0.13296718895435333,0.11658015102148056,0.2386181801557541,0.26895424723625183,0.8616911768913269,0.1822531819343567
pilot_v1_00998,998,data\raw\audio\pilot_v1\pilot_v1_00998.wav,train,0.24665220081806183,0.3647153675556183,0.6773925423622131,0.7236441373825073,0.10335467010736465,0.19439174234867096,0.2695474624633789,0.2536149322986603
pilot_v1_00999,999,data\raw\audio\pilot_v1\pilot_v1_00999.wav,train,0.7341020107269287,0.7502593398094177,0.24182641506195068,0.2655026912689209,0.32550835609436035,0.38366732001304626,0.6510854363441467,0.41764891147613525
pilot_v1_01000,1000,data\raw\audio\pilot_v1\pilot_v1_01000.wav,test,0.6481733322143555,0.4636504054069519,0.6153210997581482,0.17940764129161835,0.058819472789764404,0.3318271338939667,0.43411290645599365,0.3538833558559418
pilot_v1_01001,1001,data\raw\audio\pilot_v1\pilot_v1_01001.wav,train,0.12945875525474548,0.5828512907028198,0.25398629903793335,0.42375072836875916,0.2872196435928345,0.16973477602005005,0.8404690027236938,0.14613881707191467
pilot_v1_01002,1002,data\raw\audio\pilot_v1\pilot_v1_01002.wav,train,0.2756616771221161,0.3761556148529053,0.5094953179359436,0.18871256709098816,0.3707062304019928,0.3155512511730194,0.22831811010837555,0.25012078881263733
pilot_v1_01003,1003,data\raw\audio\pilot_v1\pilot_v1_01003.wav,test,0.7592052221298218,0.8091636896133423,0.17080450057983398,0.6971620917320251,0.19876961410045624,0.4829520583152771,0.6471487879753113,0.435989648103714
pilot_v1_01004,1004,data\raw\audio\pilot_v1\pilot_v1_01004.wav,train,0.9803465008735657,0.3029179275035858,0.3702389895915985,0.5706135034561157,0.20477131009101868,0.4021745026111603,0.3616887629032135,0.20492660999298096
pilot_v1_01005,1005,data\raw\audio\pilot_v1\pilot_v1_01005.wav,train,0.4931255280971527,0.7443891167640686,0.7120169997215271,0.3262474834918976,0.4273151159286499,0.21957439184188843,0.7676295042037964,0.3907988667488098
pilot_v1_01006,1006,data\raw\audio\pilot_v1\pilot_v1_01006.wav,test,0.09973999857902527,0.5363459587097168,0.05497106537222862,0.5612398386001587,0.31861424446105957,0.245158389210701,0.5510847568511963,0.30884265899658203
pilot_v1_01007,1007,data\raw\audio\pilot_v1\pilot_v1_01007.wav,train,0.6142889857292175,0.6470931768417358,0.41316747665405273,0.052904825657606125,0.14003393054008484,0.4330671429634094,0.9695481657981873,0.10109609365463257
pilot_v1_01008,1008,data\raw\audio\pilot_v1\pilot_v1_01008.wav,train,0.5674312114715576,0.5201414823532104,0.29464292526245117,0.7437320351600647,0.3943008780479431,0.22668512165546417,0.7086628079414368,0.30721521377563477
pilot_v1_01009,1009,data\raw\audio\pilot_v1\pilot_v1_01009.wav,train,0.084132120013237,0.6651942729949951,0.6372155547142029,0.23514512181282043,0.17214760184288025,0.3940853476524353,0.3151867091655731,0.12135130167007446
pilot_v1_01010,1010,data\raw\audio\pilot_v1\pilot_v1_01010.wav,train,0.446233332157135,0.31972888112068176,0.1801745742559433,0.37657177448272705,0.08241100609302521,0.4206947088241577,0.9035271406173706,0.19288203120231628
pilot_v1_01011,1011,data\raw\audio\pilot_v1\pilot_v1_01011.wav,train,0.9647043943405151,0.7267557382583618,0.5375787019729614,0.13209199905395508,0.260600745677948,0.25860312581062317,0.5225745439529419,0.40062159299850464
pilot_v1_01012,1012,data\raw\audio\pilot_v1\pilot_v1_01012.wav,train,0.8060669302940369,0.3924420177936554,0.7401339411735535,0.006275464780628681,0.34210819005966187,0.15629234910011292,0.8861653804779053,0.23482662439346313
pilot_v1_01013,1013,data\raw\audio\pilot_v1\pilot_v1_01013.wav,train,0.29127323627471924,0.7910141348838806,0.3795693814754486,0.5148394703865051,0.11331736296415329,0.3442003130912781,0.49232277274131775,0.4425681531429291
pilot_v1_01014,1014,data\raw\audio\pilot_v1\pilot_v1_01014.wav,train,0.1763470321893692,0.4468878507614136,0.43507111072540283,0.373367041349411,0.22826825082302094,0.49104219675064087,0.6764646768569946,0.3500370681285858
pilot_v1_01015,1015,data\raw\audio\pilot_v1\pilot_v1_01015.wav,validation,0.6638117432594299,0.6004027128219604,0.09561245143413544,0.6179612874984741,0.4005955457687378,0.3084426522254944,0.29509595036506653,0.16416984796524048
pilot_v1_01016,1016,data\raw\audio\pilot_v1\pilot_v1_01016.wav,train,0.7184942364692688,0.3481582999229431,0.4722398519515991,0.5311583280563354,0.18372884392738342,0.2784561216831207,0.8151877522468567,0.27369388937950134
pilot_v1_01017,1017,data\raw\audio\pilot_v1\pilot_v1_01017.wav,train,0.19979432225227356,0.7681424617767334,0.008550625294446945,0.07271956652402878,0.3623094856739044,0.44448885321617126,0.40866169333457947,0.41585588455200195
pilot_v1_01018,1018,data\raw\audio\pilot_v1\pilot_v1_01018.wav,train,0.33032694458961487,0.5603956580162048,0.7529680132865906,0.5862153172492981,0.29601049423217773,0.36890095472335815,0.6225765347480774,0.3344118297100067
pilot_v1_01019,1019,data\raw\audio\pilot_v1\pilot_v1_01019.wav,train,0.8138853907585144,0.6926245093345642,0.3166347146034241,0.2974463105201721,0.07346612215042114,0.208176851272583,0.203525111079216,0.17037415504455566
pilot_v1_01020,1020,data\raw\audio\pilot_v1\pilot_v1_01020.wav,train,0.9100104570388794,0.4957265853881836,0.11722427606582642,0.2188713550567627,0.1300743818283081,0.28325870633125305,0.7923234105110168,0.2887088656425476
pilot_v1_01021,1021,data\raw\audio\pilot_v1\pilot_v1_01021.wav,train,0.4228051006793976,0.619231104850769,0.5504222512245178,0.6772414445877075,0.3020113408565521,0.47253352403640747,0.38616475462913513,0.12466923892498016
pilot_v1_01022,1022,data\raw\audio\pilot_v1\pilot_v1_01022.wav,train,0.04505935311317444,0.4122852683067322,0.20758990943431854,0.1636999100446701,0.4435248374938965,0.3640531003475189,0.9950982928276062,0.22916197776794434
pilot_v1_01023,1023,data\raw\audio\pilot_v1\pilot_v1_01023.wav,train,0.559624195098877,0.8410032391548157,0.6743693947792053,0.4526291489601135,0.21512413024902344,0.18008673191070557,0.5764623880386353,0.37132728099823
