sample_id,sample_index,audio_path,wave_frame_normalized,filter_cutoff_normalized,filter_resonance_normalized,filter_drive_normalized,amp_attack_normalized,amp_decay_normalized,amp_sustain_normalized,amp_release_normalized,mfcc_01_mean,mfcc_02_mean,mfcc_03_mean,mfcc_04_mean,mfcc_05_mean,mfcc_06_mean,mfcc_07_mean,mfcc_08_mean,mfcc_09_mean,mfcc_10_mean,mfcc_11_mean,mfcc_12_mean,mfcc_13_mean,mfcc_01_std,mfcc_02_std,mfcc_03_std,mfcc_04_std,mfcc_05_std,mfcc_06_std,mfcc_07_std,mfcc_08_std,mfcc_09_std,mfcc_10_std,mfcc_11_std,mfcc_12_std,mfcc_13_std
pilot_v1_00000,0,data\raw\audio\pilot_v1\pilot_v1_00000.wav,0.5593363046646118,0.4968908429145813,0.26482224464416504,0.5210748910903931,0.18792618811130524,0.2581033706665039,0.40187835693359375,0.20284205675125122,-148.5239472331594,11.41108533210503,-1.1895603577929952,0.7610169412834855,1.491765766386309,0.4231182585414621,-0.2792982552279677,-0.7450354440128589,-0.12435510818001748,-0.012215809011463227,-0.6014811965961252,-1.8914204139796038,-3.1942078966607044,25.497714733774625,11.026944219186893,1.7044050903344636,0.8309216509749788,1.4460052842047575,0.42827831901720337,0.3070030781906515,0.7361884585997495,0.15461323349730688,0.1336829685389568,0.5780505169081517,1.817919582060898,3.08799173318508
pilot_v1_00001,1,data\raw\audio\pilot_v1\pilot_v1_00001.wav,0.046786118298769,0.6183102130889893,0.6035115122795105,0.08280085772275925,0.36593762040138245,0.4200248420238495,0.8203170895576477,0.3887616693973541,-148.6560332499177,17.880715007655237,7.713683940885911,-2.060641192780263,-2.2270030012805413,0.38150171256805315,1.2861424153179752,0.23074431215809288,-0.22920754929819248,-0.4724372064495134,-1.4137975417207307,-2.98690625262595,-3.938563417608091,17.472869362144145,12.915922999107021,4.926181243636781,2.445199772611228,1.6925428121449226,0.968752515425517,0.9527447186883853,0.6935650739313097,0.5095768358567387,0.47457595969864325,0.9251234543729046,1.8745126631983045,2.4998031470999567
pilot_v1_00002,2,data\raw\audio\pilot_v1\pilot_v1_00002.wav,0.4230934977531433,0.4138450026512146,0.16036365926265717,0.5992260575294495,0.2759867310523987,0.3946917951107025,0.21089524030685425,0.31776365637779236,-151.81894421211837,13.032282331681486,3.107309933294142,-0.8366062525517767,-0.371589608624719,-0.8784286439922836,-1.0683552038399922,-1.359896495483849,-1.4016316829474926,-1.5173779282406763,-1.5766500454315917,-1.6815770253244227,-1.93520502702921,20.98941812775757,11.928302858115597,3.237469214585858,1.3977764845437886,0.6532357017171132,0.8762197328161462,0.9824372591488577,1.2007756252622168,1.2054190359879602,1.286183349056664,1.3289824041727083,1.3915342638563786,1.582411422141038
pilot_v1_00003,3,data\raw\audio\pilot_v1\pilot_v1_00003.wav,0.9082851409912109,0.8402072191238403,0.521696925163269,0.28443339467048645,0.05443882569670677,0.227120041847229,0.6168605089187622,0.109968401491642,-123.10910143846934,5.077656279893426,-4.20666455928693,0.2174309007259562,-3.1907259647539727,-2.0630384253772043,-1.2443044242348131,-0.43783666105020475,-0.12316343741083323,-0.2425045971855818,-1.5237752232844683,-0.6006931125265899,0.2008960459315972,50.802884088058484,5.45148308983882,4.21604268340431,0.5795894448889424,3.1704268755093867,2.0625457961740095,1.2448219362858148,0.49895373749151856,0.20761100606435054,0.2895840628562265,1.5204103123766,0.5945834991863812,0.21881845468832561
pilot_v1_00004,4,data\raw\audio\pilot_v1\pilot_v1_00004.wav,0.8131392598152161,0.34904927015304565,0.7191511988639832,0.22892972826957703,0.14831894636154175,0.30806583166122437,0.38064971566200256,0.3600494861602783,-153.21927477921454,13.655438247576061,6.55047894563893,0.1785481535300428,-0.6833901505821616,-0.9992926400160024,-1.2263869540750987,-1.3304919466869602,-1.3844265267900617,-1.8186983723322352,-1.7978368912140976,-1.4905347346456255,-0.9708460937748193,16.561232368609264,10.914260709023743,4.998603342904038,1.0784772584357507,0.8981257813956205,0.9020872326501469,0.9966938691432429,1.01333991480012,1.0199783536553961,1.3356225798115755,1.3045516425953712,1.059874463664651,0.6824826352252615
pilot_v1_00005,5,data\raw\audio\pilot_v1\pilot_v1_00005.wav,0.33159446716308594,0.7669577598571777,0.3609532415866852,0.6671808958053589,0.31969282031059265,0.4904950261116028,0.7995046973228455,0.1522575169801712,-125.06974326753358,8.928657754315664,-4.0783787442771775,-0.3146580536692434,-1.7174706446805814,-0.7226076769983425,-1.3837272155397615,-0.8069795999558498,-1.1496354422204687,-0.977672458496075,-1.2759255812344485,-1.1153336977925032,-1.2855694645120939,49.8334077001079,8.725804676979134,4.256561312670931,0.544314053781001,1.7440530830285412,0.7449972242136577,1.3775517632016503,0.7963578511559002,1.1304756602018597,0.9546457416794093,1.2470765433857776,1.0887753467701582,1.256196262697783
pilot_v1_00006,6,data\raw\audio\pilot_v1\pilot_v1_00006.wav,0.2005399614572525,0.561145007610321,0.4056410789489746,0.15070991218090057,0.43442943692207336,0.3447694480419159,0.581781268119812,0.2453213632106781,-154.98047106979698,12.46239465532263,4.294176843374729,-0.48726586301624847,0.3785144439758684,0.27533365789771425,-0.10714851718762039,-0.1046942340246285,0.011818742718976,-0.41575840328671904,-1.1862310918609777,-2.188475116111782,-2.949622145543577,19.67084304505278,12.760825799027392,4.112546405059581,1.216085618572317,0.7948223951439278,0.4255985091180893,0.5207233724509936,0.3934379774747715,0.1739786200065211,0.44827453817791135,1.1165839254303644,2.0535836784707753,2.785464058458685
pilot_v1_00007,7,data\raw\audio\pilot_v1\pilot_v1_00007.wav,0.7172252535820007,0.6910275816917419,0.06386153399944305,0.46561700105667114,0.20701906085014343,0.1566898375749588,0.9881131649017334,0.4312390089035034,-98.84037353350858,18.884863078814455,-5.337316280841021,0.043549079636141005,-1.4622005019916997,-0.2136448410698323,-1.7239869884530765,-1.7620677873365547,-2.429056652739432,-1.6191374254710258,-0.9265658616030771,0.3410717729810783,0.5661485449245097,37.78245238364043,7.761041949034537,3.0002755650753903,0.6597407674239363,0.8625156540917501,0.2935428387705295,0.7600914453863257,0.7306715745740584,0.9853819609990021,0.6445876808512062,0.3729391261621727,0.18308913048667386,0.23883767130601144
pilot_v1_00008,8,data\raw\audio\pilot_v1\pilot_v1_00008.wav,0.6625480055809021,0.39394235610961914,0.49349328875541687,0.7303751111030579,0.3774029016494751,0.20872391760349274,0.3203166425228119,0.3237268030643463,-152.6547210920078,12.549398561744505,3.5628068003327944,0.011583403639880549,0.6460991104746517,-0.05757095513236862,-0.5744313744718896,-0.9864208162871152,-1.0141369412491845,-1.0720392400371472,-1.1374145042029915,-1.4220261767059974,-1.8620727895543783,19.6805314314131,11.384289482716317,3.3000740833947906,1.0028167270790558,0.6462624946948387,0.37490061070971215,0.6243038936867621,0.9077739750166632,0.879622747302646,0.899842916879389,0.9339998779238913,1.1442842903581933,1.4916769629051296
pilot_v1_00009,9,data\raw\audio\pilot_v1\pilot_v1_00009.wav,0.17709699273109436,0.7902942895889282,0.025920702144503593,0.24849848449230194,0.15624608099460602,0.36927786469459534,0.7018787860870361,0.18159456551074982,-144.57353630354834,14.876337877145206,-0.6075585317328354,0.5296442500212801,0.2904961974604028,-0.2797609642186378,0.21491428440587498,-0.1659595775588464,0.033842622309276815,-0.19332297505300375,-0.7390370705611271,-2.045389088531694,-3.237207137320668,29.42472220735574,14.472234713676636,1.791030130337839,0.6321648295888359,0.3555224340119217,0.315720117488207,0.23487120268296696,0.1992359499019335,0.1195909400447292,0.24506681861723537,0.7172458363170008,1.9871148322708152,3.1552947105847253
pilot_v1_00010,10,data\raw\audio\pilot_v1\pilot_v1_00010.wav,0.29253843426704407,0.44797587394714355,0.7813015580177307,0.38699567317962646,0.0897325947880745,0.4440912902355194,0.516857922077179,0.2638704180717468,-150.47035773199818,16.292209968574483,5.891813620796226,0.5586253172620531,0.2721969480970856,-0.8989030446191664,-1.4225736240205862,-1.3439413340084922,-1.0181865615695638,-0.9497182669708394,-1.007862543733987,-1.3600750797086085,-1.6606924126763545,22.59128043301878,15.149329230801888,5.39504281228585,0.895545326798101,0.38531707344041344,0.9016168816080585,1.3389842143808228,1.2456169762098432,0.9321735816417283,0.8681103351260879,0.9165677270026356,1.2313413132344078,1.5010472496714797
pilot_v1_00011,11,data\raw\audio\pilot_v1\pilot_v1_00011.wav,0.8053174614906311,0.5995412468910217,0.34889736771583557,0.12166450917720795,0.2673531174659729,0.27788710594177246,0.9108977913856506,0.42787835001945496,-113.53776626720794,22.989158917383065,-3.623348510445062,-2.047935594748727,-3.540875807382087,-2.101886587241041,-2.322066209420658,-1.5152317069898158,-1.5318753512054688,-1.2080636148633717,-1.4026069597338973,-0.7797448619820427,-0.10389864328973653,32.390428919373136,10.532544862048539,3.317041719925664,1.4399849035593517,1.7538477582836027,1.0009882726761554,1.0641115282376654,0.6755709279013618,0.667255999006592,0.5203974894196748,0.6154543617817897,0.36159588327907155,0.14341871025155153
pilot_v1_00012,12,data\raw\audio\pilot_v1\pilot_v1_00012.wav,0.9629814624786377,0.5208324790000916,0.1482921838760376,0.019651705399155617,0.3361385464668274,0.18075670301914215,0.49950382113456726,0.21851001679897308,-143.20963475646997,15.699134867178111,-0.27651504978191077,-1.1176214372498119,-2.2087769422054135,-2.3794863194197364,-1.7330769512101194,-0.6606938381451112,0.056073996212926275,-0.32936651708203524,-1.1333099909831719,-0.9683961060442848,0.1734157101802463,30.998375741441784,15.15385146167383,1.5844742035698993,1.2284182265151768,2.1580819324349876,2.294119755094005,1.6589590702604224,0.6312285286351647,0.13275565074871065,0.3316070670680315,1.0923763162672173,0.9264222033032746,0.2200208729428278
pilot_v1_00013,13,data\raw\audio\pilot_v1\pilot_v1_00013.wav,0.4465250074863434,0.6636724472045898,0.5838568210601807,0.5014596581459045,0.10833805799484253,0.364552766084671,0.8806505799293518,0.3825146555900574,-114.27598131394346,16.38498454621196,-5.5239321542864595,-0.9960002614476284,-2.2682789240991315,-0.7449940355426116,-1.4889019094034492,-1.0268935553401135,-1.493855800342892,-1.0718489552479429,-1.2305773957221313,-1.166956215817203,-1.7558087358874044,41.144350326164705,10.427900881999863,3.997101709383094,1.0994173033831138,1.560105681500109,0.5917592528112754,0.9837454492740499,0.6684219603854888,0.9446137385031106,0.6792621314958042,0.7672890055453055,0.7290682316971803,1.083313901599971
pilot_v1_00014,14,data\raw\audio\pilot_v1\pilot_v1_00014.wav,0.08585361391305923,0.3205447196960449,0.2268902212381363,0.3629167079925537,0.24963705241680145,0.47209861874580383,0.2881109416484833,0.2788536846637726,-160.54400960102188,8.825364428772348,7.197153002949507,2.288594580217735,0.3562232159469645,-0.03919374204733367,0.3204004677212678,0.10117248325962976,-0.46547090887118775,-1.1155045673377628,-1.5121381411555714,-2.1254151594784965,-2.902094720960509,13.01352655689742,8.525466617886337,6.644524146162478,2.081000863131908,0.6312501806089456,0.3474459813996328,0.39364932473988457,0.2695578226231535,0.5136572445383233,1.020736904062398,1.367837510509871,1.9089497245222358,2.602103849307747
pilot_v1_00015,15,data\raw\audio\pilot_v1\pilot_v1_00015.wav,0.5671390295028687,0.7256293892860413,0.6913488507270813,0.6284080743789673,0.4214012622833252,0.28265219926834106,0.6817834973335266,0.1367233842611313,-134.404758940041,5.665746103027078,-5.281706583009767,0.9052102857502452,0.6453411087102181,1.0632449106705406,-0.6135594453679468,-0.4653049271951494,-0.23076586333425234,0.40208864134949385,-0.44579134820257055,-1.647642314076913,-3.0177959943885173,41.97657007869839,5.697602859519393,5.51913284503923,1.0652623513568658,0.6550135713587595,1.080268806235088,0.705439551344887,0.49520897551321813,0.26601330634545733,0.4508608606016076,0.4430135746295278,1.6488385058673873,3.043233074391423
pilot_v1_00016,16,data\raw\audio\pilot_v1\pilot_v1_00016.wav,0.6140311360359192,0.3040737509727478,0.022714434191584587,0.16897818446159363,0.06322655826807022,0.3552243709564209,0.8458918929100037,0.2934642434120178,-151.68593342968893,12.174772368637946,2.115638081167381,0.9055047769817602,2.4184157404799986,0.769063140633287,-0.1707942037431192,-0.7067245707020469,-0.5272233777524845,-0.47704813752966824,-1.0149223629232098,-2.229461323824858,-3.347291905022047,20.54254878639295,10.850871937775045,2.0486284645400072,0.8743059752858018,2.1502426416931213,0.7030441007995615,0.3906901944619277,0.7405836882602141,0.513758941099753,0.4753482983285532,0.8950848301983224,1.9435817933173862,2.9173003844371617
pilot_v1_00017,17,data\raw\audio\pilot_v1\pilot_v1_00017.wav,0.10149585455656052,0.7434598803520203,0.4590492844581604,0.43417230248451233,0.29063647985458374,0.1890207678079605,0.4272312819957733,0.12946128845214844,-151.035105272343,13.943920063315828,0.23386913602726467,-2.618632292265917,1.7851449675251387,0.7694025558834978,-1.0444295420554863,-0.3351568666998668,0.38824624981331934,-0.1384271894420934,-0.6561600496246721,-1.6606307626458503,-2.9682862049762826,23.60223264471912,13.87986562782815,1.2478565562962738,2.687963170077039,1.8871797884816262,0.8098377727684483,1.1107429663286748,0.42196848097099393,0.42776649545058976,0.19270947595742394,0.6560968140916269,1.6476469993891174,2.9622618123908784
pilot_v1_00018,18,data\raw\audio\pilot_v1\pilot_v1_00018.wav,0.49338293075561523,0.5379140973091125,0.30207541584968567,0.20206396281719208,0.35089996457099915,0.29759204387664795,0.6415298581123352,0.2230398952960968,-140.69309497535286,13.694620550049926,-1.9817592361634166,0.11856401911644372,-0.5572157919044158,-0.4844058585946936,-1.1967678455723898,-1.1208537782085435,-0.8592682960410675,-0.5667540906176635,-0.7887877580783846,-1.367740538896659,-2.0758401108817752,33.57452363314995,13.20628122181896,2.7786715985989674,0.628418910869192,0.7537193216784975,0.5505147687276569,1.2170129153381872,1.1020940587244719,0.8467235324763188,0.5525596203744267,0.7486414215328997,1.292227596812586,1.9628537706910918
pilot_v1_00019,19,data\raw\audio\pilot_v1\pilot_v1_00019.wav,0.9785892367362976,0.646305501461029,0.7657661437988281,0.6838027834892273,0.17952634394168854,0.45814529061317444,0.23539578914642334,0.36516720056533813,-131.1970524499223,15.329418682685933,-3.992388292859464,-2.611313739209656,-3.7639884385165305,-2.292649758032997,-0.9137918212353869,0.6752645735147346,0.24145389691422148,-0.9092223105996862,-1.7253402652303869,-0.4821635035269796,0.9582694922047096,34.255368898896975,11.494891867856749,3.7882455240628077,2.063228218247879,2.726250186312047,1.6279105649878012,0.7569723736054441,0.5612455606183934,0.2713629690663471,0.759337765824822,1.2105783182657746,0.42769366927893765,0.711954457897768
pilot_v1_00020,20,data\raw\audio\pilot_v1\pilot_v1_00020.wav,0.7584290504455566,0.4645329713821411,0.5682878494262695,0.5810579061508179,0.22323176264762878,0.38323166966438293,0.774908185005188,0.2648142874240875,-140.39343025501276,18.145526823523,1.1544488066873375,0.5429742405025356,-0.3155939093784333,-0.6395530080288218,-0.779371092708495,-1.2883963265531162,-1.3414184285865642,-1.3074823137822762,-0.8315023190572622,-0.2531890093290718,0.3017097852076622,31.70539462423332,16.58530369430081,1.9163924689776615,0.6558342990956656,0.4300198700471644,0.6044523677976269,0.7159166547531439,1.162995000038797,1.2046629980315195,1.1727108554902217,0.7492947627895291,0.2529794782054162,0.31092236434144516
pilot_v1_00021,21,data\raw\audio\pilot_v1\pilot_v1_00021.wav,0.27690011262893677,0.5816581845283508,0.10150989890098572,0.3157951533794403,0.44477924704551697,0.19378593564033508,0.355881005525589,0.4069395363330841,-139.57643414620148,17.4152595428778,0.8224938636419727,-1.3428512101257442,-0.8552549576997226,-0.7872183324366244,-0.6697293513490568,-1.160461744172811,-1.839486849699575,-2.7014216219995966,-3.2318772232552297,-3.2697612312385114,-2.704536295632114,24.657913868429564,11.830056004048128,2.981787673129543,1.7453380177873896,0.9393711501964951,0.7512184597447699,0.6080814814876914,0.793082452973071,1.1185522229542242,1.5792379928707674,1.866060719119688,1.8567225184884997,1.4844713129963862
pilot_v1_00022,22,data\raw\audio\pilot_v1\pilot_v1_00022.wav,0.13023537397384644,0.3769133388996124,0.6568956971168518,0.5478577017784119,0.3097302317619324,0.2696247398853302,0.962856113910675,0.33645498752593994,-153.2290125330378,14.763292408227349,7.8573732457685095,0.5508679489994329,0.11945100677908722,0.9765128356124387,0.5068986189909694,-0.7901234794809634,-0.8428790800576045,-0.5780768910080589,-1.0311140377419628,-2.4270945329964726,-3.6708935309010444,17.333552566286798,12.479133500336669,6.14818872853429,1.256760813314014,0.49804860613777974,0.995751494797084,0.45606497522635014,0.895534771699353,0.7595271446849353,0.5934717006759821,0.8670904957729825,1.8788639670996505,2.8579150817410075
pilot_v1_00023,23,data\raw\audio\pilot_v1\pilot_v1_00023.wav,0.646936297416687,0.8075751066207886,0.22369921207427979,0.0662790834903717,0.13171903789043427,0.4534201920032501,0.5563058853149414,0.17245541512966156,-123.36721703874926,5.648493417074898,-4.8867044001842626,0.7306133016603688,-0.9193537782006346,-0.4020689720007576,-1.570509216095692,-1.6279429743849063,-2.121786729200661,-1.3969010021542372,-1.023840815919324,-0.4537524619042372,-0.7315810980747521,50.29110492340292,5.90543576509304,4.834489677959705,0.7858287945545461,0.9408271055248411,0.4403761906950041,1.5528776182074013,1.611350358425413,2.090643349871144,1.3754327408501605,0.9997092160820719,0.44372540227273843,0.7141669174711448
pilot_v1_00024,24,data\raw\audio\pilot_v1\pilot_v1_00024.wav,0.7328673601150513,0.5448585748672485,0.6439453959465027,0.33174797892570496,0.2527063488960266,0.48355793952941895,0.72723388671875,0.2382248044013977,-134.65997532141913,17.081981734221824,-1.4830031123988727,-0.4656234311985419,-1.9513850071765686,-1.311657074007594,-1.7519803085587666,-1.429281094822547,-1.4043860182020744,-0.9141153836986912,-0.5289291190391067,-0.015037857349957976,0.09524501617739434,38.21028449956628,16.017236238461102,2.369813866084265,0.6243620026121212,1.9079195146186554,1.2318110426244946,1.6425651133296753,1.328094478901232,1.306781576645814,0.8600116087986795,0.5085555952976712,0.13791090941290066,0.11892961070839118
pilot_v1_00025,25,data\raw\audio\pilot_v1\pilot_v1_00025.wav,0.24743220210075378,0.7091771364212036,0.28654277324676514,0.6464032530784607,0.0809418186545372,0.3159868121147156,0.34588930010795593,0.4460258185863495,-146.65035535985007,14.657367458947789,4.299662902313591,0.5746473756101429,2.9101812735483628,1.6558122053042519,0.05757426246153761,-0.6366775612115756,-0.8157854405010341,-1.3023539857141913,-2.125968054242406,-3.4848623103747434,-4.689717943836523,13.79501233775523,8.315258156135252,2.1836866618733315,1.1671688251774894,1.448858466250436,0.7005018359478505,0.7159174338607333,0.5661557861939244,0.38232438138315994,0.5418978418848783,0.7905295504979817,1.33251833017536,1.8409822974695118
pilot_v1_00026,26,data\raw\audio\pilot_v1\pilot_v1_00026.wav,0.3472023904323578,0.3658117949962616,0.5312348008155823,0.036363642662763596,0.16464272141456604,0.16923584043979645,0.9353962540626526,0.34253647923469543,-146.78233906465414,17.895569252904657,5.468219808638119,0.28037747472933516,0.542758573131182,-0.5928393475988121,-0.9945303953729157,-1.2598312908310947,-1.5589541549801333,-1.756155834694491,-1.795625727249849,-1.7997219831917537,-1.6863583225699958,22.119288527106978,14.402025763775049,4.245855022330646,0.9658235870026792,0.55566243729468,0.5927115221816093,0.8270508134625962,0.9867660604505206,1.198683322903525,1.3384019989119393,1.3538303726512606,1.3470275915037122,1.2540446428229226
pilot_v1_00027,27,data\raw\audio\pilot_v1\pilot_v1_00027.wav,0.859997034072876,0.7494062781333923,0.18866372108459473,0.47450098395347595,0.3924437463283539,0.33115655183792114,0.5415293574333191,0.15661115944385529,-129.24134410122866,9.297061517333226,-4.111797248263769,-0.6272742327413372,-1.9194979748406953,-1.1161635635167415,-1.2461509737180132,-0.17313067586203276,-0.2221907804663302,-0.22968804698803377,-0.7361680848242245,-0.3569103509263225,0.04396241983686374,46.451747531884465,9.09461786577713,4.2942003319,0.7872661164576089,1.9292964588160817,1.1059120535298466,1.2417611927084338,0.20986894485348953,0.24036555118723313,0.23350066965737906,0.7264339360009305,0.35946445898627577,0.06329591084212123
pilot_v1_00028,28,data\raw\audio\pilot_v1\pilot_v1_00028.wav,0.8926467299461365,0.43004950881004333,0.3892441391944885,0.4182645380496979,0.41104835271835327,0.43363550305366516,0.8558831810951233,0.29700109362602234,-145.60205622379496,16.940602266456185,3.12893233464892,0.07465675159010543,-0.6507317846812751,-1.5742134603033415,-1.2285594326654643,-0.6896537481455562,-0.11261507726657005,-0.46497463212931606,-1.0976327321865313,-0.9986828824999875,-0.1187608448513694,27.025534432402136,15.481888887172836,3.319939993714963,0.8140256304735242,0.7182498204476703,1.4236348561908745,1.08958539303496,0.6124887413345688,0.20602060500623132,0.415499073708035,0.9391172426433079,0.8524728790322977,0.22332540339092657
pilot_v1_00029,29,data\raw\audio\pilot_v1\pilot_v1_00029.wav,0.376205176115036,0.8221060633659363,0.7287043333053589,0.10358642041683197,0.233427494764328,0.24555668234825134,0.47490599751472473,0.11107782274484634,-129.46463183798895,5.162166240463845,-5.383750254292646,0.8624298567395969,-2.4091973044444615,-2.0603625462083195,-0.9129046212399324,-1.0474860045461545,-1.7983871698669058,-0.45284529207391855,-1.1718403089288216,-1.119190683803959,-0.8951637034802638,44.8062823591203,5.371262264586557,5.396601105815868,1.2644796452133475,2.4273456947779835,2.080155184261005,0.9873830865897913,1.0713899249841796,1.795115716063107,0.5120982713860345,1.1628901738108588,1.1088633928830405,0.8933225311716502
pilot_v1_00030,30,data\raw\audio\pilot_v1\pilot_v1_00030.wav,0.031174514442682266,0.48007988929748535,0.08554848283529282,0.7135802507400513,0.12494087964296341,0.21919818222522736,0.6563067436218262,0.19352667033672333,-152.88053621358202,14.687871221180476,4.308639502733096,-1.5598556993580526,0.6577285435190011,1.3799507467210885,-0.22682932618710758,-1.0473474325566288,-0.15221984954284334,0.053583765543658915,-0.817445601960811,-1.9927650830721122,-3.0394055930819612,21.24975288662421,14.233018203276753,4.167214006206896,1.766053411239664,0.6593648181974049,1.3787099267003824,0.2905927890072327,1.046346705648637,0.2306468398734732,0.25134234711849707,0.798017431794237,1.9369451384397824,2.9550136695065694
pilot_v1_00031,31,data\raw\audio\pilot_v1\pilot_v1_00031.wav,0.5124745965003967,0.6359436511993408,0.44611459970474243,0.2755573093891144,0.3460982143878937,0.4016268253326416,0.26285529136657715,0.4013242721557617,-132.9396897237843,11.88461341898295,-5.629393487270095,-0.10464223222896019,0.674499207988338,0.9227437710082926,-0.3343172375620281,-0.36212589332797174,-0.08699922541938544,0.18539352109346705,-0.7292031773070669,-2.323381059167864,-4.032382788609823,30.124004186589502,7.139918642476914,4.794452112735168,1.2464750672566987,0.6315636201805577,0.6337792927390841,0.5618874444554899,0.36898612375683093,0.20430640470904976,0.32192110755401027,0.4237645017365076,1.380172794730088,2.4583174772640097
pilot_v1_00032,32,data\raw\audio\pilot_v1\pilot_v1_00032.wav,0.5238420963287354,0.40929195284843445,0.7980843782424927,0.05668541043996811,0.20057444274425507,0.3253571391105652,0.629898190498352,0.44099777936935425,-142.17435848736463,17.858536108832787,5.063574204978584,1.816452656772413,3.000024396727316,0.9786739556844047,-0.28740254889586936,-0.9199993981701351,-0.7839618207703404,-0.8400210300796284,-1.6318796143885057,-3.3673450754650736,-5.010099833382364,15.687080002433069,9.500676046782193,2.561519683119954,0.9482571353669011,1.5375931709191488,0.4939175996133025,0.6135581037533888,0.6788602145125912,0.38094053901057423,0.45341036240934035,0.6306119995221142,1.2575484940007127,1.9232955417741568
pilot_v1_00033,33,data\raw\audio\pilot_v1\pilot_v1_00033.wav,0.010986743494868279,0.8442486524581909,0.33362457156181335,0.5589091181755066,0.4283750355243683,0.16480395197868347,0.2485472410917282,0.23317007720470428,-156.62373223894423,11.780259655649699,5.131880196992665,-0.4353152312207702,-0.30107668550276345,0.3692515705482344,0.35628500329399143,-0.2133811297329561,-0.35208977953204623,-0.37401181748255014,-0.7717068712548715,-1.8132585318793317,-2.9278818849391035,18.370210939971464,12.363652026154794,4.950043721903471,1.2745528588542303,0.7377383247094985,0.573699688142553,0.565119988850987,0.47234146197795507,0.4336740642723456,0.4684003740126378,0.7688440108502704,1.7486757508405955,2.8435012948466776
pilot_v1_00034,34,data\raw\audio\pilot_v1\pilot_v1_00034.wav,0.39608675241470337,0.5009399056434631,0.47673121094703674,0.3224048912525177,0.3136376738548279,0.3218088448047638,0.8326669931411743,0.16163936257362366,-140.47363540998273,16.917926336020017,-0.11907764407611113,-0.17673412322519347,-1.2199899535177288,-1.0789529631031032,-1.133158354582782,-1.1041919599094276,-1.0050391315288887,-0.9346415053876809,-0.7444514382295615,-0.6193198946836993,-0.5600321613708609,34.31509379149749,16.73061160615804,1.7257075474526495,0.6264134046732869,1.2778340908820105,1.07026746849163,1.1182870926128103,1.086295744277294,0.9806715236807556,0.9133395410068949,0.728577363623251,0.609466926531506,0.550041999112729
pilot_v1_00035,35,data\raw\audio\pilot_v1\pilot_v1_00035.wav,0.881583571434021,0.6137662529945374,0.041165485978126526,0.572973370552063,0.1418735533952713,0.4880124628543854,0.43883875012397766,0.3475914001464844,-127.38405737670176,17.070968286485208,-2.4555641233067935,-1.1026042366130346,-2.833156067314247,-1.8489200181874115,-1.6387214432935522,-0.0908205579122089,0.5331796712317747,0.3902270740707912,-1.0129367414455883,-0.8258818574636558,0.44122363097596395,37.80702241380245,12.79899532862225,2.682313856641568,1.1177025644769396,2.1810432629970955,1.3730215701965045,1.228173772812057,0.1409949923874668,0.40910910412817897,0.31057233200549045,0.7919718224407724,0.622166106363763,0.3750953854954397
pilot_v1_00036,36,data\raw\audio\pilot_v1\pilot_v1_00036.wav,0.847714364528656,0.5743168592453003,0.24372494220733643,0.6932505965232849,0.06088479235768318,0.4081321358680725,0.9524207711219788,0.11696040630340576,-132.40306893984248,15.539324621050682,-1.5959583299885272,-0.03540634910212658,-1.7497311309027723,-1.0023830303111612,-1.3237061999266204,-0.5694364368612083,-0.32795115370472827,-0.038937927023354364,-0.49154185243772575,-0.36744911234316424,0.09439492207134902,41.66383562083912,15.248447307978292,1.8343046241469088,0.4205925612365974,1.7960356892305662,1.0237778291429822,1.3228251396338175,0.568829095604742,0.3456394466353759,0.1489663668743779,0.48593133696439467,0.37327113340168894,0.10591424651427932
pilot_v1_00037,37,data\raw\audio\pilot_v1\pilot_v1_00037.wav,0.3663526773452759,0.6784178018569946,0.6761279106140137,0.19114133715629578,0.2820416986942291,0.2243366688489914,0.5714836716651917,0.30291038751602173,-129.9984012328098,13.73223864329099,-5.731192170541608,-2.2625470872124263,-2.400924351735978,-0.2782856321361989,-0.8041347069347169,-1.210820656854974,-1.8603765452143075,-1.0066646400227903,-0.6072524580896478,-0.5957361857265384,-1.2341931721810508,39.30607429562591,11.654712222164113,5.376338948149044,2.040410857988175,2.1030780827838584,0.5511319641642032,0.7470476455890515,1.053693193438901,1.6101043575572154,0.870446662261074,0.5381948134841018,0.5194677434959383,1.0470811219235963
pilot_v1_00038,38,data\raw\audio\pilot_v1\pilot_v1_00038.wav,0.22846579551696777,0.33644819259643555,0.13148432970046997,0.4275997579097748,0.3719918429851532,0.23907402157783508,0.7598034143447876,0.3954415023326874,-156.91152023897914,10.840958102903732,9.685453722772284,3.949482295766732,1.315177109516169,0.13283857240460403,0.2704055892251294,-0.06813066219140658,-0.6011373502484022,-1.5581783307928072,-2.408096322654758,-3.172583968787339,-3.7596622240662843,11.407675649287187,8.21168999193932,6.541320110361009,2.3816229643754983,1.0210513572142543,0.604646828048649,0.27853551661757436,0.27034243000489705,0.4532225459530628,0.9800727537929372,1.4792186086831323,1.920595794054516,2.2492115821492966
pilot_v1_00039,39,data\raw\audio\pilot_v1\pilot_v1_00039.wav,0.7449679970741272,0.7801375985145569,0.599055826663971,0.17700842022895813,0.19437138736248016,0.42851972579956055,0.3663409948348999,0.1876171976327896,-128.20633223748635,7.132676777740217,-5.451462042445592,0.8426563354743775,-0.5662593409273897,-0.8959436147183178,-1.9683485327169068,-1.2174026163451501,-2.2508913936433177,-1.830353997032083,-0.8301967165705733,0.1608894110687809,0.1869014682443669,45.739895749420754,7.124963884860526,5.385152896754924,0.98427308461442,0.6867537646058459,0.9230908676472338,1.9318246137035142,1.1990654836645531,2.2010085104226405,1.7858312569645054,0.8154922192958958,0.21640888303622977,0.20644886596841455
pilot_v1_00040,40,data\raw\audio\pilot_v1\pilot_v1_00040.wav,0.6277859807014465,0.4434400796890259,0.1694316864013672,0.2688918709754944,0.41495662927627563,0.4639446437358856,0.9485448598861694,0.1245293840765953,-146.8778433790483,13.398753521464945,0.3850849709673645,0.7070750952262518,0.4868784010278488,-0.15395303245843076,-0.8526316660724963,-1.2476362202447064,-1.1310452658951784,-0.9441851058524092,-0.9200809536236374,-1.23345911959789,-1.7631626433530325,29.37882784930802,13.880270032152243,2.1990946090115098,1.0963735395411291,0.6261885398358319,0.3264266165232477,0.9197251483600558,1.3097801639871736,1.1672108906637613,0.9479182857428456,0.9120027119352195,1.2224739651156946,1.7532050615615373
pilot_v1_00041,41,data\raw\audio\pilot_v1\pilot_v1_00041.wav,0.1425180584192276,0.6035984754562378,0.51120924949646,0.7217004895210266,0.24358265101909637,0.30202391743659973,0.5299006104469299,0.28865519165992737,-145.85731387057922,15.884884837202792,-1.3627797287335714,-2.29376997091145,2.3310958012335314,0.3738241484718577,-0.7646282022543571,-0.27221767721708906,-0.1706312771945078,0.04195268827236227,-0.4048491421759732,-2.0388759682120052,-3.3718351810930183,25.811868541418548,14.161925280660999,2.3805182420111533,2.169795451979609,2.2219956681028123,0.5293206583087616,0.8005744975625875,0.30256206776535893,0.22970837132544444,0.19432920992530506,0.37529795035327423,1.7780478577279302,2.9554914854019634
pilot_v1_00042,42,data\raw\audio\pilot_v1\pilot_v1_00042.wav,0.2647995054721832,0.3979751169681549,0.2557750344276428,0.11312724649906158,0.10228289663791656,0.1831987351179123,0.7388380765914917,0.3700992465019226,-151.0481011229375,15.630599038878076,8.108645067604202,1.543784457877507,0.8869305416359299,0.2606266182146867,-0.3660584652666689,-1.1155445664331098,-1.7468884715740327,-2.8258399568530193,-3.586378934549483,-3.712251045582607,-3.012629994064034,17.196743286478693,11.956406371162501,5.649929891115511,1.5193166138071172,0.8215129269354945,0.4240035353341392,0.41354941125382805,0.8262243541497178,1.2265516046357565,1.959680071706697,2.475459936405726,2.546677938321204,2.030930421124844
pilot_v1_00043,43,data\raw\audio\pilot_v1\pilot_v1_00043.wav,0.7773954272270203,0.7857325673103333,0.6139711141586304,0.4072516858577728,0.32969313859939575,0.35076984763145447,0.33266767859458923,0.22784912586212158,-129.61851453266965,7.543420307983783,-4.78593336842581,0.5045224235024856,-1.01973518489254,-1.0656758700076934,-1.6662281703675481,-0.7236003305784691,-1.7458868886099335,-1.4785701901747126,-0.6448781437271345,0.026418107679971506,-0.1019131945617936,44.20888219684819,7.113604416833797,4.772761848318471,0.7553623741072126,1.0425235333320733,1.0452337505415954,1.6105307918700953,0.7285901554933955,1.6692920320244102,1.4140427793930588,0.6226386327474424,0.10354881527526402,0.15472690586199864
pilot_v1_00044,44,data\raw\audio\pilot_v1\pilot_v1_00044.wav,0.9987770318984985,0.3337332308292389,0.41456565260887146,0.4810205101966858,0.2737990915775299,0.4469149112701416,0.6714816689491272,0.4130678176879883,-144.2934334461332,19.190430515510496,6.505795795520764,0.09849648198694862,-0.27113984955798315,-1.3657553048950433,-1.0838525628915483,-0.36583964478766673,0.08702936853213074,-0.5429862602278025,-1.3374489503839455,-1.105943187039309,-0.035017147792937214,18.529359583214948,12.12875462155057,3.8140323149354978,1.2645717612048042,0.6516539546113428,0.8970606285098911,0.6301936786340315,0.3135740190851267,0.4265889720884485,0.36017190868741195,0.7547159066808464,0.6829116605350054,0.3822353998055212
pilot_v1_00045,45,data\raw\audio\pilot_v1\pilot_v1_00045.wav,0.4820154011249542,0.7130369544029236,0.05323043838143349,0.028372133150696754,0.09578755497932434,0.26448628306388855,0.2524227201938629,0.2708197236061096,-137.39594236943245,9.69915978812144,-5.053176086795947,-0.32992502927304684,-1.155913873299541,-0.4004049019702279,-1.427847452044101,-1.0953594768929376,-1.299435345658143,-0.9037740092547741,-1.2115506930893971,-1.35775515218726,-1.9092463505292046,34.40145294089982,8.82750405945715,4.8492728618215475,0.5457087145292678,1.2086720661230332,0.4339276051699616,1.3545682416742464,1.0236008262773832,1.2066917656715783,0.8279744111431404,1.102415200840443,1.2220269261620698,1.712577017767021
pilot_v1_00046,46,data\raw\audio\pilot_v1\pilot_v1_00046.wav,0.1125590056180954,0.5082145929336548,0.7102534770965576,0.6368995904922485,0.16230027377605438,0.20026858150959015,0.866339921951294,0.16632698476314545,-149.21492355817523,16.49729325064219,2.175202740769793,-2.170912502973157,1.7097802189948292,1.1758624447350232,-0.8795842321254217,-0.6331432912114159,0.1121688302020321,-0.21983103371056165,-0.7167829171897837,-1.7419397332227649,-3.159062760611195,24.982459929955787,16.10440987343918,2.3904723484824206,2.2358572094676634,1.713523369581842,1.1663682835939722,0.9068124912926844,0.6300745254723427,0.23731861399772208,0.24492481139716601,0.7063346770204664,1.7110031486150203,3.1168223703137876
pilot_v1_00047,47,data\raw\audio\pilot_v1\pilot_v1_00047.wav,0.5941495895385742,0.6768361330032349,0.3715623617172241,0.34270644187927246,0.38384810090065,0.38834744691848755,0.4598044455051422,0.3304493725299835,-130.82016826290422,8.892063092724229,-6.0376283658817025,0.6405642169532357,0.6843925152024548,1.1818223782893733,-0.5571718948459715,-0.46191140801421515,-0.29884607928141355,0.337047431720748,-0.5487944314010966,-1.941229040363485,-3.6179488978956633,37.941235339383255,6.9122163632350695,5.402078292318076,0.9975493651475046,0.5967918198465466,0.9748935285793395,0.6184059864942261,0.41986123189875063,0.29117395287866343,0.40355615172961956,0.4345987796268362,1.5468962094228007,2.9191305122633806
pilot_v1_00048,48,data\raw\audio\pilot_v1\pilot_v1_00048.wav,0.5785378813743591,0.5247757434844971,0.5393788814544678,0.4545656144618988,0.1256638467311859,0.2720663547515869,0.22392478585243225,0.187263622879982,-153.16042466813852,9.811820851940007,-0.6829621633919372,-0.3286753882526885,1.502957714957236,0.25391206281024786,-0.24439854978582629,-0.5556267494227356,-0.10319196452231591,0.004378280789118756,-0.5084515871731979,-1.8190664490435298,-3.0090139336672914,21.420754268297102,9.702549347467313,1.2043133137799893,0.8369006926477139,1.4775635337277373,0.2943435669394023,0.2683278171256477,0.5550489711349128,0.15764775169200926,0.16879554373605982,0.5022382880625827,1.7764224609733406,2.949376546196465
pilot_v1_00049,49,data\raw\audio\pilot_v1\pilot_v1_00049.wav,0.06569743156433105,0.6589490175247192,0.17881466448307037,0.16030360758304596,0.30328482389450073,0.43963807821273804,0.6054483652114868,0.3295080065727234,-149.06890280882726,17.539151780132276,5.304523787060624,-2.7990420843998987,-0.687799555663572,1.3132062123502444,0.35689788468369243,-0.7772485267083484,-0.10052541841628798,0.08689507707791023,-0.9614345114392235,-2.4385739183490824,-3.4562670252411687,21.171972460376132,14.86269908062905,4.203893659575092,2.9093049873600783,0.7529475229732983,1.326009060518722,0.498201003850234,0.9116309856272139,0.3044326202907873,0.42938245244269996,0.7790026135490009,1.933173661149776,2.744971985820894
pilot_v1_00050,50,data\raw\audio\pilot_v1\pilot_v1_00050.wav,0.4663771390914917,0.3167082965373993,0.6358296871185303,0.6752654910087585,0.438334584236145,0.37507855892181396,0.41331467032432556,0.4222094416618347,-150.58174047435543,14.410225896857334,7.221293146974502,1.5912375702099417,1.1998372183996444,0.3756977004827505,-0.2193820235338184,-0.7142288845802224,-0.8680532219251811,-1.0567066679307664,-1.2657983086190148,-1.6166815863263932,-1.9636118599801105,14.992447230989237,10.201496171995139,4.232949276012942,1.4821707846435068,0.7759022573607474,0.42201147967187275,0.43569541547367596,0.534078336157256,0.5363739449490357,0.5762019330146582,0.6354551105938678,0.779666276459238,0.9250088913361153
pilot_v1_00051,51,data\raw\audio\pilot_v1\pilot_v1_00051.wav,0.9518886208534241,0.7303137183189392,0.2963714599609375,0.22232003509998322,0.2171773463487625,0.2131570726633072,0.8073609471321106,0.2580893933773041,-121.57375122217307,10.605030119772362,-5.207769363560783,-1.3660751404847287,-2.5993937693858626,-1.440160778678196,-1.762180892634691,-0.3370604341355573,-0.16217738087582514,-0.17059080932688386,-1.1700970433926685,-0.7742200533737775,0.042271276842379545,49.318900248846774,9.64575098596139,4.936457936238397,1.2552377902511402,2.3904459733854466,1.3134450351758935,1.6148772633630188,0.31937147754457296,0.22244611000555575,0.173731017791948,1.062078044056424,0.7063570608994244,0.08470488134705928
pilot_v1_00052,52,data\raw\audio\pilot_v1\pilot_v1_00052.wav,0.7930032014846802,0.3814998269081116,0.0938359946012497,0.29535603523254395,0.1855805516242981,0.2891361117362976,0.5966907143592834,0.37735819816589355,-143.28255090851113,19.153030820679774,4.764637859681443,0.3744331377956385,0.6703403610973724,-0.584602730675988,-0.7933639032495629,-1.289203189556223,-1.5521000090616561,-1.550699183592038,-1.1665538606864723,-0.43103572690726083,0.15161170691465553,22.29627360713481,13.7262595347678,3.4373798552514834,0.8832860917990989,0.5899894949547948,0.5092985936077242,0.5639131166051048,0.8629791877962769,1.0253306056210654,1.0169173149942068,0.7574877751326118,0.3106894744683729,0.27066535282001114
pilot_v1_00053,53,data\raw\audio\pilot_v1\pilot_v1_00053.wav,0.3116573691368103,0.8035674095153809,0.43640896677970886,0.5897783041000366,0.35734519362449646,0.4772157371044159,0.977848470211029,0.21324141323566437,-124.35658349757671,7.377685725721998,-4.323106275383395,0.23572263087670262,-1.5440356755576778,-0.9883346990007033,-1.3422262712944018,-0.7375918083548545,-1.4314225320763967,-1.2526162618092287,-1.5525619513635045,-1.4796278456675884,-1.5150717122637365,49.96227863410598,7.011223697188344,4.356426434824261,0.614265338454681,1.5728093715934246,0.9828901663645545,1.3193652269946559,0.720153483999129,1.3761798498946693,1.1931719394333833,1.4751637881707929,1.4050006066625536,1.4470216060657528
pilot_v1_00054,54,data\raw\audio\pilot_v1\pilot_v1_00054.wav,0.1581602692604065,0.46051734685897827,0.38097891211509705,0.07477064430713654,0.29708245396614075,0.3580487370491028,0.39088982343673706,0.14187967777252197,-158.917454483901,10.990117113863485,7.375468491806633,1.448368365405157,-0.4357734037810209,-0.2872176656458783,0.3829089679907171,0.15376912646389676,-0.32979093955645594,-0.8185774119101442,-1.267885386279808,-2.0143266394134303,-2.770454498660671,15.81759753898266,11.1397142438246,7.285390923645134,1.551723937666125,0.6641086816376982,0.4781155356133474,0.42810130621514836,0.3353633554084308,0.3954002930550774,0.8253608245234643,1.2687174212065973,1.9894568778129171,2.758159138464775
pilot_v1_00055,55,data\raw\audio\pilot_v1\pilot_v1_00055.wav,0.6746780872344971,0.5862358212471008,0.7383834719657898,0.5276474356651306,0.06928154081106186,0.17561954259872437,0.7845221757888794,0.284122109413147,-129.56636275724605,17.284547064944128,-2.7162289786119795,-1.133307115421161,-2.7784248633555277,-1.5578844751555971,-1.4214708968086707,-0.32682187065763046,-0.3075438518119171,-0.30597513558159667,-0.8025454939288209,-0.733060408377913,-0.8257388150320278,40.27773303964548,15.164182766715285,2.9700250312441914,1.270309771035983,2.5277724233620305,1.4108122624777153,1.2823215002259036,0.3348950268638151,0.29967898282973643,0.29308244123502974,0.7070716495339698,0.6372205661558751,0.7156107859549491
pilot_v1_00056,56,data\raw\audio\pilot_v1\pilot_v1_00056.wav,0.6981062889099121,0.3526570200920105,0.31812968850135803,0.6202878355979919,0.3400430381298065,0.23294079303741455,0.5054490566253662,0.3943345844745636,-147.7158888878522,16.672146442824694,5.949823840723129,0.539689442494553,0.860846505728823,-0.0022984045735636375,-0.5727352439027072,-1.0527006642683912,-1.3086274132551359,-1.3738727392718197,-1.069233158621462,-0.868971717035987,-0.8450540060739438,18.37313939157212,11.86289814202442,3.925663240827354,1.2607114102920522,0.6701231966475283,0.34080011058044707,0.47774154515825534,0.7010618458997283,0.8240777680919822,0.8423907932544754,0.6321018481379145,0.518877446313695,0.5079856755613377
pilot_v1_00057,57,data\raw\audio\pilot_v1\pilot_v1_00057.wav,0.21285422146320343,0.762032151222229,0.7513272166252136,0.3695821464061737,0.11849547177553177,0.3991450071334839,0.9239241480827332,0.20837759971618652,-141.4082557170234,12.429579850160334,-5.350896380593708,2.3450853342477895,3.5964218283790212,0.4237144212564453,-0.531303741340609,0.02128182167369701,-0.04145415068393334,-1.3755493436564086,-1.5980862712285857,-1.9098546777770078,-2.8306757574028767,32.11112141514384,12.01895998010265,5.640019984058186,2.574697072615535,3.5348227433422563,0.6335024099931089,0.7755947312257297,0.3382995658956069,0.2463182194577593,1.3334634863983532,1.526465330936287,1.8334579427375468,2.7327950421942875
pilot_v1_00058,58,data\raw\audio\pilot_v1\pilot_v1_00058.wav,0.31946441531181335,0.5575101971626282,0.006688617169857025,0.5124725103378296,0.22698283195495605,0.41422414779663086,0.3073633313179016,0.10439562797546387,-143.19849427951772,14.622684697370538,-1.2135408935277334,-0.947200790241345,-1.398329498545427,-1.3188765612544984,-1.1608815593113577,-1.204969246170926,-1.1998256649744075,-1.3042986041167113,-1.3949139668144999,-1.4302712816355907,-1.4499456155955366,31.764360177740283,14.399286314172462,1.960950606763773,1.1607720347598263,1.4892982262704595,1.360717279389155,1.1906211376441815,1.2094844194883048,1.19157672615062,1.2908986534757543,1.3809162305712508,1.4190715422210731,1.4363958901709197
pilot_v1_00059,59,data\raw\audio\pilot_v1\pilot_v1_00059.wav,0.8320759534835815,0.6960468888282776,0.47346776723861694,0.010110856033861637,0.4049939513206482,0.25367021560668945,0.7133123278617859,0.3122282922267914,-127.71861650503473,12.863231009065343,-5.929336296832094,-2.2672494740866345,-2.389190114885752,-0.9477467880676588,-1.6505311258497226,-1.2325249425209164,-1.1251632714912885,-0.6666265206011178,-1.1177796491301535,-0.9117466146847583,-0.4344282661356668,41.774423911302385,10.648001451939434,5.426611056405499,2.022171892687052,2.0960575234116616,0.84456829069167,1.4453175653214492,1.048701017121854,0.9626581294193108,0.5710564108593299,0.937419925667757,0.7593696096505635,0.39961524004883703
pilot_v1_00060,60,data\raw\audio\pilot_v1\pilot_v1_00060.wav,0.9284413456916809,0.4846494197845459,0.6728980541229248,0.12965601682662964,0.39849796891212463,0.15020589530467987,0.2778494954109192,0.1468553990125656,-150.7234990030316,14.029810321159433,2.194305841040261,-1.4866207952075328,-1.6438198412303877,-2.276823000420585,-2.0140348849703127,-1.3566411783188645,-0.6982276042108051,-0.6184477309751435,-0.8376798860710823,-0.5410434420012281,0.15204516372284016,25.090402714891894,14.351295907608392,2.773320902142793,1.780387048972827,1.6963721560381806,2.28420273864747,2.0190443045208073,1.356354150799798,0.6995078377249319,0.6158660753063858,0.8349459462090707,0.5409021080434927,0.2317268962486351
pilot_v1_00061,61,data\raw\audio\pilot_v1\pilot_v1_00061.wav,0.41169461607933044,0.6319198608398438,0.2092083990573883,0.380476176738739,0.17108795046806335,0.3396523594856262,0.6966896653175354,0.3546847701072693,-122.70444633098529,16.943762014549193,-4.042756108769175,-1.1286805076253286,-2.4706708860131448,-1.144299651601084,-1.6218101101322981,-1.0610273906372687,-1.367151868653272,-1.066209284775319,-1.234760115469014,-1.0413448767076612,-1.3194496604705677,39.64525499914511,12.336663972127901,3.5032801595279546,1.1935183782467105,1.905853020185074,0.9083921272844464,1.2189693228944902,0.7958978341680323,0.9936041855816303,0.7744797991570425,0.882191107731053,0.7423911306420462,0.9316210773708987
pilot_v1_00062,62,data\raw\audio\pilot_v1\pilot_v1_00062.wav,0.05787895619869232,0.42605042457580566,0.5523078441619873,0.23754003643989563,0.087387815117836,0.496999055147171,0.4845241904258728,0.4366409182548523,-149.12548120139863,16.979771190567426,11.361899750382726,2.4036530503671143,-0.06521819503986787,0.198862354180028,0.736875382826717,-0.20324529469433833,-0.9560718431485385,-1.3377481809688974,-1.7581468852272908,-3.0665191287427933,-4.6524899645619575,12.836699636772467,10.104440980760563,5.615818317343811,1.3031308295891915,1.0383087980183707,0.4677667725112222,0.5162346263667892,0.42347482746384546,0.6978829680373537,0.622831377125995,0.8175055801673705,1.2476687972584426,1.937854696541005
pilot_v1_00063,63,data\raw\audio\pilot_v1\pilot_v1_00063.wav,0.5394842028617859,0.8267012238502502,0.11597417294979095,0.73987877368927,0.25876134634017944,0.31320300698280334,0.8908877968788147,0.2506859004497528,-120.12940397472892,3.181285130763641,-5.1068756045970325,1.099716889791096,0.35741435302524943,0.8791486678570347,-0.6304610918657154,-0.34620004745455135,-0.29994273720915626,0.1833551129974072,-0.6660431837516221,-1.7399717448415126,-3.0955317568902836,51.266400377025604,3.212010430722632,4.8224520078594475,1.0372122436459754,0.3886368664981456,0.8125653857827664,0.6024259282100014,0.31909284182295233,0.2815037087871375,0.19490224767855704,0.6083258149041892,1.5939532447734583,2.8419632603364513
pilot_v1_00064,64,data\raw\audio\pilot_v1\pilot_v1_00064.wav,0.5350209474563599,0.340014785528183,0.5807264447212219,0.36906298995018005,0.4256925582885742,0.17786210775375366,0.9741475582122803,0.2534109950065613,-156.3510451876829,10.076625608155684,3.434756867172641,1.2470507421709454,1.9897927722779838,0.8517386483336868,-0.09985347497878905,-0.6170259924910737,-0.6154806486009494,-0.6598735087382636,-1.1329275042122555,-2.0963326808189633,-2.996335370851974,18.356573253788106,10.405312108359249,3.389748065175631,1.254911515245922,2.0173093689349284,0.8291527485840081,0.5015624411202443,0.6825790470446484,0.5974536665024913,0.6442849137534331,1.0726967252777198,1.961656987844696,2.830329719943641
pilot_v1_00065,65,data\raw\audio\pilot_v1\pilot_v1_00065.wav,0.04781559482216835,0.7751778960227966,0.1389225423336029,0.6105445027351379,0.2031714767217636,0.36729782819747925,0.5551218390464783,0.41748833656311035,-136.93694506207984,21.297940814710643,-0.7215687388376727,-3.6754977868029446,2.7923090718476202,1.094252229073695,-0.8979511690079847,-0.44093492357540276,-0.14321389676575497,-0.11265225037270798,-0.7031959991550994,-2.738135697970849,-4.650972235171406,21.572594797185968,12.466803109073465,2.598358050068157,2.342497867575286,2.18847595568302,0.7822418671531823,0.9814508632966334,0.42088643476822124,0.2347764954661507,0.23288705870970583,0.40357828723786243,1.3726483398333162,2.3710558275020603
pilot_v1_00066,66,data\raw\audio\pilot_v1\pilot_v1_00066.wav,0.42004886269569397,0.5706492066383362,0.6944807171821594,0.0019699623808264732,0.1384097933769226,0.46928954124450684,0.7636656165122986,0.32461607456207275,-131.5905304764579,18.694747941812203,-2.3058459757402363,-1.7901784747406875,-3.1017193493672583,-2.20172872728041,-1.9859908595956453,-1.0830936354186829,-0.6879144065853838,-0.37740158813074065,-0.5504034100038118,-0.7595202809556559,-1.170749142039274,35.75766426337155,15.233906315017832,2.7496324006576205,1.7088032936673965,2.5830453066725303,1.7797386755670002,1.5929747088697683,0.8868034159047594,0.5891689717806433,0.38210431099697895,0.48286776265008113,0.618698512156363,0.9368394034135937
pilot_v1_00067,67,data\raw\audio\pilot_v1\pilot_v1_00067.wav,0.9346137046813965,0.6834114193916321,0.2362583428621292,0.5074211955070496,0.31701594591140747,0.2854827046394348,0.357113778591156,0.18241442739963531,-135.47610068964437,11.73444309919445,-3.852732022517721,-1.3503977867537917,-2.4261690040435226,-1.0890887609232935,-1.1841388726233226,-0.19354277187524682,0.06354188339919764,0.20285690959263064,-0.762772071676009,-0.605452126315713,0.18013670834109166,39.23460274244376,11.39794579038735,4.070622846532957,1.3522544900728677,2.3849873980803222,1.0708775001786581,1.1658990710688988,0.20090773254617986,0.14357966563954364,0.20557960741501202,0.7410620369819818,0.5968628879265185,0.18278636757509678
pilot_v1_00068,68,data\raw\audio\pilot_v1\pilot_v1_00068.wav,0.8434818387031555,0.5058497786521912,0.035302553325891495,0.38087227940559387,0.2856946587562561,0.20595750212669373,0.6466449499130249,0.28213536739349365,-138.95846015959918,17.473676938293995,0.028930046840996468,-0.0854854849531075,-1.3396649862105894,-1.2815855462216192,-1.2036951884448903,-0.7787547786957354,-0.4979284499943709,-0.6217041451244751,-0.8091674320936126,-0.5432881383386385,0.13075567540616087,32.56232079527243,15.599390856426123,1.755871277296477,0.5536779935241608,1.2707150564096081,1.147143284191111,1.0647292740112069,0.6812817448831131,0.4377717190650565,0.5447723183335174,0.7043798470077784,0.4778496568123906,0.13384684396585794
pilot_v1_00069,69,data\raw\audio\pilot_v1\pilot_v1_00069.wav,0.3247819244861603,0.6101488471031189,0.49661144614219666,0.13950523734092712,0.05731729790568352,0.37215110659599304,0.22798578441143036,0.1399356722831726,-146.87333965432364,13.632498478765461,-1.7641816828049042,-2.705596254998918,-1.819161271074101,-1.6444435940510782,-0.7517621546383614,-0.6583599031008656,-0.811915885182259,-1.1625724242963797,-1.483617495904034,-1.4888245626172762,-1.2350571499476595,28.132482660852503,13.49709190539947,2.207557899693126,2.894376167785589,1.8911206199745307,1.6834519887784465,0.7926385027300997,0.6693858630398343,0.807283971397634,1.146560974044654,1.4646401841357144,1.4702742840801886,1.2227420138075857
pilot_v1_00070,70,data\raw\audio\pilot_v1\pilot_v1_00070.wav,0.20533934235572815,0.4042820632457733,0.3395170569419861,0.7480340003967285,0.1972431242465973,0.4412393867969513,0.8407281041145325,0.21112659573554993,-154.65481722817108,14.01867812993105,6.101638145591796,-0.32126921246745693,0.27178667617138036,1.1869460279148762,0.2556814906966148,-0.9902083852332608,-0.6120685431812171,-0.19868806008123233,-0.8140884436036373,-2.1065973571541305,-3.131359561462694,19.329833520126112,13.505413470613798,5.82484663581974,0.8810934949142101,0.37110754088334524,1.1869383228216697,0.30627649336487545,1.011183472721243,0.6114992654230971,0.31660925063198775,0.7881707186213771,2.0248303492164195,3.0032624608494016
pilot_v1_00071,71,data\raw\audio\pilot_v1\pilot_v1_00071.wav,0.6888977885246277,0.8478989005088806,0.7781818509101868,0.24255982041358948,0.3692055940628052,0.28067487478256226,0.4345923662185669,0.37520062923431396,-117.04439287569011,4.599014993720043,-5.57559625938227,2.6501168589560207,-3.0726015055647964,-0.8611255297492687,-0.6998523543878808,-3.017097745356772,-2.206480124474959,-1.356479145982531,-2.0211105242614558,0.19443225652634794,-0.27747234876702803,42.315125002215765,3.1451671047566006,4.095357652530222,1.923971064250608,2.299069895275007,0.666643829897977,0.7213696926154443,2.0332177849200868,1.5137007678056689,1.0067684353137527,1.3401494045258455,0.31076369381080904,0.2521477325520286
pilot_v1_00072,72,data\raw\audio\pilot_v1\pilot_v1_00072.wav,0.6810793280601501,0.5121339559555054,0.3515850603580475,0.15646548569202423,0.24021656811237335,0.30519258975982666,0.6551225185394287,0.30874618887901306,-137.1335622931403,18.50161666548915,-0.10910916137859594,-0.21253436869982645,-1.178019954668907,-1.1429047283892813,-1.2908682000648821,-1.4166168957457144,-1.3853227711516232,-1.2600647772434264,-0.8581528732883302,-0.4744810007818413,-0.3399117945485479,32.44931729970119,15.693798853982543,2.0380018705830767,0.6752166093295262,1.0884027413916744,0.9708132170686219,1.0816730951216433,1.1804337387559365,1.1541349626051671,1.0466361825837618,0.7089110022473399,0.3971671621937296,0.2868785713917575
pilot_v1_00073,73,data\raw\audio\pilot_v1\pilot_v1_00073.wav,0.1662856489419937,0.6720942854881287,0.716019332408905,0.44814127683639526,0.4184325635433197,0.493261456489563,0.2741469144821167,0.10087078809738159,-150.48100675653876,14.063283502812533,0.041913167575658716,-2.8962568357071268,0.995324697584633,1.4176420794936384,0.19751060626618136,-0.7323638090960262,-0.4130379402791629,0.04951416492427416,-0.5286431162831924,-1.8611051049911185,-2.8533722338643566,25.225568305866428,14.710336627773081,1.8387799369869577,3.128205508323184,1.3575786768044076,1.5310501292345409,0.41297958104832966,0.8460915999526435,0.44727422310309745,0.2544751280442503,0.5434350954000725,1.8830119436293817,2.9076090867898037
pilot_v1_00074,74,data\raw\audio\pilot_v1\pilot_v1_00074.wav,0.3013346195220947,0.3298477530479431,0.07323121279478073,0.21163836121559143,0.3271082937717438,0.3419816493988037,0.857116162776947,0.20502375066280365,-153.8505214933601,13.49480642501224,4.7310492010188065,0.06773455544554292,0.3369106694864176,-0.2522891103083156,-0.6788245188796167,-0.9476150978706674,-1.2394751151664192,-1.6187565865761693,-1.7847489591423245,-1.821369275571584,-1.5917236845409468,20.705102150299698,13.484631218714789,4.596410857986767,0.9474950878646219,0.5190046865798269,0.405470524509358,0.7126350993820119,0.932639377758939,1.2044347731315814,1.5682398793378203,1.728090999320761,1.754887249690121,1.5301908441424124
pilot_v1_00075,75,data\raw\audio\pilot_v1\pilot_v1_00075.wav,0.7887993454933167,0.7176777720451355,0.4087713658809662,0.6727550029754639,0.10497758537530899,0.15954169631004333,0.4636632800102234,0.3910234868526459,-120.10126900850322,14.642352894969,-4.877587875744011,0.01909403144397075,-1.2098233544333363,-0.06807495511022003,-1.5507732231322489,-1.8400775220277616,-2.26007559907008,-1.3432836351368056,-0.637221703902434,0.433729660950778,0.7154951895247856,36.49410376640226,8.928130134123094,3.5895789167788146,0.6195892921774809,1.0085517726622686,0.26258419143373946,0.9880786886025761,1.1110837423592173,1.359874432253812,0.792904075447993,0.39149504194221535,0.27752617354828296,0.42079190646070275
pilot_v1_00076,76,data\raw\audio\pilot_v1\pilot_v1_00076.wav,0.9424207210540771,0.40269961953163147,0.6066311597824097,0.5934476256370544,0.0985616147518158,0.2553583085536957,0.9279868602752686,0.24989545345306396,-145.61146551408387,17.7950934116983,3.554976121634464,0.6154624850417544,0.3976529793066383,-0.8210066199386168,-0.64668686660337,-0.5267829797299368,-0.28816533711858894,-0.6316102850050558,-1.1727531666220206,-1.0995926967459368,-0.3592994402562566,27.187385972272814,16.56898859029384,3.3589374620713994,0.7630253154608155,0.417112017810846,0.8256620995363623,0.6184294980339679,0.4993648264004674,0.29319943981393426,0.5919314657117579,1.084702959547139,1.0104597083001077,0.3553502811898558
pilot_v1_00077,77,data\raw\audio\pilot_v1\pilot_v1_00077.wav,0.4591216444969177,0.781796932220459,0.2742026150226593,0.30193206667900085,0.2709151804447174,0.42291945219039917,0.5466439127922058,0.4358932077884674,-103.56111328417828,11.2850709207084,-8.153141571218866,-0.1926404679240293,-2.0483178777469955,-1.2013421165172566,-2.4160435496958197,-1.6414583144695025,-2.1028240434790413,-1.6099734469161135,-1.9055615066813645,-1.9106430973169062,-2.544508565075178,36.30477498878499,4.378171181077353,3.85158058316104,0.3722328079226046,1.2008929906058659,0.5706852133851146,1.123263474363509,0.6925293881667878,0.9142224781068901,0.6468716020540826,0.800362526683578,0.7511286041225574,1.0133738729315063
pilot_v1_00078,78,data\raw\audio\pilot_v1\pilot_v1_00078.wav,0.07124381512403488,0.4387483596801758,0.518578827381134,0.5383892059326172,0.3874033987522125,0.3918612599372864,0.7345943450927734,0.3541080355644226,-151.9094056241819,15.154990083565771,6.883954921459855,-0.23543794356782616,0.31186833627749894,1.2020547201484288,0.30738603316723145,-0.9046327720018379,-0.5779220181692828,-0.34292018752821646,-1.083580809251685,-2.5504258542911837,-3.7624990224647883,17.860341066932072,12.647913495101616,5.106507268295464,1.4989505408997246,0.538935422311183,1.1754237552140105,0.4652885114928484,1.0359669859936242,0.5125429283887768,0.5485390912431056,0.8202797370603381,1.8686358204603026,2.770214309825726
pilot_v1_00079,79,data\raw\audio\pilot_v1\pilot_v1_00079.wav,0.5897148847579956,0.6074341535568237,0.15098176896572113,0.07720388472080231,0.15863513946533203,0.22992920875549316,0.3407260477542877,0.14623591303825378,-144.16863547650198,9.905414346116714,-3.9992158369544475,0.501690905542644,0.5736543424467332,0.5858934709035688,-0.4668551686238851,-0.4935849996685477,-0.05398124809776993,0.2453337717204851,-0.39920263557103436,-1.7019119831581162,-3.000237583448612,30.11864864799932,9.84233267589527,4.11612381730175,0.5925011085322116,0.5741807885259194,0.5862811588429219,0.47560187017547517,0.4944410951131791,0.09706219973881598,0.2817466598976214,0.3936852775784633,1.6824936286179728,2.9734106152081075
pilot_v1_00080,80,data\raw\audio\pilot_v1\pilot_v1_00080.wav,0.6053264737129211,0.45658111572265625,0.7318346500396729,0.7193357944488525,0.3004131317138672,0.430847704410553,0.5798401832580566,0.3495781421661377,-143.751045935061,13.903309302326125,-0.3114262107870678,1.210265709191381,1.9129339060971364,0.7085663093825375,-0.27226879648748165,-0.8094397092065354,-0.2882187295133477,-0.16995528302864546,-0.8818725944580227,-2.435719707015691,-3.8703141710853743,24.875945152153523,11.059324682364187,2.3789407524635475,1.267542004452726,1.5273599290829771,0.567596299378912,0.4911099832831595,0.7527046521132613,0.27092102929257195,0.2702577689842705,0.661959422818724,1.8042428686564362,2.889420010353855
pilot_v1_00081,81,data\raw\audio\pilot_v1\pilot_v1_00081.wav,0.11810550838708878,0.5909609198570251,0.398613840341568,0.2580815553665161,0.12845012545585632,0.24840852618217468,0.9986968040466309,0.16358335316181183,-147.3300142945267,18.56580116105244,2.4081041946596806,-3.686239947474655,0.4932418835709223,1.1341445156401315,-0.9058132066264902,-0.8129579708613377,0.5235821990430445,0.22287773272588376,-0.6257204679033237,-1.630222090994094,-2.978092341731679,26.819558125185974,18.108216103095003,2.5199942213966993,3.7998917050562224,0.5925001622813585,1.1851679769969927,0.9580048437274793,0.8213891630760936,0.5897104444203772,0.31282437181368633,0.6246844975283811,1.5989805364502807,2.9373114397436764
pilot_v1_00082,82,data\raw\audio\pilot_v1\pilot_v1_00082.wav,0.4747600257396698,0.38533490896224976,0.4429827630519867,0.4009731411933899,0.21352438628673553,0.21632498502731323,0.38254186511039734,0.23528489470481873,-154.34758304796074,12.345960877485819,3.767475865759404,-0.24003376714568925,0.6387811818808814,-0.11211861180368389,-0.6345533537956183,-0.8527205963563221,-0.8493455123245786,-0.9773408050910656,-1.172970777568642,-1.5655621360942935,-2.0471145674870312,19.456059017239454,11.785578846703864,3.569611271140888,0.748999041813033,0.6252999729596341,0.21054220967743878,0.6596960463750974,0.8317115062780972,0.8119111145113819,0.9257086142943736,1.103790367011274,1.4699037734076912,1.9186866024055176
pilot_v1_00083,83,data\raw\audio\pilot_v1\pilot_v1_00083.wav,0.9893089532852173,0.7988763451576233,0.0761803388595581,0.10916046798229218,0.4419021010398865,0.4043932259082794,0.7888723015785217,0.44315531849861145,-99.2917318199644,12.529427550531162,-6.718467655305159,-1.0771438576852594,-4.518250995288807,-3.0926939559637594,-2.8141388389773665,-0.2615854329250633,-0.015573773067820929,-0.41340615031012007,-2.099239138216542,-1.2915043314206283,0.25655219769810883,35.36460156004285,4.0052368580274855,2.922394896980187,0.49657535995294266,1.7377547827345623,1.0446228257105488,1.0571639958705894,0.16984834847202476,0.3103791008470043,0.22125427808070675,0.762936395495935,0.4449005342940806,0.17356577432466852
pilot_v1_00084,84,data\raw\audio\pilot_v1\pilot_v1_00084.wav,0.7731914520263672,0.3119668960571289,0.2771608829498291,0.030585164204239845,0.3608089089393616,0.4807274341583252,0.20268014073371887,0.19229556620121002,-155.67859219040866,12.16682940937558,4.848741008819041,0.32311940936656214,0.2792074287614504,-0.30791820073040743,-0.7683477209360269,-1.1268436201824412,-1.3004690977295297,-1.3769212864188578,-1.0017509855020132,-0.517314261751046,-0.08856423708069995,19.34705158863574,12.458921610434752,4.813914993880085,0.9164186693554568,0.4793952712330179,0.3952826880893702,0.7751263652654913,1.111590560396151,1.2743085000907788,1.3520239606019364,0.9808348169664339,0.513013008123007,0.19304973856938104
pilot_v1_00085,85,data\raw\audio\pilot_v1\pilot_v1_00085.wav,0.2544768750667572,0.7342326641082764,0.6408272981643677,0.49199962615966797,0.18220224976539612,0.31879594922065735,0.6211205124855042,0.40016263723373413,-132.5294533212386,17.909931959146874,-4.425544010649254,-0.8642016764898726,1.3022817494660488,-0.01699416334681181,-1.5186718202853404,-1.4861264387554545,-0.8146758412775043,-1.6352143402903716,-2.5112400053919854,-2.6806377127053977,-2.733588802663678,27.180181707771588,11.505154958234751,4.31966938039048,1.219671131226258,0.9860554945241633,0.5719625015686006,1.140059179008055,0.9891710964333001,0.5645213276697169,0.9981397106540674,1.4673554414548546,1.5201159609280686,1.5241470706608502
pilot_v1_00086,86,data\raw\audio\pilot_v1\pilot_v1_00086.wav,0.15064355731010437,0.5294169783592224,0.198044091463089,0.3490622639656067,0.07196403294801712,0.16649077832698822,0.410142183303833,0.30780234932899475,-153.48234047714627,13.928316788290946,5.58867638107721,-1.2511273559454803,-0.5264404980414036,0.897561251147113,0.4249236809420714,-0.7337612962861955,-0.368958216566202,-0.004380247804472688,-0.6948127625776566,-2.2060248763349875,-3.5199917823098215,18.395439372374284,12.078627087905108,4.721701803943685,1.5932783917909308,0.5932505048952795,0.8988424026543782,0.4094277316460799,0.8096958539509719,0.40136720851305663,0.29547700283185624,0.6014281702624202,1.8612852838722713,2.980297971039352
pilot_v1_00087,87,data\raw\audio\pilot_v1\pilot_v1_00087.wav,0.6341871023178101,0.6550630331039429,0.5343544483184814,0.640806257724762,0.2944854199886322,0.3340511620044708,0.8161060214042664,0.12180960923433304,-130.30970141715684,10.751741505186343,-4.088707776241686,0.020970862611590445,-0.9718752436291049,-0.13698447582815548,-1.1669684791761157,-0.8775694150214762,-1.0931184891955046,-0.6698564243114821,-0.9248686408068785,-1.069157088721426,-1.6925770316324185,44.47388925061258,10.599822079289622,4.309509952062055,0.35971244520084505,1.0314470906889077,0.23135476304080474,1.1926624157189172,0.8915232972671071,1.1081517694306449,0.6652401930548678,0.9166138490043211,1.0538913013109388,1.6662246274484867
pilot_v1_00088,88,data\raw\audio\pilot_v1\pilot_v1_00088.wav,0.7357593774795532,0.4224335849285126,0.11087800562381744,0.5540040135383606,0.11494018137454987,0.3804225027561188,0.2986944019794464,0.22863958775997162,-150.56318194601025,14.705274130240527,3.4757928334829713,0.12137704973319446,0.5479592509163308,-0.16267991087524747,-0.5722362853211386,-0.9682399538903155,-1.1843521306932685,-1.1593363813307058,-0.6706809519007427,-0.09871784394887462,0.34595309456908474,23.597819055769172,14.158646093683886,3.487850752977742,0.7411973283163031,0.5492238174675891,0.27581433695481433,0.5910239514863153,0.9324060548775518,1.1287994074998813,1.1013135663846065,0.6412649459515278,0.12374525271161625,0.34797065639742336
pilot_v1_00089,89,data\raw\audio\pilot_v1\pilot_v1_00089.wav,0.22095103561878204,0.8316105008125305,0.5714197158813477,0.04841550439596176,0.34370821714401245,0.19661644101142883,0.6798425912857056,0.3708469569683075,-140.447288962616,8.836243891178237,-4.381295838415756,4.776818412508966,2.9005699220996917,2.3760097934780697,1.7010518455561638,-0.8660171240120066,-1.5267701804508784,-1.8187175079504716,-2.746363733205877,-3.4437271150489606,-3.502064801912038,26.015513958708546,6.528291666486969,4.267991214319833,3.846555777847652,2.042514402592649,1.6438798776931096,1.1930155565165828,0.9023858628074791,1.0883829074305704,1.2452284669241127,1.8618292899679318,2.327852669788938,2.3702261700384413
pilot_v1_00090,90,data\raw\audio\pilot_v1\pilot_v1_00090.wav,0.37167030572891235,0.4883003234863281,0.2143295705318451,0.5633761882781982,0.40221989154815674,0.2667301595211029,0.48887163400650024,0.28923192620277405,-143.74662642340172,16.45744556663687,1.063133455250453,-0.4543904323933522,-0.7382572247771407,-1.1048995553685372,-0.9578358089685046,-1.0706954206708057,-0.9703141668759339,-0.997683349881219,-0.9516041748377764,-0.933264406857654,-0.9122874232939716,28.96097993117658,15.082955930319319,2.2618302900405105,0.9924755149539776,0.8383551734574589,1.04496463118496,0.8755819981833575,0.9561937902512092,0.8578885273213646,0.8774111034036857,0.8328028681472557,0.8118072619376119,0.7876527146124872
pilot_v1_00091,91,data\raw\audio\pilot_v1\pilot_v1_00091.wav,0.8591201305389404,0.6269094347953796,0.6537653207778931,0.3217567205429077,0.22986675798892975,0.45616528391838074,0.8825425505638123,0.12514887750148773,-129.61456928897186,14.068866073680594,-3.941292558506107,-1.8452492455244003,-3.135176119946585,-1.5897872137931337,-1.2086066898263361,0.193357716759377,0.11423856524286034,-0.19331633746702476,-1.2893074276895333,-1.0243141764684296,-0.07922990505734259,44.73820491084201,13.816979738183946,4.191648848509529,1.8436563225318834,3.116588442766639,1.57633162491462,1.2100148359024765,0.3291593825283928,0.17799640521905322,0.24265411077200685,1.2859748569746081,1.0119441449390663,0.10915245061692118
pilot_v1_00092,92,data\raw\audio\pilot_v1\pilot_v1_00092.wav,0.887755811214447,0.5525500178337097,0.45592957735061646,0.19594056904315948,0.17367278039455414,0.35237249732017517,0.5211185216903687,0.33393147587776184,-135.77404381960912,18.305495750841885,-1.178163741219779,-1.8698990557877428,-3.2380061755403142,-3.0055476303495823,-2.3766085779996344,-0.9089452220998175,0.34826083951934084,0.22218110333289134,-0.9173773092523256,-1.048808508807203,0.1854286786776476,31.817837059095925,14.60351190641111,2.2109456591775096,1.6757898224736876,2.582895317088105,2.3414967195399785,1.84297918290599,0.698007280979355,0.33640918906490996,0.2371433722304434,0.7524202750330032,0.8610707031861833,0.17860047233036125
pilot_v1_00093,93,data\raw\audio\pilot_v1\pilot_v1_00093.wav,0.40444111824035645,0.6996139287948608,0.013334107585251331,0.7016435265541077,0.3958032429218292,0.1918085366487503,0.9026821255683899,0.16985180974006653,-130.07084377779452,10.274896527185932,-3.958528018894028,-0.553015196214837,-1.6812138310575255,-0.7455383641398131,-1.3701827447206443,-0.9922431097388383,-1.2901344765291467,-1.0387922828804532,-1.24574308208543,-1.1685805295556468,-1.4850616482291865,45.748147539130244,10.075891254127576,4.204066382558512,0.7956494207584546,1.7590388490350075,0.7949899621262824,1.3943701029547795,0.9947455176064307,1.2843189132442285,1.0281044512668625,1.2225813678163553,1.1393450214694625,1.4543595057521497
pilot_v1_00094,94,data\raw\audio\pilot_v1\pilot_v1_00094.wav,0.0009235041216015816,0.35765013098716736,0.7688843011856079,0.1866370588541031,0.26212742924690247,0.29482561349868774,0.3161049783229828,0.2741735875606537,-163.0161185565217,6.449347636543971,7.071017961856084,3.8971665790422176,2.021405871106782,0.32297049555144614,-0.34746877588823866,-0.6373735497950287,-0.639203779329869,-0.9818717229756625,-1.5084392390682242,-2.2815178130470475,-3.0372024363918464,10.683113259468318,6.272280302450494,6.605191660036133,3.5403488173631024,1.8402710857798115,0.5734348705780781,0.47366475075962,0.6470203752041699,0.6391128578872538,0.9031762624015831,1.369862790424984,2.055228733432469,2.7437597419189883
pilot_v1_00095,95,data\raw\audio\pilot_v1\pilot_v1_00095.wav,0.5193787217140198,0.7583649754524231,0.31145724654197693,0.4282335638999939,0.08391185849905014,0.46101847290992737,0.7101432085037231,0.416378915309906,-107.37512952057648,7.36083344236951,-8.528801997826607,1.8334276757187131,1.2910425373912506,1.5167514938970559,-1.149814187018921,-0.6714773457624607,-0.27206615025504866,0.5781800093760088,-0.7362048787978305,-2.567784965621966,-4.77544698667778,38.56067784015882,4.076989971268022,4.711610143644671,1.0267276857950558,0.6503940372519504,0.7885719343938058,0.7167653665466399,0.38616508747915124,0.21274305030437657,0.41611799838491936,0.3727074207185465,1.3063045381335325,2.4642620216362294
pilot_v1_00096,96,data\raw\audio\pilot_v1\pilot_v1_00096.wav,0.5072791576385498,0.5660882592201233,0.056350111961364746,0.6547415256500244,0.3631513714790344,0.4496813118457794,0.39593157172203064,0.3657866418361664,-134.75917778396527,13.10277433346404,-3.456027395877487,0.8539550927495089,0.8303683570608926,0.8265009003091214,-0.5562444064176808,-0.5417866610818377,-0.2370971592708893,0.09725100347267299,-0.7734802667737676,-2.2676280555740944,-3.8569138802168443,31.44491098979095,9.432768259789341,3.77467319912156,1.2736950053324854,0.7683258806314162,0.6471592536424499,0.6153092734083976,0.47779670734912333,0.2342441692201971,0.27634683640403684,0.5315244128856068,1.5905951837364167,2.7347040720276876
pilot_v1_00097,97,data\raw\audio\pilot_v1\pilot_v1_00097.wav,0.019890710711479187,0.6874439120292664,0.42394596338272095,0.3365846872329712,0.19079788029193878,0.26161307096481323,0.7770878672599792,0.22361664474010468,-152.57970027068137,15.518499699049762,5.441335739023969,-1.6974989174557258,-0.07901291869474417,1.5859261565655167,0.4378946230902884,-1.070508154851591,-0.5450480727366829,0.0018755957199187226,-0.7663456752330966,-2.207183564152782,-3.1683124056799614,21.118312992844796,14.811351133877078,5.16852128443502,1.9364179203288323,0.3419315783393953,1.5811498269240956,0.44004227117251826,1.0917412067227232,0.5394523479760929,0.3249889295807049,0.7340244463886937,2.1018514714627057,3.0078318675761
pilot_v1_00098,98,data\raw\audio\pilot_v1\pilot_v1_00098.wav,0.38529160618782043,0.34407275915145874,0.36844420433044434,0.4750801920890808,0.05087130144238472,0.20312044024467468,0.5916977524757385,0.1302090287208557,-152.94135537985528,14.363746514848412,4.66135545077579,-0.12689544485294782,0.3886507624712052,-0.24686252450289062,-0.565526003518385,-0.6576442256643994,-0.724172827574723,-0.8985305017525025,-0.8191198934489904,-0.88402227727571,-0.8852073486673853,21.528862563279116,14.126742823802767,4.588113279747839,0.639198462786177,0.43613437308998215,0.2859950937613371,0.5832672197649361,0.6666869283408262,0.7299709017857138,0.8921557820445307,0.8153031720834578,0.8719427199085166,0.8767916455782633
pilot_v1_00099,99,data\raw\audio\pilot_v1\pilot_v1_00099.wav,0.900039553642273,0.7706418037414551,0.7008716464042664,0.04602973163127899,0.27963966131210327,0.38555964827537537,0.9853317141532898,0.29425469040870667,-117.5822323026405,8.269607860094133,-7.094124383677922,-0.4658744625455195,-2.1943320777014392,-2.927061718179545,-2.7927181622986144,0.2978763070049657,-0.2606318185977936,-1.1708874585971565,-1.6003239134259535,-0.7261372341695242,-0.28585261791202854,50.65988846193831,7.089156789205799,6.308537833934455,0.9059620243060478,1.9461555149182057,2.5366308394308885,2.430223436101839,0.44943065548873284,0.3997740469338228,1.0266191026519653,1.385784538263107,0.6629927615702983,0.30614935410349436
pilot_v1_00100,100,data\raw\audio\pilot_v1\pilot_v1_00100.wav,0.870182454586029,0.41744497418403625,0.501841127872467,0.09526239335536957,0.32307112216949463,0.4668391942977905,0.4246792793273926,0.17576654255390167,-149.4334472726305,15.648334149663318,3.4307668656307797,-0.17363428954351828,-0.44654470776987554,-1.5160529866457964,-1.1839243401103714,-0.7168688245500044,-0.360525022660114,-0.8681896536120001,-1.5061338353856466,-1.2489211369231206,-0.3118728423255133,25.40183729338162,15.609647921862452,3.550486796939563,0.7335868437018687,0.5480750454209878,1.5185879661427386,1.175838375931683,0.7061496989374266,0.36533354855591854,0.8496733247921072,1.4717172168452377,1.2236004861383583,0.35265556717648705
pilot_v1_00101,101,data\raw\audio\pilot_v1\pilot_v1_00101.wav,0.3517877161502838,0.8352813124656677,0.16629979014396667,0.413396418094635,0.14485520124435425,0.2992788553237915,0.8062014579772949,0.3398088216781616,-111.36215574118373,7.819530699090182,-5.003577090354641,-0.5065965442568025,-2.7642964408721697,-1.481494632296255,-2.012411468293738,-1.3856931451530363,-1.748280826281886,-1.4233524465012972,-1.6944284682035722,-1.497152122773985,-1.682739714413595,49.975129877669744,6.149258401121694,3.922469065335631,0.4701290791952398,2.1774354819776502,1.1644399697982224,1.5645344198421698,1.0647803312712993,1.3370405086069046,1.0818799176059966,1.285560927257858,1.1267866413238012,1.2676771178753878
pilot_v1_00102,102,data\raw\audio\pilot_v1\pilot_v1_00102.wav,0.24113775789737701,0.4932565689086914,0.6233407258987427,0.2748550772666931,0.20961612462997437,0.18600787222385406,0.21251125633716583,0.410464346408844,-157.8982230017084,9.002610812178604,7.572919099811881,2.3687178560734967,0.57016744944938,-0.2056735776966175,-0.05592012855182186,-0.18110318954601895,-0.5205666110231173,-0.8899287536931568,-1.3498314119544368,-2.3423139396979566,-3.7141589146740497,10.236434142805678,6.529490006897275,5.037422640971504,1.4845237689391946,0.7094335480226283,0.6059366122620975,0.31938535099050885,0.4039600542199559,0.44179914303132134,0.5662880998054646,0.7805044077670953,1.3159661133064209,2.1169983408035256
pilot_v1_00103,103,data\raw\audio\pilot_v1\pilot_v1_00103.wav,0.7243910431861877,0.6233375668525696,0.25890541076660156,0.7040199637413025,0.4317469298839569,0.3479393422603607,0.606559157371521,0.26829642057418823,-133.94225256911685,14.501317773967896,-2.2904873878746943,-0.4559831042360963,-1.4482052577760167,-0.6135706289103535,-0.9354101642509763,-0.7000333458341663,-0.9347145657468858,-0.700877051431698,-0.5711862274636462,-0.06815512919345394,0.13876808281605074,39.608217664700724,13.274619752465945,2.894653374536167,0.8655665933767606,1.4594882397961855,0.633902143124309,0.8896693051310329,0.652787460660149,0.8507082561215317,0.6403467857499412,0.5175472001961303,0.13465895065518885,0.14525941756503577
pilot_v1_00104,104,data\raw\audio\pilot_v1\pilot_v1_00104.wav,0.654069721698761,0.32530298829078674,0.6855098009109497,0.4450971484184265,0.15258091688156128,0.41087719798088074,0.477090448141098,0.1587686985731125,-155.75241842564034,12.335971333783075,5.309232673786884,0.7978039752125122,0.9838054230380912,0.32758361452723705,-0.5142127244616876,-1.0396288466115589,-1.086629150324119,-1.06133609292183,-0.8598759450172683,-0.8117676531622058,-0.9457453088362232,18.88241955319517,12.21258123445361,5.2281974378592295,0.8927661543044342,1.0085642672652697,0.36376067678266616,0.5416841011011678,1.0474063096150688,1.0842603061539622,1.042776033098787,0.8446912888607581,0.8005295162218651,0.9353853341054099
pilot_v1_00105,105,data\raw\audio\pilot_v1\pilot_v1_00105.wav,0.13958120346069336,0.7217271327972412,0.24684305489063263,0.1712283492088318,0.3809581995010376,0.2214420586824417,0.8959289789199829,0.34465134143829346,-144.47196824896972,18.13923517017169,1.7167237991590711,-2.3941856749250787,0.6080794827282727,0.28713905052825023,-0.13466398003777505,-0.24766376934164405,0.05500591986272341,0.02840016070530678,-0.8398782980849229,-2.4350732593296263,-3.7365983613936296,24.48049901942917,14.742186740641069,2.2930516548879507,2.1915132316643104,1.0686040751485195,0.5116153877091836,0.4590975760160714,0.3608248461505701,0.18643735865441805,0.2458366469224934,0.6373644854675338,1.837216896013975,2.8476535748593577
pilot_v1_00106,106,data\raw\audio\pilot_v1\pilot_v1_00106.wav,0.2658451795578003,0.5161745548248291,0.5896754264831543,0.6876552104949951,0.2644692063331604,0.24190452694892883,0.28533217310905457,0.44796982407569885,-147.21760417695796,17.60303032422361,9.194345529423797,0.6310040850188948,-1.4446918003184397,-2.350690037661075,-2.2016924408952656,-1.7933409718734523,-1.1081225614031749,-1.142151579504135,-1.5216957612755813,-2.1518173405802283,-2.5894662078046067,12.93260028600812,9.6165170381121,4.326983968874487,1.2400123713870497,1.2504336677123673,1.3717029244460575,1.1323762696949695,0.8497231745757982,0.4982656759825325,0.4711243250104023,0.5519575294708031,0.7514673470343453,0.8530358875777572
pilot_v1_00107,107,data\raw\audio\pilot_v1\pilot_v1_00107.wav,0.7530047297477722,0.66754150390625,0.1283646821975708,0.2084568440914154,0.09250663220882416,0.4257105886936188,0.6916972398757935,0.24021153151988983,-125.50367636383336,12.826396110215233,-3.6942765396331176,-0.12537573047108247,-1.3289391933333663,-0.2862364038380611,-1.3690009583407332,-1.3907334252801116,-1.8948312380257175,-1.2804784586592226,-0.7782582991247449,0.17236116407613353,0.4298738587130537,46.37957794483052,11.941086390270575,3.656174961615469,0.39068065907382016,1.2877111081606407,0.28598622963220827,1.2809795672479247,1.2890168935370367,1.7595255799581113,1.1865094454200675,0.7216070350493435,0.17086067599118843,0.3995442415050163
pilot_v1_00108,108,data\raw\audio\pilot_v1\pilot_v1_00108.wav,0.9703418016433716,0.4519290328025818,0.3304942548274994,0.3049303889274597,0.11103277653455734,0.3282303810119629,0.3062036335468292,0.4061734974384308,-144.57630201168075,18.26723374291896,4.744650628088753,-1.0376755502106192,-1.3825272595553646,-2.4018299926389166,-2.041948625126999,-0.9606649921803916,-0.22976729302238458,-0.6113032555224308,-1.3512442168275487,-1.1991718765734236,-0.06692659752143311,19.44577308039253,11.814853826143795,3.0115525183976195,1.3413248357278449,1.0443668224533529,1.524549952694752,1.26115634847825,0.5814906828872969,0.33489051192972313,0.3658704803134253,0.7924733045123582,0.6935278735403216,0.3019983042059099
pilot_v1_00109,109,data\raw\audio\pilot_v1\pilot_v1_00109.wav,0.48685961961746216,0.5948327779769897,0.7887147068977356,0.5787305235862732,0.3335537016391754,0.16203753650188446,0.7246771454811096,0.19841858744621277,-136.59946533509103,12.49788743381667,-3.2959025240917548,0.11210317925557556,-0.8221567518724817,-0.2938733732907595,-1.2505468236561816,-0.9621807277975013,-0.9068448453658171,-0.4246217101618884,-0.6682197945142415,-1.0324288681362912,-1.8127258251410887,37.92612203841533,12.141145946027953,3.711478071207733,0.5159640702738653,0.9569873291919649,0.3714601771298527,1.2499892499190846,0.9544545159297488,0.8966582136977523,0.42111544173180515,0.6486652971191289,0.9927236476679492,1.7416171807951273
pilot_v1_00110,110,data\raw\audio\pilot_v1\pilot_v1_00110.wav,0.10582178831100464,0.3900906443595886,0.04429733380675316,0.062257878482341766,0.42487722635269165,0.324596643447876,0.5065600275993347,0.11579891294240952,-159.81224443773849,10.094315297216772,7.052171417691015,1.6603371671380107,-0.20124029401491325,-0.2092741208525537,0.3279904890243767,0.10856831335557149,-0.3808855800961824,-0.8397641804081233,-1.2191359090394909,-1.8519460830027654,-2.6381771692103335,15.432794417792289,10.906831476201186,7.23278529985491,1.7140486875194398,0.774135154443149,0.39765376931935764,0.46526247352088684,0.31580166599403364,0.5142759224798192,0.8599435178006944,1.249502332993455,1.8674393747881641,2.6657482063337827
pilot_v1_00111,111,data\raw\audio\pilot_v1\pilot_v1_00111.wav,0.6244759559631348,0.7949684858322144,0.48609936237335205,0.5416164398193359,0.24627098441123962,0.48516061902046204,0.9125104546546936,0.30167949199676514,-116.17008805242214,5.565526564299668,-5.684407709913259,0.948455166831217,-0.04899483244093762,0.243481187417925,-1.5027863896953448,-1.2622456697480686,-1.4238737875669343,-0.6970229981656197,-0.895309463337812,-1.2218307225900875,-2.18504393397617,50.987914059669436,4.797107105136173,4.9402945351963075,0.83297981053969,0.2875915448390462,0.24242521090521485,1.320910480751738,1.0916266574384517,1.2407894528347123,0.6004037102509091,0.753937758108619,1.0201016564760101,1.8240919477037782
pilot_v1_00112,112,data\raw\audio\pilot_v1\pilot_v1_00112.wav,0.5775837302207947,0.3722054362297058,0.20608875155448914,0.255037397146225,0.2880394458770752,0.15303640067577362,0.7516128420829773,0.10665726661682129,-151.57273366728853,12.055813420401654,1.3861501981206499,1.121976543838429,2.112777567249067,0.5439104588955438,-0.274730866189585,-0.724174238670735,-0.46010691734357256,-0.31508996645345505,-0.8632521247029299,-1.9363010711634547,-3.043821361829249,23.141305891334337,12.019468035275077,1.7760610902711635,1.1586092161570483,2.136787928434263,0.5716700092166871,0.36366253802507664,0.7613387119449976,0.4727028276819761,0.35504986468287036,0.856358236016629,1.9372719765804363,3.0591670291477673
pilot_v1_00113,113,data\raw\audio\pilot_v1\pilot_v1_00113.wav,0.09017966687679291,0.811527669429779,0.6635176539421082,0.7340986728668213,0.06590907275676727,0.33684322237968445,0.37067416310310364,0.3144098222255707,-145.78718568947187,13.714761756533953,-2.283323785805396,-0.4011697737801993,1.7988329667804033,-0.6938692686442864,0.44201990004427855,-0.3256781444010742,-0.580470874456945,0.357937359876656,-0.5423335451335961,-2.2031479876872675,-3.303387348345909,25.057455720588163,11.7098249869268,3.066641794383625,0.7727570664757442,1.7035026700725109,0.9315339754217161,0.4652919034804518,0.4529681548921681,0.566648201770541,0.44389857025969304,0.4713565588459003,1.8510952308216837,2.763826436676186
pilot_v1_00114,114,data\raw\audio\pilot_v1\pilot_v1_00114.wav,0.44000181555747986,0.469207763671875,0.11909227818250656,0.12406067550182343,0.17614805698394775,0.49974411725997925,0.9605625867843628,0.38523685932159424,-129.40055160110467,21.789913909602557,0.1673204867531342,0.017189207573276046,-1.291651195290412,-1.260552505483983,-1.5786242365332255,-1.655086155684956,-1.682504307560834,-1.6414390890628638,-1.5939080505446412,-1.6165709822835066,-1.800078122760501,30.742866653034685,14.35969561039882,2.422277842057777,0.978768501240173,1.0131117517314594,0.8512880781812211,1.001936878194829,1.033474954759321,1.0454889355854506,1.0093498600959447,0.9697727256019908,0.9801208276205557,1.091017500012116
pilot_v1_00115,115,data\raw\audio\pilot_v1\pilot_v1_00115.wav,0.9547339081764221,0.5778058767318726,0.5616896748542786,0.39779171347618103,0.35436370968818665,0.31030839681625366,0.5671015977859497,0.1993599534034729,-138.99883806892586,15.010627673478727,-2.038491361468552,-1.6056932081963995,-2.8333174602961884,-2.153090321277472,-1.8173305674048779,-0.47773266031786643,0.4400429552362101,0.5434061999132246,-0.6266805224775516,-0.8671334456504355,0.023204173353673137,35.70737294740033,14.662834878212008,2.71993337939185,1.6833289895387733,2.8016783241871077,2.089618808506185,1.7659809612173143,0.4791133471190887,0.46304789190103074,0.5362135055345865,0.6179653529843019,0.8455288851942969,0.07430185600448617
pilot_v1_00116,116,data\raw\audio\pilot_v1\pilot_v1_00116.wav,0.7998930215835571,0.5340113639831543,0.7606953978538513,0.4949979782104492,0.44834673404693604,0.23572859168052673,0.8307015895843506,0.4306195080280304,-129.45581847392765,22.524539229951213,1.203446139751291,-0.837437641234964,-1.9317148262104409,-2.61683329177161,-3.0475196080634963,-3.0811853701211094,-2.499885355328387,-1.5803385201095965,-0.5863086536465318,0.04724243796773992,0.1930117207692184,24.918132221140578,11.57924797592158,3.0245157510410903,1.3200891288067211,1.0413315026582959,1.2025570138637705,1.3859409500405595,1.3562378274496316,1.049248214236354,0.6593399684971936,0.30722830825477193,0.16286569343298685,0.22003889104564148
pilot_v1_00117,117,data\raw\audio\pilot_v1\pilot_v1_00117.wav,0.28148362040519714,0.6510642766952515,0.32126152515411377,0.015868056565523148,0.2195788025856018,0.39629313349723816,0.449349045753479,0.24474458396434784,-142.02722541585433,13.724719453463317,-3.001613611992241,-1.4387419745407546,-0.8958280775281349,-0.10903946322014643,-0.16869435490067852,-0.7590879721014233,-1.4934790429593436,-2.2577845244051655,-2.73727564316317,-2.6347801105025437,-2.0148009076598923,31.189124188620234,12.866715795144128,3.5013052645848655,1.4797130853480582,0.9628102758008535,0.2997147828687474,0.2829002856895036,0.7433391875693123,1.4031875803769027,2.1019297546857025,2.5430327206695913,2.4473529092388366,1.8735887318914595
pilot_v1_00118,118,data\raw\audio\pilot_v1\pilot_v1_00118.wav,0.18644292652606964,0.30794236063957214,0.4640980660915375,0.6258602738380432,0.1345052868127823,0.41709738969802856,0.6319124698638916,0.15150977671146393,-160.81858608709152,9.127949197711107,7.152810514748196,2.2008515303601404,0.32248534182196276,-0.05978227885101832,0.3274862629307618,0.05114735508464644,-0.5149960946424365,-1.1102801769534865,-1.4216117373247423,-1.896720713474599,-2.6313233041160435,13.842225093131471,9.134398624162634,7.01105361109777,2.1652345666442017,0.4499662419988502,0.2078015277278265,0.383242974120596,0.2181391430114524,0.5395838255104286,1.0953052446762042,1.4113975530102663,1.8761931526135551,2.608947758260682
pilot_v1_00119,119,data\raw\audio\pilot_v1\pilot_v1_00119.wav,0.6696813106536865,0.738802433013916,0.003558289958164096,0.35228946805000305,0.30685853958129883,0.25090378522872925,0.23808567225933075,0.35925906896591187,-130.02329694203925,11.034777866404935,-4.5206920643083,0.6438741162987095,-0.38352662729875686,0.15009559332179953,-1.5151677410759532,-1.9107406958645072,-2.430430478948398,-1.5615923473936788,-0.7730585476725185,0.13726763528062502,-0.12297211827244259,35.63361006192602,7.8444195633244345,3.8766607028824813,0.7306016331131714,0.6275264830623317,0.2845143743957988,1.221976041033843,1.4415282142206682,1.835635120651452,1.1426303013702255,0.5584912382736509,0.2502460768033923,0.24102966250024324
pilot_v1_00120,120,data\raw\audio\pilot_v1\pilot_v1_00120.wav,0.7087488174438477,0.4751533269882202,0.4270271360874176,0.09261259436607361,0.07746589183807373,0.29198798537254333,0.870673656463623,0.4230291247367859,-127.34236169601783,24.997068879551158,2.177211019218804,0.290906456808137,-0.8312576551972013,-1.4391512058216553,-1.7737053674322636,-2.3529963135613015,-2.423618723523845,-2.283002246562458,-1.486095913816887,-0.6131112913309593,-0.002869329808774023,25.81530332498089,13.161974061702516,2.7642036977188096,1.0643597176098014,0.644967116941241,0.7467145954143152,0.8302261853959391,1.0843107383404607,1.1084311499567119,1.0592321437793832,0.684414445511451,0.2882672914857625,0.20245265806812837
pilot_v1_00121,121,data\raw\audio\pilot_v1\pilot_v1_00121.wav,0.19424563646316528,0.6395441889762878,0.0907178521156311,0.5215256810188293,0.256072461605072,0.4744279682636261,0.45161327719688416,0.2589785158634186,-148.5742889119549,16.544262021175957,2.024495155546963,-2.7543588577908875,0.9247151656411923,1.2552410249169481,-0.27442220706299514,-0.6824313518307357,-0.05141012412500868,-0.05291770045818851,-0.7597273174575437,-1.9935059829413657,-3.177818296177223,24.488061268557566,15.523542212827637,2.297233842956465,2.8247744444675473,1.0197962712325006,1.2025260160763316,0.47585692011085867,0.7136255639327149,0.17747007904361367,0.2350121482666858,0.7022029798504877,1.8261992840229846,2.911484488856834
pilot_v1_00122,122,data\raw\audio\pilot_v1\pilot_v1_00122.wav,0.3361799120903015,0.4350762665271759,0.7477638125419617,0.28941574692726135,0.38974905014038086,0.360815167427063,0.6670989990234375,0.17687346041202545,-150.2713317692655,15.364315312268817,3.788426613623282,0.1991486805105729,0.301298630616162,-0.6187209322043769,-0.6683356773585991,-0.9010105765564446,-1.0116736266943245,-1.1112496800849787,-1.203466548289427,-1.2742974713656543,-1.2558542040452318,25.007892400835264,15.681969689515935,3.924633864239145,0.7857088927303129,0.5029152486532096,0.7068311276376424,0.6889086890908408,0.897104332418668,0.9946413863046837,1.0873117223511037,1.1771755626211002,1.2418482394050785,1.221311114244301
pilot_v1_00123,123,data\raw\audio\pilot_v1\pilot_v1_00123.wav,0.8233245611190796,0.8184723854064941,0.384098619222641,0.6074358820915222,0.16722756624221802,0.17274631559848785,0.2605651617050171,0.3190484046936035,-130.37432301287026,8.111828898911233,-4.166150496150822,0.5478117922966732,-1.8592798440657012,-1.0631228595783098,-1.1106890246506969,-0.6849909710372957,-1.1905990061460674,-0.8896237082087313,-0.760069839106503,0.02032519484269189,0.1122467973637987,37.663095602713504,6.808667259295101,3.6449942090007084,0.457466608769243,1.6512244478218596,0.9389890060463489,0.9443857078479194,0.5607472173297525,0.9679778313823098,0.7218550546675429,0.6280409632691927,0.09161116912058205,0.1461122809337276
pilot_v1_00124,124,data\raw\audio\pilot_v1\pilot_v1_00124.wav,0.9156778454780579,0.3622286021709442,0.18194502592086792,0.6574006080627441,0.2363113909959793,0.2748754918575287,0.7493481636047363,0.13456584513187408,-149.99286696737332,15.59079156568023,3.7120155434494606,-0.10143600784810206,-0.03308512249020981,-1.0470093506130551,-0.6952700555945223,-0.0823922796633883,0.3707358864320313,0.007433104837212496,-0.7912436882340967,-0.6758086440335019,0.24947394626104297,24.492491547130978,15.37219600875635,3.7162627890374256,0.5763040045795477,0.17249076698449672,1.0602413017034669,0.7125848565835422,0.1395815230348342,0.3726604174799885,0.09702979983314719,0.7929208265093631,0.6735185526690967,0.2814957142631818
pilot_v1_00125,125,data\raw\audio\pilot_v1\pilot_v1_00125.wav,0.4321800470352173,0.7543490529060364,0.5487485527992249,0.22846469283103943,0.4082742929458618,0.4368075728416443,0.3307024836540222,0.27673885226249695,-127.55308608476687,8.821730649047343,-6.036982469454029,-0.4980475658366123,-1.1347046888653916,-0.819650502468234,-2.043461923723082,-0.9784830888332429,-1.015579792371565,-1.1074037411106563,-1.3351390521119897,-0.948612556220305,-1.3106080954199453,44.86242080965303,7.811058503558426,5.731635003019085,0.7733012560258117,1.1530261122489185,0.7681729649208819,1.8852835074037686,0.9043699727830358,0.9234223236671868,1.0017052167967637,1.2056040198913642,0.8457853977335021,1.168005678003518
pilot_v1_00126,126,data\raw\audio\pilot_v1\pilot_v1_00126.wav,0.03550243377685547,0.5485430955886841,0.293239563703537,0.46052879095077515,0.3497633635997772,0.37797313928604126,0.9380834698677063,0.3805706202983856,-146.26718761623977,19.51824488482483,6.909742985503695,-1.9976441417238038,-0.2417745026262288,1.4683446319505882,0.23412471580493135,-1.0990011217768094,-0.33663607439959986,0.07248898744331225,-0.999421212723184,-2.751035998719895,-4.12594131150651,19.739576608568044,14.304141292284422,4.446367010043255,2.444601342802903,0.6348349063436868,1.3361741026660725,0.5113312002390513,1.102038167610318,0.4130522164977415,0.5466903201887621,0.6641254535592972,1.7694973591763947,2.6621504194918733
pilot_v1_00127,127,data\raw\audio\pilot_v1\pilot_v1_00127.wav,0.5541407465934753,0.7042001485824585,0.6264615654945374,0.14262309670448303,0.12138558179140091,0.21041204035282135,0.5319147109985352,0.21652328968048096,-134.02420690030596,6.981072710788021,-6.800372159009479,0.4750581496073686,0.9779785210426358,1.6573265760486287,-0.6491188660254521,-0.8902882761852144,-0.3678284609935324,0.7036599343973634,-0.29505232061355396,-1.8605243826957782,-3.3289128645243,39.04053127151526,6.96487300445928,6.6855213995333616,0.5470336506610866,0.9720115577695793,1.5997545753760352,0.6754353862048857,0.8891667156998327,0.37618870108425445,0.6995983259545051,0.28682824682762037,1.7798607030794444,3.192056135091497
pilot_v1_00128,128,data\raw\audio\pilot_v1\pilot_v1_00128.wav,0.5478531718254089,0.3962453603744507,0.195632666349411,0.39031240344047546,0.3172871172428131,0.4869735836982727,0.6744675040245056,0.2723252773284912,-148.05296873753076,12.946249742820296,0.660485675537227,1.4064109040948978,2.0237540419642985,0.5998564446541522,-0.2481360783344171,-0.813691852411371,-0.37137059636931435,-0.2797243882860301,-0.869093227137763,-2.156332531825179,-3.3722547534749956,24.91867553294737,12.021153679826938,1.9130592539867586,1.3909488789229503,1.8625592092656307,0.5710297952372596,0.41204456290698294,0.8348980576020801,0.35841846261395,0.3496975726450772,0.7887139902780188,1.9323511084286853,3.040971909215114
pilot_v1_00129,129,data\raw\audio\pilot_v1\pilot_v1_00129.wav,0.03336514160037041,0.7882346510887146,0.5351035594940186,0.11907593905925751,0.13968947529792786,0.3207797408103943,0.25563812255859375,0.4144902229309082,-155.53672459910285,11.196302981830485,7.89101637198633,1.0913864303944338,-1.02902511708875,-0.5916977250570568,0.7715278419446706,0.9424784707082223,0.16960100713243315,-1.1039715498475207,-2.1565875219152755,-2.8738961023481653,-3.642219285644385,11.643370395190827,7.965252367537437,5.053343195821781,1.0418580244706017,1.2754939368828337,0.8204030969343243,0.5438017975960991,0.7224979466436889,0.3564190198706564,0.6902502020479045,1.2703926484737138,1.6011079462587343,1.9993335938803667
pilot_v1_00130,130,data\raw\audio\pilot_v1\pilot_v1_00130.wav,0.43456125259399414,0.4452015161514282,0.27955296635627747,0.7278335094451904,0.20617778599262238,0.1658095270395279,0.8631007075309753,0.3330453932285309,-138.541526379724,18.03547336668633,0.26273838343899,0.3172935261697437,-0.13526383071787604,-0.5336517088669194,-0.7242303859568949,-1.1068602068048454,-1.0399810928003306,-1.1758665670403772,-1.2511056851189508,-1.5785914064115667,-1.9597480227803696,29.50729802079533,14.577382021272156,1.9725897426649386,0.6670576015756906,0.3751308927752445,0.5005224404742026,0.618159879699969,0.8945638466696756,0.8273822463500211,0.9196035714894583,0.9692130499441433,1.2156336480827603,1.5005207306557307
pilot_v1_00131,131,data\raw\audio\pilot_v1\pilot_v1_00131.wav,0.9217212796211243,0.600998044013977,0.6401053667068481,0.25177109241485596,0.42736053466796875,0.32637450098991394,0.45674484968185425,0.1690061241388321,-139.9277091975787,13.734321759763098,-2.549396086110439,-2.006196653290503,-3.1215661659083245,-2.4578939360353154,-1.7722460769387414,-0.0791639516478325,0.715745723738173,0.35905610229191204,-1.097589869524383,-1.3013304297691268,-0.23561822054419723,36.15640597188528,13.766716965257421,3.214998808328455,2.138302661101291,3.133173525401636,2.430280374933966,1.7552744049100708,0.2703506677221519,0.7570086791845195,0.37763697738600904,1.101920090743095,1.300800804947166,0.24448823640701717
pilot_v1_00132,132,data\raw\audio\pilot_v1\pilot_v1_00132.wav,0.8255820274353027,0.5099799633026123,0.43755924701690674,0.3596429228782654,0.3714420795440674,0.42747560143470764,0.9453542828559875,0.2900749444961548,-137.8533775254757,17.542031177368383,0.1268058288104725,-0.07099825204417702,-1.3827159970185405,-1.3507212043644827,-1.6143120290180368,-1.413883106109935,-1.257709217990975,-1.0153768301705055,-0.8191569534942026,-0.3144678015799526,0.2405461037751341,34.010106460302445,15.682716174552704,2.211382950520541,0.899344381330225,1.3534488932939466,1.2137429346959332,1.4201092778845195,1.2258702030458248,1.0885319314757005,0.8795435713297064,0.7111000689131166,0.27791975683091424,0.2374235582989056
pilot_v1_00133,133,data\raw\audio\pilot_v1\pilot_v1_00133.wav,0.3420993685722351,0.674231231212616,0.08014291524887085,0.630948007106781,0.19970688223838806,0.23803949356079102,0.5268899202346802,0.1260376125574112,-133.1415859674944,12.361961662831954,-3.5814809140889583,-0.5445200432552018,-1.9416583448756868,-0.804649971603278,-1.3329529225518992,-0.8207187597042137,-1.1440559237705341,-0.9272830788541636,-1.194519708468422,-1.0730311897439615,-1.2654642108964445,41.04278828008214,12.155611104312221,3.6963598974296277,0.6316234609889451,1.970973003760204,0.8152614032061543,1.3353675799848446,0.8142337844488411,1.1309305932376603,0.9123941272117623,1.1759000504956636,1.0565360102630184,1.2459927923457716
pilot_v1_00134,134,data\raw\audio\pilot_v1\pilot_v1_00134.wav,0.1880820244550705,0.33200743794441223,0.7372327446937561,0.022236216813325882,0.05838270112872124,0.22534765303134918,0.7418729066848755,0.23053094744682312,-161.31598555982188,8.522647901186193,7.619691308462329,3.319053203093465,1.4302479914396964,0.5884178277451947,0.557453940671221,-0.03560838697770036,-0.8309400984385312,-1.7040627206510548,-2.194073759746566,-2.493373508860602,-2.6938015811563116,12.907001750544012,8.26189407663929,7.218196798024789,3.128548106280967,1.3793603348875545,0.6193114607390294,0.5700992861371968,0.2232929010025443,0.7990064597500789,1.6256915342805163,2.094419024592295,2.3863548400571117,2.572232902212524
pilot_v1_00135,135,data\raw\audio\pilot_v1\pilot_v1_00135.wav,0.7067357301712036,0.7155346274375916,0.39467230439186096,0.4981384873390198,0.2862030267715454,0.4091547131538391,0.3359316289424896,0.37269261479377747,-122.53659598780752,13.927334843783674,-5.3930334169378575,-0.7184458490520985,-1.1940113595829964,-0.09208952977094002,-1.6088896003373285,-1.6571720743415295,-1.6758579935956424,-0.9367370384875251,-0.7280123618765503,-0.08065599801958934,-0.1999601782696528,39.172641810863034,9.420519488597865,4.306852302828504,0.8210522161918039,1.1198370939444877,0.5519225061376877,1.1341245770845594,1.0910363247787962,1.1462584769959805,0.7026848947864228,0.501946840080175,0.18364008358476624,0.17734517896866894
pilot_v1_00136,136,data\raw\audio\pilot_v1\pilot_v1_00136.wav,0.6676644086837769,0.49941134452819824,0.7744017839431763,0.6025440692901611,0.1044689491391182,0.35180413722991943,0.9556385278701782,0.305849552154541,-133.67123475760187,19.37618613705285,-0.05841500052452794,0.5495794204538559,-0.8999917981536556,-0.6042407758872859,-0.8978499959366288,-0.8326491051754333,-0.9552794372530407,-0.9949690091161751,-0.9755850330998105,-0.7747550194763223,-0.648858676964851,35.29184305095873,16.412485910178138,1.7590584074738713,0.7979858751360384,0.9161106116848883,0.5631318472973803,0.7669326460285926,0.6965034820987563,0.7914271425229747,0.8232443762948533,0.8058961371491096,0.6408605316435182,0.5413917488923108
pilot_v1_00137,137,data\raw\audio\pilot_v1\pilot_v1_00137.wav,0.18027547001838684,0.6166037917137146,0.3076101243495941,0.28184640407562256,0.3260428011417389,0.18424344062805176,0.5744670033454895,0.11998266726732254,-152.43043190842417,14.21635295936621,2.9657536378200167,-1.7957500454580628,0.18686389683993057,0.4509246448931132,0.020106404554804655,-0.0739681373662133,-0.05367686892220158,-0.28691919565357227,-0.7893378401998649,-1.9268198655453646,-2.982644535959433,22.3917110313887,14.30401936751353,3.0649831190586765,2.0501229755633434,0.5264913808884313,0.553339574932156,0.23628633715614436,0.2010428400123877,0.16206009154750517,0.3335258886393682,0.7884318243636318,1.915447304996481,2.993988718981321
pilot_v1_00138,138,data\raw\audio\pilot_v1\pilot_v1_00138.wav,0.2874068319797516,0.4107174575328827,0.4503936469554901,0.5185324549674988,0.41596850752830505,0.30100175738334656,0.7567473649978638,0.19151397049427032,-152.79441252241125,14.058865237702795,4.341787262456317,-0.09046454771309602,-0.038837216168161874,-0.6403220405713206,-0.6672071379671508,-0.8153629042122975,-0.9657889387534666,-1.1966445505679302,-1.3309106573088354,-1.494362128659369,-1.597233689277038,22.6300614841487,14.642251432767637,4.3770372217739695,0.9920774082257618,0.5473793235424841,0.7386236986830896,0.702863173490426,0.8321936488361605,0.9615965863085297,1.179630667434027,1.3002910771373999,1.4513756667728626,1.5472873364807718
pilot_v1_00139,139,data\raw\audio\pilot_v1\pilot_v1_00139.wav,0.8021543025970459,0.8414465188980103,0.017207875847816467,0.0860714316368103,0.2379799634218216,0.46293357014656067,0.3630981743335724,0.3992551863193512,-109.80995786322013,9.255379437439663,-4.6452627980532695,-0.09677337645533883,-2.594983404141298,-1.2903721680432971,-2.0126157795184003,-1.3631716933210776,-1.7448472971299738,-1.3763087803787712,-1.3624778509864832,-0.5412700181027469,-0.12690949182541061,43.07771959974466,5.262699683476719,3.056259561468436,0.2742115622696678,1.6771546773913053,0.7726971355979376,1.2200324675939143,0.7768050804496559,1.0094831712966654,0.7676679428056975,0.7911989291470283,0.3450613796909397,0.23458412153458333
pilot_v1_00140,140,data\raw\audio\pilot_v1\pilot_v1_00140.wav,0.9607735276222229,0.33787816762924194,0.21660304069519043,0.14743483066558838,0.15696682035923004,0.3893764615058899,0.6268908381462097,0.23619498312473297,-151.17913609330333,15.015019745622418,4.129442950828755,-0.4396395538880567,-0.5276149601010928,-1.338473196586916,-1.0245788772877316,-0.31224888277626806,0.14194619092065947,-0.48502760689216207,-1.2674112118731675,-0.9658122263210576,0.08234767285708741,22.414828509069046,14.253301804104495,3.916186576232011,0.7345470252925059,0.5838832041049333,1.2996333747232898,0.982442046890724,0.32735725372693486,0.20506317335756966,0.47241633799132904,1.2029121226845731,0.9119195439551103,0.20767820518046257
pilot_v1_00141,141,data\raw\audio\pilot_v1\pilot_v1_00141.wav,0.44237926602363586,0.777331531047821,0.6529485583305359,0.4681553840637207,0.3843970000743866,0.20130786299705505,0.24535343050956726,0.44393426179885864,-118.78845632622021,11.423885282844703,-7.897816210667591,-0.5436518535997364,-1.4109306383044704,-1.5924529770058375,-2.696811539991528,-1.0097338381231729,-1.6269563215175946,-1.9631310053659259,-1.6538067867138389,-1.3926903096444816,-2.322088300412295,31.169392287642363,4.323939642623159,4.1745884586520114,0.8466488401690301,1.2045900477614753,0.9136389719698982,1.401568064489502,0.6484762994347291,0.8198355961478322,0.8675149315676869,0.7214214256265447,0.5428064002266161,0.8576474486913555
pilot_v1_00142,142,data\raw\audio\pilot_v1\pilot_v1_00142.wav,0.08804622292518616,0.5727927088737488,0.10857999324798584,0.2315150946378708,0.26963523030281067,0.26346954703330994,0.8359338641166687,0.3514024019241333,-146.21173783619707,19.74973746989655,5.822313784538749,-2.8847629404774047,-0.4448903063563844,1.364409410680378,0.013696656837540995,-1.026234519866682,-0.012819518135385066,0.259298302990872,-0.9301873466865908,-2.5094671510244475,-3.769002609118616,21.783441415135805,15.485561944631403,4.255850023621135,2.878854923571209,0.5982949058908608,1.282768846132883,0.4649931669433662,1.011219115443505,0.324829834556649,0.47551136001767935,0.7028373545350581,1.8341697463067212,2.75064246760212
pilot_v1_00143,143,data\raw\audio\pilot_v1\pilot_v1_00143.wav,0.5712999701499939,0.6812514066696167,0.5722569823265076,0.6638616919517517,0.0982903465628624,0.4459090828895569,0.44187071919441223,0.16553880274295807,-134.11918903753232,7.590839800749846,-5.12261388410233,0.9993789685625801,0.49129919203040423,0.9639610236340357,-0.6681835816358094,-0.3765522815809725,-0.2351775721089033,0.3549503636647757,-0.48820580104368577,-1.657179451962233,-3.1135271971658445,39.98970301369975,7.640476095624334,5.167548826684227,1.0122700670102833,0.49200353704461064,0.9456620340798763,0.6688553784396454,0.3740391362191481,0.2360263989559338,0.3749683436546989,0.47668405711601236,1.6275132324130035,3.06612512843315
pilot_v1_00144,144,data\raw\audio\pilot_v1\pilot_v1_00144.wav,0.6181882619857788,0.5547041296958923,0.34180620312690735,0.03895239531993866,0.442398339509964,0.21486854553222656,0.28089338541030884,0.35251733660697937,-143.1509941445221,12.09885598027586,-2.1039557179129904,-0.12345209163313493,0.6458518016784955,0.24807703268869874,-0.5384999132361028,-0.5362857369372653,0.049879694367604165,0.3649931963612321,-0.39603829198661633,-1.9724601786640743,-3.568361264029333,27.48752031465718,9.765050411551918,3.2430030168048347,1.2728415131570363,0.8392573465367934,0.4150273611844047,0.6994437408207126,0.5664075109554257,0.18469095093316149,0.42578484088614343,0.310741932637136,1.5007965407255197,2.7498174792491845
pilot_v1_00145,145,data\raw\audio\pilot_v1\pilot_v1_00145.wav,0.10368461906909943,0.697476863861084,0.7773601412773132,0.4711840748786926,0.21457751095294952,0.3767995834350586,0.6999446153640747,0.14477038383483887,-146.46612364640188,16.418099798604544,-1.850899440116834,-3.4670977320205267,2.829577880846148,1.2174719953722613,-1.2908173440308461,-0.7180551422852608,0.15484879538160282,0.22795833716795602,-0.36590314739841895,-1.8687862383479943,-3.1213529770328243,27.87562162588156,16.14194383025248,2.4275369440939745,3.470780462179494,2.8730874324775058,1.2128241039890402,1.3352680697311774,0.7337521647209214,0.23471383979642058,0.3142906703397721,0.3848754063493305,1.8429170689720091,3.092712475280751
pilot_v1_00146,146,data\raw\audio\pilot_v1\pilot_v1_00146.wav,0.48924094438552856,0.3554905951023102,0.032983582466840744,0.32847556471824646,0.1309017837047577,0.4379359185695648,0.4813430607318878,0.24875177443027496,-151.03465029867047,13.223672574178847,2.127338489752314,0.17037950839974741,1.0620874481980063,-0.2098918873575564,-0.7250721530844544,-1.0361717326149136,-0.9247069049631265,-0.8728538609618981,-1.1409213128636733,-1.7877791369834009,-2.3652379669296035,22.525322577285575,12.54277181778035,2.249371787002579,0.712532279824593,0.9858180792499708,0.36544439755834013,0.7507153816072604,1.0103488685218422,0.8782523217406172,0.8246410753340057,1.0599869059026008,1.6553465493395638,2.1939157338960413
pilot_v1_00147,147,data\raw\audio\pilot_v1\pilot_v1_00147.wav,0.9763851165771484,0.7605080008506775,0.4974559247493744,0.648944616317749,0.30263733863830566,0.2703757584095001,0.88786780834198,0.43462440371513367,-98.8137660143922,14.443370600260522,-7.377257022572995,-1.3688209903571738,-3.209664882900518,-2.2951396585227752,-2.6487128487836875,0.2773410629345046,0.414609648002322,-0.4226711248205417,-1.417880493752472,-0.385802086872978,0.2874387985519733,37.45439483884171,5.549367118091415,3.549601428947331,0.7084436831297067,1.3797594458955793,0.8908902931715182,1.1006415820227609,0.26326299905202694,0.2692614915956014,0.34670659788529556,0.5726437966274166,0.23627810985207756,0.13846223703980742
pilot_v1_00148,148,data\raw\audio\pilot_v1\pilot_v1_00148.wav,0.7552620768547058,0.4288879632949829,0.6999772787094116,0.7110400795936584,0.29616573452949524,0.17733624577522278,0.5022189021110535,0.20629526674747467,-150.0026455034144,15.49649106234803,3.841018194198267,0.12249382469604776,0.4323885446407313,-0.4130488702537647,-0.4770282206901295,-0.6611527142808158,-0.9020403375039312,-1.0818604510966554,-1.0205435303144919,-0.685964457458091,-0.13916409168861224,24.214633296786964,15.114435168177794,3.77694359128131,0.7109529901308167,0.47807509420942923,0.4770408362815537,0.4870235601319396,0.6378159282661244,0.8684150865593082,1.0345853636850464,0.976966687196155,0.6630522972253191,0.1598744969613716
pilot_v1_00149,149,data\raw\audio\pilot_v1\pilot_v1_00149.wav,0.27176475524902344,0.8251726627349854,0.23241841793060303,0.27883127331733704,0.07498245686292648,0.35977521538734436,0.9208554029464722,0.3921644985675812,-113.03088423431907,9.886728743952922,-4.588978480748465,1.8727782581109425,-1.6440518327384641,-0.4338145889797345,-0.9960712325957581,-0.9091029685016916,-1.9939258788751755,-2.4649631667024576,-3.511233733072279,-3.3595996976597826,-2.908027241089347,40.361315870460835,6.206197017173411,3.2213393850868224,1.205579163897852,1.3015543285397313,0.45523939534029245,0.7721723464607904,0.5952354547316419,1.230346201369611,1.4724467957717098,2.098113827097663,1.984453760196815,1.7115867363892703
pilot_v1_00150,150,data\raw\audio\pilot_v1\pilot_v1_00150.wav,0.13341771066188812,0.48184728622436523,0.5752061605453491,0.4215856194496155,0.18349424004554749,0.4755081236362457,0.31035861372947693,0.3102090656757355,-153.4837438708494,14.225590316539419,6.001735205637991,-0.7561291032106234,-0.010489892918924791,1.1484496870660184,0.39342781042287234,-0.8091468907348491,-0.5397783316594785,-0.22433205487124716,-0.8832398708443625,-2.2701792309039406,-3.435169573753833,18.522013724805674,12.828157651626611,5.103435223153334,1.413877913713734,0.4656430357403995,1.136335063107234,0.5100194619860544,0.9049809394663109,0.5408384326400127,0.4094244424341011,0.7581639619144463,1.9077425044036895,2.8955735188344027
pilot_v1_00151,151,data\raw\audio\pilot_v1\pilot_v1_00151.wav,0.6520565152168274,0.633345365524292,0.14279133081436157,0.10100208222866058,0.361092209815979,0.2874402701854706,0.716518223285675,0.10246416181325912,-133.3808372000546,12.348823244201585,-3.521309864989519,-0.4746597348375735,-1.317495327214326,-0.4105213690248618,-1.2831207391221615,-1.2208835305608672,-1.6032261386046969,-1.1735498025425561,-0.9606946677940988,-0.5431165454271624,-0.789663350539608,42.070388928461526,12.233429635820416,3.9024098557367513,0.6973326533446004,1.3785268126812515,0.4660541808448604,1.3108708929394106,1.2404380454311836,1.623088762933049,1.1679523633152218,0.9582664482403005,0.5386209312697502,0.7769356580489946
pilot_v1_00152,152,data\raw\audio\pilot_v1\pilot_v1_00152.wav,0.7223740220069885,0.314103364944458,0.5131350755691528,0.20465078949928284,0.22958320379257202,0.25194332003593445,0.5999420285224915,0.20959697663784027,-155.00169092795716,12.834223314231972,5.152191872356804,0.29059068700617646,0.41541636298726586,-0.14072711880277408,-0.8875751869413673,-1.4760349776947943,-1.6487193742565378,-1.5683460698594955,-1.1269645818141314,-0.5354535990899589,-0.2299400290005159,19.113980828590975,12.425547358613821,4.948019167288129,0.7268739477549115,0.45917167300011186,0.2014858536709146,0.8762839624071614,1.4285482711548574,1.5897416636540036,1.5155624406021808,1.0820768590516472,0.5321913859601466,0.25055123092587905
pilot_v1_00153,153,data\raw\audio\pilot_v1\pilot_v1_00153.wav,0.23497042059898376,0.7320791482925415,0.1549508422613144,0.68048495054245,0.4009278118610382,0.4125075340270996,0.98089599609375,0.3736312985420227,-143.07085168787097,18.08327131872171,2.120706190897157,-1.1506381028340564,1.128002202368172,0.5448462054843956,0.11359495511983975,-0.5363321177549748,-0.331492307849974,-0.24317832137160603,-1.038593578684429,-2.6554620403914906,-4.117712459921468,23.491815706282548,13.573605892732616,2.6599148382583953,1.2702066179604525,1.1537527561880865,0.6008141207765881,0.4241976504481513,0.5282401198940389,0.2583976715099505,0.3263892309075148,0.6929715170728142,1.7684706831948018,2.7728706896179993
pilot_v1_00154,154,data\raw\audio\pilot_v1\pilot_v1_00154.wav,0.3577110469341278,0.5272733569145203,0.6120455861091614,0.16570743918418884,0.3406895101070404,0.40084108710289,0.387867271900177,0.28093060851097107,-143.29389515561004,16.627702084360152,0.39063976732448724,-1.411952534190707,-1.6730700824184637,-1.980074507166894,-1.7109095593252077,-1.6403205813888975,-1.2664146868932238,-0.9668481288912056,-0.6823780045092005,-0.5759439554016063,-0.5567382910271822,29.403801358473608,15.254287700419063,1.9697476926619304,1.5508207018017477,1.5732451768313962,1.7941380029992782,1.5227344744130016,1.4443183403746584,1.1159653972091277,0.8691024729936205,0.6111012224347891,0.5226831622371024,0.49060245614874953
pilot_v1_00155,155,data\raw\audio\pilot_v1\pilot_v1_00155.wav,0.8724436163902283,0.6572232246398926,0.2702553868293762,0.43671494722366333,0.11325975507497787,0.23464782536029816,0.7813435196876526,0.13877063989639282,-128.22772769363215,12.88665635297645,-3.8585254244629135,-1.4012095969735052,-2.5900886685114037,-1.1091163853335735,-1.217527117667603,-0.17156867863494796,-0.02818326850064358,0.14025695028009474,-0.8031278601473494,-0.6394257761297372,0.09681585676049267,45.74530355622767,12.692784239541377,3.9083098093134385,1.4707650766977698,2.567848536926967,1.1021481040277237,1.2047345586672438,0.17959281802608285,0.11367401881066766,0.15053867975715005,0.7886430196225281,0.6304526680530834,0.10555825072313803
pilot_v1_00156,156,data\raw\audio\pilot_v1\pilot_v1_00156.wav,0.9060790538787842,0.4630194306373596,0.07083617150783539,0.5453194975852966,0.08168735355138779,0.31148138642311096,0.2208532840013504,0.32577845454216003,-150.96607491362533,14.590319448167133,3.65777657413062,-0.9367883685732186,-1.310389630422198,-1.6708765072626766,-1.2906295384292759,-0.565099402732495,0.5374316455597162,0.02931972528211718,-1.0292239291920342,-0.5837582340166358,0.2990607549453578,20.49771998117753,12.312029026877227,3.0719210203395106,1.259249447092522,1.1903672735901931,1.4022379257145452,1.0467233620516194,0.5016378356750151,0.6172810887450603,0.15105189124637572,0.939093571619287,0.5973375251189589,0.32031803208108756
pilot_v1_00157,157,data\raw\audio\pilot_v1\pilot_v1_00157.wav,0.387669175863266,0.584506094455719,0.40951475501060486,0.06955399364233017,0.25967568159103394,0.49528786540031433,0.6022210717201233,0.1836218684911728,-135.51449383963077,15.57842087351853,-2.6754324615320924,-1.4097765748134528,-2.6365852969437737,-1.5575518602632257,-1.5368032582143953,-0.8569892159489285,-0.8337376081200882,-0.6483279194651486,-0.8220130859161132,-0.8007752012207353,-0.9587902850980514,38.6956209658602,15.138776202700594,3.1686818976781357,1.4219174188594754,2.611260757229689,1.5120042526221027,1.5004963958965778,0.8430424151481496,0.8140421491893087,0.6341995661859064,0.7979614613727553,0.775484489432522,0.9322791974297714
pilot_v1_00158,158,data\raw\audio\pilot_v1\pilot_v1_00158.wav,0.01775738224387169,0.37889939546585083,0.3539569079875946,0.5843772888183594,0.39474985003471375,0.3413430452346802,0.4165174067020416,0.25498300790786743,-159.73243557153572,9.742821245183865,7.018582901277966,1.664070006522842,0.0804245908839183,0.08729546148788687,0.4314442515538421,-0.09046316978229405,-0.5899724144208629,-0.9082784410468238,-1.1719667546108112,-1.9562985078670763,-2.874501098830833,14.408393425943943,9.89848609183916,6.705556684585038,1.6381680224324129,0.670858507753104,0.39360093243862215,0.5019391675842635,0.348815187058577,0.6510691182209575,0.8764629671894363,1.126890540175753,1.8248744036833264,2.688168985444364
pilot_v1_00159,159,data\raw\audio\pilot_v1\pilot_v1_00159.wav,0.5009952783584595,0.805328905582428,0.715303897857666,0.3132096230983734,0.17317643761634827,0.15190766751766205,0.8103594183921814,0.4190152585506439,-104.73742563659549,3.4657146778015973,-9.557441172880836,3.318967278124527,1.8247004457176872,0.3282738101718772,-0.9908154339467725,0.14819990583598544,-1.0323201649780183,0.6154097651603074,-0.2544318786266598,-3.0142520763179266,-4.768576920508044,38.594368766424836,3.061795228418872,4.939112539884944,1.6930780532400578,0.9176852178451785,0.4472283046108199,0.6639176984891146,0.19324643672800546,0.5436291762193044,0.44492475063395265,0.2130475600521603,1.4759666924810357,2.39450691698525
pilot_v1_00160,160,data\raw\audio\pilot_v1\pilot_v1_00160.wav,0.521151602268219,0.4497706890106201,0.46649274230003357,0.11644377559423447,0.27975836396217346,0.22816383838653564,0.4964476525783539,0.37938588857650757,-146.0413318833158,14.348162393755164,1.75934604825243,1.0354158814310044,2.4416237137967487,0.7770285441476358,-0.17318092868700435,-0.8024795701627463,-0.5219348716292332,-0.4341887032658476,-1.1576895686339508,-2.65589172800291,-4.091068234219662,20.458311903048752,10.384240395224072,2.1454923293696124,0.9679327802573084,1.7947133391594186,0.5599156693793074,0.44173638697113926,0.685846256432682,0.37280137215551357,0.3933914261351182,0.7510729588536512,1.7192012874784053,2.6848605310267426
pilot_v1_00161,161,data\raw\audio\pilot_v1\pilot_v1_00161.wav,0.006358391605317593,0.5969741344451904,0.00281377206556499,0.4046632647514343,0.052328284829854965,0.39572396874427795,0.8774079084396362,0.2152928113937378,-151.9364346304234,16.9033618825831,7.136872048849279,-0.9938562796316487,-0.8795283755537445,0.6593431433481265,0.4422249419139968,-0.619888328070768,-0.48087073163710875,-0.07908214606296164,-0.5839907673706494,-2.0163878568679436,-3.2432258571209918,21.86173060040045,16.166982310901208,6.777109597404146,1.422224747396481,0.9599214220385149,0.6872987902118965,0.45438873334613167,0.6672432606754669,0.4981876238447523,0.277300227156821,0.5793449497587766,1.929950825080662,3.1068760399268665
pilot_v1_00162,162,data\raw\audio\pilot_v1\pilot_v1_00162.wav,0.3987618684768677,0.39224591851234436,0.7583231329917908,0.2663508355617523,0.1936517059803009,0.41901150345802307,0.2913289964199066,0.1330161988735199,-154.59761110378352,13.360666064814259,5.239653635347508,0.11557369361795171,-0.14103754031875673,-0.5700350576587504,-0.8148104380082001,-0.9502633046725242,-1.0106457954521544,-1.119971892884672,-1.1743677850879788,-1.2989474685646258,-1.376606931960274,20.374377552083562,13.407131931081278,5.257258413556002,0.6407095671710334,0.5125490562449232,0.6121631601484222,0.8158914129786021,0.9527795412593365,1.0109786727139891,1.1079736868026082,1.1599202760875658,1.2822829568020424,1.3587941750384869
pilot_v1_00163,163,data\raw\audio\pilot_v1\pilot_v1_00163.wav,0.8862270712852478,0.792829692363739,0.3219757676124573,0.7249725461006165,0.36499667167663574,0.25708043575286865,0.6847665905952454,0.2752349376678467,-123.32406021896374,8.317781994383866,-4.088146221848882,-0.35542098224124546,-2.2732986015663057,-1.6412915909564283,-1.4021337838130747,0.3053080830885037,0.23488728384058966,-0.0317172795476896,-0.847616557864157,-0.3495973279924221,0.31625489104071436,47.923828748421975,7.33467122802704,3.8725583140186,0.5168470734060596,2.069794785421964,1.4729456451619356,1.2763408181028766,0.3076661256769732,0.22195395835712267,0.08696325812564584,0.7621870489462002,0.32280606552825714,0.291432522604622
pilot_v1_00164,164,data\raw\audio\pilot_v1\pilot_v1_00164.wav,0.8533247709274292,0.3188527226448059,0.12453564256429672,0.6336259841918945,0.43380653858184814,0.15772835910320282,0.3235832750797272,0.17838004231452942,-157.06926019131237,11.308430876931697,5.07110879477297,0.5979838368711511,0.13951969414165938,-0.21555232673642272,-0.2886333276703004,-0.2942290890868215,-0.19747709626037752,-0.44385860297694213,-0.5624228907160852,-0.33488831995799817,0.19419774193055836,18.647834840618152,12.0866248303091,5.180131619466127,1.1267366220684258,0.6208902456692832,0.41295574374212174,0.3858569733374999,0.3432176839885611,0.27010165265278163,0.48526616500611225,0.6013860214345538,0.3697499436725907,0.27333744395124226
pilot_v1_00165,165,data\raw\audio\pilot_v1\pilot_v1_00165.wav,0.3700252175331116,0.7281608581542969,0.5577194690704346,0.34524619579315186,0.212232768535614,0.34579622745513916,0.7049109935760498,0.320595383644104,-121.0349174871134,11.80516095526204,-5.967454598185155,-1.2652784027717419,-2.0673815714078843,-0.6636034265131194,-1.9156110276468024,-1.4049475638786082,-1.2288421020875462,-0.6853933967008821,-1.2257422384506038,-1.0751558863609103,-1.1091544429903757,44.980569707096215,9.532458652702957,5.109173269927813,1.139377479194686,1.7515091425596294,0.6235386029975787,1.584025953065863,1.1594786638562955,1.0039083805316533,0.56520585499954,0.9867312626694225,0.86173777453202,0.8820617739286677
pilot_v1_00166,166,data\raw\audio\pilot_v1\pilot_v1_00166.wav,0.22284024953842163,0.5226317048072815,0.2006739228963852,0.4836044907569885,0.1457436978816986,0.4894871413707733,0.513850748538971,0.42425692081451416,-146.52971020764448,18.423500397482485,8.710913104303337,0.38945617713986896,0.3067837515485271,0.5552223109776165,0.12994864279947366,-0.4186878663811376,-0.344846970535267,-0.7340155345295531,-1.7321613980004726,-3.33963346589535,-4.663991424192296,15.439854470792485,11.419737849314936,4.446099298882286,1.3323069637895006,0.6080154984078118,0.5829950550777031,0.4282451410436986,0.6116453603621783,0.34279793084073695,0.4387451213410752,0.8488200703787192,1.5672837274959208,2.250182222777783
pilot_v1_00167,167,data\raw\audio\pilot_v1\pilot_v1_00167.wav,0.7413108348846436,0.6611014008522034,0.6674637794494629,0.025051448494195938,0.3237323462963104,0.30704817175865173,0.9077038168907166,0.2601659297943115,-127.87474687956917,13.300942520852574,-5.108759499912464,-1.7853751288522086,-1.9552173005575855,-0.17199316631194006,-0.9842854593076461,-1.6182557598842204,-2.617820180895871,-1.937353989489266,-0.9714801804515427,0.11230857957118762,0.15799505811502895,44.18190210606414,12.109243427783326,5.141406226378984,1.7432001070846432,1.8437183132438009,0.5165084062026098,0.9375766868494182,1.4849551954189542,2.4208123495847116,1.7679203693970216,0.8914537016519218,0.23067368113912873,0.2018701116720376
pilot_v1_00168,168,data\raw\audio\pilot_v1\pilot_v1_00168.wav,0.639742374420166,0.41530436277389526,0.28774186968803406,0.3257230818271637,0.09184568375349045,0.27685973048210144,0.377410352230072,0.15025795996189117,-152.18257666471257,13.14576417944779,2.4878386230644907,-0.25454826527176894,0.7506337209322641,-0.29818572594262394,-0.8146480396266635,-1.1069992474813222,-1.1430131053461272,-1.0900774816610053,-0.9945712745071049,-1.194388727461012,-1.5430902578459613,22.396427908870347,12.924608329161877,2.544794850203652,0.6829178039526181,0.7432337768789834,0.38380169345765563,0.8439935760048827,1.1180833887096862,1.1492279292884353,1.0784901547612977,0.9743768335092002,1.1711447706011278,1.5141427783986197
pilot_v1_00169,169,data\raw\audio\pilot_v1\pilot_v1_00169.wav,0.1525365561246872,0.8374389410018921,0.6303011178970337,0.5703861713409424,0.2635807991027832,0.4430529773235321,0.7964452505111694,0.35813841223716736,-138.00445833244353,16.936166953124637,-1.066878534977434,0.4904452789616947,-0.20169196957812993,0.1319979459848184,0.4993775877010955,-0.6419561085800702,-0.03623162574956008,0.06007129696431662,-0.7718876306231525,-2.592877486545608,-3.970316069860877,28.053045253651778,12.648785236910463,2.575780018473505,1.1982407055973807,0.7234280671360503,0.3760547247090001,0.48286822544420116,0.6318885855223262,0.17277626522198075,0.23433502709422926,0.5581360722103489,1.8362944291762848,2.84589311762491
pilot_v1_00170,170,data\raw\audio\pilot_v1\pilot_v1_00170.wav,0.252827912569046,0.49539607763290405,0.1874641478061676,0.05414242669939995,0.37834182381629944,0.37029561400413513,0.5847672820091248,0.4291369915008545,-146.19077786238265,18.47529073513315,8.432040931788507,0.09924633436936015,-0.4339120598068298,-0.7541599350056316,-1.1282810015213602,-1.556443603513514,-1.6846315195960675,-2.0345047677436505,-2.3542335592672843,-2.808171694912417,-3.2512598729567963,15.842795467305582,11.676809796660573,4.199343016776386,1.9887486345809122,1.0785675205122698,0.7964700495235002,0.7899418430565993,0.8973712232935604,0.8681861636885031,0.9868319264290366,1.1063652449896153,1.2580556823570819,1.4255252059155967
pilot_v1_00171,171,data\raw\audio\pilot_v1\pilot_v1_00171.wav,0.7673922777175903,0.6211815476417542,0.5448793768882751,0.56218022108078,0.1505213975906372,0.20973141491413116,0.9913282990455627,0.2431308627128601,-125.67693752106904,15.05755067446038,-2.9993847927779003,-0.4531330288965126,-2.1431498201721144,-0.9004820235472576,-1.2808372314430447,-0.6511238753021915,-0.997288749249432,-0.7771686600830172,-0.8540224350018918,-0.24556468355453395,0.11256359311510061,46.032153879869,13.938317739790076,3.060309822612434,0.5782911144110746,2.0514829611168763,0.8526493756298094,1.1988942586263858,0.6207819831903787,0.9289832375607024,0.7240928357008467,0.7909150074367537,0.24002993995595598,0.13273349612468832
pilot_v1_00172,172,data\raw\audio\pilot_v1\pilot_v1_00172.wav,0.9877840876579285,0.5596542358398438,0.7454735040664673,0.42432451248168945,0.2444259524345398,0.2816195785999298,0.40491294860839844,0.38684791326522827,-136.69656023390243,18.94558582907642,-0.7657033900930926,-3.0556113197299806,-3.0840455604088213,-3.2035934825229955,-2.6876728917062898,-1.6889764911449876,0.23076945788559577,1.089348002780868,0.30570086136743063,-0.4060102328119244,0.25931469744400165,26.195116350889315,12.986122297217875,2.484601267887934,2.1760153242383127,1.9477520930896297,1.982015093177563,1.684306405902036,1.0977201560655911,0.29058778951007147,0.7585237690240678,0.41131365814977994,0.6794273290871413,0.23685639709892006
pilot_v1_00173,173,data\raw\audio\pilot_v1\pilot_v1_00173.wav,0.46908465027809143,0.6938945055007935,0.3849199414253235,0.17954696714878082,0.4220235347747803,0.47105494141578674,0.8235812783241272,0.2008451670408249,-131.61249300247877,10.070921632894883,-5.065061196807698,-0.873769118382593,-1.2349744809938836,-0.2372817376652373,-1.2103295396958036,-1.1246431031509296,-1.286955960437966,-0.821267010016574,-1.0215304648206363,-1.1347773934296361,-1.5819064437456132,44.18037177795615,9.757635095994495,5.258185569554497,1.0483179320820972,1.317417780628472,0.372184010991674,1.224340163239994,1.1276531522128106,1.2876154187499949,0.8216914979463028,0.997265841947792,1.0970326291599217,1.5240106324967795
pilot_v1_00174,174,data\raw\audio\pilot_v1\pilot_v1_00174.wav,0.1235366091132164,0.3505125045776367,0.42934495210647583,0.6958364844322205,0.33209702372550964,0.3655759394168854,0.2077048271894455,0.1077805683016777,-161.5996001890529,7.664744605201465,5.26022504031202,0.9779069438853952,0.13826777730892906,0.4968736753339949,0.5560151822680024,-0.22069560612207928,-0.5583337913897888,-0.6226202758487753,-1.095858165247975,-1.859189114099668,-2.660430592723243,13.650737932227026,8.53409227900661,5.214511287593946,1.3433391461572348,0.4843863147096611,0.7722012206744416,0.6517713793271973,0.6321386551993806,0.5958786164396722,0.6697449633003665,1.1151065062340557,1.8601459178956141,2.6889247426952005
pilot_v1_00175,175,data\raw\audio\pilot_v1\pilot_v1_00175.wav,0.6070955395698547,0.7641849517822266,0.08987297862768173,0.18782159686088562,0.11091417074203491,0.1817694455385208,0.6138496994972229,0.3156589865684509,-122.52055992362116,5.313290702185736,-6.412675652285404,1.5474976502095261,0.910025165940092,1.0870539754940327,-0.8639430827528295,-0.4967168840053857,-0.23634274703374444,0.4574554945971752,-0.5511957709031732,-1.962050315082516,-3.6440558256705757,44.00284362524664,4.885193975020014,5.446568623532952,1.3053086845798596,0.7392685711905005,0.9164951601484652,0.7533414643252522,0.411069835870005,0.2017981459870933,0.42407356500624854,0.44913780123600944,1.6081594719218306,3.002856273088693
pilot_v1_00176,176,data\raw\audio\pilot_v1\pilot_v1_00176.wav,0.5914876461029053,0.3686787188053131,0.6210684180259705,0.5150607228279114,0.35503706336021423,0.4564281702041626,0.8528605103492737,0.11486911028623581,-152.93128633927586,11.73156968541978,2.065648102377451,1.0902631138753502,1.953241719956402,0.47862221427592416,-0.22916002268701058,-0.6795901661162894,-0.4292613218919766,-0.3589373520782967,-0.8796304189898331,-1.9654858996329918,-2.9871177014553867,22.342064694638218,12.046679990862836,2.4168447035424143,1.17579912504073,2.0405110244873623,0.5291329061016325,0.40063508746037424,0.7680861688918511,0.4558801295318745,0.4223869105792292,0.8786010541292831,1.9614276385764946,3.0141177550310925
pilot_v1_00177,177,data\raw\audio\pilot_v1\pilot_v1_00177.wav,0.0766788199543953,0.747915506362915,0.2597225308418274,0.006794504821300507,0.17704884707927704,0.29586324095726013,0.47172752022743225,0.30088019371032715,-153.38170132922016,14.516122335063283,5.846771552978759,-1.7744003209722632,-1.308494930080671,0.4629683286902086,0.5786974795121202,-0.2245833970200327,-0.06042929246330988,-0.0444537486727899,-0.9721921394045138,-2.40447685911627,-3.2517661420688992,18.550679820009005,12.826887374837556,5.01628646620677,1.9089314319764614,1.2207236439321327,0.6401463074967922,0.5315748127795399,0.5017007739840391,0.20186390487653427,0.30742234220321785,0.8451682769273559,2.0619034116420387,2.79123476880952
pilot_v1_00178,178,data\raw\audio\pilot_v1\pilot_v1_00178.wav,0.4534425139427185,0.5420858263969421,0.504140317440033,0.6170156002044678,0.06853782385587692,0.19072602689266205,0.6595582365989685,0.40436890721321106,-127.34443704402449,20.54143151033215,-1.6497661047096774,-0.0728039009628804,-0.9978155256787906,-0.7846686255361824,-1.4032382091727353,-1.4188798728065886,-1.3253583084346205,-1.092414460758623,-1.0436507805676851,-1.256065041630081,-1.7148894144762696,29.463370597366485,12.16453538461404,2.690157584414194,1.1273378786108512,0.8536146498481665,0.6336294758896602,0.8999916432701425,0.8893052500777552,0.7951968897541115,0.6461967381194429,0.5772715932358299,0.6731437882451643,0.904953684106352
pilot_v1_00179,179,data\raw\audio\pilot_v1\pilot_v1_00179.wav,0.9408918619155884,0.7106403708457947,0.1654628962278366,0.3721233606338501,0.29011133313179016,0.35691988468170166,0.265902578830719,0.19648350775241852,-135.01179830723854,10.809935834532181,-4.110411088233871,-1.1908918007972797,-2.417149648738124,-1.2443575121803434,-1.3861965971002999,-0.1849076224027509,0.03093995297780683,0.062214573427905796,-0.9039858120540731,-0.6447709476458864,0.17585893548453277,39.71736839129234,10.425571275213638,4.257652624145845,1.1875389249327573,2.366196384147645,1.20938903370623,1.3506268238537085,0.20374290034159734,0.13318450855665845,0.099125054216022,0.8794287446123664,0.6276279414510207,0.18289256973492743
pilot_v1_00180,180,data\raw\audio\pilot_v1\pilot_v1_00180.wav,0.7830038666725159,0.4773116111755371,0.3629278540611267,0.23500041663646698,0.30869153141975403,0.4517084062099457,0.7304363250732422,0.4499022364616394,-125.57258957058465,25.773366675305347,2.528962860929945,0.14629617863087385,-0.9155027724153562,-1.5057727613053051,-2.0063744968966715,-2.6858261037965407,-2.827107004731968,-2.6254216447515715,-1.6249932079715714,-0.407472579584074,0.5268209514351615,22.015060309158436,10.735393785836475,3.0601603628680523,1.1707257113160492,0.6869992066435309,0.6025977338676781,0.6737765476291132,0.8434273713194369,0.8481822848638431,0.763934196644492,0.4739569830948998,0.26133074854714516,0.3666690763921595
pilot_v1_00181,181,data\raw\audio\pilot_v1\pilot_v1_00181.wav,0.2996896505355835,0.6374030113220215,0.7047191858291626,0.7431522011756897,0.13734698295593262,0.26790136098861694,0.34888800978660583,0.24201877415180206,-142.0357239397508,14.25549662750686,-2.496754230134831,-1.0875069842460443,-1.30833607826177,-0.7812172185368568,-0.34875011462770306,-0.5125882868234299,-0.7570995873808988,-1.2968899089582617,-1.4229974557787293,-1.3923729558529487,-1.1379234348649798,30.91076413385846,13.406944438963267,2.763570492796741,1.2081166866229507,1.3013415487561844,0.767169360227456,0.3707525439200904,0.4994782167202304,0.7116192538784789,1.2138956256651214,1.3272306762111665,1.2958417242961793,1.0569117793668248
pilot_v1_00182,182,data\raw\audio\pilot_v1\pilot_v1_00182.wav,0.16817498207092285,0.4329208433628082,0.06188718602061272,0.13297688961029053,0.22102347016334534,0.19548578560352325,0.9323248863220215,0.15957066416740417,-155.19217275800662,14.44821677707509,7.877796942652614,0.8510932770714542,-0.4346832770035131,0.09478668962990629,0.3288636134071317,-0.26133987653139695,-0.4406466715774969,-0.5452767069554855,-0.9992320925348107,-2.1548165318556496,-3.1458040861101684,19.241886415625505,14.182093408176293,7.684817089393313,1.0792678008273506,0.6350626673627503,0.25173694583503214,0.4001784657122922,0.3329096150924375,0.49988026634124705,0.5597588812361735,0.9900204687026617,2.1126784382282415,3.1123168651195883
pilot_v1_00183,183,data\raw\audio\pilot_v1\pilot_v1_00183.wav,0.6866306662559509,0.820611298084259,0.4200725853443146,0.37789201736450195,0.44845330715179443,0.3849219083786011,0.538301944732666,0.34557846188545227,-118.26690246821873,7.276370263169383,-5.2017419130155345,1.1481218872734182,-1.3970040912488138,-0.7249066349184213,-1.3531491133558757,-1.565901535019158,-2.246350590400185,-1.418270658038148,-1.00477746618344,-0.18734779763680848,-0.12250854893148994,46.2395925780412,5.311592981364363,4.142678033177758,0.9758977583260849,1.2089193923972579,0.5986695086115748,1.074166238655369,1.1990343672219976,1.7106272666287456,1.0666510084065808,0.7657598949598449,0.14528538410978106,0.13499751994174922
pilot_v1_00184,184,data\raw\audio\pilot_v1\pilot_v1_00184.wav,0.6944529414176941,0.5404455661773682,0.04972122237086296,0.6778528690338135,0.1671212911605835,0.33287984132766724,0.7717269062995911,0.40964367985725403,-122.50607158499648,22.22707550226,-0.97660350618488,0.5454199817389244,-0.7560858068592448,-0.27894717860105406,-1.252144242856036,-1.4973659508950046,-1.8758444809759636,-1.4358121930794772,-0.8195941135410434,-0.06984249605064462,-0.018911509311418852,31.268292670577306,12.421917285025568,2.6088510939276683,1.1243238645863558,0.7747267238903843,0.36858355888277067,0.7350200855021841,0.8159888006774428,1.001888493504217,0.752035636717852,0.4261893242902325,0.14069844551845773,0.1580052287208728
pilot_v1_00185,185,data\raw\audio\pilot_v1\pilot_v1_00185.wav,0.20723246037960052,0.6446135640144348,0.4821379482746124,0.2190016806125641,0.3883044719696045,0.17094802856445312,0.3528611361980438,0.26743069291114807,-153.773218321745,11.733825678565614,1.6370215301631164,-1.5225101262103742,1.1288948206883347,1.370064733097359,0.6746018079310484,-0.04758167749122843,-0.4433237475776319,-0.9721008380725393,-1.5068504808794891,-2.217684213822556,-2.897793798075403,20.224354459884562,11.492367712176149,2.094229536112564,1.8005172765938453,1.22382913171637,1.3219674309677645,0.6901365753795804,0.35373182129314573,0.46611481590011455,0.9059725581647695,1.37646611301617,2.02882945337963,2.6745176837587974
pilot_v1_00186,186,data\raw\audio\pilot_v1\pilot_v1_00186.wav,0.32313308119773865,0.30150270462036133,0.32509657740592957,0.4512947201728821,0.2532310485839844,0.3142971396446228,0.9659002423286438,0.1738528162240982,-153.2191563333525,14.265180217340015,5.1313659941639695,0.34264893648282685,0.6294981520363535,0.034372058780957886,-0.39816292132632747,-0.6302769516682116,-0.7584576902867238,-1.0794712593421234,-1.155778590045433,-1.162553206753697,-1.0660838499258207,21.226350312586792,14.062306154220998,5.010294144006121,0.7939414998969151,0.6834603048692809,0.18462202098050817,0.4146309516807468,0.6256132538911418,0.7501908036018449,1.0529417102926986,1.1266420948083289,1.1323078248438532,1.0377269935300042
pilot_v1_00187,187,data\raw\audio\pilot_v1\pilot_v1_00187.wav,0.8376825451850891,0.745259165763855,0.7926573753356934,0.1628464013338089,0.0756329670548439,0.4818578362464905,0.5595605969429016,0.33794015645980835,-118.91543687591587,11.163938716377418,-7.667056459012612,-1.1544993483908006,-1.4862791015182553,-1.4753187425129206,-2.967777839196428,-0.700483294103219,-0.16182293439987375,-0.9635142273885976,-1.8184387991658375,-0.6065064698924231,0.07829285854420215,44.87026668025685,8.75202784282808,6.196833954881625,1.1064796562840036,1.3658223219109558,1.2384534843228525,2.317332895241032,0.5954505020682272,0.3659865386727781,0.7758963074879547,1.4136854603887217,0.4938068933908431,0.2568203272162822
pilot_v1_00188,188,data\raw\audio\pilot_v1\pilot_v1_00188.wav,0.9330886602401733,0.37434619665145874,0.5920872688293457,0.07223191112279892,0.11931396275758743,0.40335536003112793,0.8488869071006775,0.1320803463459015,-148.67098529127168,16.383349591757366,3.4807183990349713,-0.24609484831677855,-0.32462957787121743,-1.4598067246579347,-1.0434785596943048,-0.5428719592632377,-0.29548876097273313,-0.878592664296379,-1.5927068550605465,-1.3127955432642513,-0.36963823406581464,25.679964805390227,16.085684589428563,3.464870295422487,0.5923470616575061,0.42011741241299483,1.4557282360767259,1.0448442196658427,0.5485204889670479,0.3028928056867317,0.8660784270172335,1.5665835505971937,1.2911169667357945,0.37361077461984205
pilot_v1_00189,189,data\raw\audio\pilot_v1\pilot_v1_00189.wav,0.41437357664108276,0.8093698620796204,0.1276167631149292,0.5309228897094727,0.34713470935821533,0.2209158092737198,0.4304374158382416,0.29616573452949524,-124.8094620620786,7.717405911061328,-4.5844627167507745,-0.3599031566916953,-2.099731906904945,-1.0391691231164266,-1.6635634533454,-1.1436855503897823,-1.4906791029662054,-1.158278869479496,-1.3618845970540023,-1.2159681110191536,-1.5158445658548811,44.93917145114202,6.5418676498490616,4.196896504418868,0.46663171220473404,1.9017495485398688,0.9269865552693817,1.4698907589036363,1.000838963621625,1.297246215545688,1.000499927542128,1.1763132610616116,1.0338913913755257,1.2912971307779018
pilot_v1_00190,190,data\raw\audio\pilot_v1\pilot_v1_00190.wav,0.053246818482875824,0.4670683741569519,0.6831181049346924,0.2986755967140198,0.4073737859725952,0.243861585855484,0.6382998824119568,0.36664968729019165,-154.9334348091401,13.339579308989746,9.360617277721516,2.1771596163262887,-0.0013033918278982514,0.08893126910305874,0.615354571006726,-0.09228116458361948,-0.8642662661398767,-1.2244514853873427,-1.4791478573208199,-2.4011232108068192,-3.616002775216688,14.645823327952645,10.946679326959414,6.930638260958175,1.6299844570892659,0.9348803990555362,0.3674114710129813,0.5809969427155101,0.3329434865144749,0.7743471836652056,0.87036028574265,1.0773786667226055,1.6600843208995426,2.516292362994517
pilot_v1_00191,191,data\raw\audio\pilot_v1\pilot_v1_00191.wav,0.5367898941040039,0.5799617767333984,0.2475661188364029,0.5871925950050354,0.23563817143440247,0.4319301247596741,0.2323269248008728,0.22443999350070953,-143.8171032840196,10.246577606860875,-3.226181719874584,0.7703434034538829,0.8288066557075547,0.632221150074729,-0.49656637008036864,-0.550541177533149,-0.11590969383404946,0.18484374526179545,-0.4901941916716183,-1.827108711364884,-3.143297245813773,30.833975710295736,9.756655129834702,3.599920199100087,0.9441396093286506,0.8632913621383913,0.6501078368977656,0.5549721820364213,0.5381470722256166,0.17670091126490126,0.2657035626336886,0.47231163905902834,1.7375851223069285,3.0060986031311256
pilot_v1_00192,192,data\raw\audio\pilot_v1\pilot_v1_00192.wav,0.5450374484062195,0.5186787247657776,0.662318229675293,0.21422246098518372,0.05491313338279724,0.3865673243999481,0.30302223563194275,0.19436860084533691,-149.65430459317628,11.250060490590533,-1.1043708999839177,-0.1527069306531306,1.0334717684065784,0.11046213722228075,-0.3900089034206238,-0.5823264518161051,0.03432486822520027,0.2175792318268555,-0.3784264246826558,-1.746432159237129,-3.099198087787006,24.95256212035121,10.996549175825164,1.8167451666777998,0.9831596192583089,1.0502973386668992,0.366563491305069,0.4663222567092527,0.6276824361927307,0.142469011260832,0.26408223233519135,0.38143157160791197,1.7046334013820892,3.020774840919374
pilot_v1_00193,193,data\raw\audio\pilot_v1\pilot_v1_00193.wav,0.05977001413702965,0.6658096313476562,0.21973341703414917,0.669434130191803,0.27706366777420044,0.2041383534669876,0.7216573357582092,0.4022112786769867,-136.34299288483246,21.576903516729992,-1.7108914510475122,-3.668651185546677,3.170153356101613,0.8922662304402573,-0.9939525602271941,-0.38191203753699343,-0.17909085450860174,-0.06934570478079245,-0.5863589120321712,-2.6602476149859187,-4.460977278846412,23.85265817328132,13.57828905698651,3.040983600234791,2.4612707587616067,2.46208658936404,0.7934596973104762,0.9483452853654629,0.41579399118680244,0.2855711802200494,0.21614436333601977,0.4143543738562834,1.499953136013787,2.534799012108437
pilot_v1_00194,194,data\raw\audio\pilot_v1\pilot_v1_00194.wav,0.4100475609302521,0.3227046728134155,0.5628889203071594,0.15319201350212097,0.36836278438568115,0.26057493686676025,0.5096040368080139,0.298893541097641,-155.7914985681484,12.057242018525661,5.827649651147373,0.5373887867366466,0.18539353508348427,-0.2511967368882802,-0.5709179062992616,-0.9953770741442216,-1.0604065805880794,-1.2123599840285462,-1.1789454732206108,-1.167570659753005,-1.2018303197053826,17.19121056362582,11.308997870202065,5.173394360870745,1.1572938271570994,0.5047992298097432,0.43178537665933875,0.5893588764637023,0.9198434761034054,0.9469980988466433,1.060618734761999,1.0166970841366012,0.995054259500688,1.0191037361691475
pilot_v1_00195,195,data\raw\audio\pilot_v1\pilot_v1_00195.wav,0.9226439595222473,0.7234864830970764,0.10544811189174652,0.4506808817386627,0.19017577171325684,0.4486541450023651,0.9157652258872986,0.1129252016544342,-122.25865987927153,10.36816296165635,-3.8819455768764346,-0.8668974192606017,-2.3303336394861414,-1.260791580353687,-1.3481416836916618,-0.058750656839555625,0.14766423555932018,0.12748676627661285,-0.8827889624339048,-0.573217315216755,0.2578676231741796,51.80200023341592,10.236999420776483,3.920897012214909,0.9250187398154243,2.313709686412057,1.2544149016158512,1.333984829047381,0.11605822765220908,0.18230732571593328,0.13426588284807012,0.8678306030926879,0.5669287279888576,0.2565678660571234
pilot_v1_00196,196,data\raw\audio\pilot_v1\pilot_v1_00196.wav,0.8305492401123047,0.38748782873153687,0.30449196696281433,0.5358480215072632,0.2086774706840515,0.3489522635936737,0.4800854027271271,0.3406864404678345,-147.87277237232536,16.898157195523762,5.031982022729384,0.204374284856394,0.49681742563862014,-0.403224406073882,-0.6225857080805357,-0.7599252661139353,-0.9160564617774785,-1.1779477056240895,-1.1574342213130546,-0.7700979584408,-0.18630864355641408,21.686962042440395,13.759862000937481,4.026628251820398,0.918791457860691,0.4942167442082461,0.4443434196429053,0.5332095832491359,0.6025575632577966,0.7078836905944793,0.8961332623650967,0.8760814412208037,0.5831620701361464,0.233386660841472
pilot_v1_00197,197,data\raw\audio\pilot_v1\pilot_v1_00197.wav,0.3137871325016022,0.7967317700386047,0.765019953250885,0.0804760679602623,0.4374716877937317,0.18703122437000275,0.8991352319717407,0.15472139418125153,-134.05781455143492,6.143951796910646,-5.853738055190544,1.5530423880438518,-1.0040778777851969,-2.0382362943982715,-0.9832640971519604,-0.14548829735676694,-2.0425431580707647,-1.4948355946306784,-1.2209285615000947,-1.7354284743283295,-1.749519088734409,42.586763306303126,6.041822208797056,6.026347338951317,1.8198160966573234,1.355839731513786,2.137648388513566,1.0377967153224203,0.31034717012912183,2.100161162965623,1.4901605251442844,1.215272408482446,1.7291995801765705,1.7405604999209836
pilot_v1_00198,198,data\raw\audio\pilot_v1\pilot_v1_00198.wav,0.21828725934028625,0.4544287919998169,0.02032756432890892,0.5967640280723572,0.32095828652381897,0.29823532700538635,0.282102108001709,0.23734048008918762,-159.2104081769354,9.996857649848092,6.345147553511517,0.8176382035475722,-0.22537481617648147,0.27733806098837777,0.5382287509354413,-0.10778895243821894,-0.5514884520607047,-0.7395369645942064,-1.0454770008181762,-1.900120694551198,-2.944387242917422,15.045792991091067,10.052617144549004,6.030474495391244,1.109594986308677,0.5839346979955619,0.4874173126437575,0.5480429980971793,0.42694689080324677,0.5906985829217934,0.7437274401319949,1.0186200309351707,1.7919633807486082,2.7932592848614664
pilot_v1_00199,199,data\raw\audio\pilot_v1\pilot_v1_00199.wav,0.6998773813247681,0.593104898929596,0.459773987531662,0.2993437945842743,0.14862759411334991,0.4658067524433136,0.6886284947395325,0.4451811909675598,-112.03351901010882,24.970666591769024,-3.3577100869730194,-2.38837806264482,-3.8803914119151717,-2.3384967714229488,-2.0895821143751427,-1.0210799888320288,-1.1245964250218925,-1.0555967378406572,-1.3108193413906,-0.9279461914678179,-0.8530757408732983,28.25679329506786,9.644459879580634,3.1544970194276494,1.559409795514678,1.4777983018287144,0.8454971703952994,0.8296789930965053,0.5065435076861698,0.478456458847408,0.35237525805415576,0.42882447240321264,0.33421755223497646,0.30785337058220924
pilot_v1_00200,200,data\raw\audio\pilot_v1\pilot_v1_00200.wav,0.6764453649520874,0.3469123840332031,0.08327475190162659,0.004555724561214447,0.2670445442199707,0.42468783259391785,0.42165669798851013,0.3373633325099945,-150.63667621386037,14.636752779218005,4.6690289049296485,0.3475307169946261,0.8012364649054596,-0.24768657818831416,-1.1095187118891938,-1.8782671864361198,-2.129816515009468,-1.9220084268003845,-1.2260814679883216,-0.6446815437776249,-0.5616590704030086,20.10162000255465,12.440938468589028,3.8959647441483165,0.9997815228945843,0.7170955883214731,0.38810891378046974,0.923303544847858,1.5087802996277304,1.6977927585244401,1.5191084711449963,0.9519676345465996,0.5175129889189036,0.4691408482262288
pilot_v1_00201,201,data\raw\audio\pilot_v1\pilot_v1_00201.wav,0.16358952224254608,0.769111156463623,0.44692739844322205,0.5041016340255737,0.08846739679574966,0.24089136719703674,0.8030228614807129,0.1732332557439804,-144.06081920270935,15.545336855113497,-1.8839727058763913,-0.5115655877151669,1.3077857042585996,-0.0032121115042591914,-0.12382399181784014,-0.44381773846573835,0.038139560745513654,0.09251805996434485,-0.7524422928379912,-2.004393108901141,-3.0487494398329105,29.985228755916907,15.13893983669337,2.371175430037424,0.8015086574444528,1.3325877045343186,0.18541800025457375,0.21405921532593553,0.4520023685670046,0.14557228497912708,0.18192114865757278,0.7325935088611822,1.9619443466590052,2.997529891527576
pilot_v1_00202,202,data\raw\audio\pilot_v1\pilot_v1_00202.wav,0.3059839606285095,0.5632882118225098,0.391541987657547,0.3657875657081604,0.15320391952991486,0.22247444093227386,0.2157628983259201,0.266640305519104,-151.05561765188764,13.475680443577135,1.3673771307961506,-2.214670449704394,-0.8997515333115956,-1.288629775426423,-0.9853271921562623,-0.9386431654768104,-1.0797226742598354,-1.3620425578648043,-1.549837814025088,-1.5877277394595617,-1.3953432586477057,21.946415568873377,12.480258129528416,1.4420331268354178,2.278596795902644,0.9364211273414706,1.2203497600896211,0.923385855003195,0.8624728258523893,0.9789299509270574,1.2316391592082394,1.4000661719195764,1.4320537933769266,1.2583368749392945
pilot_v1_00203,203,data\raw\audio\pilot_v1\pilot_v1_00203.wav,0.791480302810669,0.6888672709465027,0.7278630137443542,0.6130831837654114,0.3757447898387909,0.4119211435317993,0.6096063852310181,0.4088960587978363,-115.60779235127863,16.632676667186114,-5.8241878458597895,-1.738364836926004,-2.0226445409068083,0.12786302364829705,-1.1392969065160352,-2.2587960416383757,-3.0386850131067824,-1.2415011315331825,0.17143071348249672,0.33171334354533094,-0.5323330854971285,37.13489513039341,9.094354705227307,4.086016877389564,1.3963451957396698,1.3185080344349536,0.45406848163495583,0.6549840772783289,1.2002244521175196,1.628405197671561,0.6390601848778018,0.323812840817242,0.2578023866626158,0.389140042864462
pilot_v1_00204,204,data\raw\audio\pilot_v1\pilot_v1_00204.wav,0.9460874199867249,0.4904526472091675,0.5257231593132019,0.7454911470413208,0.41915178298950195,0.48414310812950134,0.39913409948349,0.2210860550403595,-145.57343946871364,15.393706694734172,1.211230183819371,-0.3890860417331172,-1.2694460016621816,-1.8137487982927698,-1.5889220916777862,-0.9246330186870562,-0.003998217045746733,0.16283753710856536,-0.2728121800271862,-0.4780112151309195,0.047133837887492556,29.706146446784597,15.31081154382402,2.286876356888384,0.9112980671848474,1.319713510139989,1.7768335700636522,1.5437072803193295,0.8895077976008389,0.1405652650936982,0.21175569460964364,0.26872034873533035,0.4801117633119983,0.09659877664689116
pilot_v1_00205,205,data\raw\audio\pilot_v1\pilot_v1_00205.wav,0.46472620964050293,0.6247654557228088,0.19251301884651184,0.24583080410957336,0.24721220135688782,0.32358887791633606,0.7800864577293396,0.36333850026130676,-121.47702221076452,16.194431209899324,-4.494144318744153,-0.8432742940790239,-1.900726957503824,-0.8054632081177203,-1.6741048326031067,-1.2481010028852721,-1.491132573959465,-1.0833476927833445,-1.3646665111609193,-1.4170669879574729,-1.963747716969608,39.674897688441725,11.310810681262732,3.8657906022954576,0.9835497012451617,1.4771445039468798,0.6749811034603332,1.2260209051912467,0.8973545429196114,1.0580735551619718,0.7678977067400934,0.9444656297886268,0.9765641119706345,1.3424600333520216
pilot_v1_00206,206,data\raw\audio\pilot_v1\pilot_v1_00206.wav,0.06759227812290192,0.4202806353569031,0.6494872570037842,0.3841905891895294,0.10726120322942734,0.16306447982788086,0.5886264443397522,0.2926837205886841,-155.4681368692997,13.249558381735229,7.586040875588891,0.7626045808915783,-0.19918725538924836,0.5389158659889153,0.6392867173318854,-0.520871543980958,-0.8338445446542899,-0.675130113354591,-0.9383613001846283,-2.096101234007851,-3.3370786102598795,17.059939264063324,11.852677919294994,6.616123615982898,0.9686657123089227,0.524544257917615,0.5319605953099386,0.6355840329296537,0.5355078429998724,0.7811594735508489,0.6155034172689364,0.8363661641332857,1.8139107910977832,2.918517670702612
pilot_v1_00207,207,data\raw\audio\pilot_v1\pilot_v1_00207.wav,0.5840949416160583,0.8337550163269043,0.28267109394073486,0.13691790401935577,0.3356645107269287,0.32926908135414124,0.9821041226387024,0.12855561077594757,-123.4045870859028,1.4628351848630106,-5.234364104851444,1.8711105099947825,0.5774612349057301,0.7960124216697618,-0.6094544458686577,-0.45709547485338553,-0.22182987775871638,0.41725075788056704,-0.4676172387966596,-1.6733506427853797,-3.078608502798145,51.818245135373836,2.3205682736630093,5.299272723979701,1.9222422771086505,0.610170748843376,0.7939377914030153,0.6315797897154865,0.46423848419879876,0.23031170731646888,0.4653707202007508,0.46060262019125003,1.6633980924970642,3.0752803172999457
pilot_v1_00208,208,data\raw\audio\pilot_v1\pilot_v1_00208.wav,0.5997027158737183,0.43650415539741516,0.4001450836658478,0.56669682264328,0.1798228770494461,0.30860814452171326,0.746108889579773,0.2801269590854645,-145.00389317276884,13.546842642210317,-0.451268231068579,1.452655674828382,1.836711552581417,0.5794553730279637,-0.3143612375496701,-0.8519694374007489,-0.2612121076713335,-0.1593930966755364,-0.7489475838030103,-2.1911613261642082,-3.470182683017375,26.81710778250934,12.15883486952333,1.6733334325689155,1.3460284422813513,1.6348101420971852,0.5288071303199026,0.37200612739696703,0.8068217744235638,0.2627517334743822,0.2166702409756619,0.663151497574754,1.9275653465621343,3.0695623333296482
pilot_v1_00209,209,data\raw\audio\pilot_v1\pilot_v1_00209.wav,0.11445018649101257,0.8156684637069702,0.06770585477352142,0.31917279958724976,0.35215312242507935,0.49805423617362976,0.32764291763305664,0.13786548376083374,-147.3947533584736,16.305614485909018,-0.5047578656576549,-2.937437617145078,1.6992766773865502,0.6459574413991671,-0.6587639717908989,-0.3549145956296518,0.03276345420539434,0.03619339297766183,-0.4732278471598991,-1.7929638060835802,-2.9762023443977568,27.620854012122255,16.447934831728297,1.8416094043234634,3.0337662449287546,1.8864601260490024,0.7434641655612465,0.7692318903413913,0.41995186640165116,0.17926309726876544,0.1689515186536257,0.48764085135596474,1.7818506835392902,2.9675555969926646
pilot_v1_00210,210,data\raw\audio\pilot_v1\pilot_v1_00210.wav,0.4803684651851654,0.47362709045410156,0.7246720790863037,0.5514642000198364,0.29366663098335266,0.338555246591568,0.9410696029663086,0.21997113525867462,-140.9529825797634,15.758219602221425,-0.41058858086584293,0.6841902287412243,-0.08453100473814812,-0.19968290537734837,-0.6958347141091216,-0.866890553294331,-0.8235366475034877,-0.8382550558222314,-0.9912095712017973,-1.3267056124590932,-1.7407672528658267,32.953593662061344,15.174734558749465,1.8322884816564624,0.8253628110740496,0.4260746327426219,0.27627117846692195,0.700642429873043,0.8465942805392831,0.8162250065750588,0.7957376194287621,0.9421497992536462,1.25200865584388,1.64364432495093
pilot_v1_00211,211,data\raw\audio\pilot_v1\pilot_v1_00211.wav,0.9929795265197754,0.642379879951477,0.35708877444267273,0.051689159125089645,0.06487265229225159,0.15475952625274658,0.535129725933075,0.38410693407058716,-124.3951403281032,17.79716562689716,-5.065790622548521,-3.1303345977311796,-4.21674190835759,-2.4150560292864376,-1.9845050555634014,-0.36231472033518475,-0.08255627472823768,-0.3661122131268872,-1.710078197744006,-1.334973747067671,0.00623050752303996,34.56532971676258,11.33716528122747,4.087727522270293,2.1915903077775574,2.7647358954395767,1.539613015496979,1.2971965000443335,0.27526202313170595,0.25883569994150707,0.3125530416591153,1.1308640006353141,0.8520833794535324,0.15442492248828935
pilot_v1_00212,212,data\raw\audio\pilot_v1\pilot_v1_00212.wav,0.7758685946464539,0.547012448310852,0.1580689698457718,0.18336506187915802,0.1339809149503708,0.24919825792312622,0.8737084269523621,0.26228082180023193,-131.92137639414648,16.838553892564672,-1.539024586928239,0.3375002759385333,-1.2998694072062391,-0.6194498357625603,-1.5446429276300737,-1.55568805269182,-1.9151511214972547,-1.3828134784534192,-0.8014173524140925,0.1422116969524199,0.5490462727576769,39.39864709908163,15.277466922770138,1.9982336955434055,0.5680261338288263,1.2706939070089467,0.5841693643821598,1.4146543531720954,1.4092676031867666,1.7334778221520344,1.249193481693444,0.7262458227008473,0.1714362926305113,0.5005765130405786
pilot_v1_00213,213,data\raw\audio\pilot_v1\pilot_v1_00213.wav,0.2591223418712616,0.7070397734642029,0.5225169658660889,0.43077462911605835,0.3121674954891205,0.4154021143913269,0.45487740635871887,0.4264146089553833,-131.92621063041005,18.46828683375659,-3.28598737182692,-1.7219906615769593,0.2104173032642988,-0.09173232973759766,-1.2692577911196532,-1.7743376915490594,-1.300466874253694,-1.6634967141496713,-2.6950217411164807,-3.3479404934264103,-3.1440952004905287,25.20305685233203,10.452731750341535,3.9826817296625006,1.6505156186019525,0.7266336425185875,0.6268907331206149,0.9072801263219478,1.0383760616591076,0.7219786845659029,0.8447198138819136,1.319072931180438,1.5731294828078715,1.4103846231574353
pilot_v1_00214,214,data\raw\audio\pilot_v1\pilot_v1_00214.wav,0.14795121550559998,0.36365199089050293,0.26713576912879944,0.19852900505065918,0.44586849212646484,0.39801058173179626,0.6639087200164795,0.32258203625679016,-158.53878413979106,10.418338532666464,8.096555788753749,2.408914160579529,0.26589397107886825,-0.050801787688091724,0.3509019636518945,0.00646744709679888,-0.4946229846090576,-1.1170407249378838,-1.5534421302986792,-2.3070400918934766,-3.149249233077682,13.957083881889337,9.97153240072627,6.998417430286611,1.983591363072396,0.8866788893808374,0.43628107295210555,0.43016269530902923,0.2854330466233414,0.5369742639990235,0.935295628269202,1.2902658480168832,1.8812433795868138,2.568780283046181
pilot_v1_00215,215,data\raw\audio\pilot_v1\pilot_v1_00215.wav,0.6295568943023682,0.7515490651130676,0.6026652455329895,0.6983269453048706,0.22371819615364075,0.23745696246623993,0.257554292678833,0.18032395839691162,-138.41855012434385,6.962638916202913,-4.802130066671966,0.47350996734598294,-0.39219776986191274,0.15931261725524698,-1.2717099480861873,-1.1044885583658235,-1.1930021212476174,-0.6030264921193051,-0.8550633203549456,-1.0823025818053698,-1.828126593165548,35.8382000456247,6.852296208924097,4.837980693040093,0.5277813198335819,0.512546953632025,0.22893805450373228,1.281182888621437,1.1027249015635043,1.1942098130052168,0.6022378091211923,0.8382008056133448,1.0522638992557194,1.776143471605092
pilot_v1_00216,216,data\raw\audio\pilot_v1\pilot_v1_00216.wav,0.746735155582428,0.4709710478782654,0.2292865365743637,0.4042929708957672,0.3919574022293091,0.1744416505098343,0.8276453614234924,0.24648480117321014,-142.41988699944855,16.610577129659326,1.1417526892333985,0.5715681767836381,-0.2484058870285419,-0.4854544027418949,-0.8317702403433905,-1.2824378590321783,-1.4148847767159571,-1.3133266671473864,-0.7735458464027729,-0.10611679415436803,0.41812391968199863,31.684473696801074,15.916605814628998,2.243684087253434,0.9318846237878596,0.4976494023724424,0.5136795574276295,0.7937977484039612,1.1964951378405075,1.3139110214824643,1.218552737535197,0.7173055771019581,0.1488420961396074,0.4516941299381322
pilot_v1_00217,217,data\raw\audio\pilot_v1\pilot_v1_00217.wav,0.2338951677083969,0.5752030611038208,0.6906091570854187,0.10657453536987305,0.16355377435684204,0.3625202775001526,0.446106493473053,0.4324481785297394,-147.5189434225842,15.961353686698526,5.531408955426701,-1.4120233490338778,0.007104853561217702,0.32221519997948606,-0.14511411281221578,-0.24479483690030177,0.03228517847993357,-0.4193199678977741,-1.3814962011496836,-2.824241991943114,-4.240666720167579,14.280413771753704,9.569452981996315,2.9351915081897184,1.753096675931685,0.8503557598805446,0.5729588710482667,0.6970137213014665,0.6440185801645689,0.2705096735091163,0.33055331526307813,0.6365683742405045,1.2872164592626008,1.959797570247965
pilot_v1_00218,218,data\raw\audio\pilot_v1\pilot_v1_00218.wav,0.36067938804626465,0.370477557182312,0.14592169225215912,0.7167972922325134,0.07850466668605804,0.47269898653030396,0.6351304650306702,0.3616204261779785,-144.09132447316094,18.462702702804833,4.058288381822279,-0.17428403101524134,0.19531420791331888,-0.8286917657077462,-0.7805490509928329,-1.002775273490584,-1.1091954846337009,-1.2245141173514829,-1.319210693398,-1.4396254830610893,-1.4918078138366166,23.286054050332613,14.182486485432161,3.2025571098118166,1.0306197455121273,0.470951388676537,0.7560915371974719,0.6360951750692968,0.7637329999832656,0.8068941640062333,0.8720350767629415,0.9269613286117909,1.0015358354573993,1.0314807510537924
pilot_v1_00219,219,data\raw\audio\pilot_v1\pilot_v1_00219.wav,0.8461913466453552,0.8140274286270142,0.5845758318901062,0.26135677099227905,0.25044476985931396,0.29027077555656433,0.24106889963150024,0.1537827104330063,-134.40971419586384,6.008383210494364,-4.992274922271756,0.5164118562353095,-2.5180532052370643,-2.142101025218821,-1.1748309193517532,-0.26738194111669555,-0.800276455816831,-0.5905942926088347,-1.140468495557616,-0.5705116779852178,-0.10270039422913298,40.30057775814763,6.063997556486567,5.023055321612604,0.8955155697965803,2.5088467303308355,2.142140120819951,1.1774106129652915,0.3230883163891571,0.8062509839039615,0.5975932432746638,1.1279640710142296,0.5691351058077527,0.14685184025768197
pilot_v1_00220,220,data\raw\audio\pilot_v1\pilot_v1_00220.wav,0.8757822513580322,0.3062105178833008,0.7867404222488403,0.3457911014556885,0.34445223212242126,0.21210213005542755,0.754879355430603,0.31623581051826477,-153.10971272212842,13.786762698404718,5.37852463909294,-0.30389264846412967,-0.7388851331075956,-1.3322810535230543,-1.0961201298591094,-0.3793923466404521,-0.04991427223786772,-0.7341853909377417,-1.4235491048767175,-1.0694751882901923,-0.1667784648966577,18.806676537438676,12.242196906553557,4.587793097009949,1.1146027897976798,0.8147258259502256,1.219542883715763,1.0021712881706,0.39095158211023073,0.2763157999568632,0.6203893884281052,1.2064373169329152,0.8757310972449972,0.35935382494616086
pilot_v1_00221,221,data\raw\audio\pilot_v1\pilot_v1_00221.wav,0.39443594217300415,0.7413066029548645,0.3449258804321289,0.643349289894104,0.12191102653741837,0.3796728253364563,0.3737064301967621,0.1084001287817955,-131.7116360297598,9.945876171654819,-4.223442052001449,-0.43866856228369594,-1.8176556655787266,-0.7553725121844158,-1.4003482138328625,-0.8192877356653829,-1.0922888078258346,-0.8052910975552939,-1.0050607769506892,-0.8022741617473417,-1.0392472478194792,42.57140400834977,9.887725920799502,4.242681652315673,0.596080513000289,1.8274174518667279,0.7698283098608025,1.3968109323815368,0.8134154969124625,1.0810307142072197,0.7939087119607426,0.9914939663400655,0.7926904584458672,1.025817941911074
pilot_v1_00222,222,data\raw\audio\pilot_v1\pilot_v1_00222.wav,0.012881707400083542,0.5357707142829895,0.48807409405708313,0.03317230939865112,0.23217441141605377,0.4350840151309967,0.9575552940368652,0.20163553953170776,-157.08969483640777,13.41369165435351,9.492735983604605,2.38006434426093,-0.7643357758505614,-1.0875027034307514,0.05395839258462252,0.404827033125271,-0.07187128906762241,-0.9212104754762062,-1.4844630036299737,-2.007991069030796,-2.6507128786949448,17.084592313679664,13.026353829385672,9.131257111105176,2.3266336206948406,1.0760555362708153,1.1301927072870817,0.24528237750300308,0.4994941445639247,0.21645425971309232,0.8927023021714334,1.4266713423125355,1.9253777493393527,2.5484031137684657
pilot_v1_00223,223,data\raw\audio\pilot_v1\pilot_v1_00223.wav,0.529399037361145,0.6484659314155579,0.02986542508006096,0.48868149518966675,0.4107520878314972,0.2731635570526123,0.5639076828956604,0.387595534324646,-126.81604756228856,11.401236004566512,-5.780640192965508,1.0017124648270845,0.9055419357252219,1.163980672409552,-0.7201343767238122,-0.5403277550710223,-0.2371108122556814,0.355796712462623,-0.7159111319256624,-2.3383025532018915,-4.2180308776062825,34.40405280856135,6.9768156694377375,4.562229984188921,1.2418045031063254,0.6268453858668257,0.785634297616201,0.710658054046283,0.40596125626256846,0.2233941796134082,0.371727715777482,0.44274141486248325,1.458867775186808,2.680660933014172
pilot_v1_00224,224,data\raw\audio\pilot_v1\pilot_v1_00224.wav,0.510463297367096,0.32728269696235657,0.375539630651474,0.6902394890785217,0.14257338643074036,0.28447145223617554,0.9312382340431213,0.4381491243839264,-143.15177494795873,16.407664652591844,3.5244171791440615,1.412146782796895,3.0318598024195325,1.108250210384607,-0.09720880903015869,-0.8753874180168255,-0.7433162508604381,-0.7553869320360567,-1.6165386866983558,-3.242008975638744,-4.893567558709127,15.707715617563649,8.938648339159652,2.286684947977555,0.8798077263789019,1.6252986060102221,0.5536891678496336,0.5534764437250203,0.653507888387822,0.39351705207229976,0.421454797246404,0.6553093793249675,1.3028831187736007,2.0337936397471257
pilot_v1_00225,225,data\raw\audio\pilot_v1\pilot_v1_00225.wav,0.025012752041220665,0.7194704413414001,0.7423537969589233,0.20513586699962616,0.31451308727264404,0.46826717257499695,0.5496913194656372,0.2522338032722473,-155.4259862050995,13.22064879532363,6.138256962650156,-0.48175442179781885,-0.35520899015944907,0.8729483392074014,0.5232409960549708,-0.5034282384568469,-0.3494658643685581,-0.2449425886091086,-1.1644006110798844,-2.4780837522609818,-3.1130238666507997,18.210054476823526,12.692988165155473,5.7001607770199625,1.095514805794579,0.4839551126617189,0.9311590629193791,0.5227569108480412,0.7066271071701259,0.4062569397704466,0.47413591977653013,1.0933721901449291,2.3086443279557267,2.8907384115225554
pilot_v1_00226,226,data\raw\audio\pilot_v1\pilot_v1_00226.wav,0.382122665643692,0.5146714448928833,0.09925481677055359,0.4418230950832367,0.4310257136821747,0.3683423697948456,0.7315719127655029,0.14808160066604614,-142.77222681289402,15.054110544915293,-0.3115073505782591,-0.43926239893099406,-1.2567611214954444,-1.0579134229520357,-1.138832767668525,-1.0233358630810134,-1.0175914689894416,-0.9431933231534507,-0.8970238257885871,-0.840620791761856,-0.876693342466183,33.55690722939514,15.334059244665612,2.1003630970123504,1.0983862027172393,1.4262136626213933,1.1221414218189283,1.1600705397573132,1.0261335971558643,1.0135761620465216,0.936644551987793,0.8853059181781531,0.8294388992688212,0.8626796889769568
pilot_v1_00227,227,data\raw\audio\pilot_v1\pilot_v1_00227.wav,0.8949021697044373,0.6703957915306091,0.4324631094932556,0.1737685203552246,0.20262250304222107,0.1788962334394455,0.33754733204841614,0.3558712601661682,-131.7380079389033,15.118498338851548,-5.439313931510282,-3.0262044436722193,-3.424143195912559,-1.5767388256505184,-1.5149390676329113,-0.6488583351350024,-0.3954003788064561,-0.24333798910716076,-1.2063853083024996,-1.0501759310906038,-0.031577653661129926,33.20450050803466,11.044554795308747,4.684696699350348,2.3243877208470316,2.560545919895577,1.154859918180156,1.1246470394682155,0.5075492038978623,0.4263292589297067,0.27739280150593826,0.9102270106043752,0.7553404708304099,0.14247804542301856
pilot_v1_00228,228,data\raw\audio\pilot_v1\pilot_v1_00228.wav,0.8660424947738647,0.44128191471099854,0.6334329843521118,0.05971651151776314,0.1962309181690216,0.2796688973903656,0.6520510315895081,0.10321181267499924,-147.34531839804217,16.371354713251332,2.3660174794195874,-0.6543358375935259,-1.0094687950894456,-2.1030921573852575,-1.5961873842662238,-1.1091535064850384,-0.6821738939416147,-1.0872891468917936,-1.6506465055453574,-1.314549606050924,-0.39307729862255447,27.034391498882076,16.088309114427204,2.475245752868614,0.9008468058687389,1.0431891427645885,2.1134338993508597,1.5823232658297126,1.0960683523288188,0.6734543699249064,1.0724211392260463,1.6340471478855987,1.30244401545673,0.39511069613269073
pilot_v1_00229,229,data\raw\audio\pilot_v1\pilot_v1_00229.wav,0.34958556294441223,0.6057400703430176,0.297109991312027,0.5448887944221497,0.3748081624507904,0.44022250175476074,0.2709195017814636,0.31099939346313477,-135.07293025163065,15.679854739144966,-2.303784180733042,-0.9800519099655489,-1.9699005330985637,-1.1688091106218788,-1.2910211015458486,-0.9131805036009316,-1.013164384719497,-0.9504916435572246,-1.1133112537954688,-1.0778220437963764,-1.1190768071175812,35.865798214686635,13.466705757017946,3.0199383558804724,1.2585632261332114,1.8002677509792193,1.043735633405041,1.1125726554015278,0.7793180445644908,0.8470595123235192,0.7966610179907808,0.9184598587189643,0.8882113356599356,0.9193468145093063
pilot_v1_00230,230,data\raw\audio\pilot_v1\pilot_v1_00230.wav,0.2452930510044098,0.40013065934181213,0.5417490005493164,0.30824729800224304,0.28350830078125,0.3731902241706848,0.8603188991546631,0.3927840292453766,-153.24185619427797,14.596662767463625,11.043812455624199,3.836874624018505,1.1474582304900816,0.21191290030194176,0.10237410736400536,-0.5099700360031972,-0.8992690496642298,-1.4128192640819321,-1.9609846341951647,-2.931267634377731,-3.955433505884655,13.767212029027922,10.446507156223216,7.098227718663261,2.3052570962133885,0.9654444581241333,0.4683093753245252,0.28144204825832303,0.45168976398527844,0.6286805392642293,0.8653317363977101,1.1836228672736702,1.7464884317486016,2.34342999363924
pilot_v1_00231,231,data\raw\audio\pilot_v1\pilot_v1_00231.wav,0.7265779972076416,0.7835940718650818,0.1780945062637329,0.5761417150497437,0.060967519879341125,0.20698635280132294,0.466661661863327,0.2068721055984497,-127.00493417933392,8.37677651474523,-3.7160279125817004,0.7349348902080584,-0.7407053661572675,-0.09079462207442635,-1.1368967333177442,-1.0628570913269189,-1.5920810349949313,-1.0283944815106094,-0.5331958147204888,0.3660796300686129,0.5232193942122786,46.01494343125692,8.167087655815145,3.7222213713717793,0.7356151313033328,0.7660469030141006,0.14645276825016323,1.105278933895619,1.0233217874677567,1.5318596672089932,0.9857012964176539,0.5108402988627112,0.3625187644212167,0.5082577791260391
pilot_v1_00232,232,data\raw\audio\pilot_v1\pilot_v1_00232.wav,0.640650749206543,0.5678830146789551,0.5546013712882996,0.47766581177711487,0.32961031794548035,0.16055886447429657,0.649688720703125,0.14349165558815002,-138.15791857774843,14.316142983855952,-2.3159131201896037,-0.23631409579207976,-1.31355236817976,-0.6885955364853467,-1.121941263195157,-0.7535018874544379,-0.7623839973659065,-0.5532631566948284,-0.7316996310972749,-0.8994423562327333,-1.2831725128491778,36.815441542449676,14.195975194517244,2.865998358000622,0.5958906506137862,1.4299442523947976,0.7266431288852087,1.1402358146353768,0.7597635290121277,0.7652411359892561,0.552142178127095,0.718759058512874,0.8821726079205237,1.2600052006264733
pilot_v1_00233,233,data\raw\audio\pilot_v1\pilot_v1_00233.wav,0.12810009717941284,0.6848686337471008,0.11515376716852188,0.04271029680967331,0.10081600397825241,0.342987060546875,0.23124082386493683,0.2856089174747467,-155.27610595993872,12.461886303331966,4.306152546122117,-1.9400399552420171,-0.9997494083742041,0.4168954667539726,0.5259565558617587,-0.44685703442299063,-0.011497483504559201,-0.03569823172790393,-0.583755722646581,-2.115605762594956,-3.2029392150147586,18.00592979189103,11.577825762697504,3.7895626934553466,2.2269773850078236,1.0278207939469002,0.6827288959930392,0.6670402817702664,0.6073727849650384,0.2428915707444756,0.3086419562526783,0.5646561158242023,1.8851286101742621,2.871581472335802
pilot_v1_00234,234,data\raw\audio\pilot_v1\pilot_v1_00234.wav,0.27927953004837036,0.342888206243515,0.6705834269523621,0.6514666676521301,0.240766242146492,0.49223217368125916,0.8375468254089355,0.37848058342933655,-151.00868660698958,16.396833866937513,9.769369243363501,2.4963270348994717,0.7581535085950908,-0.37596084103220206,-1.0749053840845082,-1.397142361710756,-1.033207853334814,-0.899308453125433,-1.0765363565365789,-1.6433946217232465,-2.197618348131695,16.59682008917524,12.223131567733876,6.66438590575247,1.8877323792081515,0.7060289445695764,0.5431346019453189,0.8619571727769737,1.0089043251994099,0.7147890626268526,0.60284215705245,0.7039789858357494,1.0476242022963362,1.3957735226489387
pilot_v1_00235,235,data\raw\audio\pilot_v1\pilot_v1_00235.wav,0.7644706964492798,0.7736810445785522,0.21005429327487946,0.33912283182144165,0.4130968451499939,0.30415356159210205,0.43157240748405457,0.21448896825313568,-128.62637246461298,8.163562025010325,-3.986263022555394,0.5182061816299939,-0.8725400437590513,-0.3050212888217645,-1.3938541420590032,-1.3301133508150862,-1.8329084985572262,-1.267505596001533,-0.702697976471251,0.2564014696730237,0.5015702220197833,46.40840589009963,7.767568549140655,4.070929943797222,0.6423774605072425,0.9120946290915602,0.31110281971255854,1.3585548749202239,1.280010056233643,1.7688217240614639,1.2202106761203988,0.6788568769642735,0.2544459199107238,0.477725193248559
pilot_v1_00236,236,data\raw\audio\pilot_v1\pilot_v1_00236.wav,0.980848491191864,0.40715107321739197,0.012183459475636482,0.2723124027252197,0.38179993629455566,0.23095163702964783,0.9709173440933228,0.4209592044353485,-134.580091091852,22.65190649509286,3.718876450651532,-0.3400773456346772,-1.5541710077618607,-2.388482931309583,-1.5610653812972264,-0.4489821803785375,0.3918656125701222,-0.4086711958226934,-1.5443019076135216,-1.1847361475914227,0.3868598905234903,23.392248219709863,12.719634284552448,2.91113973060218,0.9754173572915295,0.9647655955514687,1.2749370716604762,0.8123671268044531,0.29756072831215774,0.42708924314099,0.26394486177910115,0.773086546259329,0.6002580895609154,0.3986148201239536
pilot_v1_00237,237,data\raw\audio\pilot_v1\pilot_v1_00237.wav,0.4993041753768921,0.8464060425758362,0.46962305903434753,0.707290768623352,0.1596493124961853,0.3928720951080322,0.5520532131195068,0.2569696605205536,-123.91486390278997,2.1699776813534593,-5.122598380733022,1.384898255936826,0.6258004254770627,0.9428573710155815,-0.6842099337090182,-0.4035618572617156,-0.23032141889769164,0.352961704078234,-0.5522228543228845,-1.7942739338995932,-3.270206772056304,47.169234975406205,3.0317791007971815,4.763890247083707,1.2637538751604624,0.5751472800860589,0.8653225496832142,0.6555968277585051,0.38478358037243654,0.22116887603748794,0.34413563060290314,0.5041120440361161,1.6404147153648345,2.9975034409554278
pilot_v1_00238,238,data\raw\audio\pilot_v1\pilot_v1_00238.wav,0.09533023834228516,0.5030791163444519,0.31260764598846436,0.09858017414808273,0.09491202980279922,0.4218847453594208,0.7666608095169067,0.18577948212623596,-154.04191405649777,15.413852693670764,7.446054648119443,-0.516673444745737,-1.2741451055547202,0.18500290941976522,0.6388667774620794,-0.3356827035263744,-0.5384698233874818,-0.2261004885397244,-0.5219094684999663,-1.9509943015799596,-3.2168888953222767,20.179475618701723,14.998927418024671,7.20930471449414,0.8875564330423975,1.342091490543224,0.3025680808449097,0.6672163818688429,0.3804255871907249,0.5505176115070968,0.32096265481661856,0.5308542337773379,1.903402254066401,3.1524954463462227
pilot_v1_00239,239,data\raw\audio\pilot_v1\pilot_v1_00239.wav,0.6120160222053528,0.6116099953651428,0.7551913261413574,0.41080957651138306,0.2730989456176758,0.25431403517723083,0.36031976342201233,0.32789337635040283,-140.1801681698759,11.073315907104456,-4.70910160884637,-0.00908825322439205,0.4146131973622872,0.46556114935203796,-0.43648924916979115,-0.3108589305404923,0.14980574583519088,0.3095409261145739,-0.6249585334122295,-2.1098302154827917,-3.4673240880316603,29.225472344250253,8.997878547604161,4.5596347603396765,0.8405248771136185,0.5209638003078934,0.4317596003565002,0.5286840971509082,0.36806681898129884,0.1582160980709038,0.31749019381878796,0.5128164293890489,1.684423811844091,2.7867297154237938
pilot_v1_00240,240,data\raw\audio\pilot_v1\pilot_v1_00240.wav,0.5651276111602783,0.48680734634399414,0.13699711859226227,0.2927369177341461,0.21727220714092255,0.40610042214393616,0.5243362784385681,0.16825847327709198,-145.00267959690092,12.274893145464024,-1.580012177878695,1.2911786426358305,1.2555961285022024,0.5416421451364558,-0.4098584892222505,-0.6978146376202166,-0.17142739389282843,0.02480446148958815,-0.5817868705328914,-1.9270495312545073,-3.1526175735645428,29.3844726619376,11.99777928205797,2.17487664336145,1.309007392895511,1.2556003576420127,0.5623007125335291,0.4572900936625993,0.6924388567973302,0.18893692317431535,0.127208964292725,0.5711227464719385,1.8873084141271885,3.096818738397442
pilot_v1_00241,241,data\raw\audio\pilot_v1\pilot_v1_00241.wav,0.07969196140766144,0.6297784447669983,0.5952068567276001,0.6048514246940613,0.439813494682312,0.2180212438106537,0.9056655764579773,0.3322550356388092,-145.7516224646926,16.752502060719266,-0.19157350710400523,-3.1117638734397772,1.9488847943345302,0.9248789541292863,-0.7250651496966718,-0.3494973727679051,-0.022362905843098357,-0.122719335179505,-0.5612106022504493,-2.0722053156311095,-3.583949671785184,24.715765764540606,14.451786368971604,2.3782610127462513,2.857256850942632,2.1553590209306224,0.9431287801648395,0.9746753132056221,0.5065672793606641,0.26130432934167797,0.26126244325631,0.48813457650446324,1.65125644827301,2.8668605851870614
pilot_v1_00242,242,data\raw\audio\pilot_v1\pilot_v1_00242.wav,0.45244261622428894,0.4238947629928589,0.23818422853946686,0.09007260948419571,0.30611327290534973,0.24669207632541656,0.3130488693714142,0.4138706922531128,-146.55913538150065,16.358852935277472,4.876022642971345,-0.5541284095263936,-0.14315086964596382,-0.9813503760710099,-1.4120736402731715,-1.6801845556474913,-1.7708793084887193,-1.9092946976218899,-1.898233463060075,-2.0820805770606596,-2.347568057274791,17.73778323101911,10.88395532811889,3.1019170511850165,1.4816321379731987,0.7131119646492531,0.8230722382485237,0.9435482835909456,1.0285413517037598,1.0285551248300393,1.0663022547132817,1.0264399183711934,1.0833491738471617,1.1911636410703295
pilot_v1_00243,243,data\raw\audio\pilot_v1\pilot_v1_00243.wav,0.9652367830276489,0.8288398385047913,0.6800000071525574,0.5247994661331177,0.12753568589687347,0.4291209876537323,0.7069004774093628,0.27174845337867737,-117.43498907057383,6.186664087074329,-4.740287754902956,0.4616365630563422,-3.0513092638823625,-2.655938662019293,-0.7749806738066576,-0.13560769395671857,-0.5066175964968489,0.21974293466613642,-1.5701380935780296,-0.6507566639257462,0.7013839616876005,52.02991853784886,5.913466231374611,4.31945824778012,0.6561890396841844,2.7529019787015323,2.4136094369590433,0.7854879418470725,0.33701586211148893,0.5153184546372018,0.34518913868829615,1.4363637220214518,0.6000720081020677,0.690566231944784
pilot_v1_00244,244,data\raw\audio\pilot_v1\pilot_v1_00244.wav,0.8113628029823303,0.3591074049472809,0.4790060818195343,0.4572562575340271,0.07131731510162354,0.33575308322906494,0.2956869602203369,0.36916786432266235,-152.51542624118562,13.94303857097265,6.585895689412555,0.7122501687243981,-0.049004637122792745,-0.3369985052703553,-0.5424455887240578,-0.9558455815758671,-0.9491171796760377,-1.2309978933182795,-1.2630203647599618,-0.8828292755378557,-0.5714770411365425,17.105488742242006,10.890155852258781,4.925335641583684,1.1638384309945982,0.6361619914666282,0.4050272906538622,0.4332961565718241,0.6949006537577497,0.6789722458608517,0.8851644093353788,0.8888088914523542,0.5971171996862392,0.4198277381563388
pilot_v1_00245,245,data\raw\audio\pilot_v1\pilot_v1_00245.wav,0.29492172598838806,0.755598783493042,0.040353063493967056,0.1451646387577057,0.2997210621833801,0.1681816130876541,0.6766488552093506,0.22704891860485077,-130.63777560404844,9.717521053367326,-3.8905765492539652,0.02053280575244831,-1.3499796247260902,-0.4519840212506911,-1.1216661911891996,-0.8727448770776796,-1.5527583553367452,-1.723149211551589,-2.221131885555776,-2.029397358400038,-1.8680011327668973,42.716834163817495,9.162533060055527,4.053849718208124,0.45267936275568793,1.4050138801433547,0.48793013376371613,1.1141667015190264,0.8312994509663238,1.4742810141190437,1.6226170882318045,2.0901178352918346,1.9090503725218337,1.7620225230149427
pilot_v1_00246,246,data\raw\audio\pilot_v1\pilot_v1_00246.wav,0.1749579757452011,0.5510531663894653,0.7957876920700073,0.6599892377853394,0.3582083284854889,0.317084938287735,0.49213841557502747,0.12272641062736511,-153.1860198114789,13.633254912150592,2.4934750765429055,-2.103532540854922,0.8831650247111912,1.1399324197250942,-0.5202674206797906,-0.783844461323398,0.060877265971461154,-0.010648174179365963,-0.6620595931169245,-1.727935954807507,-2.9229348449805257,21.83959697093647,13.906948061577111,2.67699572647309,2.410784344689344,1.1036135344382856,1.22123377673171,0.731520276244454,0.8616813713209764,0.2711099255546413,0.2731044548365135,0.6654543053184624,1.7248637660076855,2.9238574789986447
pilot_v1_00247,247,data\raw\audio\pilot_v1\pilot_v1_00247.wav,0.6562585234642029,0.7024873495101929,0.33446624875068665,0.22514793276786804,0.18626829981803894,0.47900599241256714,0.8855745792388916,0.28672102093696594,-120.03729527675297,11.57928794498185,-5.3576943956149385,-0.5304696687761774,-1.259587161110039,-0.14288915581615308,-1.463003758718806,-1.447466072791626,-1.8450082867041582,-1.2241676251079803,-1.0468332390402657,-0.5803117846238555,-0.867199237901842,48.67426549558173,10.075810751466722,4.879475071854242,0.54394638735826,1.1976393132745666,0.2408682829486503,1.3005866135854731,1.2701227067641103,1.619594126764952,1.0646161932028788,0.913747613927008,0.507516557575396,0.7505949858139868
pilot_v1_00248,248,data\raw\audio\pilot_v1\pilot_v1_00248.wav,0.7109395861625671,0.3836408257484436,0.7078373432159424,0.12737993896007538,0.4043061137199402,0.45447486639022827,0.20566602051258087,0.3973112404346466,-147.29255718679588,17.2228063714152,6.747254694230898,0.857634334886172,0.4286992606281266,-0.6948709158665206,-1.144320192503402,-1.6315834500596849,-1.8619155153871072,-1.949980431331534,-1.68973937526494,-1.3996141020501607,-1.3521582850657445,19.3213742066021,12.865180569439717,4.476203848327164,1.4188376587863316,0.6685322766483909,0.6916130546272936,0.8244165854010858,1.0642426048780576,1.1621247147050957,1.1920762563797245,1.0105297193634963,0.8038373290473254,0.7580748850374787
pilot_v1_00249,249,data\raw\audio\pilot_v1\pilot_v1_00249.wav,0.19840478897094727,0.801409900188446,0.37230971455574036,0.3952063024044037,0.22611942887306213,0.2650281488895416,0.6243358254432678,0.18952733278274536,-145.50604522982096,11.991643995194092,-2.147801902820943,1.9337028368726055,1.3333110281062857,-0.04215932882051195,0.007103467872169166,-0.3177864395190947,0.05422392336925972,-0.33018957463751997,-1.1656609337566797,-2.3296466554765547,-2.993455047673251,28.595271343854623,11.642541192300857,2.8544593328408987,1.9645807956051486,1.3255803009323113,0.2123237933249256,0.14942471038026206,0.3495935530595768,0.1374061732910783,0.3291544079573725,1.1216638688259566,2.250162164618779,2.9065380402500187
pilot_v1_00250,250,data\raw\audio\pilot_v1\pilot_v1_00250.wav,0.3339740037918091,0.45837825536727905,0.416952908039093,0.2524990737438202,0.11585680395364761,0.1983376443386078,0.4069030284881592,0.11782504618167877,-151.0111638659327,14.86378240285246,3.285551343318997,-0.7470404113392548,-0.07128676843172226,-0.8346912949077182,-0.883957831938598,-0.9450140479148849,-1.0412723616770592,-1.161367859617692,-1.2325481209731883,-1.1198593146248004,-1.0487090746769008,23.43648457267607,14.605799986679534,3.264612377996255,1.047496830215019,0.2280501821921366,0.8481717001872371,0.8865944232964603,0.9447093389065878,1.0350789357098478,1.1451347318782426,1.2140727625732148,1.10913093074062,1.0427135162453336
pilot_v1_00251,251,data\raw\audio\pilot_v1\pilot_v1_00251.wav,0.8191807866096497,0.5883919596672058,0.05250687152147293,0.7373737692832947,0.33800700306892395,0.3821341395378113,0.8130462765693665,0.3037346303462982,-130.50642462308912,16.0356856389883,-1.6932829479617244,0.6179568231721279,-0.6605259629270864,-0.07161724012213187,-1.1511684982829822,-1.4288555815804562,-1.870112916197228,-1.2646611349167431,-0.5153510704755258,0.5772531330620541,1.0006775064360622,39.35049732392978,13.606343406438944,2.4393643893259678,0.8061396467246718,0.7680553782705318,0.24499353808953572,0.9959086067200007,1.2057035885885847,1.5758366363300178,1.0534344794488075,0.4323249506634863,0.5015405206593037,0.8442833750616203
pilot_v1_00252,252,data\raw\audio\pilot_v1\pilot_v1_00252.wav,0.9105442762374878,0.5312096476554871,0.2503528892993927,0.6225897073745728,0.2568894326686859,0.45932283997535706,0.5766497850418091,0.16081778705120087,-139.52246934970643,16.0027000174011,-0.5236364378747943,-0.4295777449428306,-1.994250623710767,-1.8104817169501872,-1.5322238290869334,-0.43227654793092873,0.46280787660112616,0.37597694423925354,-0.6724957855930517,-0.7738037852870363,0.3082097998830723,34.9762000130823,15.674481105596868,1.5532159612446699,0.5613104779234908,2.0004868096581587,1.7720274677325485,1.5161957771844439,0.43347040040779994,0.4631320852035392,0.3770606497657343,0.6591097762854979,0.7619983715098602,0.31177102033931736
pilot_v1_00253,253,data\raw\audio\pilot_v1\pilot_v1_00253.wav,0.4290148615837097,0.6524980068206787,0.6179380416870117,0.3548319637775421,0.08455907553434372,0.2931181788444519,0.9956860542297363,0.34672409296035767,-117.99559644099052,16.150409482376105,-5.205749649282969,-1.5484957684051806,-2.58098520442521,-0.7278207953036879,-1.040662543143721,-0.6131288103011368,-1.3632109258337632,-1.1709366875002,-1.2157203320770393,-0.8391140211502875,-1.205756682872114,43.917189636191175,12.01549841137813,4.302206994163548,1.4309668802906343,2.024060401387811,0.6513274671582061,0.844531090805137,0.4866222391960877,1.022584880089669,0.8855366610657635,0.8991995046816941,0.6207728606813228,0.8823707422129282
pilot_v1_00254,254,data\raw\audio\pilot_v1\pilot_v1_00254.wav,0.04062063246965408,0.310268372297287,0.17483101785182953,0.4975849688053131,0.169608935713768,0.19353517889976501,0.3855768144130707,0.4390849769115448,-157.6373338622503,8.676192455125006,8.740477092078288,3.7795093278194627,1.1623906457937585,0.14875899090084582,0.3907713253639576,0.04029230615813672,-0.4743307050004767,-1.3762133957223543,-2.2649321116178265,-3.1689470169764724,-4.23029965326876,8.04843551728793,5.474288441046974,4.9638228572621985,1.78430656609009,0.8876241672344998,0.6446191343942222,0.3769066755974045,0.3627528744490509,0.39907055768580746,0.7014403706844193,1.0687591049944603,1.4216071085156805,1.8934129414391192
pilot_v1_00255,255,data\raw\audio\pilot_v1\pilot_v1_00255.wav,0.5573210716247559,0.7367701530456543,0.5072721838951111,0.01255009789019823,0.3984028100967407,0.3540893793106079,0.7921361923217773,0.23130300641059875,-131.41972791145415,5.287783451092802,-6.951079020016376,1.0009902032451226,1.4413809905682144,1.2316927563131883,-1.0802619427284146,-0.5757872193783307,0.04484784056421878,0.4686244547362913,-0.5856477260243703,-1.7383054843628254,-3.142019660719622,43.08257529182873,4.969326392919418,6.866316046879889,1.211508832929154,1.3984909684968783,1.170246107166727,1.1396569957359945,0.5786950353815744,0.12187543262076277,0.4847551750143375,0.560050465646015,1.648795819909161,2.9957689592688266
pilot_v1_00256,256,data\raw\audio\pilot_v1\pilot_v1_00256.wav,0.5553536415100098,0.3086766004562378,0.7421408891677856,0.5748235583305359,0.2867920696735382,0.2655640244483948,0.25453317165374756,0.13279876112937927,-163.1927413700052,5.972119567594897,4.389848597165424,1.3113597489588278,1.0004590879957942,0.6436055074228653,0.3379243734009129,-0.18514234657654444,-0.5572257836201714,-0.8458526641393223,-1.172658419815152,-1.9443561531295117,-2.653974290433737,11.888733267257232,6.386467277146111,4.345884285300407,1.3651227174725251,1.1121008701686648,0.7006703065712665,0.4575900722095852,0.3713747377871995,0.5676948132831316,0.8417201438298257,1.1599265671784202,1.9291286461306987,2.6498013766183712
pilot_v1_00257,257,data\raw\audio\pilot_v1\pilot_v1_00257.wav,0.04249778389930725,0.7372543811798096,0.3777066469192505,0.3095840811729431,0.05934394896030426,0.4536425471305847,0.6731798052787781,0.2967933118343353,-149.27034030355054,17.009241509366102,4.313996782925061,-2.4430875351494765,0.38407227120758447,1.450139153486333,-0.20640846044101463,-0.7855846151965721,0.1360134050723858,-0.04006616624156563,-1.1515052298902153,-2.2568004261669667,-3.2215698158835684,22.371005505324163,15.054092618969182,3.707217892572916,2.577775074764059,0.5684001739315541,1.3677324865467706,0.5299211293209298,0.8587108582586331,0.2943758035694884,0.27761824165193444,0.9885633559024779,1.9401369617554485,2.7765674372150007
pilot_v1_00258,258,data\raw\audio\pilot_v1\pilot_v1_00258.wav,0.42707565426826477,0.5305567979812622,0.43304356932640076,0.5431114435195923,0.19907522201538086,0.3816436231136322,0.4580817222595215,0.3672986328601837,-135.37741056659362,19.100808887436237,-0.3900234563585159,-0.5535446025070081,-1.0303940698610057,-1.12231779140227,-1.157746187653043,-1.2967599230573554,-1.1694638986898473,-1.1046395384518888,-0.9176665398375143,-0.8859141252445275,-1.0561599684154297,29.449618491443264,13.855367700034241,2.265256381792388,0.9920548431831866,0.8954865482385178,0.8606396180327082,0.8334215964933815,0.9104226544435726,0.8047550683321479,0.7495879198955888,0.6189044361023539,0.5964668200364582,0.7089564271673385
pilot_v1_00259,259,data\raw\audio\pilot_v1\pilot_v1_00259.wav,0.9125720262527466,0.654191792011261,0.0975034162402153,0.06150958687067032,0.3704990744590759,0.19921532273292542,0.8642541170120239,0.2251797467470169,-129.72018583057914,12.831601265257323,-3.6278968635984032,-1.5084567747296054,-2.8774944661028057,-1.7008029315984974,-1.663789219314007,-0.2730442550071236,-0.04111838658429037,-0.16288923193339347,-1.2366375243457417,-0.9005575671589118,0.08171620620892385,44.546129454108744,12.142272899082549,3.8357123317080903,1.4924530639570779,2.7637586254232436,1.614211709010384,1.5956557338353756,0.2819232457557351,0.14415541483143768,0.17937640892630027,1.175924968264278,0.8534643996520682,0.09927840779471081
pilot_v1_00260,260,data\raw\audio\pilot_v1\pilot_v1_00260.wav,0.8171831965446472,0.4578562378883362,0.2996436357498169,0.1751953810453415,0.42678990960121155,0.29224151372909546,0.5254436135292053,0.41027116775512695,-139.0868788770475,20.28820080073163,3.715695325043922,-0.3897376082089833,-0.8266877573076876,-1.7336809708639986,-1.6360569633537763,-1.790132341512569,-1.6684736481008904,-1.7972805084460042,-1.5330038289303998,-0.9030442666526526,-0.11949049888690663,23.160536325072073,12.942212615342111,3.0858583084906934,1.1280159248847903,0.7585681809444688,1.0548125283120775,0.9108646976446727,0.9664714048873624,0.884899174843269,0.9521511959010696,0.8142066758554172,0.47601443350479755,0.24741155045116345
pilot_v1_00261,261,data\raw\audio\pilot_v1\pilot_v1_00261.wav,0.3358220160007477,0.5899543762207031,0.6320722103118896,0.4404119849205017,0.20519812405109406,0.45981231331825256,0.9445057511329651,0.26814886927604675,-130.7449436412968,17.051464688520827,-2.668827199602928,-0.9459021671059648,-2.361593108829356,-1.2416462089401241,-1.3631405868884765,-0.5709080442274733,-0.6170666820594776,-0.5052238602313912,-0.9613445736916575,-1.1025510544649555,-1.2985271874745492,40.344943528266874,15.355166326836146,3.0620806934138605,0.9956025200436629,2.1993496878812437,1.1227606529316971,1.2361511982440947,0.5402189760860091,0.5729679135518355,0.48872037212844105,0.8582317609433268,0.9856429633300777,1.1669180527377374
pilot_v1_00262,262,data\raw\audio\pilot_v1\pilot_v1_00262.wav,0.19649651646614075,0.3819093108177185,0.1751471608877182,0.20683881640434265,0.14024189114570618,0.3549206852912903,0.3367310166358948,0.17459237575531006,-161.424514322638,8.421205207093768,7.170627270391947,2.614842753639139,0.4158913251730953,-0.3335603159897542,0.19411567530182106,0.20862692033130426,-0.1995184865081694,-1.01948058987956,-1.7930080098339671,-2.3360643706643036,-2.656184549015897,13.260889807503863,8.612804533541793,7.027614594692179,2.557931967640914,0.5188630182812871,0.432120719532175,0.24649357621349513,0.3007300245334866,0.28029838393237044,1.0069465695650692,1.7690938645747851,2.2951311433358623,2.616787682274766
pilot_v1_00263,263,data\raw\audio\pilot_v1\pilot_v1_00263.wav,0.712999165058136,0.8020333647727966,0.5427442193031311,0.688555121421814,0.31830939650535583,0.19300028681755066,0.7432708144187927,0.33858898282051086,-114.65232317132293,8.758740431491784,-4.975840900175521,1.2243580163703718,-0.864202069303579,-0.9209138732374429,-1.2300189732333642,-0.7946536893031824,-2.1961072786014855,-1.2250749661729399,-0.42860088090240744,0.063459853762903,0.17877255852999754,48.42715898220001,6.625528572700152,4.075811483864156,1.0927688931696444,0.7973946697114308,0.7188283207201274,0.9662144452684328,0.6369946350659829,1.6743913801856296,0.921123727179124,0.3537876266676047,0.14293697986617376,0.19028023297008229
pilot_v1_00264,264,data\raw\audio\pilot_v1\pilot_v1_00264.wav,0.6583204865455627,0.5493929386138916,0.11299952864646912,0.4120534360408783,0.09726794809103012,0.21753141283988953,0.5731790065765381,0.44917863607406616,-120.6486071050393,23.560794657445463,-1.5678426142522848,-0.1684766092729891,-1.0397702154264643,-0.7677981555490938,-1.606724771774125,-1.8994531025568713,-2.055873406553819,-1.6671026084427203,-1.2238075842987681,-0.8938535648906635,-1.185823804270884,23.751297061342296,9.1513085921029,2.9772320092060625,1.2654235091650303,0.803690054016052,0.5044828116548851,0.693823652683434,0.7083994830866085,0.7385652192807354,0.558331030405874,0.38056061727574264,0.26059283711014597,0.3308480460136792
pilot_v1_00265,265,data\raw\audio\pilot_v1\pilot_v1_00265.wav,0.17305304110050201,0.7030395865440369,0.5548034310340881,0.09735206514596939,0.2690829038619995,0.40697747468948364,0.9545339941978455,0.2413967251777649,-145.32799329501825,15.542604426561839,-1.392769679046938,-1.1105747974372207,1.8789879069636402,0.36509348413817744,-0.21588855384596528,-0.48736621412562836,0.051224752428890456,0.08321108426686752,-0.9869170784633998,-2.281010747612563,-3.175507331406634,27.996329243629074,14.707063311032863,2.6140940479104047,1.2248368089057045,1.9052013333678313,0.48002440650303074,0.351267580520875,0.5353354132649666,0.1404632113807872,0.2234803099972328,0.9175105872615282,2.1201126990871124,2.9585832664091716
pilot_v1_00266,266,data\raw\audio\pilot_v1\pilot_v1_00266.wav,0.2967644929885864,0.358656644821167,0.21179406344890594,0.7088106870651245,0.38537657260894775,0.4296562969684601,0.3642519414424896,0.15892724692821503,-154.64160470623088,12.961211983810367,4.671549902796706,0.08273664054094738,0.18254228933566632,-0.3134046268820091,-0.49048501828450025,-0.6489703659898864,-0.7069175312574353,-0.9452096535879502,-1.0664894515527414,-1.195299200019465,-1.3417071785242949,20.701548634894458,13.46804960996103,4.71385170663986,0.937269467240395,0.4807843650368097,0.44212288077817696,0.534848203721405,0.6654036428309142,0.7111056122012874,0.9394970420958367,1.0584478125527734,1.1785125864573807,1.3178618445793213
pilot_v1_00267,267,data\raw\audio\pilot_v1\pilot_v1_00267.wav,0.809360921382904,0.7570899128913879,0.6700164675712585,0.2708110511302948,0.1575375497341156,0.24586045742034912,0.7580838799476624,0.34483349323272705,-115.12854175287201,10.850567371173836,-7.201877335280854,-0.29406688417060795,-1.4990100356660334,-1.5831632483041014,-2.3954455895405293,-0.6108692546245762,-1.1140539283548105,-1.5291904476809877,-1.2727878109783455,-0.07359198476622654,-0.3368694843541883,46.4342172300732,8.242616840999109,5.636265035995712,0.6089675698039445,1.2869459721658318,1.2726696115906992,1.8157175687008253,0.516786821258189,0.8629159108063009,1.1603406886457088,0.9535625840144187,0.1923064677223774,0.29717529268268583
pilot_v1_00268,268,data\raw\audio\pilot_v1\pilot_v1_00268.wav,0.967269778251648,0.42330479621887207,0.4709722399711609,0.3379876911640167,0.23892290890216827,0.16901355981826782,0.24450521171092987,0.11424683034420013,-156.05593990974413,12.134858894605648,4.974079855117281,-0.2626982424299876,-0.6633253511367597,-1.1740176661049957,-1.1099976649376135,-0.6608540244883148,-0.18599264514831504,-0.5306628036162615,-1.2119654825230675,-0.9764207636971826,-0.18718858219017165,18.712569811862206,12.06473502535067,4.917557123463299,0.7095150399746049,0.7974832512775206,1.1829416513698041,1.106552695706397,0.6570076008074218,0.22524109780648968,0.5321461715423083,1.2023779872298643,0.9681389213659324,0.2387767939794467
pilot_v1_00269,269,data\raw\audio\pilot_v1\pilot_v1_00269.wav,0.4505077004432678,0.8304707407951355,0.009663349017500877,0.6526203751564026,0.4166002869606018,0.33521750569343567,0.6254441142082214,0.30015647411346436,-122.35258036969942,5.551673096099205,-4.731695676599088,0.2112786738357845,-1.140662405739607,-0.30978351090419587,-1.4008811151690082,-1.066678944551394,-1.2771707789425815,-0.8498800142339457,-1.2213439443148824,-1.4549501617812015,-2.1002739133778427,47.68095277317421,4.663282525078398,4.259769868647196,0.3164894342712873,1.1464074499463868,0.33780832452646165,1.2815737354615728,0.9332592093213695,1.1295273248170838,0.737046310239124,1.0634538627026116,1.240321648711136,1.7879415173902569
pilot_v1_00270,270,data\raw\audio\pilot_v1\pilot_v1_00270.wav,0.08156673610210419,0.48527848720550537,0.7542089223861694,0.04111597687005997,0.3250814378261566,0.4781286120414734,0.44326820969581604,0.4036238491535187,-153.10309422207033,14.546026139044667,10.698299674419538,2.5395140752382743,-0.7206688223800525,-0.9207803029393389,0.37882243509224983,0.5742815411454184,-0.15670258161716907,-1.2430887013614529,-2.00784680990145,-2.845357064646403,-3.822793652656609,13.387787426902547,10.430803701714263,6.830491810933048,1.5205998685074753,1.4196093375010683,0.9096722651582096,0.4658086406136421,0.5471228800286987,0.39284345666352105,0.7812495593364216,1.1747739246953703,1.6208958238888354,2.1536270004111637
pilot_v1_00271,271,data\raw\audio\pilot_v1\pilot_v1_00271.wav,0.5631568431854248,0.6301997900009155,0.31554409861564636,0.4792758524417877,0.10388000309467316,0.317575067281723,0.8367336392402649,0.19583986699581146,-131.13843133170943,9.489475974119784,-4.65332111859638,0.9852178513927364,0.40862242541290794,0.8763237463216446,-0.7035774171118698,-0.3787297519236346,-0.19933857375385672,0.3477991112290552,-0.5044620085398351,-1.6991047923054317,-3.147056236212326,42.2177249183029,9.238284610039214,4.7114180633999,0.9857437411495298,0.42103410333699737,0.8507153679490673,0.7024939321579352,0.37198127304129686,0.20763499005066402,0.3804266969148661,0.48536202682563606,1.6394775384142857,3.0527780337165766
pilot_v1_00272,272,data\raw\audio\pilot_v1\pilot_v1_00272.wav,0.6100184321403503,0.5025615096092224,0.5953960418701172,0.22345070540905,0.3621023893356323,0.34352296590805054,0.6977288722991943,0.3861083388328552,-138.41513163033522,15.248486771603684,-1.2654080127234932,0.8640944245306051,1.4115109682756586,0.6705206256863154,-0.4212692825823061,-0.7547141350496102,-0.14048846458099382,0.03562624062063782,-0.7934508065962558,-2.5790088059372303,-4.259807157608169,25.797099361833393,10.510448052055922,2.9434677727869247,1.3106810833535858,1.044712565687017,0.4826188641032359,0.5747044159252755,0.6312474032661594,0.18685879115027385,0.2954539224304742,0.5152340891739444,1.6107163114390277,2.7030853860133703
pilot_v1_00273,273,data\raw\audio\pilot_v1\pilot_v1_00273.wav,0.09717842936515808,0.6131685376167297,0.1348542869091034,0.6616793274879456,0.1840343475341797,0.1597265899181366,0.27925172448158264,0.20019635558128357,-152.87270784385348,12.423813430826693,0.46718032214490407,-2.6041567394883467,1.5191313197621767,1.1397564991824232,-0.8201415228439523,-0.5843621624530698,0.2488727970354904,-0.15929902171245602,-0.46345948464062625,-1.7150487351933565,-3.051301627900239,21.27621800443346,12.135477914540024,1.1905551766703948,2.6110554231719436,1.4950276655425965,1.1095260312541122,0.8639370640135927,0.5902510378631721,0.2900577116103148,0.21072794366386188,0.4673728339246739,1.6648324391244007,2.97290506658399
pilot_v1_00274,274,data\raw\audio\pilot_v1\pilot_v1_00274.wav,0.4973960816860199,0.4054239094257355,0.6793956160545349,0.14374351501464844,0.07399068772792816,0.30366307497024536,0.8894609808921814,0.10715312510728836,-147.56280690000708,14.720924280770262,1.472552545530708,0.9500251027748129,1.267109705928878,-0.06094843172788089,-0.4177187663108015,-0.812619008754317,-0.5675145116263117,-0.5683852961979138,-1.0420696917315246,-1.8784588805244329,-2.7114278697854437,26.808097277473294,14.44381584276951,1.583937002268021,1.0294366077450126,1.2546666789805514,0.22562962753228616,0.4624080869294064,0.8557640924446248,0.5868402666817361,0.5737763031397946,1.0332835044943567,1.8759205940846342,2.7181144171188967
pilot_v1_00275,275,data\raw\audio\pilot_v1\pilot_v1_00275.wav,0.9829080700874329,0.8470256328582764,0.23995991051197052,0.4586730897426605,0.2955828011035919,0.49310988187789917,0.4835096001625061,0.31494078040122986,-115.89336309605831,6.639907934582617,-3.928135135824783,-0.18587794139026215,-3.1009457452385005,-1.8965613650678432,-1.5207802132415715,-0.01764828102213031,0.20849649713213453,-0.13495521940245744,-1.257592370269239,-0.5553947956129708,0.37892621909447566,50.600326722464665,5.453581103258122,3.3976359950337764,0.38722209157020465,2.5876100064261633,1.5498629874172862,1.2729241683215995,0.1346603415049582,0.23911956093611914,0.16366433667900313,1.034747136919494,0.4600004869341063,0.3136322622197079
pilot_v1_00276,276,data\raw\audio\pilot_v1\pilot_v1_00276.wav,0.7625030279159546,0.3412919342517853,0.037795621901750565,0.5265825390815735,0.30170658230781555,0.3919954001903534,0.9189818501472473,0.1496090292930603,-148.63578802250314,15.790301691636257,3.28997306367151,0.9662293013526491,1.182853229954693,0.054274675790797935,-0.28132782222080943,-1.0006869697781304,-1.2635935005976773,-1.0810316684712504,-0.5011706472213341,0.23033397363265898,0.703735928478612,26.139630116077548,15.742563887037404,3.4097779290005876,1.0385439077120187,1.1707785198804306,0.25729463926495666,0.33423319256567713,0.9990095061742371,1.2468863724595796,1.064845696911516,0.4991092385426903,0.2523992064928637,0.7094157273512959
pilot_v1_00277,277,data\raw\audio\pilot_v1\pilot_v1_00277.wav,0.2811567485332489,0.7741692662239075,0.48039108514785767,0.08828526735305786,0.1302822232246399,0.23144112527370453,0.500137448310852,0.3573986291885376,-130.76975182247378,10.384411754111191,-6.25963095543827,1.2718910920344018,-0.16022417833695407,-0.6342509686610452,-1.0845046493532344,-0.45672711012817174,-1.8218289822386278,-2.653845310132673,-3.2342711141197817,-3.001909598742422,-2.5427267942322884,33.68853949020696,7.921017478247753,5.102027949348627,1.1609441370386322,0.7933133007722352,0.6969649135211803,0.9557736203665735,0.42161843923489,1.374103776055838,1.9363114000949952,2.353575756378915,2.158610115564336,1.824175824833527
pilot_v1_00278,278,data\raw\audio\pilot_v1\pilot_v1_00278.wav,0.12616094946861267,0.5672256350517273,0.3373897075653076,0.6061753034591675,0.21555104851722717,0.2551453113555908,0.7186481356620789,0.4284186065196991,-135.91753351518392,22.90258139099186,0.865753470078267,-3.5980512236702955,2.6544470652428083,1.034006672964061,-1.0899548900690383,-0.5481395832094259,0.05554446945671442,-0.15639453051506105,-0.7396645694928652,-2.8266510491691905,-5.013940488454876,20.072503438693097,12.234913465403544,2.319867074321606,2.2859243582029345,2.073758251790357,0.6784606773398735,1.0783685178967997,0.48708727060146245,0.242871672098281,0.25900312284696214,0.41479213075240357,1.2402429358458955,2.294894003675077
pilot_v1_00279,279,data\raw\audio\pilot_v1\pilot_v1_00279.wav,0.6426782608032227,0.6865664124488831,0.794816792011261,0.29140588641166687,0.4429995119571686,0.42134979367256165,0.31228142976760864,0.2425033003091812,-133.7218983570818,10.496787961514336,-5.4392875660656275,-1.4627878522817526,-1.2790678325853604,0.3385751701356262,-0.7908972267153658,-1.7771081092476217,-2.4485850397469897,-1.3327520962633488,-0.5965775168768873,-0.5494882502366459,-1.3187185901308793,41.05632001891291,9.887776025880902,5.575352321410843,1.530659724987311,1.3643428292159199,0.46366121327148646,0.8702028904015258,1.736124168453902,2.384923130128113,1.2753337803405302,0.5928348574840605,0.5361975032890207,1.2438346913575633
pilot_v1_00280,280,data\raw\audio\pilot_v1\pilot_v1_00280.wav,0.7286107540130615,0.3995446562767029,0.3744393587112427,0.01415012963116169,0.1725751906633377,0.4677773118019104,0.9792539477348328,0.1791251003742218,-144.97828244851308,17.474243477904395,2.5488651607014883,0.7925669989510703,0.5793539385450922,-0.5034184899608706,-0.6312142147217445,-1.3240161291437065,-1.5023114866457654,-1.5581877018977355,-1.1696900193055135,-0.6258053535589441,-0.2512819334187697,29.063146088753545,16.985153489289548,2.6491027708804133,0.8338565296525094,0.6033974403997105,0.5389935333860068,0.6188768115405048,1.2875509608598168,1.4547566777390077,1.5082436747954007,1.1334038921364693,0.6102015164415666,0.25518451506668555
pilot_v1_00281,281,data\raw\audio\pilot_v1\pilot_v1_00281.wav,0.24335820972919464,0.7852204442024231,0.7076601982116699,0.4959806501865387,0.39377638697624207,0.28534844517707825,0.5977266430854797,0.32123905420303345,-143.68895385961514,10.75899689900547,-4.3190981198936385,2.624842561477527,3.315271608910907,0.10273545307020415,-0.21913066067209805,-0.22340856506821838,-0.7027249195997869,-0.9846978291849774,-0.9365578778165146,-2.1407941214258144,-3.5931884785316455,27.34621373792236,9.317629312776335,4.676160463444755,2.6360277136075907,2.7854495406792976,0.5913795933138052,0.3909720071592782,0.4401345190321641,0.6336640523374578,0.8164322845177217,0.7878832265570547,1.7423593085009734,2.9548530171300715
pilot_v1_00282,282,data\raw\audio\pilot_v1\pilot_v1_00282.wav,0.35146039724349976,0.4397571086883545,0.05074245110154152,0.3559728264808655,0.26029515266418457,0.17943143844604492,0.7835105061531067,0.4248792231082916,-131.97453975984743,23.329174955254533,2.413258254840278,-0.6494966185855282,-1.1624556766098844,-1.9200159408119846,-1.6981804023375748,-2.032349482406499,-1.9064759772297206,-2.08079497503242,-2.063614489264719,-2.061252861206166,-2.022372661786166,23.465961430990955,12.70934876704966,2.793620709639345,1.1177307312147398,0.8520296672306399,1.026614209070047,0.8587105403955354,0.9772988867642864,0.9004315918700101,0.9718089003198733,0.9408690818429775,0.9180118861384718,0.8876727438744973
pilot_v1_00283,283,data\raw\audio\pilot_v1\pilot_v1_00283.wav,0.8640714883804321,0.6061568856239319,0.4175448715686798,0.621441662311554,0.08261819928884506,0.36751070618629456,0.38946008682250977,0.26088961958885193,-138.0530182618577,15.218630810759501,-2.463337461592134,-1.3739754925534744,-2.4751531842514716,-1.659071356236545,-1.3265983574948736,-0.29479626547975424,0.41145286822790994,0.3732391993163642,-0.614337248243468,-0.8408040185464019,0.062218998107540724,34.21656089345831,13.926377333435441,2.696316434180233,1.4280285846566132,2.3059488035678655,1.5150538156630993,1.2231452687594573,0.2996090504998075,0.39008570261252323,0.3743717152668547,0.6051820166449847,0.7877130284584394,0.13031091049138568
pilot_v1_00284,284,data\raw\audio\pilot_v1\pilot_v1_00284.wav,0.8969641327857971,0.5130073428153992,0.6165643334388733,0.7358595132827759,0.11384260654449463,0.44105446338653564,0.6001399755477905,0.3800293207168579,-134.91445093763178,20.67506702214666,1.284406273341337,-0.8028505809108397,-2.2047937642674498,-2.8885454620737345,-2.443842175762559,-1.3035551882917997,0.20868036493021105,0.36126375200095834,-0.7305932851597656,-1.11593893239668,0.12518857601288863,28.13329669161404,14.294079315448558,2.2726330168016324,1.0677851321313256,1.5400684609869875,1.9100272506779026,1.584829845090866,0.8335691055346339,0.31719880408951406,0.32382863247574295,0.5455900234206292,0.8505568951815039,0.13970252026734753
pilot_v1_00285,285,data\raw\audio\pilot_v1\pilot_v1_00285.wav,0.38021790981292725,0.6709523797035217,0.2528979480266571,0.25400614738464355,0.3416813910007477,0.2791333496570587,0.21897929906845093,0.21603776514530182,-140.3315324766861,11.958961334020062,-3.86795292455862,-1.5543154052561998,-2.089837831966213,-1.1896053265351003,-1.2572341361336883,-1.078679329012437,-1.1342209133711711,-0.9938759438320836,-0.9657291974404828,-0.9038461558137466,-0.9853121147636691,34.72052771244815,11.483295225031998,4.15667242109877,1.6157351095800203,2.0739608142547077,1.1744097803667513,1.220767689906722,1.039760432646897,1.0893889368300633,0.953638735340427,0.9234572482652733,0.8665110043651314,0.9551033929254334
pilot_v1_00286,286,data\raw\audio\pilot_v1\pilot_v1_00286.wav,0.026855692267417908,0.32682812213897705,0.5082299113273621,0.3939681649208069,0.40038761496543884,0.20610900223255157,0.8122818470001221,0.13373978435993195,-162.34460683495192,7.862834871105641,7.406479161607203,3.4990654759935467,1.108628520740732,-0.24365920106826253,-0.29283111443456966,-0.3039572324910961,-0.3725472822152051,-0.8660619546259734,-1.416160100480587,-2.0548309904063946,-2.6580251202101164,12.734309730097404,8.577213820881225,7.654064002067023,3.5172334997111463,1.1891189670573203,0.6572522862145058,0.4500968124566716,0.3958599801722195,0.4588145536179209,0.8835452836020484,1.4272766698999375,2.0693264745849596,2.675603747662216
pilot_v1_00287,287,data\raw\audio\pilot_v1\pilot_v1_00287.wav,0.5084614157676697,0.7209659814834595,0.1719195544719696,0.12861375510692596,0.22857311367988586,0.37368038296699524,0.4186477065086365,0.27585700154304504,-131.2428842076264,6.565094150507593,-6.1542676746841085,1.0618142931048244,0.8841699729560324,1.1362159963338943,-0.7785297487040199,-0.49876006611571155,-0.2190164326001208,0.4254966141128277,-0.5235505461226588,-1.8200521695473615,-3.3805698189203537,39.97336743629545,5.899289017332076,5.759916967107728,1.0348989896596823,0.7837093388295634,1.0218043196700444,0.7556524761555267,0.46074924803986506,0.21391745270769116,0.4211373222877978,0.4674667838591073,1.6235232323460709,3.0330468543136524
pilot_v1_00288,288,data\raw\audio\pilot_v1\pilot_v1_00288.wav,0.5273674726486206,0.5351511240005493,0.22071538865566254,0.30086368322372437,0.3243640065193176,0.3630561828613281,0.8765109181404114,0.32652342319488525,-134.5968299318081,13.443962051965846,-2.988215493686378,1.2609911365777116,0.8311916834821582,0.7869017145184766,-0.7173190570178202,-0.5786363547154341,-0.2008002436876594,0.2626666033374125,-0.6394993993375142,-2.1277023895925806,-3.7735937949290306,33.96918039752561,10.86416247587129,3.3948325708165927,1.3476069611662231,0.8099836355018593,0.6926690167341252,0.7057222430207397,0.5065064163392665,0.19632279770597302,0.3342509841831675,0.5094924824838121,1.6766089594750082,2.9954402380738276
pilot_v1_00289,289,data\raw\audio\pilot_v1\pilot_v1_00289.wav,0.014816800132393837,0.6501930356025696,0.659382164478302,0.5952627062797546,0.14668673276901245,0.17360937595367432,0.49495211243629456,0.18426528573036194,-153.72861903062832,13.70090926188941,3.4361669443076686,-2.3483634653388767,0.41869472398973634,1.9420150880312752,0.25264573323523937,-1.2232522510474704,-0.49481815155505476,0.10891432160410375,-0.6115383582663532,-1.9808556879200505,-3.0781129236519815,20.523298108859642,13.347698687183115,3.394566104842069,2.516938222848945,0.4679082301777228,1.9514298419098552,0.30225013035142634,1.2334349046044442,0.4958308459404822,0.25156612744874984,0.6049105931692661,1.9351793080800763,3.017169799833339
pilot_v1_00290,290,data\raw\audio\pilot_v1\pilot_v1_00290.wav,0.39256277680397034,0.30465200543403625,0.10409858822822571,0.08171988278627396,0.2116437405347824,0.28978028893470764,0.6863105893135071,0.2556050717830658,-153.01046261896002,13.91546423444432,4.528635088363745,-0.4704750280219672,-0.04292136261442809,-0.6012873559010744,-0.9004428499328155,-1.0297011492871524,-1.0504198049869529,-1.180119415075664,-1.0879341197941341,-1.1263635095612738,-1.070521394828513,20.252226463714457,13.011875721890421,4.188165445884128,0.9143864548979544,0.25440271396302333,0.6110023628486201,0.8650293612562405,0.9635929300737435,0.9776680513583424,1.090694257794055,0.9975646099190465,1.0273086934252165,0.97477396358365
pilot_v1_00291,291,data\raw\audio\pilot_v1\pilot_v1_00291.wav,0.8777539730072021,0.7418242692947388,0.5654093623161316,0.534619927406311,0.43284523487091064,0.47357669472694397,0.29227522015571594,0.41973885893821716,-111.05716749849756,14.19453401442557,-7.268743349193672,-2.1120858469151598,-3.1002876057421527,-1.5859369258158804,-2.490139179358969,-0.6278227628593636,0.25231090404918716,0.0450764928015553,-1.609796327020542,-0.8745699894403828,0.4012896887666934,37.53212448096471,6.790309136785974,4.213836393907856,1.2609532436678672,1.6539869845457713,0.7937552243967564,1.2651767854445144,0.3946112583084981,0.2616593018237125,0.16627530360055343,0.7855233385723851,0.45275591302119544,0.23659078588333268
pilot_v1_00292,292,data\raw\audio\pilot_v1\pilot_v1_00292.wav,0.8441277146339417,0.3687797784805298,0.7632797956466675,0.44908660650253296,0.3644442558288574,0.37879613041877747,0.7036717534065247,0.21024063229560852,-151.09773180731173,14.998557965870111,4.010135100820937,-0.11726380005078905,0.047653826135873455,-0.7812752291630909,-0.7079340860313608,-0.662844469402445,-0.7221247924563978,-1.0392110037769633,-1.2398206577718918,-1.0783068956332316,-0.7466080482437603,23.62693712737269,15.015026437946005,4.002311122660922,0.8549429732689027,0.37533747628793823,0.8212869916786356,0.7096709472323618,0.65441831026002,0.7033978223238815,1.0055900282846733,1.1949951134476777,1.0349859096958445,0.7232495733904787
pilot_v1_00293,293,data\raw\audio\pilot_v1\pilot_v1_00293.wav,0.3625834286212921,0.8146847486495972,0.3050593137741089,0.15480203926563263,0.19262941181659698,0.21259160339832306,0.32252755761146545,0.3743763566017151,-124.36652839934402,8.291285617873585,-6.276087101093335,-0.38338817474503994,-2.929587261013748,-1.9910937148911405,-2.1409361661936024,-1.5020586178147461,-1.9331904382807503,-1.4505930643299545,-1.701695860750698,-1.5114992297406338,-1.7119217251191186,36.61979993845119,5.731366209716069,4.53705542855857,0.42151195749293396,2.2107942181176554,1.4414171309191754,1.5729788422019038,1.0676711231632723,1.3734521132172262,1.0058173889970465,1.1734960536884715,1.0166830200495844,1.1492789156045238
pilot_v1_00294,294,data\raw\audio\pilot_v1\pilot_v1_00294.wav,0.2320510298013687,0.47048282623291016,0.4619278609752655,0.6682990789413452,0.052898913621902466,0.2739948332309723,0.9087110757827759,0.28165432810783386,-152.1266301724519,16.094611801125257,6.962688603567345,-0.46464588014532754,-0.08219923634000537,1.0506151977711788,0.29337817738798017,-0.9453624610314899,-0.6398562204609226,-0.12468759943852463,-0.7361562886768195,-2.351075916107607,-3.4238454983582143,20.190660075886576,14.517424582914158,6.113583652828325,1.0999138641821422,0.28628353918730814,0.9978224752389101,0.33848879189916203,0.9632535451823931,0.6128347719925094,0.33089228782326263,0.6914024218982844,2.075896091281364,3.0349906771379005
pilot_v1_00295,295,data\raw\audio\pilot_v1\pilot_v1_00295.wav,0.7487367987632751,0.5767993927001953,0.02012583613395691,0.2153761386871338,0.2807380259037018,0.43454912304878235,0.5150407552719116,0.1393929123878479,-135.27495152683719,14.575348679184406,-1.8381609681603053,0.40610566711864443,-0.9703037994091633,-0.2990443771317929,-1.2496145345444138,-1.3789951088679293,-1.79810814122003,-1.2789863395349241,-0.6812792333400001,0.25863917709944917,0.6125780077702293,39.44452055273738,14.347925085925286,2.303167081537588,0.4834287176181021,1.0413164346151813,0.3159192513520771,1.2457337382499114,1.3560447676408787,1.7695666122080476,1.2575169173180734,0.6710908023808011,0.27301658059621703,0.6037575771992781
pilot_v1_00296,296,data\raw\audio\pilot_v1\pilot_v1_00296.wav,0.6315552592277527,0.3632351756095886,0.4498750865459442,0.13514041900634766,0.10993460565805435,0.4975644052028656,0.7949500679969788,0.2055554986000061,-149.57370530530864,14.852220007687638,2.8318590398461208,0.7523668759585949,1.380495292321144,-0.16033303917934721,-0.7699695260408234,-1.3647894593405736,-1.4070746065128144,-1.2347856075201988,-1.1224022231376845,-1.3074097184859717,-1.6938163705307379,24.340101042296773,14.337810022592324,2.809455866101759,0.843063437843356,1.320170910473115,0.3063064795490503,0.7823750249428807,1.338106419562599,1.374424296138653,1.19095729808896,1.0750642288320507,1.2499085532578573,1.6180259202656513
pilot_v1_00297,297,data\raw\audio\pilot_v1\pilot_v1_00297.wav,0.14610469341278076,0.7530739307403564,0.08227923512458801,0.38598382472991943,0.3315263092517853,0.30948513746261597,0.37651294469833374,0.3915155529975891,-143.41273593653648,18.010960172241123,0.6316660400165713,-3.489632453717874,1.5461749902239534,1.3451302622160997,-0.6223515424529136,-0.6364952782846607,0.17981890665380126,3.5939404420888626e-05,-0.8755665860555003,-2.43493387554816,-4.1140783281273,21.446259490165545,12.535726516285406,2.092107541754661,2.717971584976878,1.593860593742626,1.0191084015470218,0.9415640824119167,0.6498387102410075,0.26507011715161904,0.26496429055383247,0.535753505460642,1.4961531719533259,2.561851287374699
pilot_v1_00298,298,data\raw\audio\pilot_v1\pilot_v1_00298.wav,0.2610306739807129,0.5453860759735107,0.7253298163414001,0.24451251327991486,0.42304590344429016,0.1552947461605072,0.9922741651535034,0.309581458568573,-147.7551964553233,17.17803954009719,4.224738241424937,-1.5500073412320157,-2.129716547584212,-2.611618994762792,-1.9205226248530094,-1.3990872685817144,-0.8286858973282455,-0.6692622228520754,-0.9586088540982236,-1.5470966945555975,-1.9692801839276115,24.377026625844916,15.592332982045674,3.877683382976064,1.915907225072129,2.00007220083458,2.296121563725124,1.6679034896607883,1.220913233632078,0.7328298348007535,0.5835599127458219,0.8129069161558917,1.3027877748005177,1.651066787728074
pilot_v1_00299,299,data\raw\audio\pilot_v1\pilot_v1_00299.wav,0.7738102078437805,0.7076257467269897,0.3929023742675781,0.746828019618988,0.24497827887535095,0.33772361278533936,0.5863116383552551,0.10174575448036194,-129.14410936930256,10.873960231025666,-3.3982901709020523,0.2568743198361347,-0.9555520679495687,-0.0018623698817777387,-1.0474559164056005,-1.116385040252281,-1.5644287893842068,-0.9266086012261584,-0.4679227211754135,0.34891958540381746,0.5591155878269868,45.277890203811715,10.694868871055636,3.577460131423403,0.34810755845836117,1.0033288012716197,0.1591709271672509,1.0587316899806396,1.109207260780616,1.5531229509409747,0.9182191074953551,0.46352239623827696,0.3637527861329704,0.5620975954909648
pilot_v1_00300,300,data\raw\audio\pilot_v1\pilot_v1_00300.wav,0.9949469566345215,0.472131609916687,0.19193288683891296,0.6147862672805786,0.15148276090621948,0.4162341058254242,0.8225252032279968,0.35186851024627686,-135.09047515124703,20.511175399781752,1.3480691206030189,-0.013601444916295433,-1.637967047766057,-2.0272172490585354,-1.6244951988892518,-0.5990073670128987,0.40245184505132653,0.11578937573467894,-0.8793797601165919,-0.9092796264544581,0.3159486100686464,30.56526515202099,15.448950577967361,2.0709985014312684,0.6943985074967444,1.2905142570606167,1.493531189779128,1.1778859881533696,0.4399879840554256,0.3849142971962914,0.17731908833066776,0.680428666745467,0.7194296314791936,0.2971388312360042
pilot_v1_00301,301,data\raw\audio\pilot_v1\pilot_v1_00301.wav,0.47849005460739136,0.642834484577179,0.5274742245674133,0.3641031086444855,0.3789307773113251,0.24866271018981934,0.4036741256713867,0.1440308392047882,-138.4314598528313,11.354847272922287,-3.88808044313682,-0.43688012152179134,-1.2063442024878441,-0.5728274060461598,-1.18617661452002,-0.8355544260294799,-0.85593424855572,-0.6080229364689321,-0.9248923002052386,-1.2080982976763974,-1.6857428958610121,37.13625330609182,11.275687574596631,4.220240496997201,0.7079753287345919,1.293762772603686,0.6453687633718307,1.216511448536252,0.8593578662202983,0.8640521871235454,0.6035689911388908,0.9175710160863264,1.2001274835372728,1.6702418627155915
pilot_v1_00302,302,data\raw\audio\pilot_v1\pilot_v1_00302.wav,0.11638861149549484,0.4359475374221802,0.2828844487667084,0.5055286288261414,0.2626378536224365,0.23657962679862976,0.615040123462677,0.24803359806537628,-154.21516105933523,13.85828968951055,5.44887503622042,-0.7308573247347278,0.43580595650519693,1.27289205952218,0.0912255790486647,-0.996626773813055,-0.44101768147834386,-0.09737039984733667,-0.846498493530503,-2.1575552569859977,-3.1457778598464605,19.25737254639062,13.12122222139319,5.03312061838306,1.2133247116552344,0.473783491122335,1.2392677166692843,0.24557849652246344,1.0234896028217728,0.4689419344936293,0.31684390912800797,0.799638260558236,2.0109070651879435,2.923295804658645
pilot_v1_00303,303,data\raw\audio\pilot_v1\pilot_v1_00303.wav,0.5976735353469849,0.8173325657844543,0.6473197937011719,0.0031444511841982603,0.09121391922235489,0.3985007703304291,0.20871174335479736,0.43399694561958313,-124.96772487690748,2.7673277126602165,-9.123975805023019,4.13185309799247,1.1141932406011865,0.21452559655078215,0.0109659478665984,-0.44915534285747594,-0.8798864107634302,0.9217420360713435,-0.6441873664224345,-2.644239134256965,-4.239775327542686,29.59834304734536,3.414179278649424,5.136374807551423,2.199495698129883,0.6451610750073143,0.5254957997575311,0.6538643495658489,0.37942400881161514,0.4847353033705061,0.6252094141216419,0.3113905862035102,1.2820507541371773,2.2156938231075314
pilot_v1_00304,304,data\raw\audio\pilot_v1\pilot_v1_00304.wav,0.5820313096046448,0.4185868799686432,0.06674766540527344,0.6994677186012268,0.44944509863853455,0.24142727255821228,0.46969524025917053,0.23547130823135376,-152.54730489364366,10.628594226413487,0.8455041195394201,0.7143340035172318,1.5439284106802704,0.5392848349202298,-0.11378832847449838,-0.5538797986026988,-0.27596742945277686,-0.27449930132649186,-0.7983010368134416,-1.9175997234660893,-2.9682580864484884,22.882665784688776,10.914422365338352,2.1942507537845963,1.0803482595687772,1.5754281498406169,0.5641635528442761,0.3859946071368005,0.6598072027571515,0.31345572479281686,0.3355053428590198,0.7636593932514907,1.8267026953530192,2.847717509785673
pilot_v1_00305,305,data\raw\audio\pilot_v1\pilot_v1_00305.wav,0.06949649006128311,0.8344079256057739,0.40305694937705994,0.19738104939460754,0.22160640358924866,0.42385557293891907,0.8510353565216064,0.44331201910972595,-139.96813439017203,23.458894027879058,8.036222212819508,-3.0380921852589076,-1.274572177403898,0.9446695379645893,0.5127301086150241,-0.3238454718303426,0.10985000724433427,-0.2237439866050055,-1.657803354593834,-3.482983330069664,-4.85813660574679,15.24391527566925,11.584583811185267,3.0615883861029465,2.463178314889138,0.8999346732668103,1.0209527021526739,0.5271691965010789,0.7916839301758898,0.2961508040134822,0.42451971344546946,0.6016415504158733,1.2457975584108336,1.7553426998872126
pilot_v1_00306,306,data\raw\audio\pilot_v1\pilot_v1_00306.wav,0.46288225054740906,0.4899684190750122,0.3584621548652649,0.43237462639808655,0.1363368183374405,0.41143062710762024,0.26767852902412415,0.35075873136520386,-144.00982178684265,16.216784669359964,1.2178764963713073,-0.583238425174134,-0.0933043861245729,-0.8210295048828755,-0.9021574172711083,-1.173277497756602,-1.0809906656943225,-1.1172313878830453,-1.1054353440486828,-1.3499714138483545,-1.6474425181280519,25.2427309690083,13.029919265497758,2.0468614468701416,1.188586618470958,0.5731948239063076,0.7821206460439255,0.765306269279651,0.9472185380016674,0.8425066435972344,0.8475475513876862,0.8195891285718891,0.9825339968793904,1.1924291279453874
pilot_v1_00307,307,data\raw\audio\pilot_v1\pilot_v1_00307.wav,0.948089063167572,0.6263571977615356,0.722127377986908,0.1817607432603836,0.3081514239311218,0.2233521044254303,0.6615420579910278,0.16479374468326569,-134.7623293414145,13.64159623357792,-3.906154563338144,-2.100391498634471,-3.5385707145394267,-2.2990169652158636,-1.5141040476015724,0.397696183344744,0.49573937287595804,-0.3156138169687762,-1.7951461213221667,-1.4398246669268002,-0.05480461237350164,39.87448095413817,13.362203643832137,4.28043545623369,2.1107794840234555,3.489875261626542,2.250687019163796,1.4864157829379636,0.5003065852410323,0.5012244403617632,0.3501259845115645,1.7839793531664363,1.417960643678081,0.09055688084466376
pilot_v1_00308,308,data\raw\audio\pilot_v1\pilot_v1_00308.wav,0.7894484996795654,0.5626647472381592,0.5242809057235718,0.05045105889439583,0.2891377806663513,0.3227122128009796,0.34719714522361755,0.30522748827934265,-141.71561710553058,16.30851213369159,-0.6900102201950842,-1.6420489646425438,-1.991583477741898,-2.2117945548766595,-1.8528213675625886,-1.6699348239670357,-1.2385020179837527,-1.0311712995475166,-0.7390585839593599,-0.2953427036661632,0.1527669648472922,29.417135280783803,14.142397126445465,2.1018599528527484,1.6739394285041334,1.7918183810405943,1.9148312436108608,1.580129110532496,1.4156465988084126,1.0493846400527078,0.8756960957419132,0.6407922344045817,0.27501236032733417,0.15525062504998066
pilot_v1_00309,309,data\raw\audio\pilot_v1\pilot_v1_00309.wav,0.30791911482810974,0.6905988454818726,0.15747740864753723,0.552698016166687,0.06793668121099472,0.48463258147239685,0.7281721234321594,0.11925908923149109,-128.09316167981845,12.090917509048353,-3.8857188036784063,-0.47170346589619316,-1.7766984174017877,-0.5839067636767423,-1.232418455503122,-0.7888496147760264,-1.2237623554480388,-1.070976056226302,-1.4299739387679093,-1.305134178091888,-1.4551514376113055,45.91036321870713,11.92466153990063,3.9717568378964385,0.6801267233885201,1.813983087033031,0.6398612249824867,1.2520923936374346,0.800315902262746,1.2210838241746043,1.061855784616917,1.4164955644355282,1.2911431266424978,1.44083909704634
pilot_v1_00310,310,data\raw\audio\pilot_v1\pilot_v1_00310.wav,0.16171641647815704,0.3453499674797058,0.6005352139472961,0.3176586329936981,0.17797957360744476,0.3301003873348236,0.5406153202056885,0.1907690316438675,-161.04940722148532,8.993059910384124,7.58596498256696,2.98853719395507,0.7074926431942534,-0.11827448071723774,0.06890351713131124,-0.05205464569572584,-0.4790994098276202,-1.1101752209147433,-1.5330794229313696,-2.0980078811745813,-2.7488931860853967,13.364683368257436,8.848789311171796,7.374263627141159,2.8894280911650077,0.7943702676769625,0.32630299700635346,0.2589295181122501,0.22102516471607428,0.503591054270074,1.0886164468244777,1.4925101995256986,2.052556715921368,2.679315257364538
pilot_v1_00311,311,data\raw\audio\pilot_v1\pilot_v1_00311.wav,0.6784168481826782,0.7696331143379211,0.2673132121562958,0.5682038068771362,0.35565662384033203,0.1625295877456665,0.9340642094612122,0.39861175417900085,-105.53852123340693,12.08355225890024,-5.784278593147385,0.5144529786943249,-1.1590983062947389,-0.2616464880537566,-1.61346164902715,-1.4174854817041616,-2.025371318980678,-1.3740495557184016,-0.9999194311538929,-0.20207801839827064,-0.40468320209341757,44.29103614724762,6.696494229713994,3.713111865961827,0.541805833658472,0.8770913338979978,0.254511663110741,0.985326723511077,0.8281176508026818,1.1574352129032215,0.7744853501870957,0.5581100815504622,0.1711060491551324,0.2523260700561801
pilot_v1_00312,312,data\raw\audio\pilot_v1\pilot_v1_00312.wav,0.7018445730209351,0.45293760299682617,0.687686026096344,0.48726019263267517,0.23501870036125183,0.20364853739738464,0.3510363698005676,0.29079315066337585,-149.97227041355887,15.43612672645178,4.130311780797946,-0.17381169919741077,0.383556928389771,-0.3663060849471132,-0.5737355365225119,-0.8248171067949543,-1.1184702604573582,-1.3955777781196452,-1.3103455037574228,-1.009051875715067,-0.5563447787200391,22.166648853132962,13.835734857408193,3.687520155958147,0.9003188352246411,0.4188526554694042,0.4053430254645322,0.5422233205226712,0.7348911545700506,0.9845656581893173,1.2288451825475453,1.1468101622389844,0.8803963366161185,0.4923046888473392
pilot_v1_00313,313,data\raw\audio\pilot_v1\pilot_v1_00313.wav,0.21640890836715698,0.5935556292533875,0.23025710880756378,0.034589316695928574,0.40644294023513794,0.3874443471431732,0.7696942090988159,0.12666507065296173,-153.60471723203838,12.294097560057482,2.0931719489378002,-0.34870723806051684,1.8224111085569674,1.1987682521109362,0.4031028546145446,-0.2044663018596589,-0.6643580669234845,-1.110454025554807,-1.5889773078228249,-2.2495590348980308,-2.645214964505061,22.037227912426157,13.02020517753261,2.5366703096713605,0.8712602670816632,1.9932075858955431,1.2227115273397313,0.5564201249448938,0.3513381635594887,0.6781704484794686,1.110766161587109,1.583352097413616,2.2435727474902416,2.6610061234952345
pilot_v1_00314,314,data\raw\audio\pilot_v1\pilot_v1_00314.wav,0.3157256245613098,0.38693562150001526,0.5871337056159973,0.6416519284248352,0.3477359712123871,0.44918936491012573,0.5615440607070923,0.23117975890636444,-151.62965262084376,15.019945899717806,4.6335826818279795,-0.07521898693508157,0.06497252372367311,-0.6021325791750486,-0.6660147982729594,-0.7101992550452348,-0.8182604420235231,-1.0177383245482947,-1.149804633442214,-1.3077689172960385,-1.3988220692281443,22.66852187010602,14.81024815894458,4.485046968929499,0.8969269792238386,0.4252969573017509,0.678926969500959,0.6919514709139711,0.7087525189516461,0.8014827798133218,0.9717434103476511,1.0860654204553406,1.2305544236170882,1.3123140141756688
pilot_v1_00315,315,data\raw\audio\pilot_v1\pilot_v1_00315.wav,0.8285198211669922,0.7983920574188232,0.14453627169132233,0.3474813401699066,0.12028742581605911,0.259743332862854,0.9676765203475952,0.3734321594238281,-103.89926955470257,10.606884016962278,-5.170579431413962,-0.0206470692991907,-2.547084782806359,-1.3865219647993738,-1.7065839441740798,-0.7544466888430859,-1.104230397824638,-0.916252153878146,-1.0978812952684498,-0.3512930367782709,-0.05574124178353106,49.470610426279634,7.0613048978828346,3.58764467243464,0.2517430265638101,1.7326181229280773,0.9221185127067749,1.1458076840024463,0.4967144646567163,0.7428387128964526,0.5970565170664388,0.7212921174764185,0.2628465346619645,0.1480776487452699
pilot_v1_00316,316,data\raw\audio\pilot_v1\pilot_v1_00316.wav,0.9246422648429871,0.3222832977771759,0.34553056955337524,0.2626807689666748,0.07617317885160446,0.18786317110061646,0.4281728267669678,0.2729528546333313,-155.45667248217433,12.345139748715882,5.60192075201927,-0.2920779341530886,-0.6738604487272801,-1.151273137177423,-0.8624478768419693,-0.36997407752138683,0.22082362900604396,-0.5463675939740854,-1.2130065383607365,-0.8247042290837491,-0.017424148041854843,17.841330574019047,11.323596256132086,5.110376541103677,0.8672726705136554,0.7332711835596211,1.105731684009197,0.7985257549039168,0.3662820392872023,0.32818306919028967,0.5000575055950306,1.1072226494506272,0.741910257336855,0.24799183828170643
pilot_v1_00317,317,data\raw\audio\pilot_v1\pilot_v1_00317.wav,0.4082012176513672,0.7250153422355652,0.7849644422531128,0.7154661417007446,0.25424113869667053,0.34841668605804443,0.8471964597702026,0.415208637714386,-106.07769332607164,15.642030576372756,-7.188062082674656,-1.5089680351549508,-2.1184627070747113,-0.5907445593737773,-2.31406001567994,-1.8248865939044216,-1.398681132938495,-0.7181807563760875,-1.6363201731229169,-1.5816904088322785,-1.4545353776056278,39.39312506489992,7.850047692686001,4.223717965337233,1.1074377766747077,1.2410043942615065,0.5135291066971391,1.2403911878738523,0.9681984981543884,0.7254731216354096,0.4015296007507931,0.8196457064159232,0.781264124344,0.6991639243766964
pilot_v1_00318,318,data\raw\audio\pilot_v1\pilot_v1_00318.wav,0.06167852133512497,0.5170478820800781,0.02967672049999237,0.10835776478052139,0.38772162795066833,0.4649294316768646,0.23406662046909332,0.33378517627716064,-154.336136844054,14.20353109658774,8.158312752620093,0.4895352141909697,-0.97696574561546,-0.08176567108417841,0.6308593290911562,-0.00544607270898906,-0.4218252525588771,-0.6252386782640241,-1.0737840358054913,-2.258442135787034,-3.4888178412160427,17.026603988521455,12.648218564378196,6.687390189007443,1.2265452931715926,1.2331980907122724,0.527090693198004,0.6213658134136146,0.43819849436598385,0.5265477364556002,0.5868536381081297,0.920883331416291,1.7772741770618203,2.790529637997819
pilot_v1_00319,319,data\raw\audio\pilot_v1\pilot_v1_00319.wav,0.5429790616035461,0.6663996577262878,0.4902164936065674,0.40250545740127563,0.16612941026687622,0.2987254858016968,0.6406129598617554,0.16965505480766296,-133.01966252495387,8.225917388569094,-5.363849446829345,0.7318969934249988,0.3630487282167562,1.0038543221407303,-0.5386586151903087,-0.3190744535013813,-0.262050291764279,0.2948214034403312,-0.4799029191351316,-1.6177557594596523,-3.090847762010226,40.83439577111816,8.17391214658967,5.371698300499057,0.7403422631740252,0.3844865491246116,0.9898329137205026,0.5495020122380546,0.3168225051585309,0.2642907242235326,0.32312937368058137,0.4657941577434007,1.5820749050846423,3.0326504602550406
pilot_v1_00320,320,data\raw\audio\pilot_v1\pilot_v1_00320.wav,0.5387601852416992,0.4655395746231079,0.00028150752768851817,0.023641647771000862,0.14956453442573547,0.1718226969242096,0.7197349071502686,0.1614398956298828,-144.64567685657786,12.48861471621459,-1.503348407855066,1.506156852773325,1.3270385971403256,0.5930303283585571,-0.4184302903163748,-0.7278517621975774,-0.19898338130043214,-0.027162998465307904,-0.609842578358823,-1.9446168946332056,-3.15632657333182,29.49444563088184,12.224307834364485,1.9433792544198605,1.4775407053985699,1.2988323660652303,0.5949782623379554,0.42683412525698994,0.7209967815308023,0.21468090097936404,0.13192777428391717,0.5974150537251877,1.9131758304876245,3.113268049823226
pilot_v1_00321,321,data\raw\audio\pilot_v1\pilot_v1_00321.wav,0.0513712614774704,0.5803830623626709,0.4678540825843811,0.485032856464386,0.3215716481208801,0.3323870003223419,0.3008919358253479,0.34744763374328613,-152.66796063866818,13.9767091836375,4.794000112519823,-1.8670289763346575,-0.2886209447764102,1.0964223489243068,0.2517989149719225,-0.79916643631495,-0.2681804858022992,0.09603684091703843,-0.7555078673178722,-2.266040953457646,-3.586314772097136,17.830957072297203,11.800326007319947,3.697661614698541,2.238388915753394,0.7628195500736427,1.1086057103880937,0.5960845972382034,0.913603369198126,0.44146318980432125,0.442942282984085,0.612434111128765,1.738161119603619,2.751284560086855
pilot_v1_00322,322,data\raw\audio\pilot_v1\pilot_v1_00322.wav,0.4163110852241516,0.3737562894821167,0.32492443919181824,0.3435603380203247,0.4365043044090271,0.48102322220802307,0.9178463816642761,0.43982988595962524,-139.81891207252454,21.03404429383476,6.419445877286135,0.3466016160596195,0.25517250742927916,-0.8613072340216856,-1.0045837522497436,-1.4129335446259175,-1.5687580386569049,-1.808041081960147,-1.8036535433710774,-1.8973306577422215,-2.05793579196376,17.97324374975812,11.428044844976576,3.297013358815026,1.3399708732352555,0.6833673306912955,0.6778471388668031,0.5735508185242468,0.6599628773234801,0.6648984774378328,0.7227376751126273,0.6946278235459978,0.6998145210533464,0.7306447236993923
pilot_v1_00323,323,data\raw\audio\pilot_v1\pilot_v1_00323.wav,0.9310585260391235,0.8110007047653198,0.7573286294937134,0.6353275775909424,0.20807011425495148,0.3148300349712372,0.5114780068397522,0.23194646835327148,-124.43791997988289,6.039529958483628,-4.833342828055477,0.6319844628488762,-2.664812181258054,-2.6507494400964995,-1.0123803912039635,0.7606274220195157,-1.011539489854415,-0.30539092153814945,-0.44322661043299255,-0.8532292371299006,0.059437674559501996,47.881808688297184,5.97693902883168,4.658601785990077,0.8912450013437165,2.5661153595085344,2.5693811209168995,1.0239377483554635,0.8047147461847921,1.0277364320294262,0.4471820301671316,0.47984196787182576,0.8467202142672868,0.22498983405461062
pilot_v1_00324,324,data\raw\audio\pilot_v1\pilot_v1_00324.wav,0.8396818041801453,0.3010520339012146,0.5579338073730469,0.7263079285621643,0.18917177617549896,0.22038327157497406,0.8969682455062866,0.3980350196361542,-145.66059439668427,18.65724020841153,6.717390566745186,0.5737429957081415,0.5841627173213292,-0.3036960486178793,-0.49317543504323225,-0.5106581245849946,-0.5457510055951669,-0.9403100451133041,-1.0059544958891662,-0.7002195466732863,-0.11031775406892262,19.047852018320903,12.619789930668599,4.155144402523799,1.2557054601098057,0.5921551301405971,0.3945352624605299,0.43218228968755557,0.40808492186059564,0.41382453821545767,0.6158998568593639,0.666812838408784,0.47595823630752637,0.2718533167389562
pilot_v1_00325,325,data\raw\audio\pilot_v1\pilot_v1_00325.wav,0.32128751277923584,0.7467501759529114,0.12236917018890381,0.2650311589241028,0.3678164482116699,0.40418967604637146,0.4784925580024719,0.19014954566955566,-130.99823354806483,9.400776772312765,-4.43666973326921,-0.530905145749855,-1.7743366884108094,-0.916454079661237,-1.5209527432491678,-1.0529463656169946,-1.4445525265010224,-1.3412755978277484,-1.654428437293807,-1.4980951622070904,-1.5525642811503493,44.06876547966019,9.11427401354507,4.630762372569941,0.7451344059879516,1.8264883694815175,0.9242340640334645,1.5273195181836996,1.0409884684470276,1.4151993209638214,1.3054334496287074,1.608601155904699,1.446737332896293,1.5077844609910827
pilot_v1_00326,326,data\raw\audio\pilot_v1\pilot_v1_00326.wav,0.2091379314661026,0.5387853980064392,0.6668845415115356,0.40645790100097656,0.2780616581439972,0.4324226677417755,0.6902704834938049,0.11846862733364105,-153.47708846309098,13.999767031183902,4.476402277055055,-0.36362917508713033,0.8319984207053773,0.482607625762688,-0.3976694276076521,-0.5626088487032475,-0.2531602780373723,-0.4305275415353095,-0.9888863560675395,-1.935231241896242,-2.8691756294260564,21.206766519773737,13.971561165055004,4.450800117175301,0.9900317021266442,0.8861397949950949,0.5311933676638316,0.48547410389224444,0.5825425201441214,0.32169510486411984,0.4506641350969224,0.9769720299526607,1.9127134348711123,2.8612198517246186
pilot_v1_00327,327,data\raw\audio\pilot_v1\pilot_v1_00327.wav,0.6923916935920715,0.6451656818389893,0.20242595672607422,0.11466777324676514,0.05548986792564392,0.2429872453212738,0.2843174934387207,0.30447977781295776,-138.1911169824509,14.276399939460347,-3.550779995310211,-1.1139871653702516,-1.5040147065335336,-0.6985479170473441,-1.1955534348433563,-1.3684824435457785,-1.6701711460153408,-1.3603569768826036,-0.927417298037986,-0.3297687366170931,-0.2644213213639013,31.92628164833881,12.192073840498168,3.6183947023621887,1.2314393496016558,1.4250990723675525,0.705202889800022,1.0737921921785292,1.1931533700379733,1.4365857658920642,1.1700618477533102,0.7959804133520153,0.2856057728469452,0.24521092071140255
pilot_v1_00328,328,data\raw\audio\pilot_v1\pilot_v1_00328.wav,0.6845737099647522,0.43118926882743835,0.6289525628089905,0.1889737844467163,0.33508768677711487,0.29502928256988525,0.8008929491043091,0.3685402274131775,-140.9954499830213,19.996547532010407,4.16784981619764,0.7311889015074966,0.675933188877545,-0.4391784119802915,-0.6309884904408115,-1.3291821685524623,-1.6575553999450392,-1.8690742936794233,-1.6468826663546787,-1.2823757263415987,-1.0207039654836665,25.113724445569588,14.905177880461459,3.4224029829661586,0.9494411883267393,0.5798078271564073,0.4615525091220147,0.5022739828851535,0.9336592449162543,1.1307184066281857,1.2606710808638504,1.103442866034452,0.8493943845752929,0.674333882174875
pilot_v1_00329,329,data\raw\audio\pilot_v1\pilot_v1_00329.wav,0.17008569836616516,0.8212348818778992,0.29026326537132263,0.6947000026702881,0.10626333951950073,0.45696040987968445,0.4197338819503784,0.22633057832717896,-144.93249906972676,15.290261194673503,-2.741478734364635,-1.5557528780371699,2.106122095352233,0.10754535919711487,-0.2685528406334283,-0.3938568405764332,-0.23961615980683937,0.12824930059561396,-0.473599097615702,-1.9140631213841321,-3.118446905155402,28.68854648575335,14.647496548018836,3.2419130011039217,1.6036350906715473,2.0559247430495056,0.34339506357687727,0.3736305389078082,0.4063678597648476,0.24611844314920076,0.24909461499530822,0.457237021224123,1.818229563756579,2.9660103406717973
pilot_v1_00330,330,data\raw\audio\pilot_v1\pilot_v1_00330.wav,0.29784074425697327,0.4767894744873047,0.5458623170852661,0.1811583787202835,0.2477584332227707,0.3577938973903656,0.6114799380302429,0.12198670208454132,-149.21842888548542,15.82452645990915,3.0875483417120893,-0.27001545689819495,0.17147367274170633,-0.7053305276144861,-0.706882784172104,-1.0140339931492317,-1.3614594707703083,-1.711689886140971,-1.8600654840547777,-1.719153453038397,-1.3021429720286615,25.359486725841418,15.645080080727217,3.224747384625137,0.7446766807459889,0.25851520861640936,0.7161150677922851,0.7197456108694554,1.0111169060731915,1.3437070550121717,1.6830161169194457,1.8356336446437411,1.7001403140385656,1.288065478054906
pilot_v1_00331,331,data\raw\audio\pilot_v1\pilot_v1_00331.wav,0.785000741481781,0.6389654278755188,0.18452905118465424,0.4227316975593567,0.4201558530330658,0.19023387134075165,0.21784436702728271,0.2860720157623291,-137.97317197379402,13.458626968833256,-2.5140862401749833,-0.31026398824699153,-0.9737088656848237,-0.43186776024873536,-1.1453456620486544,-1.4483541145990162,-1.7602012258710023,-1.285103287720796,-0.6201516815731455,0.2743936915396512,0.6575597899504324,35.89716636868654,12.04683297684949,3.088515211880652,0.7959322278964909,1.059671228787721,0.5111370248190866,1.050842082622401,1.2871868493238063,1.5540341728093272,1.1276727451114845,0.5417937694181792,0.2766568580847756,0.5867009699165723
pilot_v1_00332,332,data\raw\audio\pilot_v1\pilot_v1_00332.wav,0.938865065574646,0.5414329171180725,0.3870747983455658,0.5609536170959473,0.3763520419597626,0.2683945298194885,0.7784932851791382,0.16754023730754852,-140.41643921221024,15.351209780106903,-0.6754103217380754,-0.7425674908627066,-2.1976318373513055,-1.946531315282877,-1.7301098402740642,-0.5303575625227298,0.3891168548425822,0.44874036177691234,-0.6161833444637037,-0.7655359915098278,0.2319805513780876,35.03889988881077,15.291069145335559,1.8965241561873043,0.9925449965145259,2.2365050249371934,1.9365345153217082,1.7211629442403351,0.5325142401310445,0.4228138667956826,0.4615061501885731,0.6149924424102841,0.7544375871276687,0.24406732278054966
pilot_v1_00333,333,data\raw\audio\pilot_v1\pilot_v1_00333.wav,0.455382376909256,0.7123342156410217,0.7452727556228638,0.055387627333402634,0.15417136251926422,0.45083341002464294,0.3969675600528717,0.33162760734558105,-126.98513372717824,11.712319546076271,-7.526386674704954,-1.6554059896234135,-0.7938511557800745,0.3855959917676156,-1.8323156678120178,-2.0767341908631898,-1.3774984006919513,-0.410147027807982,-1.1553357308427519,-1.5774104729410015,-1.7949956058267529,39.77940938277188,9.474670100450473,6.346557705958958,1.4794662824720834,1.0025133769516916,0.5404678942112457,1.521230134960486,1.6921702419239577,1.126259509427895,0.40040984178845734,0.9342329989722897,1.241972537187003,1.3996799185869264
pilot_v1_00334,334,data\raw\audio\pilot_v1\pilot_v1_00334.wav,0.07479897141456604,0.36708688735961914,0.08813373744487762,0.56888347864151,0.08785395324230194,0.38438865542411804,0.9843199253082275,0.41322189569473267,-147.4765602774549,18.014202645171853,8.855778191142557,0.27162407251672416,0.5402569177874803,1.5823613636283698,0.427183479049579,-1.1635465167185812,-0.8722228104091095,-0.5540088538197429,-1.363352460585881,-3.1501435948610363,-4.556428945977432,15.87311945166604,11.386692688072612,4.794413160430942,1.4344077721999695,0.5169078682521783,1.146077992079572,0.4049911484582398,1.0577154920118377,0.5656362451734975,0.5332673248551804,0.7423911682910301,1.641465837529493,2.400397252716527
pilot_v1_00335,335,data\raw\audio\pilot_v1\pilot_v1_00335.wav,0.5934526920318604,0.7483997344970703,0.4299132525920868,0.3272414803504944,0.2661077380180359,0.19632074236869812,0.590268075466156,0.27100884914398193,-127.966756060096,5.304966168949569,-6.393259035665828,1.2366025805489247,1.0555105491354173,1.1871031093402353,-0.9561252910485661,-0.511832819952007,-0.13667266183544907,0.4359526020896395,-0.5633886112371027,-1.79843224676862,-3.355177526980599,43.03742554651492,4.838443136525081,5.9724662977278715,1.201822536411204,0.9486211857477306,1.0859236180612974,0.8966898904780115,0.46157512004582363,0.16165767791509164,0.4531977493464847,0.5015111264474451,1.612154045319812,3.027540359030065
pilot_v1_00336,336,data\raw\audio\pilot_v1\pilot_v1_00336.wav,0.6090947985649109,0.3500578701496124,0.26227983832359314,0.37610313296318054,0.22428280115127563,0.44392770528793335,0.32624542713165283,0.42031559348106384,-150.770752832772,12.366047016014347,4.281258076215879,1.1179390535650113,2.2731658272754363,1.1631811567681,0.08449129766962743,-0.6076822432732023,-0.6479215710551457,-0.8223365580718576,-1.5244440958802679,-2.926965688960098,-4.244091494584485,15.10439032169039,8.595991950367507,2.826261649318734,1.090600941143636,1.5202895652582509,0.7319113614052898,0.5792036942280446,0.6885015399118053,0.4759475264090012,0.5253940626832967,0.8158108118035549,1.5392639398105252,2.2614896472513752
pilot_v1_00337,337,data\raw\audio\pilot_v1\pilot_v1_00337.wav,0.12169121205806732,0.7656805515289307,0.6196824312210083,0.1347586214542389,0.4468541741371155,0.2763669192790985,0.7453091740608215,0.25622454285621643,-153.5790156450634,13.670618342021221,3.523994272470509,-2.1565082666482533,-0.3285239683211195,0.3140870859114768,-0.32029381945091034,-0.10781185096612107,0.5956392056106916,-0.016635429198834706,-1.1223154911452775,-2.0141470144897196,-2.7835931177856565,20.805364682399095,13.702781291363571,3.325215577190165,2.5845142877959204,0.8929367969151507,0.5888230756202517,0.7772754271095543,0.40104713261583214,0.6746922454867214,0.23079714883745608,1.056392253999221,1.8730054698405814,2.6199288668145133
pilot_v1_00338,338,data\raw\audio\pilot_v1\pilot_v1_00338.wav,0.47099030017852783,0.5579900145530701,0.16253921389579773,0.7418225407600403,0.31160905957221985,0.20889678597450256,0.5359779596328735,0.18505573272705078,-141.5177489995481,12.400359838132848,-2.5479897288875595,0.46658443554085455,-0.2378995330937036,-0.09249660857736686,-1.0056673056711296,-0.9413768386140199,-0.7694426796645977,-0.48424797297460725,-0.8149329835479955,-1.4559254690072012,-2.233136877771451,33.008422295761946,12.123360923463391,3.051952775646361,0.6264751133956217,0.4701007034393718,0.23404934771978153,1.0361459013058245,0.9432664733229986,0.7677679416302975,0.48104016316992737,0.7928435646865889,1.4152096564565784,2.165047895470275
pilot_v1_00339,339,data\raw\audio\pilot_v1\pilot_v1_00339.wav,0.9857228398323059,0.6944511532783508,0.5051103234291077,0.23632581532001495,0.132964625954628,0.3708285093307495,0.9425163269042969,0.32727113366127014,-116.72901989060674,13.714482269002094,-6.297265696853937,-2.610386322478197,-3.117668851211312,-0.9584203212986334,-1.6008831701609956,-0.9542280299534607,-0.6262482867831587,0.04912546873949052,-1.0210069584947656,-1.005952490049752,-0.1935860411327383,47.3389001236757,10.826527875577034,5.210187612282461,2.134640259435131,2.5166302062289128,0.8165269055686458,1.3134584467688126,0.7839895638519581,0.5545448492168472,0.11061979522320281,0.8147252461094262,0.7863544165772226,0.18425264507419828
pilot_v1_00340,340,data\raw\audio\pilot_v1\pilot_v1_00340.wav,0.7693623304367065,0.4938710927963257,0.704529881477356,0.37381497025489807,0.06427760422229767,0.47052237391471863,0.453723669052124,0.14274676144123077,-142.66641625978625,16.585863053026564,0.11053690002249565,-0.37546248056470793,-0.819064034890796,-1.100634082317798,-1.2270741769066285,-1.697588272142072,-1.7101682900372124,-1.509455301021436,-0.8747362949159149,-0.10294962033991459,0.4855494485816237,31.76736015045095,16.29152911644086,1.0840873310696242,0.7652276226503445,0.9163284063185807,1.1380091587625918,1.2241726447893837,1.6811726983624924,1.6823705084925786,1.4855530259080214,0.8620790970637224,0.15498877348104714,0.5076152243384608
pilot_v1_00341,341,data\raw\audio\pilot_v1\pilot_v1_00341.wav,0.25095242261886597,0.621598482131958,0.3650696873664856,0.6153197288513184,0.29271137714385986,0.28245386481285095,0.8723719120025635,0.2849654257297516,-149.16685762032049,15.229531426155805,2.9403848795289225,0.4658000806572227,2.1989143122457544,0.2511213839998553,-0.887105839007841,-0.9934932013121243,-0.5023413251047965,-0.07033827294087885,-0.4866802650482469,-1.9993670943680188,-3.517988739677223,23.15070704564705,13.890171725797435,2.932613190171502,0.7965424208957558,2.022846361403129,0.37078859520427043,0.8688123795461993,0.9201633252665237,0.46856881436959114,0.2531957178802067,0.47461472383961134,1.7444179232083727,3.085922137828508
pilot_v1_00342,342,data\raw\audio\pilot_v1\pilot_v1_00342.wav,0.15447409451007843,0.41471830010414124,0.42067670822143555,0.008210035972297192,0.3527787923812866,0.18226194381713867,0.2588423192501068,0.3778584599494934,-158.5276626752014,9.569545464957745,8.286502115794658,3.122135384546194,0.6665313208202147,-0.32729060096159623,0.13576423224365713,0.25660486148910844,-0.24705778118670418,-1.1442083083155496,-1.9642234622312378,-2.8678627150538354,-3.4733985006082713,11.72611562982232,8.179512319383623,6.2862996638958135,2.1523357211792566,0.8788953026332593,0.7562667056438612,0.3264527140619827,0.43079008154970044,0.349470225104546,0.8028860190171675,1.3839807123213175,1.9748852701405246,2.355802013659618
pilot_v1_00343,343,data\raw\audio\pilot_v1\pilot_v1_00343.wav,0.6377120018005371,0.8390653729438782,0.06011061370372772,0.5136380195617676,0.18077193200588226,0.3647015690803528,0.6650132536888123,0.2137654423713684,-120.82510761029232,4.307424242925226,-4.3090737005900195,0.8741238218159118,-0.2899329510149501,0.19831035335409844,-1.3959168447369312,-1.477058604009456,-1.709018056173303,-0.9316967396020613,-0.7876893496206108,-0.6814766109644284,-1.3494772928557508,51.79606407701158,4.468128266765476,4.17068138142914,0.8510912280034351,0.3613491166990808,0.22920004609070485,1.361179480228954,1.4351431436886974,1.6535923910292152,0.9027349004419544,0.7503383997708873,0.6485152623700959,1.2795184872393237
pilot_v1_00344,344,data\raw\audio\pilot_v1\pilot_v1_00344.wav,0.7392838001251221,0.5219743847846985,0.4835107624530792,0.5887010097503662,0.40980294346809387,0.3948900103569031,0.4453071057796478,0.10386057198047638,-142.67685512369235,15.319831253994217,-0.09505975278711132,-0.011289548772997569,-0.7658243392242994,-0.6534721569662959,-0.9233017494773481,-1.1318793515958796,-1.196000326844681,-1.0133739760943612,-0.5910867275069654,-0.018122413142986557,0.3718821115589462,33.343759397841474,15.500804285134281,1.9337284630438567,0.7880947774727846,0.9183715918204595,0.7171391035097086,0.9448525196092304,1.1344245363324545,1.1939208857415973,1.0099149712263247,0.5892111616799253,0.12138675144149542,0.3831775466145158
pilot_v1_00345,345,data\raw\audio\pilot_v1\pilot_v1_00345.wav,0.22478017210960388,0.6627991199493408,0.04717593640089035,0.2971629202365875,0.23154886066913605,0.2286960482597351,0.8262474536895752,0.3117390275001526,-144.8236466018446,15.93132547312512,0.4788931291371454,0.5847867187492882,2.62638720241771,0.825102318168358,0.2865132858774807,-0.44452033345732805,-0.5575344452539361,-0.9486497942878318,-1.8340884625225315,-2.804101906093232,-3.3334222316528757,25.608241885517465,13.654226021909547,2.20195384514124,0.7104291096959233,2.2542730519103644,0.7315805846434789,0.37301268485248995,0.4656843540072079,0.4787793248377348,0.7924230174845128,1.4989661155829086,2.29533219087902,2.7455533534018004
pilot_v1_00346,346,data\raw\audio\pilot_v1\pilot_v1_00346.wav,0.3681454360485077,0.31725654006004333,0.7916986346244812,0.5321552157402039,0.12286616116762161,0.2579544484615326,0.24251523613929749,0.39350229501724243,-158.20908759336695,9.497143103627725,7.44443474364956,2.661784449881592,0.5875365114253065,-0.27424364182606664,-0.4966749560598207,-0.8151321309547069,-1.1195216318337826,-1.2697820078830349,-1.1982236418480416,-1.1837239871611152,-1.0986776171314272,11.370571720473048,7.0729043611162545,5.4546303936218745,1.8592397039128272,0.7290290890926273,0.5026339963120182,0.4340037112448329,0.560782208850332,0.7565387256142392,0.8752894681977558,0.7955524688419835,0.7166232029634266,0.6420761435217809
pilot_v1_00347,347,data\raw\audio\pilot_v1\pilot_v1_00347.wav,0.8552895784378052,0.7286490201950073,0.32800787687301636,0.07099241763353348,0.34504735469818115,0.41851934790611267,0.6359789967536926,0.20749950408935547,-127.30607595702227,10.055635831227288,-5.231051775370975,-1.2880230850858065,-2.2870644928310435,-1.3635531308124162,-1.766180864760212,-0.5639585038084779,-0.4886802075816727,-0.4696289108053524,-1.1914063060604598,-0.7814110654727935,-0.18943889147709964,47.01656624510175,9.608580113135943,5.28095371865143,1.3121961231801034,2.227026288465819,1.3135308722595815,1.7176803708384303,0.5658442663430457,0.4856214950732109,0.4598573570177791,1.1472968788612672,0.7547043007828935,0.2014547480903831
pilot_v1_00348,348,data\raw\audio\pilot_v1\pilot_v1_00348.wav,0.8841701149940491,0.39051884412765503,0.12548616528511047,0.16124071180820465,0.2514609694480896,0.34628939628601074,0.37236958742141724,0.43888887763023376,-143.68000776335,19.233997557017787,6.360684868728269,-0.5997004455508763,-1.2419496577828275,-2.2027087066949975,-1.7773686284485715,-0.6840356830181277,-0.0022156487946757212,-0.7801885964132199,-1.7799668496899448,-1.3906512809245462,-0.09977890406365775,16.297513417103584,10.350900436658094,3.2140310263859035,1.3223053546573065,0.9154272412945954,1.1362995578776647,0.8436803106809081,0.388181415793086,0.4830732289833978,0.34954682342126764,0.8598498686695595,0.6187938402730779,0.48539004352569864
pilot_v1_00349,349,data\raw\audio\pilot_v1\pilot_v1_00349.wav,0.4006727635860443,0.7934492230415344,0.5922641158103943,0.4528931975364685,0.07906317710876465,0.1568533480167389,0.7537260055541992,0.25288277864456177,-120.7202744719258,7.868167075055548,-5.221942010161478,-0.05564681579757134,-1.7248946628387443,-1.3387534081211432,-1.6709939691047448,-0.6054703353757529,-1.3635861553672288,-1.0462256765176197,-0.9371034091163786,-0.9095962432791693,-1.243399877751169,50.15493529108758,7.431019900115372,4.94481079810191,0.30561325362253255,1.6356674234493347,1.262262482117573,1.5527165184603338,0.5631346128822433,1.259426306479765,0.9650496168694505,0.8598963078509204,0.8350715243027187,1.1422787098502787
pilot_v1_00350,350,data\raw\audio\pilot_v1\pilot_v1_00350.wav,0.004509658552706242,0.4492530822753906,0.24932953715324402,0.21785517036914825,0.16256800293922424,0.3065149486064911,0.5650126338005066,0.14870920777320862,-159.09335383163304,11.309214731406506,8.703967585443825,2.794719685146842,0.09088328815019381,-0.5491133563478242,-0.08137531970492859,0.0038985859239967415,-0.3459968197206407,-0.9542353313428377,-1.375489599021597,-1.9536635046294237,-2.633615576444172,15.476659642768988,11.158207113170203,8.523971647014031,2.7397573356397107,0.4130306678937649,0.6009347156323253,0.23641827948136088,0.2363997773895103,0.39084028169250906,0.9444052902288044,1.355713889310536,1.923336136849594,2.6069411687247754
pilot_v1_00351,351,data\raw\audio\pilot_v1\pilot_v1_00351.wav,0.5231484770774841,0.5985326170921326,0.6825259923934937,0.6789950728416443,0.39139288663864136,0.490322083234787,0.958842933177948,0.3565896153450012,-130.34582109123346,12.273992274201518,-4.576961750445969,0.9421934870756379,0.7311289549206573,0.8512299754953799,-0.7839116873516168,-0.559283398427453,-0.17798834267291835,0.3840670641168587,-0.6060733440055208,-2.153998175311385,-3.9400007054558306,35.33475640580131,8.841820850707762,4.230976666035435,1.278384496925111,0.7018438250902082,0.690147645772513,0.7276340003489669,0.4459597262490834,0.21069982872305118,0.43204291480428275,0.4297296741201385,1.5513471265435224,2.866519200587807
pilot_v1_00352,352,data\raw\audio\pilot_v1\pilot_v1_00352.wav,0.5030215978622437,0.37834271788597107,0.5368423461914062,0.49974995851516724,0.06193488836288452,0.41338223218917847,0.5479516386985779,0.3168847858905792,-150.82857234588928,12.738430285766041,2.462708106619765,0.8915949589439311,2.232383969035752,0.7372742661753097,-0.22322631756014064,-0.6953802633838418,-0.49689140547817806,-0.4455240466782394,-1.0331911615562301,-2.2822836297097733,-3.4940297785879766,20.57382818198419,11.020012122805356,2.3224460320148506,0.9364125566022915,1.9254819284812617,0.665876774928834,0.45892253263636096,0.7251603496091791,0.45482707958155855,0.42519085588891187,0.8603346732418,1.8915910588586646,2.89950878533653
pilot_v1_00353,353,data\raw\audio\pilot_v1\pilot_v1_00353.wav,0.015815790742635727,0.8069930672645569,0.19506476819515228,0.02064327895641327,0.28411567211151123,0.2514505088329315,0.9289251565933228,0.10913985967636108,-155.34164366218872,14.334812469143088,7.758311269855962,0.39138403969197333,-1.032895167600946,0.02879896763517581,0.774598769226723,0.15325723756679438,-0.5045769286480015,-0.8579945506915528,-1.2004335540911621,-1.9928911820521622,-2.7718996356916343,19.400149698407102,14.319479658404596,7.682740946422251,0.8472867472998253,1.1675062930227715,0.23018969957485416,0.8430679268907245,0.24552373608575845,0.5388924816500833,0.8639204346648625,1.2017836379078586,1.9804432761580402,2.7692632417133467
pilot_v1_00354,354,data\raw\audio\pilot_v1\pilot_v1_00354.wav,0.38954871892929077,0.4615238904953003,0.6379501819610596,0.6321003437042236,0.37387123703956604,0.23381321132183075,0.33981192111968994,0.20235389471054077,-149.730337414011,14.74986407632766,2.523549603133211,-0.5400462332824528,-0.10204874948665865,-0.7383188840269654,-0.6805711266098992,-0.7255522092307994,-0.7786487323373469,-0.7840510195260648,-0.8002242569464583,-0.8095849889467495,-0.8771679926049436,25.294912323259748,14.707205031408023,2.867001845507461,1.0765868345988776,0.3972242714558427,0.7809862181366021,0.6946269573814137,0.7226975356000069,0.7619705623616992,0.7654211935520866,0.779005096090208,0.7839798153085332,0.8503078690635673
pilot_v1_00355,355,data\raw\audio\pilot_v1\pilot_v1_00355.wav,0.9041130542755127,0.5849607586860657,0.27975407242774963,0.35850629210472107,0.19561755657196045,0.4013739824295044,0.7332624197006226,0.38822317123413086,-122.56629894217639,20.34835344821665,-2.5947633120023283,-1.8399815590766584,-3.792165829534806,-2.71209367052757,-2.354994113813862,-0.37472019758227487,0.5590933099095795,0.5071474940010994,-1.2170378133889297,-1.2349638599670567,0.2094649787482403,35.19065928167996,12.709447621535269,2.8751576750579155,1.443468946502679,2.4140644691786606,1.6667568545678368,1.4488243359869908,0.29884940848561803,0.3982022065591268,0.34840705713211173,0.7901122850359474,0.7753200898541108,0.18651247515589392
pilot_v1_00356,356,data\raw\audio\pilot_v1\pilot_v1_00356.wav,0.8745008111000061,0.5256469249725342,0.07915955036878586,0.25026825070381165,0.2016245275735855,0.4947553277015686,0.26893606781959534,0.24722440540790558,-140.1456044119487,16.347266815620014,-0.5285825990410302,-0.7364431068406241,-2.170116436768581,-2.0344011838057936,-1.5840180402374198,-0.4453512740716564,0.25854424435408047,-0.039659796570578984,-1.0223391316440449,-0.8616326378186845,0.29117330481856607,33.12813335219844,15.27027083530787,1.6182170810265801,0.8932823980803528,2.08547762846654,1.911956367724897,1.4857656495095335,0.42808389887020126,0.2771665865212572,0.11145357865158108,0.9610156994224294,0.8154154838703368,0.2901096683749028
pilot_v1_00357,357,data\raw\audio\pilot_v1\pilot_v1_00357.wav,0.3558013439178467,0.6578091979026794,0.4404947757720947,0.7293520569801331,0.4304489493370056,0.3123156726360321,0.6502747535705566,0.4330969452857971,-117.8562684208114,19.550335574729434,-4.252892230332651,-1.574725659088028,-2.731184528570226,-1.508500378962237,-1.7533972862071283,-1.2069790803217681,-1.4728801908249383,-1.3345574528540156,-1.5678015485797276,-1.447437983701082,-1.5922669569121075,31.079981455109014,8.887107632077125,3.2135383539011526,1.439139881796956,1.445620386885558,0.8414503523820348,0.8493294576243139,0.5996513069545176,0.6459956468646358,0.5749557631482551,0.6414952428460037,0.5833471831273976,0.6229113578589615
pilot_v1_00358,358,data\raw\audio\pilot_v1\pilot_v1_00358.wav,0.23681986331939697,0.31368646025657654,0.3960205316543579,0.11784921586513519,0.3155170679092407,0.1524001508951187,0.4684864282608032,0.3622478246688843,-161.6428894540022,6.529101450576343,7.209839657914381,3.680622571536175,2.083461173865701,0.9002608765197929,0.5622810018695144,-0.14258144497856864,-0.8612446314785464,-1.7285505317721273,-2.391791307613818,-2.8981604975185964,-3.3024999824920886,9.696165190266713,5.570219555578995,5.707499532590634,2.7182882923244596,1.489057483601917,0.6878698059964762,0.4407138851193045,0.31843000372826746,0.7031449219265955,1.3143844453248756,1.781438798097429,2.116684050368045,2.3949315398967985
pilot_v1_00359,359,data\raw\audio\pilot_v1\pilot_v1_00359.wav,0.7203788161277771,0.7336040735244751,0.7347116470336914,0.3915576934814453,0.1431197226047516,0.3404686748981476,0.8623515963554382,0.15450094640254974,-122.66508677497076,9.773200451973432,-5.701764576726731,-0.28174971812239546,-0.5939148231899912,-0.02840046681667937,-2.172280623914374,-1.5483215884637407,-1.0244688534751476,-0.877737287071371,-1.28624860593488,-0.22327936896719464,0.2906411559022945,51.06180262587162,9.699611320860157,5.677276481724107,0.4719785478552307,0.8046451285784879,0.28056997106976167,2.158103192750974,1.54226201142364,1.0383493975870977,0.8672020797970427,1.2898153986102847,0.236259704273676,0.4078538504563821
pilot_v1_00360,360,data\raw\audio\pilot_v1\pilot_v1_00360.wav,0.6500560641288757,0.4813591241836548,0.30818966031074524,0.6621758341789246,0.2725527286529541,0.3759656250476837,0.22892741858959198,0.2616373598575592,-149.45704360973693,13.091125948214708,1.149797606815668,-0.17999772378667392,0.5778638160408462,-0.27098044671114313,-0.7836794772286463,-1.1294248770601991,-1.0083145040218287,-0.8446249775618692,-0.7742822625085938,-1.0055436883422724,-1.4114345232712437,24.670346354524,12.38017327396261,2.0894513381979176,0.9764274333874852,0.649264416393757,0.3429103777388005,0.7687790117111954,1.065479629826798,0.9390863381414922,0.7784657164722286,0.7112148041806743,0.9196898967328485,1.2799183445857687
pilot_v1_00361,361,data\raw\audio\pilot_v1\pilot_v1_00361.wav,0.1352628618478775,0.6349416375160217,0.7726494669914246,0.23321668803691864,0.09390795975923538,0.21540072560310364,0.6479493975639343,0.4256696403026581,-139.2442967686787,21.564462444755325,1.9265839844500512,-5.621698581290267,0.09749705561550147,1.5163752955502876,-0.2544978801184611,0.11994025033292043,1.0131337417835977,-0.3982018052003264,-2.03217253533668,-3.0852973911062143,-4.008552520867476,18.79561036686513,12.257714989789674,1.8578071221448467,3.586155280805342,1.1774641738239389,1.0049052120784905,0.9473112259464221,0.49518830847143475,0.6089445723369171,0.35058922495602585,0.9704023884692111,1.4363492559306335,1.9081743919449086
pilot_v1_00362,362,data\raw\audio\pilot_v1\pilot_v1_00362.wav,0.26985740661621094,0.42719024419784546,0.016993993893265724,0.46674567461013794,0.16022613644599915,0.27124977111816406,0.43326330184936523,0.3218584954738617,-152.20127202100724,14.368072642082508,5.523047510726921,-0.2370603984157406,-0.20122010474210505,-0.5970544829563766,-1.0174043828254034,-1.2629705860975566,-1.4153567962149771,-1.8588237631899935,-2.157770839638541,-2.2962829933603075,-2.2950605816681358,18.952315786085517,12.35374435759707,4.53105233074856,1.1505448472545334,0.6175081605614172,0.641301259361622,0.9269872691662557,1.084976476407171,1.1764538324463956,1.5312202169097406,1.7618597541694219,1.8586632358478348,1.8445057925440953
pilot_v1_00363,363,data\raw\audio\pilot_v1\pilot_v1_00363.wav,0.7573226094245911,0.8258299231529236,0.4525597095489502,0.14886316657066345,0.38279780745506287,0.43744373321533203,0.8398110270500183,0.17970184981822968,-123.50016012278847,5.208588505948826,-4.334231983605293,1.1238026320090997,-1.387933277838331,-0.8517323934865688,-1.3164643536213296,-1.654731061996619,-2.2504124945208024,-1.4428993206934113,-1.0046796439331942,-0.023794380242461062,0.2927397492958495,51.831191854562704,5.084901673881145,4.3598907371622175,1.2385110993044035,1.4331872916079176,0.8428070852220548,1.2979530485759259,1.613712632286202,2.204284399150969,1.407091935603486,0.9875447437967123,0.03748947468037826,0.28521062857112445
pilot_v1_00364,364,data\raw\audio\pilot_v1\pilot_v1_00364.wav,0.9744167327880859,0.35393214225769043,0.650000274181366,0.08786597847938538,0.41371026635169983,0.36026838421821594,0.5502772927284241,0.27938181161880493,-153.61990834387228,13.327233644097566,4.767469646859016,-0.2504647866338711,-0.7611446718231484,-1.514006479767398,-1.2086780139285414,-0.6167201488960019,-0.37656013278206857,-1.0265219720196566,-1.6648933021243026,-1.3538792019643657,-0.47952201893248403,20.236018939141335,13.03123017316001,4.450622797038311,1.082183909951265,0.9151405116607408,1.4846004545197,1.1666143919873542,0.5995972981115897,0.43542613165870053,0.9395677000554545,1.5436768598123385,1.2252091417700879,0.5241822182914759
pilot_v1_00365,365,data\raw\audio\pilot_v1\pilot_v1_00365.wav,0.4911171495914459,0.7610255479812622,0.21759727597236633,0.516756534576416,0.2417030781507492,0.17646123468875885,0.9689335227012634,0.13722188770771027,-121.93134272766738,6.271366652932843,-4.957897073567535,0.5597770623314832,-0.3987262121699781,0.1307686256811353,-1.2119973838308564,-0.8269957415145779,-0.8393923452898373,-0.32796249482200757,-0.8716585700685323,-1.426038257542619,-2.3233348882782225,52.34762915552437,6.28892351702104,5.002373548921737,0.6275351038663467,0.4825381128632708,0.20522124840855735,1.2176411977193806,0.8331046209886681,0.841851236201701,0.3316427412138551,0.8625349334008608,1.4087538556900632,2.2918346201880553
pilot_v1_00366,366,data\raw\audio\pilot_v1\pilot_v1_00366.wav,0.1017482653260231,0.5540845990180969,0.5747897028923035,0.283181756734848,0.10020875185728073,0.2869070768356323,0.36235204339027405,0.21934890747070312,-155.03959970014355,12.91660027433599,4.333019126128831,-1.9210882929276338,-0.8034678276131004,0.5777354754608002,-0.03438214126316721,-0.8778352627257376,-0.10279728098013888,0.5085998917644744,-0.3388261635573549,-1.7822217204811845,-3.082103904860953,19.071808574653723,12.437047272122818,4.135528055783016,2.142257090257841,0.8367048009514693,0.623821683643496,0.18722117729316365,0.8829057517640668,0.2428321056511009,0.6210280984062121,0.3829075925266181,1.7160425881426211,2.970398017340459
pilot_v1_00367,367,data\raw\audio\pilot_v1\pilot_v1_00367.wav,0.6202188730239868,0.6992039084434509,0.10721822828054428,0.601224422454834,0.328642874956131,0.4763430953025818,0.768485963344574,0.3833831548690796,-117.10294701657833,9.481826564965322,-6.816475669223022,1.2445562839289075,0.8388340860010003,1.2714438490402211,-0.8191065337656986,-0.5117047610321113,-0.28898868341889866,0.4030848151265369,-0.736775628872939,-2.3257755507790856,-4.255687002281142,40.420778215167864,5.796078936276249,4.841897916939448,1.044441814034281,0.5723803808053937,0.8289243961952101,0.6863292893749684,0.37742942135423757,0.23915580750367427,0.34758667283584743,0.46255003120345695,1.4716952857580363,2.70841829620126
pilot_v1_00368,368,data\raw\audio\pilot_v1\pilot_v1_00368.wav,0.5733571648597717,0.5711618661880493,0.7755962610244751,0.10223452746868134,0.18682672083377838,0.18511810898780823,0.904475212097168,0.22045865654945374,-137.01889484272397,12.479833139561286,-3.512786198406944,0.36530869126177723,-0.48151989585337035,-0.3486209947582137,-1.4162788354184928,-0.5872916126726605,0.30533702249837275,1.0540751384066271,0.18210715175855688,-1.4332642184612396,-3.236471372604027,36.1530257695881,11.846569196398887,3.7667779074838723,0.45174573183037736,0.5797251071708492,0.37259594068877255,1.380563776118795,0.5688260107163116,0.30452415407676975,1.0416547846364401,0.2507428143239144,1.360563397240104,3.0798485888012985
pilot_v1_00369,369,data\raw\audio\pilot_v1\pilot_v1_00369.wav,0.08613669127225876,0.6818413138389587,0.3423987329006195,0.4203459620475769,0.3592245876789093,0.3513112962245941,0.5233293771743774,0.3626202344894409,-145.15865144463388,17.924274230526144,1.284916127584622,-3.7016330309206245,1.547833132711688,1.5562164021053775,-0.7966540995518674,-0.6854624330722744,0.2535658920754726,-0.09730944546463421,-0.8321632155234844,-2.2089778099869344,-3.859766282665998,22.522251061956833,13.96212823255588,1.842301191449746,3.2176767217561655,1.7140189775200732,1.2629755117112096,1.1200666523880967,0.6964475331579963,0.3702509456362104,0.29902956110515727,0.5960273464389281,1.566435610226146,2.7665058815904544
pilot_v1_00370,370,data\raw\audio\pilot_v1\pilot_v1_00370.wav,0.4442288875579834,0.3374568521976471,0.49958616495132446,0.2803398370742798,0.29915642738342285,0.46209895610809326,0.7079566121101379,0.29194411635398865,-151.01254739745912,15.044464400501381,4.970055381506605,0.5580825558574559,0.9027310311418706,-0.040794545173555165,-0.5266802159125827,-0.826237512702279,-1.0062713623964217,-1.1489237729455208,-1.1624236413581623,-1.2255629759258588,-1.374409963937673,21.399319306582193,13.752060873443723,4.405191746401012,0.9879610738446123,0.8510918474841419,0.28283174845811304,0.531975675717165,0.754484837914406,0.8994694662944996,1.0116293021570526,1.0065634062973356,1.0534860348779806,1.1790262063833052
pilot_v1_00371,371,data\raw\audio\pilot_v1\pilot_v1_00371.wav,0.9587783217430115,0.7788603901863098,0.03280703350901604,0.7095272541046143,0.0703316330909729,0.30153462290763855,0.3142876625061035,0.12790684401988983,-133.23165545614617,8.552486402722051,-3.2183594635693997,-0.36997614584690985,-2.1484569763099604,-1.2913661535919836,-1.2366776668800556,0.06500946729077789,0.4131921672493307,0.31021654718743924,-0.7923903068116419,-0.5235577965846442,0.39466083452583706,40.95312103601743,8.54898009309367,3.2495341880245876,0.5158026053325164,2.1383583837126334,1.2862601029439578,1.2275845606034097,0.11061633934120547,0.40931398128187924,0.3056587641401055,0.778086523949245,0.5145516203960583,0.3881879202571703
pilot_v1_00372,372,data\raw\audio\pilot_v1\pilot_v1_00372.wav,0.804180383682251,0.41016530990600586,0.23337674140930176,0.6477980017662048,0.1269100159406662,0.20077532529830933,0.6757029891014099,0.3366449773311615,-143.18114844692923,18.826828247840933,3.581282224060906,0.5712679432067304,0.7386038675889236,-0.4876026794920544,-0.4658952260933323,-1.0937389605708265,-1.3327587409240904,-1.278917092578283,-0.9935838295548488,-0.29249656468847085,0.2792960144430599,25.391130669169712,15.151353389464111,3.0294599058971534,0.7742321959020003,0.6349905221684262,0.47641491695820626,0.3939441965535612,0.8490748280157063,1.0233258407550707,0.978123642861166,0.7579411797833291,0.2478354897498462,0.25482409863833994
pilot_v1_00373,373,data\raw\audio\pilot_v1\pilot_v1_00373.wav,0.2854653000831604,0.8431066870689392,0.6970663666725159,0.3296179175376892,0.3051642179489136,0.3902107775211334,0.29414257407188416,0.17260564863681793,-136.70357312459518,3.5187643821870753,-4.3359407625194395,2.9472163344309266,-1.404434137925513,0.6771264419690601,1.002491120029956,-1.142297161207611,-1.7287595773958921,-2.2938077983856457,-3.932306979211541,-2.836766957492803,-2.1024848977497004,38.42664829335224,3.5968781184370084,4.433773116042485,3.0657206473086362,1.6997938684769043,0.7251514385818378,1.0127557719096136,1.2058407859206923,1.7201808659041944,2.2634902836316444,3.8686654136924585,2.788217804784354,2.068398922043289
pilot_v1_00374,374,data\raw\audio\pilot_v1\pilot_v1_00374.wav,0.1821550726890564,0.49792027473449707,0.14141814410686493,0.46957826614379883,0.44040852785110474,0.44640159606933594,0.8870697617530823,0.26599133014678955,-154.28059690369642,13.811553845463857,5.545955686859553,-0.8708129069282581,-0.05156794563411544,0.9550930232849771,0.2825297211588943,-0.6377804958702658,-0.38758863589436204,-0.2269661475044608,-0.8495027865005087,-2.077688133861911,-3.1954562366422685,19.744107693243567,13.855847326405673,5.084993517196417,1.7615272181214403,0.52196867320728,1.1471248175750492,0.5156866268973697,0.9036479439861301,0.4665842471631519,0.46547781352371453,0.8067743095973481,1.8953197707617913,2.934601034077511
pilot_v1_00375,375,data\raw\audio\pilot_v1\pilot_v1_00375.wav,0.6656981706619263,0.6170544624328613,0.5777518153190613,0.040551044046878815,0.21822744607925415,0.26259520649909973,0.49303585290908813,0.4081563353538513,-126.26176531234191,19.590666532637627,-4.36497171283827,-2.9484498783223643,-3.0319292692619566,-1.5719127886606947,-1.3405680765239303,-1.1164610308046985,-1.5936523056746095,-1.7833100992394555,-1.6861702517206005,-1.1758030482844615,-1.0364011306969694,29.77046011909216,11.350066437473446,3.8288374427139575,1.9629391007929626,1.8341056014267392,0.9535502274859202,0.8546534320474357,0.680308424303393,0.9012574255415737,0.9806741670978834,0.9137517915552776,0.6258118829652136,0.5625512621847837
pilot_v1_00376,376,data\raw\audio\pilot_v1\pilot_v1_00376.wav,0.704767107963562,0.33044496178627014,0.15434706211090088,0.3118799924850464,0.3974476754665375,0.3199457824230194,0.6233285665512085,0.34130868315696716,-150.29898088985806,15.164914662583563,5.241163177928102,0.6707056130805727,0.9120052973212891,-0.06526871844275975,-0.6502693413665054,-1.2015964767404268,-1.500822055335134,-1.4509819597035136,-0.944691564028474,-0.45062129567579673,-0.25033890132423303,20.480148110989415,13.029465441107892,4.2683250054620965,1.1676353500753576,0.8084259013988812,0.27984779165746604,0.5751574817813297,0.9684337051200088,1.1888368300333576,1.1328619486445546,0.7226952070349827,0.3812219263089596,0.3048237681958589
pilot_v1_00377,377,data\raw\audio\pilot_v1\pilot_v1_00377.wav,0.18995828926563263,0.7160567045211792,0.5149112939834595,0.585702657699585,0.16901381313800812,0.48750582337379456,0.20447604358196259,0.1554451435804367,-150.00518699251347,13.606920908854802,-0.39552952459725843,-1.731509340584983,1.8157447492053553,0.8958250061421582,-0.37544621292147873,-0.6046649452933718,-0.027024102491286353,-0.013399025140463228,-0.8559023095819274,-2.0618604763693953,-2.9194826122788275,24.818377735300473,13.578276850857328,1.9868095462591802,1.7982296713813242,1.8409929587696605,0.9300126329732024,0.44627711960141436,0.6133093480541152,0.1396061257047244,0.19948781394992998,0.8409940198598806,2.028250006480806,2.882211864238372
pilot_v1_00378,378,data\raw\audio\pilot_v1\pilot_v1_00378.wav,0.34016308188438416,0.5093564391136169,0.2704451084136963,0.06776518374681473,0.08550821989774704,0.3272485136985779,0.8142855167388916,0.2380855828523636,-139.58503258180554,17.50503775948627,-0.3030165764188032,-0.4646408028306191,-1.5209449548896694,-1.4633554164235019,-1.360960497680469,-1.4010094847690737,-1.2081697405166107,-1.3216892728171836,-1.1545353941918675,-1.1702682327953446,-1.0189054600494176,33.17815094029752,16.418410553102245,1.4080287802227311,0.7804819911122904,1.509569587697755,1.3968641227435727,1.2823976959033843,1.3227174023917192,1.1299222684308654,1.2313714069621806,1.077705712136262,1.0901582559545242,0.9483684432999495
pilot_v1_00379,379,data\raw\audio\pilot_v1\pilot_v1_00379.wav,0.8276124000549316,0.6759628653526306,0.6099033355712891,0.5471011996269226,0.25751498341560364,0.1653173714876175,0.4079587459564209,0.4458248019218445,-117.14313511821217,19.72787837825813,-6.904624882072608,-3.6555107070628665,-2.750374619206353,-0.008206727640783664,-0.8360696166630492,-1.9919127690907572,-2.1837995367121144,-0.4923718107296054,-0.30501140286405426,-0.5208352869091976,-0.4341841103836787,26.748393749831763,7.718804547476996,3.9501437657410525,1.799743764429531,1.3311771273345754,0.4979769305391264,0.5197317860329494,0.7492378205032509,0.7157840784739292,0.22428658930189857,0.1860888891010483,0.2597925657838228,0.18232836200980615
pilot_v1_00380,380,data\raw\audio\pilot_v1\pilot_v1_00380.wav,0.9197208285331726,0.4447172284126282,0.4124387800693512,0.43813037872314453,0.33899277448654175,0.2385326474905014,0.9941420555114746,0.1950921267271042,-143.69925882418406,16.91049238702496,1.6280385830171735,0.19834287670093695,-0.9274980810957638,-1.5110564799790263,-1.247604508737975,-0.7301310083621658,-0.10248691318616782,-0.3340388359504211,-0.8851450391731648,-0.8335261941596901,-0.06152559832427892,31.100686183010637,16.70064905781515,2.315217269037455,0.6582214082160068,0.9871571878060867,1.4948940759663918,1.2249429747297216,0.7074152443986567,0.1707589689720004,0.3429668873164304,0.8624474508493488,0.8064821793400851,0.17264617117376418
pilot_v1_00381,381,data\raw\audio\pilot_v1\pilot_v1_00381.wav,0.43640658259391785,0.6025898456573486,0.06986583024263382,0.1642848253250122,0.11642131954431534,0.4266006052494049,0.575703501701355,0.40283340215682983,-121.1792108447396,19.26747349065714,-3.8796060649288986,-1.4623534875332014,-2.6322172409879045,-1.4948809688608122,-2.004829232397299,-1.5799093305620486,-1.8161574010440074,-1.5323643275635286,-1.6664675222292369,-1.5519257915226263,-1.9257472213516031,33.89437003094823,11.260932866827803,3.3110638185257693,1.4419008918884382,1.6772231212497661,0.9944057167740264,1.2121192193838275,0.9293234166365686,1.0453793667912528,0.8620179909974204,0.9285711908754664,0.8478245454597214,1.0450279339970783
pilot_v1_00382,382,data\raw\audio\pilot_v1\pilot_v1_00382.wav,0.03145800158381462,0.394551545381546,0.7127470374107361,0.6821765303611755,0.2251032441854477,0.40862149000167847,0.793033242225647,0.2995370328426361,-154.34616709248553,14.083705897058223,7.253274057741939,0.3081118085531645,0.09044381898779867,0.9544268409274096,0.4472668168498802,-0.80588406298705,-0.7931830834173044,-0.470470392138895,-0.8981710853693421,-2.2488968124883155,-3.4252976040877847,17.700927979496615,12.510201529380225,6.203539513509555,0.9923302005624485,0.38053748289824046,0.9261083141052824,0.4371832354705207,0.8176625799526892,0.7263391216472009,0.4878575498281619,0.8037834931463652,1.919783135202954,2.9320838883341063
pilot_v1_00383,383,data\raw\audio\pilot_v1\pilot_v1_00383.wav,0.5499137043952942,0.788887619972229,0.3553425073623657,0.202954962849617,0.4037475883960724,0.22618260979652405,0.38707235455513,0.11367008835077286,-133.509489657549,3.184143097001617,-5.757159444670518,1.5963830798442291,0.9178197834573067,0.7617552206656917,-0.7625692731159235,-0.2873637203975749,-0.22395665695506112,0.34851777256598726,-0.4372500764621128,-1.6208782931084396,-3.0187027137909204,42.42179389097018,3.5161550231105654,5.894231205476051,1.706970018426541,0.9244871367922761,0.773262395630559,0.820268507700352,0.32920433568818575,0.2502271397255839,0.4048941701022138,0.44023746107199185,1.631915152747114,3.0404181628346048
pilot_v1_00384,384,data\raw\audio\pilot_v1\pilot_v1_00384.wav,0.5521710515022278,0.5478857755661011,0.42295122146606445,0.7055385112762451,0.20757760107517242,0.47530463337898254,0.8195177316665649,0.1475898176431656,-137.5631480717468,11.47773896733265,-3.2109994149243994,1.3622134134267474,0.6248931876927327,0.8086256609874682,-0.667754807556922,-0.45974076033731315,-0.22633339158011317,0.23132712171679884,-0.5584252026354662,-1.7721236951671513,-3.1423525841923783,36.671221941794414,11.263871742291794,3.4912057341018583,1.3407413479434571,0.6616770865123823,0.8053335064823294,0.6857234330845209,0.4537216223231119,0.22824514582409836,0.2810590993660596,0.5460308801297055,1.743698920139538,3.104093858724535
pilot_v1_00385,385,data\raw\audio\pilot_v1\pilot_v1_00385.wav,0.03737737983465195,0.705897867679596,0.059298574924468994,0.2733522355556488,0.4354455769062042,0.2914985120296478,0.4004804491996765,0.35533905029296875,-150.86687715114104,15.534093831625222,5.341583012740184,-1.922958451694129,-0.3154299007626587,1.2034218641724905,0.43774194363456936,-0.6170827490550962,-0.28763533067342384,-0.17605556639723957,-0.9964961029467362,-2.367831021367459,-3.6004166613450113,19.189342046056467,13.309772065506118,3.9939125303937986,2.4755088947064054,0.7681247588416795,1.2723619028685695,0.6424741041557704,0.9239864855808716,0.4169899020442442,0.48151089135727965,0.7658254568974965,1.7637479804695073,2.68022875759653
pilot_v1_00386,386,data\raw\audio\pilot_v1\pilot_v1_00386.wav,0.4302429258823395,0.36063235998153687,0.702232837677002,0.41464167833328247,0.31912827491760254,0.17191502451896667,0.6183068156242371,0.43727391958236694,-145.0747653377382,18.953961942388062,8.722065230764125,1.5252572272710556,1.01082071740392,-0.1142460221892639,-0.7318703333868936,-1.2368245679106826,-1.3540383779791574,-1.5732394710736537,-1.625804748587673,-1.8524821242440292,-1.9546642480919696,14.96762237290474,10.72742849916031,4.044367051030338,1.4562713383396744,0.6690799756435332,0.46962543095491427,0.5354898401374386,0.6437276933011166,0.6187531421031767,0.6592255001893101,0.6510684413571861,0.7221488715095244,0.7366995818345742
pilot_v1_00387,387,data\raw\audio\pilot_v1\pilot_v1_00387.wav,0.917707622051239,0.7548372149467468,0.3659117519855499,0.09403567016124725,0.14733317494392395,0.36135005950927734,0.2117438167333603,0.2513989806175232,-135.636685403728,9.122022180310502,-5.455773553544632,-1.0292502995192883,-2.4796419448421,-1.9203053927332838,-2.0144723628542973,-0.2146441174013113,-0.151157189123414,-0.4898009125336859,-1.3540065449008887,-0.8096538164954099,-0.006518271253011821,37.47625483348072,8.55044184816635,5.255250012586381,1.0180785136840473,2.363336193582227,1.7896046070165275,1.8914037417457354,0.25867768804961094,0.2767593485368032,0.49890775410460575,1.265646962839044,0.756960683693898,0.09497354023407971
pilot_v1_00388,388,data\raw\audio\pilot_v1\pilot_v1_00388.wav,0.8213249444961548,0.4333491921424866,0.168051615357399,0.04443679749965668,0.053813256323337555,0.43627169728279114,0.7981678247451782,0.3949887752532959,-134.47755870710503,22.361333020428198,2.7666368544559936,0.05394338244988988,-0.8473686590468908,-1.7572918236025585,-1.4884128637517393,-1.5447268576835156,-1.3412276187298575,-1.6189789356736206,-1.61526219600878,-1.0862861728805107,-0.3034386651630796,26.282149745952793,14.3619288358952,2.654077771726321,0.9163853190526704,0.714613422950068,1.137932726460759,0.8980095955692305,0.9136680836851248,0.7826865776289488,0.9588097521787117,0.9669308189307724,0.6357721165647956,0.24052356829619262
pilot_v1_00389,389,data\raw\audio\pilot_v1\pilot_v1_00389.wav,0.338025838136673,0.8190919756889343,0.5012617707252502,0.47669172286987305,0.27503758668899536,0.27570778131484985,0.37949636578559875,0.20911180973052979,-130.78810354878217,6.595458201179275,-4.455651955140013,0.11932395239079911,-1.8960402021089655,-1.3099088311915819,-1.373416669665023,-0.8591389053617218,-1.492349051256642,-1.0348024111708185,-1.330416278939999,-1.250326382538337,-1.272924000467708,42.95287949126172,6.377163587531167,4.456477042529528,0.4491504180536521,1.8665444768985955,1.2820270797020958,1.3441396497699394,0.8311397323733738,1.4387985827720817,0.9901516970881511,1.2753368363494286,1.195472815926844,1.2206907829789801
pilot_v1_00390,390,data\raw\audio\pilot_v1\pilot_v1_00390.wav,0.19233956933021545,0.4746357798576355,0.25673872232437134,0.3354480564594269,0.3665327727794647,0.21090252697467804,0.9892180562019348,0.10510846972465515,-155.04941874186278,13.951757456408657,6.549401853158011,0.1241381954941542,-0.14578605604726913,0.46278083000815257,0.33931146217483177,-0.3591180112914302,-0.5306783047964528,-0.5383611242157519,-0.8336511012731181,-1.9342016904008368,-3.1035177279821187,20.137041245305763,14.475476849828922,6.521812678546278,1.0355720960692558,0.4391052928018363,0.6347818432773208,0.4145096295810952,0.5313719292247311,0.571333042859642,0.5809539877793063,0.8570639924521706,1.9288783706358115,3.1336111686490318
pilot_v1_00391,391,data\raw\audio\pilot_v1\pilot_v1_00391.wav,0.710810661315918,0.6411026120185852,0.6235548853874207,0.655893862247467,0.18888135254383087,0.37709546089172363,0.5830689072608948,0.3128610849380493,-127.02868835546727,16.123123916465538,-3.6366194811734127,-1.2031345717478708,-2.4983928237406405,-0.910770276580951,-0.8628113509502143,-0.2544169466725963,-0.789104556729047,-0.7141814152558406,-0.7861584501393063,-0.3705998385287905,-0.3976540296505589,40.69293420266416,13.320868240152834,3.516525953054925,1.155871950266557,2.1300490409946105,0.7838125462629475,0.7799763692133288,0.2726813111284001,0.6506706004573535,0.5871315574689194,0.6472421893514732,0.3203605555893048,0.3307614547328089
pilot_v1_00392,392,data\raw\audio\pilot_v1\pilot_v1_00392.wav,0.6717379093170166,0.3074876666069031,0.24390776455402374,0.5398405194282532,0.4204460084438324,0.33601126074790955,0.7004812955856323,0.3766292333602905,-150.94929118607115,14.126044081902949,5.351224896482854,0.6456083073204286,0.8307457696832937,-0.1331882192107566,-0.849681146723898,-1.4441427269720863,-1.6476926122109334,-1.6207487410528327,-1.3014814060211488,-1.1637423906138191,-1.3125594215123941,18.12895950938779,11.427900300490306,3.9292525588438694,1.2584955324519258,0.7315912841852668,0.4136663324383485,0.7245124218184713,1.0858128511298932,1.2016710014708951,1.129965165104067,0.8744330481102803,0.7578719786696391,0.8504100398243494
pilot_v1_00393,393,data\raw\audio\pilot_v1\pilot_v1_00393.wav,0.18453256785869598,0.7402980327606201,0.6864925622940063,0.06405243277549744,0.24904200434684753,0.1535719484090805,0.3195168972015381,0.21258199214935303,-153.89828251087323,10.031312395784868,-0.9292616877201709,-0.9741400653141803,2.9670403279458863,0.46587810904070676,-0.9733576788292311,-0.1359144915619931,0.47932584817680346,-0.34992675046302707,-1.3545819859145427,-2.2234860772124416,-2.680797180814183,20.337230977154906,9.820355146837448,1.8477576835667107,1.1722501562138263,3.050850691979675,0.6265739301755581,1.1073579616364517,0.34242385736889736,0.5507422271406426,0.39198487107423396,1.306672115112106,2.1444241732290354,2.5930791492172407
pilot_v1_00394,394,data\raw\audio\pilot_v1\pilot_v1_00394.wav,0.2833319306373596,0.5323471426963806,0.13088588416576385,0.577410876750946,0.10928709805011749,0.311185747385025,0.9117460250854492,0.14124159514904022,-138.87902520581693,17.08071865628488,-0.5654836291078318,0.09184831598952328,-1.0763090628002465,-0.7372605226070876,-0.8446131653533664,-0.8233567925835499,-0.9172277071660274,-1.0846965928002743,-1.2446697482311948,-1.350035913844041,-1.3889460775147933,35.26169486469474,16.751423759988842,1.1132006447156866,0.3254137384756109,1.17033016452723,0.7522047725396293,0.8627867254142202,0.8171007836930005,0.9056009976918458,1.0636489885553018,1.2203845820446737,1.32291482424383,1.3615725840049533
pilot_v1_00395,395,data\raw\audio\pilot_v1\pilot_v1_00395.wav,0.7978967428207397,0.6516209244728088,0.5883266925811768,0.3062657415866852,0.3367641866207123,0.4992539584636688,0.5183046460151672,0.2834145426750183,-128.6170991522107,14.310616187202442,-4.444407726406223,-1.752236537245379,-2.204841180156566,-0.4309140662100936,-0.9989400479676566,-1.1540091872538443,-1.613748893957324,-0.9596114955293787,-0.6966269613374092,-0.23331667148982385,-0.06895543757317173,42.46639767793328,12.63192033695726,4.525839762003427,1.6891622914684536,2.017944719907621,0.5200161175992366,0.9051267491027112,1.0067430046344887,1.4193663157420235,0.8339114158180557,0.6088504998284494,0.23874219257548907,0.11707941368015987
pilot_v1_00396,396,data\raw\audio\pilot_v1\pilot_v1_00396.wav,0.9567613005638123,0.46768277883529663,0.7892827987670898,0.21015843749046326,0.26833879947662354,0.3967829644680023,0.8794968128204346,0.18660396337509155,-142.66542912003166,17.47498309384278,0.8852008853280305,-0.8344735879116306,-1.969104140276706,-2.3918467300271797,-1.9010603103255461,-1.4001564814765277,-0.8443352015677512,-1.022522616439255,-1.2226325255033097,-0.8432706148694968,-0.11844189974458282,31.601988726738757,17.08341132583965,1.7137379492778984,0.9666890889384858,1.9527643579196368,2.3264148346091833,1.8434776646976534,1.3584358120625586,0.8182301922920564,0.9920515622749263,1.188256361046069,0.8295218896772348,0.2531951038548422
pilot_v1_00397,397,data\raw\audio\pilot_v1\pilot_v1_00397.wav,0.43806135654449463,0.5782227516174316,0.32875481247901917,0.685969352722168,0.09029720723628998,0.23485156893730164,0.49816733598709106,0.3287789523601532,-134.96573285064335,16.13486710069904,-2.427193815652402,-0.11494633570614161,-1.0559810979407427,-0.5931862886705512,-1.2081806873455814,-1.1299960214057572,-1.171560685485577,-0.9276874539468916,-0.9286317140356748,-1.0165286784300094,-1.3731560119568877,32.79863564008858,13.00865532052855,2.7468274540269793,0.7943864779427621,0.9833895299273907,0.5667956541389951,1.0151747710018022,0.9279419692026986,0.9389403445574268,0.743942318752428,0.7317715058942338,0.7929975759546967,1.0680094724760352
pilot_v1_00398,398,data\raw\audio\pilot_v1\pilot_v1_00398.wav,0.09205985814332962,0.37161940336227417,0.4858984053134918,0.17265668511390686,0.15522980690002441,0.25036856532096863,0.683071494102478,0.4215017557144165,-152.7790310239425,14.332732460676455,11.462777755366728,3.9512476874002225,0.5667699107417462,-0.2923473789815552,0.2383982818921185,0.003299305478668948,-0.6265140529054084,-1.5497977649576185,-2.1723374090926657,-3.037591023144983,-4.181533177832673,11.673308212567992,9.026849782405742,6.336085748083706,1.9159808544890091,0.9167440536129109,0.64496431496428,0.3143324531199469,0.29523584728558533,0.4629865127887814,0.8322222551417361,1.0802586867776867,1.4650488599002696,2.0027854246692196
pilot_v1_00399,399,data\raw\audio\pilot_v1\pilot_v1_00399.wav,0.575618326663971,0.8131541013717651,0.04645198583602905,0.443687379360199,0.37684446573257446,0.4179290235042572,0.28921547532081604,0.2574510872364044,-127.75954192004693,3.1016158140562253,-5.213728104659535,1.4381438850941435,0.7208440829620698,0.9778366096478993,-0.7052816619605117,-0.4311840351996098,-0.20825016286377762,0.38540364841488467,-0.5107250761818684,-1.7783274498762387,-3.2673679761459766,45.47679820629296,3.0151212808189305,5.028655357455242,1.3890461455742866,0.6596685160867374,0.9162264937505629,0.7303422480312113,0.4183554105574461,0.21737156203658364,0.4129777081415468,0.4672419067715694,1.6375737118770823,3.0319520642357594
pilot_v1_00400,400,data\raw\audio\pilot_v1\pilot_v1_00400.wav,0.6224761009216309,0.38835904002189636,0.6644874811172485,0.3534318208694458,0.13268649578094482,0.22231875360012054,0.4251013398170471,0.4123549461364746,-150.23920123377113,13.409953130113667,4.9874628345978245,1.0468172390306605,2.1783209521989098,1.0963625904759546,-0.07532376293262398,-0.723850488385948,-0.5604269708348905,-0.7796778418209482,-1.5238079949744394,-2.8785809148889454,-4.284555439221231,14.822527352387226,8.92966587777044,2.9029518189924195,0.9664501246390038,1.3757923725388224,0.6613653806167732,0.5025475722744424,0.6237076872171327,0.3805934300157936,0.4641048331259735,0.8170072277713261,1.5480532060544416,2.3493543935418355
pilot_v1_00401,401,data\raw\audio\pilot_v1\pilot_v1_00401.wav,0.10766776651144028,0.7955920100212097,0.20316487550735474,0.624713659286499,0.31033748388290405,0.41038769483566284,0.8439691066741943,0.2701869606971741,-138.9413708653466,17.087010561202923,-5.33691374440908,-0.8035465760104815,2.4990985808466157,-0.39747802482828176,0.08152785050177608,-0.672508626255366,-0.21130984369519412,0.3690147149483905,-0.6155569841564038,-1.8737005824485178,-3.273971943486102,33.11637016760061,15.641901436141936,5.623851784676414,1.0133026852776488,2.343417471419539,0.7161829464243509,0.39049809242432365,0.6806765741065041,0.23996761221058482,0.4151769841393594,0.5613255021277772,1.673450059170874,2.940534666315149
pilot_v1_00402,402,data\raw\audio\pilot_v1\pilot_v1_00402.wav,0.4849536120891571,0.45140695571899414,0.5603035092353821,0.017466703429818153,0.4438423812389374,0.4248793423175812,0.2372693568468094,0.16567282378673553,-150.6148915761481,13.223957140490137,1.9120654190091393,0.1909021212979582,0.34738332602682254,-0.4771726665723257,-0.7694640303937298,-1.1326889013449695,-1.0921776427961765,-1.107372949873625,-1.2129095859743642,-1.5061440129758965,-1.8131881608132645,25.564897531095976,13.903638233421665,2.6850445647846217,0.8406063189225591,0.5482243606293896,0.6140034088115072,0.8206334364989053,1.160053698694884,1.1042895582073222,1.1031851492371596,1.2041634209785572,1.484699209351845,1.7859014825602646
pilot_v1_00403,403,data\raw\audio\pilot_v1\pilot_v1_00403.wav,0.9724034070968628,0.5963952541351318,0.12164939194917679,0.4933921694755554,0.22261831164360046,0.2424394190311432,0.6436113715171814,0.32971513271331787,-129.5569877838076,17.127848642868482,-2.3166530257907207,-1.157121588639074,-2.9224843390008077,-1.9213095994594307,-1.7274496135143478,-0.16235783927071218,0.4952454778298718,0.40775697988643544,-0.9941926888357581,-0.8949787810633497,0.3435322632139018,37.23918683872718,13.514351737283546,2.6817264040734097,1.1110271002036927,2.3657390581297357,1.5154284263002853,1.3687365760502315,0.1848115915288202,0.4100689818199993,0.34840230711479503,0.8138986461519269,0.7138294606261439,0.30536745241374963
pilot_v1_00404,404,data\raw\audio\pilot_v1\pilot_v1_00404.wav,0.7510350346565247,0.5155216455459595,0.31948474049568176,0.39655208587646484,0.17852845788002014,0.1615016609430313,0.3542878031730652,0.12389647960662842,-146.24322608751757,15.14395536508515,0.5111478532328775,-0.4345924727547028,-0.3026828973863279,-0.9078113933096875,-0.8850268470780916,-1.409889155653034,-1.4301827651753605,-1.2498633285551128,-0.6813775512700155,0.020998001219965114,0.4965922428117825,28.10821909242349,14.88103845715991,1.0644265515375344,0.644217725285535,0.40042334073937935,0.9242398968702563,0.8834006511608162,1.3892669189482554,1.4076982651869543,1.2301245620070949,0.6769452225274072,0.10652014968589706,0.4967217181354915
pilot_v1_00405,405,data\raw\audio\pilot_v1\pilot_v1_00405.wav,0.2677203118801117,0.669235348701477,0.7612993121147156,0.12529312074184418,0.3503231406211853,0.32906270027160645,0.7727416157722473,0.287942111492157,-139.28290018692158,15.12504009609517,-3.595953939071828,-2.4013024472957576,-1.223905008843988,0.07640640474576683,-0.3119335685325399,-1.1075371894533348,-1.564709049300824,-1.711100554863824,-1.98693546853765,-2.2637985531158824,-2.141401389002043,32.57260132308113,13.562912272568363,4.140515035361042,2.3535685780625593,1.245847686728522,0.4196064833765765,0.49119845933833606,1.0683721946569176,1.4366500976328376,1.521056281920588,1.7484519594043355,1.9792516945497067,1.8704532187873717
pilot_v1_00406,406,data\raw\audio\pilot_v1\pilot_v1_00406.wav,0.13764426112174988,0.32371118664741516,0.005699941422790289,0.7325858473777771,0.2916405498981476,0.4856511056423187,0.5585216283798218,0.36936479806900024,-154.01236686553702,12.444160236913168,5.808751558016042,0.23605707667478765,1.1916969859817919,1.4488418928609605,0.2366633323046347,-0.8736903619102314,-0.5995482994440053,-0.5936956448874484,-1.3561237128710353,-2.6074573712670546,-3.7311698915036047,15.307761483415813,9.917539367915039,4.161205164446088,1.174858400218606,0.9355101335613419,1.1694544823052515,0.45712132594192434,0.9313329129206435,0.5086847648496897,0.5148113467743317,0.9405716457521223,1.7996829716992282,2.592616923585709
pilot_v1_00407,407,data\raw\audio\pilot_v1\pilot_v1_00407.wav,0.6560994982719421,0.7222114205360413,0.4639086127281189,0.2565459609031677,0.0637727826833725,0.32371893525123596,0.9644978046417236,0.2271948754787445,-121.13699263196139,10.023840558057644,-5.444668104118242,-0.3730032299708569,-0.994170245701305,-0.03090552483103253,-1.533283234006582,-1.4196619620333415,-1.6283816842538554,-1.052607606452014,-1.0334931150035025,-0.5624595588550054,-0.7755388155480735,50.896629095366976,9.519783957363137,5.296193097730685,0.49258578857012686,1.0330794489675632,0.16556945907928233,1.4728908323687462,1.362286453220321,1.5565486182071855,1.0028563737762213,0.9790555404971383,0.5302997768153368,0.7310899814102519
pilot_v1_00408,408,data\raw\audio\pilot_v1\pilot_v1_00408.wav,0.7264184355735779,0.4917277693748474,0.09362895786762238,0.1412004828453064,0.34555190801620483,0.26078110933303833,0.34396690130233765,0.11766809225082397,-147.03288339161884,14.83726868447171,1.037144272051348,-0.20339427131442167,-0.07092476695440367,-0.8215288927891755,-0.910558449691573,-1.4705272151796398,-1.5535898256434073,-1.351063972820364,-0.7763706501245312,-0.046401429333240436,0.29739883711793275,28.22006249634417,14.811253618583432,1.8061464105440184,0.8160544887788572,0.42997220665349123,0.8748773293880464,0.9165451467611054,1.460698168330147,1.5402168631155517,1.3364802540970562,0.768139469566119,0.13712111635844018,0.32072956951481363
pilot_v1_00409,409,data\raw\audio\pilot_v1\pilot_v1_00409.wav,0.2391974776983261,0.6237589120864868,0.42606818675994873,0.4619442820549011,0.12393691390752792,0.4502169191837311,0.7251035571098328,0.3035487234592438,-147.09589127359973,15.772139892200594,1.4812263992832915,-0.5147899113285375,2.0344893208729093,0.7554994860026504,0.20523111669570498,-0.20805953469184002,-0.5391468202048068,-0.9286829974977657,-1.651516664150394,-2.5798819812769285,-3.1837041967734505,23.98547913989278,13.801119904622773,2.0131501873879722,0.8544908482069152,1.8280483710958801,0.7166740246713711,0.4152381270849,0.2927888574001046,0.4677550140301161,0.807135078718533,1.39244117443429,2.1730754093889892,2.6861322480145455
pilot_v1_00410,410,data\raw\audio\pilot_v1\pilot_v1_00410.wav,0.35366809368133545,0.4168550372123718,0.38155314326286316,0.2267688512802124,0.2340042144060135,0.3864370286464691,0.5436105132102966,0.396101176738739,-142.21485841711592,19.823628120333332,4.888530609672481,-0.3593429367286681,-0.19428116439818308,-1.3189428718098155,-1.305402283691139,-1.5166263116613694,-1.6208664389750773,-1.7381842749979526,-1.7717817193469656,-1.8200663375348416,-1.7881561694664694,21.581752871803417,13.505752976137003,3.3389424383023205,1.1365474103834636,0.5962073261872962,0.9468047116594266,0.8771117452087146,0.9500468491725251,0.980085422222398,1.0336792135030135,1.0425014841944522,1.0551597235916637,1.0151241091734704
pilot_v1_00411,411,data\raw\audio\pilot_v1\pilot_v1_00411.wav,0.8682170510292053,0.8369120955467224,0.7491364479064941,0.6590921878814697,0.41204634308815,0.20263029634952545,0.9372702240943909,0.1883462369441986,-124.56584554259365,5.1611050039505795,-4.227999376942361,0.9027957389080529,-2.882202173700134,-2.4136250171626665,-0.12560327624633225,-0.6855631831208243,-0.4530144619711907,0.5942340387276076,-1.7895272890085672,-0.49596550155855357,0.8408895530619735,51.00027942980029,4.990046743673697,4.202795241993212,1.2013066502593706,2.9111569739407983,2.389073797749869,0.3591957550072311,0.7837169082592531,0.49707063916052974,0.7428234827024233,1.8206787117466465,0.5183646958734541,0.8896099699493761
pilot_v1_00412,412,data\raw\audio\pilot_v1\pilot_v1_00412.wav,0.9020959138870239,0.343622088432312,0.5481562614440918,0.6087612509727478,0.39305707812309265,0.29976868629455566,0.472739040851593,0.4416358470916748,-146.47957171938205,17.64419254402223,7.625761233825142,0.5384477810450033,-0.2977343433271591,-1.122489500076349,-0.9797799373557514,-0.507960386452953,-0.08433152165061326,-0.7073444835606766,-1.391291387429935,-1.1977905166454035,-0.37160515519146536,14.884893097960873,10.119298308460749,3.844645698391749,1.479563302355011,0.8038100611172286,0.8035828280209512,0.560584403079686,0.31709766313234256,0.4121446692967504,0.3278124111340444,0.5716185316940784,0.47388669478599693,0.3915403834650113
pilot_v1_00413,413,data\raw\audio\pilot_v1\pilot_v1_00413.wav,0.38338130712509155,0.7721328735351562,0.18370825052261353,0.2880861163139343,0.1655796617269516,0.46596217155456543,0.8542903661727905,0.23387762904167175,-119.4156761707646,8.81379782713569,-4.917382267081467,-0.6882611581750739,-2.2426349089400617,-1.2052379835610358,-1.7944556536168288,-1.0946978283037587,-1.3744593204602922,-1.03957886327974,-1.2204149071956263,-1.0076277622928644,-1.223713356089329,52.33203278353258,8.359651867303233,4.695867711862019,0.6683231483758064,2.134955540317435,1.1429066634100513,1.6919431297761733,1.0232250953064195,1.2903642715717343,0.9705121712424054,1.1396120392501448,0.9388606395630252,1.1461542124514523
pilot_v1_00414,414,data\raw\audio\pilot_v1\pilot_v1_00414.wav,0.02173907309770584,0.5644280910491943,0.6266382932662964,0.5233073234558105,0.08033448457717896,0.3474041223526001,0.264497309923172,0.1623682826757431,-157.93142568792015,10.822640637933247,5.163922226008276,-0.6681703625301285,-0.7251107378306091,0.49426151966173204,0.5569013693313916,-0.4600630996523659,-0.4765864774165961,-0.19103387671531386,-0.5061984146199003,-1.7245665193388422,-3.0002930943644914,17.117779125586303,10.910493610205394,5.0672116513306875,1.14887151018513,0.821025467019062,0.6369367576462603,0.6270696850240474,0.5830356709621708,0.4924456367287067,0.3432544234948727,0.509354915715279,1.716370550054807,2.9813240521692626
pilot_v1_00415,415,data\raw\audio\pilot_v1\pilot_v1_00415.wav,0.5052826404571533,0.6879960298538208,0.29110878705978394,0.09082377701997757,0.2517390251159668,0.1868394911289215,0.6585220694541931,0.3482508659362793,-125.20183508014381,9.17066943606229,-7.038387134484484,0.6330718498592837,0.8909070793602548,1.4162610336872297,-0.6857787897235359,-0.5974545958614375,-0.32282117805253174,0.4517493534718137,-0.5486842562106694,-2.0704726516284957,-3.8702181232042028,38.90106055644986,6.7081299850004905,5.69267981595645,0.8281530690955233,0.674096934179762,1.073865721142048,0.6272052020529799,0.45356231784699985,0.26480837375095573,0.4125220449917422,0.4019904540626524,1.5345090695666772,2.8967803351057326
pilot_v1_00416,416,data\raw\audio\pilot_v1\pilot_v1_00416.wav,0.5173529982566833,0.35608768463134766,0.1391238421201706,0.24124017357826233,0.19493591785430908,0.19749312102794647,0.24753999710083008,0.297708660364151,-159.2622411967146,8.06820204594109,3.970287732736476,0.3451856933428946,1.374698343195514,0.9186884859779465,0.32419902815033874,-0.40543764555284323,-0.4816221795540991,-0.6155170447881005,-1.2220734007933642,-2.1374285003621827,-3.1880278751168176,13.93133560589128,7.505708276527384,3.4997997959427365,0.7909659902915439,1.215680984492614,0.8143007993522369,0.3717638406064693,0.4729377027396891,0.4577149239547455,0.5644976524043062,1.0612815031611276,1.855909258469957,2.7856200127132165
pilot_v1_00417,417,data\raw\audio\pilot_v1\pilot_v1_00417.wav,0.0028644977137446404,0.7588870525360107,0.5785714387893677,0.7493693828582764,0.3729775846004486,0.3799329996109009,0.6287081837654114,0.1117158904671669,-152.02242596667242,13.944323183992381,1.971853154159881,-1.2710899867656789,1.8485828359186607,0.6521597396883608,-1.0803098787683691,-0.39645704721968056,0.22596912454215076,-0.2588588803036743,-0.6907353441586582,-1.7071984589095166,-3.0811203265763756,23.118818078875016,14.279449035266694,2.233534778045809,1.5541466543121314,2.0511114869653038,0.7108742092498542,1.2520483203043373,0.45818626357136816,0.34733154610973704,0.2966323925543858,0.7034662378185387,1.695855766436903,3.114405306450463
pilot_v1_00418,418,data\raw\audio\pilot_v1\pilot_v1_00418.wav,0.4025619328022003,0.5519264936447144,0.2356906235218048,0.1377292275428772,0.28148317337036133,0.45533397793769836,0.4400779604911804,0.19418610632419586,-139.18877297808362,15.739057316205665,-1.59244267365133,-0.8819825793345116,-1.9123816286281043,-1.3864181346177218,-1.3991422123972466,-1.1302400168584226,-1.0391644255813073,-0.9023335528245099,-0.8388371090295328,-0.7800475584947618,-0.8789749621085441,35.19193624254979,15.303080206234648,2.3718002218990217,1.0044938301806876,1.9357367733430717,1.3598001977177447,1.3667083274186942,1.099615177903682,1.0062528613268669,0.8757326239647987,0.81455803865794,0.7538452171558676,0.8487401477282849
pilot_v1_00419,419,data\raw\audio\pilot_v1\pilot_v1_00419.wav,0.8897214531898499,0.7013455033302307,0.6962197422981262,0.3826668858528137,0.059868600219488144,0.2672650218009949,0.833722710609436,0.40205323696136475,-108.47592845706949,16.207789474221105,-8.000863615742908,-3.824056348641309,-3.579106272398101,-0.2711615645666438,-1.664328355449733,-1.9873535929934343,-1.1481465089446226,0.7286216775498251,-0.6772492237185636,-1.4555748416951109,-0.6588329989457999,40.47025165978417,9.202627711621295,4.940331631629262,2.286039055759529,2.1010129023311817,0.4958708489604222,1.0024555596494715,1.1738473713833284,0.701316453867048,0.4700777206633568,0.5346889230902788,0.827690043509409,0.4063804614611887
pilot_v1_00420,420,data\raw\audio\pilot_v1\pilot_v1_00420.wav,0.857062578201294,0.4878159761428833,0.49409055709838867,0.5088496208190918,0.14127840101718903,0.19127264618873596,0.5699396729469299,0.23886311054229736,-143.84640488077804,16.846149180888553,0.9118165181920059,-0.4246955084487066,-0.9141075716877437,-1.7118851649295166,-1.3908673656506505,-1.243566632540036,-0.6507160007186881,-0.5253806437606006,-0.5585616444516893,-0.3373128764742597,0.14693638106179668,29.155521491202485,15.830595225629386,1.3916657119013571,0.6378792183079707,0.9313556789020234,1.6252479449144357,1.3069971547029215,1.1639329730478818,0.6063669327729977,0.4976126740823047,0.5364402601086898,0.3401500629470513,0.174171068308749
pilot_v1_00421,421,data\raw\audio\pilot_v1\pilot_v1_00421.wav,0.37358036637306213,0.6285012364387512,0.036650966852903366,0.0005601660814136267,0.31268250942230225,0.3532048165798187,0.9514744877815247,0.4467334747314453,-107.0816037092741,21.825026279933212,-5.670215962634582,-2.8674480639545576,-4.267046275667986,-2.682503876275097,-3.0469954171277944,-2.2816894787753332,-2.4624330306659723,-2.0470393250448184,-2.1996491150038,-1.969043986936871,-2.200591759768458,30.078849255108125,7.658239957284265,3.432329473255014,1.510776959616505,1.7112034229756399,1.0480133024543647,1.1449758307612694,0.8458514856931043,0.8917958104562317,0.7324274876521547,0.7724447425973672,0.6561094083882154,0.7182019679880799
pilot_v1_00422,422,data\raw\audio\pilot_v1\pilot_v1_00422.wav,0.21910099685192108,0.4207397401332855,0.7811175584793091,0.6122460961341858,0.4290006160736084,0.46150895953178406,0.36723801493644714,0.343265563249588,-155.14266172669193,12.795905780718945,7.3893115328765795,0.7873532199751729,0.1169960795126275,0.7316760392754724,0.5321697217965924,-0.5343949306889619,-0.7613181413702597,-0.6491544130997979,-1.107171087177658,-2.3936524041776783,-3.5576078559941116,16.06344903845102,11.43101759006286,5.8603924718554925,1.3159050128565324,0.5868948068563069,0.8453635783368075,0.49445350850084424,0.8127077211633028,0.7039292556735591,0.651504773663538,0.9164084915531406,1.8408878391384726,2.751043391872518
pilot_v1_00423,423,data\raw\audio\pilot_v1\pilot_v1_00423.wav,0.7377551794052124,0.8322634100914001,0.338533878326416,0.3673771023750305,0.2015235871076584,0.2939479351043701,0.7612989544868469,0.15727081894874573,-119.87399139038581,5.8568765313191395,-3.76582765135888,1.0314019923986322,-1.0744415378065195,-0.40932409271452236,-1.1905569667197788,-1.4315265248927962,-1.9574025198864158,-1.25495554558884,-0.7437645353079795,0.24985018330001366,0.4900920088948116,53.894589341824094,6.000201031453947,3.72959410275461,1.0728297882699678,1.0745194970853733,0.42188022419368965,1.1723895598183234,1.4034013942102286,1.9196883028680325,1.225939132878949,0.7256888133873991,0.2701980984879864,0.4932426763839318
pilot_v1_00424,424,data\raw\audio\pilot_v1\pilot_v1_00424.wav,0.6361871957778931,0.527786135673523,0.7181856036186218,0.07844908535480499,0.38289904594421387,0.24757659435272217,0.5287101864814758,0.2641012370586395,-143.461807782879,15.688634681853348,-0.24277519613017406,-1.1361189677094372,-1.4355693144092756,-1.5914176111653664,-1.4208617528203826,-1.3952458888842103,-1.0291735416244119,-0.7742144230359022,-0.6065183176055228,-0.7250382639817503,-1.087442179333543,29.955738403539375,14.769830843211894,2.1109981621560023,1.3888668427239936,1.431816204612792,1.511255830941456,1.3359598403751394,1.3021401380696935,0.9601785205091168,0.7160488500927762,0.5563355620444486,0.6575384923030889,0.9813733265814844
pilot_v1_00425,425,data\raw\audio\pilot_v1\pilot_v1_00425.wav,0.14879876375198364,0.6556529402732849,0.3513713777065277,0.5371626019477844,0.1616746336221695,0.43138331174850464,0.9475379586219788,0.40630659461021423,-132.5799073646352,24.176103178591582,-2.033156415400675,-4.079960359044274,3.158072837576162,0.7535535099555639,-0.9980344134983431,-0.30931234979570327,-0.1394838037304185,-0.03153715480190747,-0.6554584213283611,-2.7541288135300244,-4.553669602333651,25.143191559238346,14.57848802104533,3.208472192755595,2.5446346403553823,2.3839378234690796,0.7692436629228967,0.8890430237887433,0.4293062827527138,0.27466930935217443,0.27514266536994425,0.4179069741075108,1.5047293987570978,2.4854338256816
pilot_v1_00426,426,data\raw\audio\pilot_v1\pilot_v1_00426.wav,0.25638359785079956,0.31154561042785645,0.4070192277431488,0.30345046520233154,0.09674280136823654,0.40527060627937317,0.3337237536907196,0.3358006775379181,-160.76937370256883,8.01570873161434,7.408060559663982,3.195381709772283,1.0752994590170826,-0.22546534480918298,-0.46656791403206255,-0.880826912683995,-1.114732504800304,-1.5946174682597023,-1.9629350773067638,-2.2986327033801537,-2.327136874485792,11.848502877487027,7.575560768634391,6.34866794256396,2.60780091457114,1.07022588626948,0.7047668961390597,0.6082101401352883,0.8284023180872454,0.9641506997295559,1.3295645355402712,1.6005996897234456,1.839673122795223,1.8296749822328675
pilot_v1_00427,427,data\raw\audio\pilot_v1\pilot_v1_00427.wav,0.7711315155029297,0.7357614636421204,0.07381093502044678,0.5919449329376221,0.27439412474632263,0.2158348262310028,0.7400768995285034,0.1717209815979004,-124.89234976465329,9.686658056445616,-3.323971315673936,0.7710087191145283,-0.4911683612893645,0.16836968932721244,-1.1348077766185958,-1.3701872385608533,-1.8807037867766658,-1.1719062042613868,-0.449339494433508,0.6508008810216572,0.9535500779724532,49.25305247400773,9.428728594878336,3.4766016994277242,0.7922058581470578,0.5332902165484024,0.20366120592385298,1.1140117483408774,1.3325104458564416,1.836810374513423,1.1385989535817962,0.43752208376426643,0.6469339112561331,0.9344112285565211
pilot_v1_00428,428,data\raw\audio\pilot_v1\pilot_v1_00428.wav,0.9912779927253723,0.3847827613353729,0.27284103631973267,0.6716185212135315,0.33070942759513855,0.3192857801914215,0.25147688388824463,0.2928314208984375,-154.4146915192424,12.83647924909444,5.081507268603636,0.2973293640073264,-0.4104150198712783,-1.040601680627198,-0.7770318394643028,-0.1945353503530752,0.17064583284768758,-0.27587912284078514,-0.7976716055257176,-0.6802456026381916,0.04884779931091603,19.02332231237637,12.007233757456783,4.646815256811127,0.7880442667963955,0.5914579720728821,0.981120885805197,0.7369959133225441,0.3068404709479201,0.29553149068878304,0.3229667501781895,0.7190564707851066,0.6532550585031278,0.2002365258924821
pilot_v1_00429,429,data\raw\audio\pilot_v1\pilot_v1_00429.wav,0.4728832244873047,0.8005365133285522,0.6091640591621399,0.21279053390026093,0.102841317653656,0.4798504114151001,0.6699373126029968,0.12874844670295715,-122.57948596313491,5.439307109991979,-5.725565057844999,0.8078970590026732,-1.0160443581390461,-1.1241764318340333,-1.3617824106746892,-0.5849492245027235,-1.5770575885841656,-0.8809264970047029,-0.9651806735588442,-1.2797422472271656,-1.620854957049674,51.32146044690028,5.86295970945707,5.703754918121706,0.9558856886524589,1.0476888255265793,1.177992464891987,1.368039808036934,0.6260508213711873,1.5831377363103574,0.8925359777186878,0.9621479928953798,1.269479227932204,1.597986792906206
pilot_v1_00430,430,data\raw\audio\pilot_v1\pilot_v1_00430.wav,0.12004220485687256,0.4550900459289551,0.15197618305683136,0.4465484023094177,0.24259699881076813,0.3335159122943878,0.4612996280193329,0.22230570018291473,-155.04980172189713,13.199419016474188,5.23400773152291,-0.8154795958919516,0.1952004097348924,1.1543205755664867,0.17929253970851805,-0.8935124129882591,-0.4432587584019398,-0.08826087499165944,-0.7681174734613145,-2.0858102232074955,-3.109044572007404,18.935439919871257,12.764361146229222,4.97098347185983,1.25219464312766,0.38036696146207066,1.148615545983029,0.3799609801404054,0.9202699101077076,0.4779583336759164,0.2654095792374756,0.7379415724528611,1.9842236287013537,2.95713915238381
pilot_v1_00431,431,data\raw\audio\pilot_v1\pilot_v1_00431.wav,0.6032955050468445,0.5914116501808167,0.5156307220458984,0.15807689726352692,0.41439202427864075,0.16732239723205566,0.867237389087677,0.36451300978660583,-132.82669206633088,13.109048840250566,-4.510614956221703,-0.039246130718561034,0.25669506655344637,0.4268727405865082,-0.7512829656364652,-0.41256034158850863,0.10275702420724045,0.5309305799273504,-0.4695564567542953,-2.102119723381239,-3.8480417870199455,32.6816564017931,9.428358492214011,4.240759602886796,1.1565069383878896,0.6544280480248517,0.4587863623183525,0.743416134997878,0.40407123486980956,0.1684110879210484,0.45205183384238895,0.3372404768473401,1.471942333791755,2.715516446720749
pilot_v1_00432,432,data\raw\audio\pilot_v1\pilot_v1_00432.wav,0.58765709400177,0.43826019763946533,0.3984374701976776,0.6391103863716125,0.07021839171648026,0.4941381812095642,0.6031349301338196,0.2177809774875641,-146.08095064642455,12.844182731100974,-0.7022658186816639,1.4155035591667886,1.6766594425330978,0.5550100008255388,-0.2941357623690749,-0.7650148488049783,-0.22639001998698122,-0.09856855889007957,-0.6835978449465461,-2.030532896470089,-3.2448233263756268,27.62033242495967,12.281824694993078,1.5125950785967623,1.3840815203014432,1.608618248503996,0.5757140978011017,0.45896016350012414,0.8601745000912581,0.33016775566335327,0.19792745617837626,0.6550483081212631,1.940502557278978,3.1058964162703995
pilot_v1_00433,433,data\raw\audio\pilot_v1\pilot_v1_00433.wav,0.07315392792224884,0.6090303063392639,0.7339650988578796,0.35075387358665466,0.29769593477249146,0.30470311641693115,0.22218549251556396,0.38185495138168335,-153.36765099524175,12.783165905485657,4.629855924721557,-2.1490172257064297,-1.1455007381424118,0.6528937628425602,0.6720122653504164,-0.3103792907770503,-0.09483585148604198,0.08687537003270106,-0.8354450539985676,-2.4594081019213716,-3.752941844450592,15.62920275014823,10.209329966049204,3.288974234884797,2.396035320131604,1.2030901460651227,0.8970380016428777,0.7308726048145373,0.7104533271405894,0.40995518453580143,0.3759559389291473,0.6073162870831947,1.677419741649201,2.5777489387726096
pilot_v1_00434,434,data\raw\audio\pilot_v1\pilot_v1_00434.wav,0.45727166533470154,0.4010019302368164,0.07677306234836578,0.49057692289352417,0.3563777506351471,0.15871040523052216,0.8090518116950989,0.27821534872055054,-146.12049776456624,15.157135742775168,1.1632837554819957,0.06913622590234753,0.1469095040313576,-0.7161370612845691,-0.8480534543561352,-1.2769533023494362,-1.1942084396732469,-1.294863768878995,-1.377125354240714,-1.707912567858495,-2.0608931373201242,26.762690379304054,14.106717393517501,2.185079072338615,0.7210838888487234,0.30870284233641365,0.7547159583366093,0.8342684502419143,1.2071275961289243,1.0973654195914695,1.166474016089166,1.2229498062582203,1.5107214738697452,1.8188251355456242
pilot_v1_00435,435,data\raw\audio\pilot_v1\pilot_v1_00435.wav,0.9444162845611572,0.782454252243042,0.4412190914154053,0.032000694423913956,0.18497329950332642,0.34251657128334045,0.4155789017677307,0.13601571321487427,-129.6230919006818,7.258591885842173,-5.475760600110108,-0.43212081432272476,-2.5160832049594997,-2.2850910517252117,-2.001865653940528,-0.07109030276520355,-0.3556463311459141,-0.6370995755553424,-1.3845123089865086,-0.8367861831545699,-0.1313433962144822,44.57638368400478,7.335887758033569,5.446212490396106,0.651984243444802,2.486491428663079,2.269546682343538,1.9795390069811336,0.16762668081337115,0.37654242740055033,0.6348066579533782,1.3592399865230906,0.822645341902428,0.1455720032978515
pilot_v1_00436,436,data\raw\audio\pilot_v1\pilot_v1_00436.wav,0.7867736220359802,0.328289270401001,0.6433730721473694,0.11094222217798233,0.21617327630519867,0.42238354682922363,0.9760724902153015,0.3230673372745514,-148.26568352954826,16.785677346424446,4.882059954983884,0.06236905196100784,0.21709088009675973,-0.9002925137129819,-1.1653626067246983,-1.3969204886335342,-1.6118142372754445,-1.7883973505694417,-1.5738373869407587,-1.0731162646506656,-0.5960150853192024,22.09787481001623,14.16089564496784,4.042251253107429,0.9206407311656167,0.35603809700684486,0.8102709394257949,0.9883805044450973,1.1492239227832943,1.3082020453862375,1.440884834778668,1.2692228467353712,0.8581262048147325,0.4845086439687642
pilot_v1_00437,437,data\raw\audio\pilot_v1\pilot_v1_00437.wav,0.30327579379081726,0.7181953191757202,0.275787889957428,0.3991842567920685,0.43778836727142334,0.25619059801101685,0.5947068929672241,0.18086564540863037,-135.79021390202954,10.397000443539032,-4.263298361907989,-0.6904352121061571,-1.3148980214580805,-0.5029003719508789,-1.223339415116556,-0.9833827398676159,-1.3178492582413162,-1.335449050723058,-1.7265390291912173,-1.601200235044252,-1.5656323695920884,40.42279643959241,10.24240234284095,4.6156249697963805,0.9981878766265225,1.441958466661466,0.6229100960108054,1.2675301431852115,0.9990921245299157,1.3134190451803651,1.3144851273516371,1.6907239055828047,1.5656392311593654,1.5304777028114078
pilot_v1_00438,438,data\raw\audio\pilot_v1\pilot_v1_00438.wav,0.1644066423177719,0.51151442527771,0.5314437747001648,0.2594069540500641,0.30428269505500793,0.23041969537734985,0.7865544557571411,0.26316288113594055,-153.51386827678337,15.033164839095019,6.778868605937908,-0.6228786446586971,-0.7762605625429381,0.39071031330242273,0.5101156309599234,-0.3057199409155094,-0.5437574731389881,-0.424441516179786,-0.6309529238392465,-1.923061093441515,-3.464681207131791,19.67088463670899,14.15738517800801,6.15673457495582,1.3218490390565438,0.9089798846687827,0.4863588163719198,0.5082673309189701,0.3998354823086894,0.5546949310781829,0.4358652260049954,0.6609895938410244,1.7442303851714018,3.1668004987941276
pilot_v1_00439,439,data\raw\audio\pilot_v1\pilot_v1_00439.wav,0.683044970035553,0.6738213896751404,0.19900260865688324,0.7180061340332031,0.12624068558216095,0.39098358154296875,0.3927149474620819,0.427240252494812,-118.9072430409213,17.937173180874247,-4.591131149044195,-0.3150411671901218,-1.22256366118975,-0.16946259650941586,-1.285961835886283,-1.3100870119690904,-1.779996933691801,-1.2458751555479581,-0.8832510989162392,-0.3089449845765983,-0.6004092525581306,31.521430302086365,8.555277512995303,3.2879202880461293,0.9787770377817185,0.9976053562497309,0.3992574538543907,0.747662692279745,0.676456382177001,0.873014701628513,0.5864569025545379,0.41883916292622053,0.1916363534668064,0.2969243991451442
pilot_v1_00440,440,data\raw\audio\pilot_v1\pilot_v1_00440.wav,0.6908667683601379,0.40372541546821594,0.5692777037620544,0.4298321306705475,0.25818461179733276,0.36646583676338196,0.9221844673156738,0.36078372597694397,-139.38848505740214,20.4476706515793,3.3160869500745176,0.5923502589294607,0.49067589897107705,-0.5096591434627015,-0.5192521537618414,-1.0864495181091727,-1.2294081920763034,-1.3773207799589984,-1.2123389201600092,-1.072722681821547,-1.1138819537180693,26.643306899443726,15.37502306299907,3.0377084134709658,0.8507955491804573,0.45480361419317045,0.49419493059581326,0.4416194418510289,0.7975708585607856,0.8803889534669699,0.9716601893487751,0.8484112765796193,0.7414841152531398,0.7660074335412412
pilot_v1_00441,441,data\raw\audio\pilot_v1\pilot_v1_00441.wav,0.20346271991729736,0.8495631217956543,0.11106790602207184,0.18503136932849884,0.08638984709978104,0.17839765548706055,0.5031359791755676,0.15291166305541992,-146.62905798248653,10.670985369138402,-1.7210177672232014,2.0937879812440583,1.0600693548860831,0.5319755757274917,-0.06220238398693397,-0.3724595439264144,-0.10599171742954529,-0.4336045463305256,-1.1897422066404886,-2.2715775652453756,-2.9125187163247848,27.65991689556693,10.530736896222379,2.2194313425939227,2.0788682974138935,1.0646909235083832,0.5499301414140682,0.12305723194561365,0.37704316718145003,0.15682121699293858,0.4360529834716496,1.1609343555503675,2.2418856958339872,2.897079616732828
pilot_v1_00442,442,data\raw\audio\pilot_v1\pilot_v1_00442.wav,0.326718807220459,0.5043541789054871,0.655541718006134,0.7027857303619385,0.1716342568397522,0.2863600552082062,0.7155768871307373,0.24595414102077484,-140.72200748721875,17.794012382181727,0.43390423208177575,0.06289312220878879,-0.5569645997487043,-0.8229220040039003,-0.6772774145624378,-0.9204215021391994,-0.820050399240909,-0.9793718577583873,-0.9501940877796121,-0.9609060986472607,-0.844160110283921,31.915566987980934,16.579656623941283,1.4453138502519256,0.4163266946329581,0.6202748133056297,0.7909362186360192,0.6400502051333304,0.8609786868824061,0.7621505564804384,0.9062167407100661,0.8743655393380831,0.8826976898792034,0.7769589053504824
pilot_v1_00443,443,data\raw\audio\pilot_v1\pilot_v1_00443.wav,0.8414508700370789,0.6106034517288208,0.2137259691953659,0.19479408860206604,0.3995019197463989,0.468799352645874,0.30905380845069885,0.4319518804550171,-120.60008167009852,21.566270788855167,-3.332740365695147,-2.4406030992276215,-3.587931371248441,-2.370087464357537,-2.1577776855316384,-0.9715112872728481,-0.536580955665903,-0.5093760781239429,-1.3679151286737756,-1.1247878583924644,-0.12046931223374767,30.63348754592441,9.9573638005603,3.404593973439302,1.6251953709869187,1.8233778601773325,1.119238500481704,0.9860136910933679,0.45045902177648256,0.3370615807313848,0.2712021637180215,0.6235594755832303,0.5596336568829189,0.21322002761872155
pilot_v1_00444,444,data\raw\audio\pilot_v1\pilot_v1_00444.wav,0.9366135597229004,0.5690227746963501,0.01471987646073103,0.32024404406547546,0.40560129284858704,0.3726409375667572,0.6947062015533447,0.2034963220357895,-137.74144996150213,14.695102331263422,-1.4241507656824643,-0.7582658487838869,-2.3192338265475674,-1.6754604411553544,-1.4663819317030256,-0.16807596729997915,0.23803388008927528,0.054751542216518484,-1.0050067572574004,-0.723887034053368,0.3058583435955834,37.763945834846155,14.340431722533177,2.2340002877739784,0.9791733786547291,2.3299646865765604,1.6493757302187146,1.446181934592588,0.19771773036573542,0.2605257546726074,0.11575821271451764,0.9780571041234374,0.7106454346001443,0.3154248329448665
pilot_v1_00445,445,data\raw\audio\pilot_v1\pilot_v1_00445.wav,0.418204128742218,0.6839974522590637,0.45337289571762085,0.564884603023529,0.22795017063617706,0.20508049428462982,0.2760732173919678,0.3894961178302765,-131.16046873726788,15.049616567638855,-4.7834208735290416,-1.465054666649068,-2.0732434828074244,-1.009289362021167,-1.423085551095435,-1.2622553092095512,-1.4118974796138593,-1.123397534504143,-1.1494064223522644,-1.175169302507501,-1.512454002061389,30.269423368459066,9.717627222995677,3.8464480309514775,1.3501080726007157,1.500289825566148,0.8084675039497529,0.9913225089518698,0.8618162308629957,0.9256401133792739,0.7156773913416957,0.7216159438356121,0.7148270558608869,0.9082752995856198
pilot_v1_00446,446,data\raw\audio\pilot_v1\pilot_v1_00446.wav,0.049722377210855484,0.3395978510379791,0.31048712134361267,0.04717601463198662,0.11788211017847061,0.28013965487480164,0.8927125930786133,0.31847673654556274,-158.0336353721954,11.270720279770353,9.608986954657517,3.9084774617723914,0.9002644643580248,-0.40749764877966227,-0.12111474029244267,0.031106916467232203,-0.36220638494471386,-1.2933628196362164,-2.078167559696598,-2.6240252397200083,-3.082548805812062,14.057991077496146,9.776094367804747,8.067257592282925,3.1789929140945046,0.8814585229040687,0.6742050350010906,0.2761427857913507,0.2651476701581426,0.3583584320800838,1.0713997298875875,1.7072597977613604,2.143408158681483,2.5112450104161215
pilot_v1_00447,447,data\raw\audio\pilot_v1\pilot_v1_00447.wav,0.5329607725143433,0.7767028212547302,0.7718085646629333,0.5552363395690918,0.33910611271858215,0.4420710504055023,0.48655685782432556,0.11060130596160889,-129.87804243268275,3.6989567388611944,-5.658765504536223,1.2752797941562994,1.0391644474209305,0.9778101050378303,-1.0244474237531642,-0.349822080937463,-0.01103572405151859,0.2684135262933969,-0.53360650513905,-1.5255659321776607,-3.1176781988821967,45.35497668158736,3.9694601027744856,5.7854936768617735,1.3260260631192315,1.043183842633753,0.9822305497514106,1.0708619751921071,0.3787316042828376,0.07846888442785359,0.3071653120512162,0.5277120155147322,1.5237097347863995,3.120340600111314
pilot_v1_00448,448,data\raw\audio\pilot_v1\pilot_v1_00448.wav,0.5414522290229797,0.4254644811153412,0.33187296986579895,0.1786184310913086,0.37019744515419006,0.399677574634552,0.553479790687561,0.1352253407239914,-150.77359513269823,11.885769978013638,0.7963533291953439,1.1419902409772258,1.8200447188334237,0.5144023111811089,-0.2316422176734732,-0.7185624358570896,-0.34268161603802777,-0.24227091692424518,-0.7946137990971555,-1.9646655459473388,-3.0452684886727215,24.584517769426174,12.115499669424594,1.9316174634220449,1.3033882171988282,1.8631375003549928,0.5448981262072186,0.38293270003146057,0.7894577146912634,0.3690153530592715,0.30531336238434476,0.797313458997942,1.955549607322267,3.060379017251587
pilot_v1_00449,449,data\raw\audio\pilot_v1\pilot_v1_00449.wav,0.056001193821430206,0.8283275961875916,0.7986646890640259,0.42600545287132263,0.19782593846321106,0.2321065068244934,0.9719321727752686,0.2774677276611328,-149.449500874446,17.241993570008624,4.982354559156827,-1.8686810534896015,-0.6420547700580227,0.6223014171739878,0.5912236847232146,-0.4536855857783783,-0.2558331989852963,0.06373895630451822,-1.0496296699205787,-2.4231059144545055,-3.0113062550407927,22.728437101428085,15.583102771688106,4.460432837906716,1.970103936723827,0.9283727457961726,0.7283315604586935,0.6896938670692841,0.5476322728081728,0.32590122477297256,0.4022675355221837,0.9402595709309255,2.1710754798373504,2.6742704161899877
pilot_v1_00450,450,data\raw\audio\pilot_v1\pilot_v1_00450.wav,0.41363418102264404,0.4831244945526123,0.043332312256097794,0.19229501485824585,0.056307218968868256,0.2531777322292328,0.35928070545196533,0.3812781572341919,-141.7028114931775,18.102205712716557,1.579081340801913,-1.551442204017481,-1.0569130324677252,-1.8817263608013461,-1.5306392038946637,-1.7170897954157245,-1.6601955909540604,-1.6390002727422106,-1.5428057277766596,-1.5347139651752781,-1.5908675756321085,23.283842726914692,12.81725381307782,1.9166996209432194,1.51194149970424,0.9360426752986131,1.377245986866021,1.088237532267573,1.1945900835815828,1.1273262930626662,1.1027577063138767,1.0219574683677948,0.994144347233308,1.0056836947537136
pilot_v1_00451,451,data\raw\audio\pilot_v1\pilot_v1_00451.wav,0.9264132380485535,0.6323366761207581,0.47651809453964233,0.6921154856681824,0.28515446186065674,0.41509851813316345,0.7652584910392761,0.2171614170074463,-130.81401461588558,13.673596459117977,-3.0530842793499917,-1.1558700953042458,-2.748485475341473,-1.658700624332754,-1.3284019709337593,0.24022088911996722,0.6300319077473504,0.35821051576482904,-1.0304976992588588,-0.8783297538842378,0.24578303794706038,42.77977317032538,13.008708224342312,3.3642217755262673,1.1557801107930472,2.653337205345069,1.573961689905765,1.272322641756664,0.28546680174099304,0.6028142748670707,0.3442945502402322,0.9965035177859247,0.8348162839368843,0.24218527232876397
pilot_v1_00452,452,data\raw\audio\pilot_v1\pilot_v1_00452.wav,0.8340731859207153,0.555846095085144,0.677122950553894,0.5714720487594604,0.3160424828529358,0.33877766132354736,0.2259046584367752,0.42375823855400085,-138.4448838319417,18.622828872601634,1.1842332085953007,-2.176509190272905,-2.3764371785209373,-3.0850113300498214,-2.583495420831457,-1.6634847485157769,-0.3962621734315837,0.1931656071163231,0.040800856364645685,-0.20447160851811472,-0.031222448372353495,23.12486839374193,11.028935081824722,2.63590048452733,1.8917285205669794,1.5133660097205186,1.6557000706673919,1.2772297792998821,0.7800498623127651,0.4322111377211025,0.41125645659624305,0.25364601436191514,0.4011890388555992,0.2822950779167791
pilot_v1_00453,453,data\raw\audio\pilot_v1\pilot_v1_00453.wav,0.3176167607307434,0.6966034770011902,0.2407774031162262,0.3239247798919678,0.13780854642391205,0.150698721408844,0.6447709798812866,0.25963813066482544,-129.6443524723191,12.525958309228043,-4.68088125655871,-0.9174313160037498,-1.8580029525095108,-0.6205587316536507,-1.3713709265913634,-1.0459286506748233,-1.4696260581405385,-1.3306058128518754,-1.6864908497797406,-1.5370326604477014,-1.5796566014252662,41.667620102992174,11.470370412523573,4.543863367203589,0.9588376884032307,1.7763617155282967,0.5947053731431542,1.2847209860940738,0.9620704392462723,1.3472474103252121,1.2058128880591623,1.5305985991363955,1.3925793271819478,1.4354371808795305
pilot_v1_00454,454,data\raw\audio\pilot_v1\pilot_v1_00454.wav,0.2147618979215622,0.3522023856639862,0.5976948142051697,0.5576810240745544,0.2041023075580597,0.31403762102127075,0.4365147650241852,0.17751170694828033,-161.93970177013213,8.030021744639399,7.133683452189135,3.0945974617369414,0.8209561029329017,-0.31222894618102337,-0.23572741706636335,-0.2087528566367918,-0.31316306784511605,-0.7750531616652965,-1.3400592689945674,-2.0125708628911863,-2.7590275487196614,12.611073304158348,8.014658923266222,6.980808909111309,3.012586432557585,0.8937613281507467,0.41293303399695924,0.3338307749119722,0.28987670989530473,0.37151367153320985,0.7765628729940125,1.3082126209151768,1.975512716199896,2.710499453822256
pilot_v1_00455,455,data\raw\audio\pilot_v1\pilot_v1_00455.wav,0.696047306060791,0.7635276317596436,0.13401778042316437,0.05792922526597977,0.4263119399547577,0.49646615982055664,0.8428583741188049,0.3197561502456665,-121.34857146974252,9.508090231171565,-5.159415442979863,0.3167980608514467,-1.00137852338605,-0.42107628056074,-1.74174070344018,-1.7921290428684384,-2.3616631575224294,-1.7043782267414762,-1.058507148268319,-0.035868019358784475,0.03069405325032762,46.69452210188198,7.5841055094465375,4.512485164692626,0.5210616695681657,0.9689603708893716,0.4065007058839587,1.469200954797815,1.474485263041507,1.9364741625928934,1.3876555989913242,0.8655308618557067,0.06590759255923036,0.07904705730267553
pilot_v1_00456,456,data\raw\audio\pilot_v1\pilot_v1_00456.wav,0.6726157665252686,0.459999680519104,0.5106421113014221,0.34102198481559753,0.15801557898521423,0.43914487957954407,0.27193114161491394,0.42996519804000854,-140.50352356255485,19.728009203337127,4.6422979477540025,0.0430892129291137,0.23893805969455084,-0.6677203597427186,-0.9582882589564693,-1.4749111330875961,-1.7282194980201968,-1.84713029145176,-1.5091734612832621,-1.1950675962912543,-1.0068119987030022,20.41001448539064,11.891661239170483,3.147221499450582,1.309339048962086,0.5735461812255046,0.556994241463802,0.5855786066145718,0.7791982330444717,0.8495505127034941,0.8774366027575279,0.6832188121459364,0.5051842221921554,0.423884290295755
pilot_v1_00457,457,data\raw\audio\pilot_v1\pilot_v1_00457.wav,0.16006556153297424,0.5877943634986877,0.17117124795913696,0.6386026740074158,0.3864726722240448,0.27294135093688965,0.6534808278083801,0.24401021003723145,-148.7433843346298,15.58898206591652,0.39275614713380247,-2.630202380190732,1.8487877274401154,0.89229075347751,-0.8126042393435987,-0.3842432776423176,0.07446008996456237,-0.1422859723685612,-0.5250368334661429,-1.8176535902789515,-3.2242718865179976,25.25754262468114,15.229993646595828,1.7538437687878594,2.768706306736268,2.0108199127154056,0.9059788455008755,1.000661316555517,0.4807914671346754,0.20161113614766418,0.20545070593244438,0.5248679007753597,1.696420329864247,3.026928568007886
pilot_v1_00458,458,data\raw\audio\pilot_v1\pilot_v1_00458.wav,0.3098140060901642,0.37977269291877747,0.6141729950904846,0.026960860937833786,0.271516352891922,0.21369029581546783,0.4652564823627472,0.15079675614833832,-157.25680271058437,11.831706227201291,6.2630522719211985,1.0131418836527124,0.21830580116060558,-0.1824196812151348,-0.5714641162306521,-1.136352454558315,-1.3534386928252808,-1.6239876563177265,-1.848790423979063,-1.8921018415821973,-1.6699320199986332,17.36147276905744,11.758500837293116,6.140262783484223,1.182000743352478,0.5176207190507308,0.32537177669395617,0.5892407619365426,1.1319994878256023,1.3379809691314366,1.598766891540293,1.8158593397031046,1.8552826271583274,1.6401055903283135
pilot_v1_00459,459,data\raw\audio\pilot_v1\pilot_v1_00459.wav,0.7950056791305542,0.804186999797821,0.25362062454223633,0.4824475347995758,0.09953518211841583,0.3742435872554779,0.8592826724052429,0.3586260974407196,-107.69164379480651,9.621117888953718,-4.797322702437618,0.6328928975629518,-1.6218952414546848,-0.7379869654699733,-1.569084075445343,-1.2543737917194229,-1.8894859718912675,-1.2807479038521365,-0.834340625477032,0.10020757287688815,0.33098160432349394,49.740390864336035,6.89909596684576,3.5621017090557943,0.47978889999004154,1.245923866019922,0.5584081757683914,1.1340514602054175,0.8899938127263648,1.329727167669879,0.8984521354438184,0.5926040214268569,0.09368513840885559,0.24040731789939798
pilot_v1_00460,460,data\raw\audio\pilot_v1\pilot_v1_00460.wav,0.9498562216758728,0.3151119649410248,0.056166719645261765,0.40904492139816284,0.10551770776510239,0.47804972529411316,0.5447703003883362,0.10592300444841385,-152.22162785071254,14.496410554702333,4.24295888774984,-0.24263705323175208,-0.24621517950503277,-0.9871694331351588,-0.699600937697612,0.04039133912443847,0.5311300956172939,-0.017167079024939934,-0.8275872848604838,-0.6040214506462319,0.42726822484490534,22.374241157530143,14.305735447711724,4.211187109562646,0.6603232720347106,0.4165189099384773,1.0277483024796599,0.7214019745982039,0.11647338461139738,0.5333418691974902,0.12523408968172883,0.8299918503265156,0.6111227077923113,0.44317203761000945
pilot_v1_00461,461,data\raw\audio\pilot_v1\pilot_v1_00461.wav,0.46831145882606506,0.7308019399642944,0.41358304023742676,0.11134977638721466,0.3281184732913971,0.28860390186309814,0.9259053468704224,0.31375572085380554,-120.01512427983624,10.019831291062268,-6.638877744276373,-0.6272910597427261,-1.0995112000279588,-0.3589149850053624,-1.8707431096235876,-1.3715240157191553,-1.3507287890447766,-0.9942259796094173,-1.3988777137227832,-1.373147404651457,-1.8211927733000453,47.24475081012227,8.138143483543624,5.783692399747953,0.7002801407199828,1.0347712325860299,0.35003254263928757,1.5734756233628928,1.1292271674527852,1.1272917735734587,0.817585360343505,1.155591551878893,1.1218120159229374,1.483216663014835
pilot_v1_00462,462,data\raw\audio\pilot_v1\pilot_v1_00462.wav,0.06382300704717636,0.5241183638572693,0.3690420687198639,0.7230373620986938,0.4178496301174164,0.17474552989006042,0.3428559899330139,0.3846040964126587,-149.81591613656343,14.866364916421661,3.844889471174325,-1.698362152193978,0.9068010791646878,1.331501849356479,-0.22076366482960333,-0.7158102374233255,-0.06967998056774859,-0.2200345928498054,-0.996554836458186,-2.3939247172114952,-3.870489409383329,18.275560229623025,11.695774161682806,2.7309411432047037,2.084138013834877,1.2630526297372429,1.1481059739998578,0.8991886351173636,0.8394082541144333,0.288395226770788,0.3445277257053788,0.6397722955625841,1.5609663201215274,2.576773625471569
pilot_v1_00463,463,data\raw\audio\pilot_v1\pilot_v1_00463.wav,0.580508291721344,0.6606467962265015,0.711602509021759,0.26757362484931946,0.23922479152679443,0.35854092240333557,0.7365171909332275,0.19864705204963684,-132.4654499925138,8.646012075633003,-5.926517365399653,0.17004864470100964,0.1725375980948003,1.169078240283394,-0.1346433607898114,-0.1434316273094562,-0.4643142485687832,0.014330692655346856,-0.48442094582651934,-1.416027260712615,-3.0522504689146537,41.25114889798773,8.345455835336525,5.980672791284403,0.35654228791217485,0.24330316727906715,1.16317824216892,0.21171552491483808,0.1629985047803103,0.49059827762037356,0.14500967585009888,0.47897899256839044,1.3695293474517807,2.9530185021568567
pilot_v1_00464,464,data\raw\audio\pilot_v1\pilot_v1_00464.wav,0.5961465835571289,0.5065543055534363,0.18059015274047852,0.5288812518119812,0.29511716961860657,0.30255645513534546,0.9974087476730347,0.4055352210998535,-127.66891866824794,16.81658776578147,-2.7165446651185876,1.746305765883309,1.4024541185743256,1.086527795058332,-0.7217335624807586,-0.7511924043926594,-0.3389643941616805,0.1176264117763475,-0.9622849089770384,-2.765064988447609,-4.704952280349144,29.486779210809637,9.724516600386853,3.3086503366383524,1.658964332391962,0.963615615687452,0.6831944579492699,0.6743756225309,0.5011249327302519,0.23973013795137796,0.33084192490869857,0.5223768589383924,1.4899344209398455,2.5829138888950967
pilot_v1_00465,465,data\raw\audio\pilot_v1\pilot_v1_00465.wav,0.11071140319108963,0.6773883700370789,0.5387743711471558,0.07353253662586212,0.0729069784283638,0.4631103277206421,0.5787356495857239,0.19771085679531097,-151.03962286525012,15.970982247233461,3.453603095029395,-3.5068723472839167,-0.6693519172481991,1.3713775678393465,0.09544939197455535,-0.8102977557000438,0.15312494958432524,0.33537905283436975,-0.8255116853838025,-2.0773851106482644,-2.8445736180605823,23.15203918790985,15.48457962964317,3.357924896485571,3.642331210404472,0.723608582855156,1.3939171067005365,0.2969520620883019,0.853918792647354,0.2579116810918532,0.38652974057172185,0.8116349418142161,2.0210565555920277,2.765481885991938
pilot_v1_00466,466,data\raw\audio\pilot_v1\pilot_v1_00466.wav,0.48392313718795776,0.3332825005054474,0.2942284345626831,0.5912852883338928,0.18161331117153168,0.3502773344516754,0.790026068687439,0.11506982147693634,-151.44936819359899,13.577784832611083,2.465737102521927,0.3702229937661919,1.3145274261592292,0.06550603480789542,-0.356873276893128,-0.6290909172455196,-0.6025069009175563,-0.6211191108972746,-0.8766055402596974,-1.4673378242122528,-1.9919515574775313,22.96600522508417,13.337676598477548,2.5209907718012428,0.5756246078750326,1.3008846799241083,0.17339544705892485,0.3719865473241518,0.6299416060872464,0.6066971768416062,0.6158116760234731,0.8657180011315629,1.450315597642758,1.9780316417668988
pilot_v1_00467,467,data\raw\audio\pilot_v1\pilot_v1_00467.wav,0.9967178106307983,0.7145281434059143,0.6360186338424683,0.2938418686389923,0.3598475754261017,0.1840730756521225,0.38387835025787354,0.3010198473930359,-130.60807761713488,11.463000411633733,-6.067319798433427,-2.4523625918230536,-2.483651189336653,-0.6736434441091962,-1.7545951292060853,-1.2428798358260127,-0.40155824696653036,0.31366900876275783,-1.0235517755190262,-1.2019775265236605,-0.18563944786285824,39.683280782664966,9.785459392637607,5.59486428775169,2.189856801374115,2.2082863400283146,0.6873047204543794,1.551290154648022,1.0981182915041885,0.41826037381706793,0.33172257740895145,0.9179246694314362,1.029499700413846,0.21120956262804216
pilot_v1_00468,468,data\raw\audio\pilot_v1\pilot_v1_00468.wav,0.7793634533882141,0.3973851203918457,0.4354378581047058,0.22117206454277039,0.4413498044013977,0.2636116147041321,0.6202722787857056,0.1580611914396286,-152.17460590074936,14.023005968148425,3.9250910764228966,0.4604222381113754,0.46003219270610696,-0.3616715124984306,-0.5216382873970358,-0.8797226887095861,-1.126511572258457,-1.2981608102740088,-1.1603578384026283,-0.7628847271627577,-0.3464985539833989,23.750038229918886,14.755932353753161,4.154098094446792,0.9166101446343131,0.6039927347651807,0.4884197838867987,0.5537519115338516,0.888280171788122,1.130971047123945,1.2978934511636573,1.157344483827966,0.7594716470888075,0.36566963467297703
pilot_v1_00469,469,data\raw\audio\pilot_v1\pilot_v1_00469.wav,0.26292192935943604,0.7873634696006775,0.09675928205251694,0.6764062643051147,0.21250204741954803,0.4474077522754669,0.2012334167957306,0.34401318430900574,-135.64744420495055,11.015428441546723,-2.8637413726523113,0.61587734217769,-1.2213089987932824,-0.8303518774247025,-1.2000915147549325,-0.9126599704873445,-1.263927085525866,-1.3511648615332381,-1.7834615541251175,-1.989826270411116,-2.3369923315266017,33.73068753825872,8.773306550433617,3.1442938736767694,0.7802321545038188,1.2867279241757617,0.7972315776263922,1.0698968012821142,0.7625262527325677,1.0306950247073696,1.0530363331650687,1.383522743262429,1.5131168105848751,1.7719429307936936
pilot_v1_00470,470,data\raw\audio\pilot_v1\pilot_v1_00470.wav,0.14445780217647552,0.44191116094589233,0.7397682666778564,0.15869928896427155,0.12902085483074188,0.38918209075927734,0.8175035119056702,0.44731026887893677,-146.01316178968105,19.83713427350083,12.775365238282626,2.434054059539241,-0.141969809326112,0.4525517279110071,0.9598714228021609,-0.2607283435796197,-1.3111256743312345,-1.5764714426075783,-1.8986278625917437,-3.2732558689147484,-5.0162289685228645,11.851719873586585,10.095658324279634,5.141718025465827,1.2415502259600915,1.0532249818735326,0.49341978177108275,0.5557857837763535,0.4940793713906478,0.7994765362262453,0.5875613653978421,0.7812400188260672,1.062352093626616,1.6854503361026545
pilot_v1_00471,471,data\raw\audio\pilot_v1\pilot_v1_00471.wav,0.6257578730583191,0.604019820690155,0.37842127680778503,0.4561656415462494,0.30139270424842834,0.19973570108413696,0.4109418988227844,0.23948267102241516,-139.83647690215386,11.929089318992437,-3.5204429604650245,0.05188885114902026,-0.5379804306410317,-0.19532748865286426,-1.0674811092205045,-0.9996358311381722,-0.8107963446710525,-0.5525804014955186,-0.7960801351601196,-1.3923095568230641,-2.154320525298586,33.59456686351761,11.193796429994073,3.8128595557874765,0.4418492418082135,0.7062670315398845,0.3040484270167333,1.0682852293039156,0.979087565818266,0.7869322747347574,0.5299536488018407,0.748046505485223,1.3043468357453516,2.0087082008313977
pilot_v1_00472,472,data\raw\audio\pilot_v1\pilot_v1_00472.wav,0.7429355978965759,0.33485642075538635,0.7519190311431885,0.7385476231575012,0.08293218910694122,0.16431079804897308,0.6787376403808594,0.17639927566051483,-152.09766864569073,14.707729550031608,4.655726345879209,0.12339517978612077,0.6193079476860366,-0.014286337526011985,-0.3880788153830864,-0.5855478465985714,-0.7003715855012278,-0.8301742715785925,-0.7217966840042186,-0.48927244896028016,-0.4143413829412652,22.236792123956626,14.345607172156287,4.5376871374337675,0.692820075330396,0.6233002142252417,0.18650097043171032,0.426406595707077,0.5929203672572149,0.697143033826887,0.8283975673039624,0.7148201214761689,0.49065426590261224,0.4150925262959967
pilot_v1_00473,473,data\raw\audio\pilot_v1\pilot_v1_00473.wav,0.23040029406547546,0.7806218266487122,0.3163650631904602,0.2388640195131302,0.26155680418014526,0.3262321949005127,0.29740673303604126,0.3405217230319977,-148.95554138974828,9.834221892316057,-2.153767290111212,1.4372312420647715,3.699460339975024,1.456916022044141,0.5918450377570373,-0.4532764698735471,-0.960321409626897,-1.3604135927638012,-1.986642647169861,-2.817852936483868,-3.342316758066064,21.709492294863818,8.25995853197137,3.1027522297270083,1.5860320608834688,3.0004345509429733,1.1691213627411852,0.5120994422726287,0.561477007659651,0.8029519076384972,1.0649560611287625,1.5342185611255987,2.1755628660908886,2.591063276688886
pilot_v1_00474,474,data\raw\audio\pilot_v1\pilot_v1_00474.wav,0.3644784390926361,0.5736639499664307,0.47329044342041016,0.37868866324424744,0.39682552218437195,0.488545686006546,0.8838794231414795,0.41119861602783203,-123.11604997958811,21.968369198216443,-2.115092333209202,-1.7815213885941505,-2.9246677459620507,-2.1785275641482253,-2.158484859228178,-1.4489579411262132,-1.206179831025403,-0.8450584556774222,-0.9102169317706489,-0.9445940940233483,-1.2085308595716069,31.829159602313947,12.340874436811472,3.045221363910015,1.6252668767518623,1.737216382686131,1.2233479105590235,1.1586951356112465,0.7846772347849602,0.6344507715216656,0.4674273923362675,0.4630532694541808,0.48155024357003406,0.6058589506075233
pilot_v1_00475,475,data\raw\audio\pilot_v1\pilot_v1_00475.wav,0.8496847748756409,0.6801115870475769,0.008818091824650764,0.1314392387866974,0.17422519624233246,0.32097387313842773,0.49002501368522644,0.268950492143631,-129.39202074863232,12.852314205471563,-3.684069920885083,-0.900337364841685,-2.5339340894092675,-1.4607469832807995,-1.6337510178151222,-0.42484201614111244,-0.369992764564784,-0.39615381524931315,-1.1612502038657257,-0.727316386540822,-0.014768598696554072,41.60596416887792,11.54650238031194,3.5630264557684885,0.8805117739530998,2.3224049028268863,1.3163439075562464,1.4796073349560288,0.39343760657280835,0.34954624345578966,0.3660735811962918,1.0441757260908555,0.6615947824073886,0.09138539349761202
pilot_v1_00476,476,data\raw\audio\pilot_v1\pilot_v1_00476.wav,0.8795210123062134,0.5004178881645203,0.20629675686359406,0.011527860537171364,0.23082801699638367,0.22517061233520508,0.901235818862915,0.3664996922016144,-130.81063546874603,21.03562167304321,0.03473019497868056,-0.8812967451595702,-3.028945258284551,-2.8637088577329517,-2.460794198848401,-0.9179213243383872,-0.13733798317081572,-0.48615078383045285,-1.5625096237233227,-1.2186325369672304,0.17870276774572513,32.29819029653855,14.883695736883434,2.2472828186452944,1.028434089157987,2.175061233408572,1.9808659563530022,1.6922456805029245,0.6198645445614442,0.1830597122231706,0.3461770577761237,1.078415668827319,0.846822107197518,0.20798380452401455
pilot_v1_00477,477,data\raw\audio\pilot_v1\pilot_v1_00477.wav,0.3979921042919159,0.6153286695480347,0.6738556027412415,0.5110512375831604,0.40280893445014954,0.40759989619255066,0.5202699303627014,0.22424963116645813,-136.18744755916572,14.277476573859607,-2.793931578989973,-1.117615660740645,-2.1577971029323386,-1.1260387161465393,-1.095367113516955,-0.4534735478384929,-0.5510181746348319,-0.5148949612571377,-0.8469969285840498,-0.8344200285982547,-0.8787354822723781,38.67251043665712,13.77169680284556,3.4078746839738296,1.3326978464317851,2.1578226574454713,1.1149354321216207,1.0681621056448034,0.47302802792979504,0.5354576149489891,0.4984029806695148,0.8152565607023287,0.799209982441685,0.8341771046772908
pilot_v1_00478,478,data\raw\audio\pilot_v1\pilot_v1_00478.wav,0.009143434464931488,0.4075603783130646,0.11851902306079865,0.37127235531806946,0.3427651822566986,0.4276457130908966,0.7109425663948059,0.13086333870887756,-158.4761382524259,11.684070985253033,8.164221438725422,2.1389317529553495,-0.10264091647373402,-0.26836890775904176,0.2452231792595646,-0.05206037626878552,-0.5463840143259735,-0.9615293009584246,-1.1915921176398407,-1.8006685689194544,-2.6774035787352046,16.41433669741427,11.98016853676519,8.17992813364404,2.1309095571025107,0.727376746275679,0.42691215277765665,0.37056650085454085,0.2543632729418235,0.5926387377351697,0.9618695331057155,1.1878731422861537,1.78852689008212,2.677324095284999
pilot_v1_00479,479,data\raw\audio\pilot_v1\pilot_v1_00479.wav,0.5258443355560303,0.8448721170425415,0.5509338974952698,0.6185904741287231,0.11430852115154266,0.23956619203090668,0.31750285625457764,0.29498907923698425,-130.99098083758207,2.1463417870763926,-5.421323239576195,1.664921880286538,0.7813145310719417,0.9369091943609581,-0.7101535953719704,-0.4574163555199086,-0.2409882760166342,0.4351822885027824,-0.5303429333839547,-1.8754025732220838,-3.4229509258398623,38.66824890659414,3.3465003604326227,4.856746741357756,1.4227109139560912,0.6764592009784299,0.8144405485095696,0.6645490823928489,0.4249764667208571,0.2279847660466406,0.4250153661619027,0.45522960940316404,1.6285190211012945,2.9939364896179197
pilot_v1_00480,480,data\raw\audio\pilot_v1\pilot_v1_00480.wav,0.5145067572593689,0.4785887598991394,0.606032133102417,0.46420589089393616,0.43275704979896545,0.3165193498134613,0.7752630710601807,0.3345644474029541,-144.75497188337283,13.029833916181728,-0.40176010704223636,1.1017045443108189,1.6803127384969185,0.7820136144730686,-0.27682543307060997,-0.7122437519594883,-0.28226786017263916,-0.1853985377145659,-0.8757988684220633,-2.323750850161793,-3.689818447983243,26.009817262927125,10.966902067829778,2.5595664649621295,1.4399796709499382,1.4343639246452329,0.6569328444769414,0.4892807806827393,0.6965620191739997,0.2712330325798944,0.31320995991364076,0.6986364933272263,1.8156829633469929,2.9173710013423184
pilot_v1_00481,481,data\raw\audio\pilot_v1\pilot_v1_00481.wav,0.02923882193863392,0.6363943815231323,0.26347291469573975,0.15213678777217865,0.21015633642673492,0.4827236831188202,0.3938989043235779,0.17056483030319214,-155.4695172042574,13.873191458141077,6.635381887396969,-0.7258479675537919,-1.18935251980597,0.4021968103993641,0.931302872756271,-0.1534415110241929,-0.6132752568242829,-0.4958566867019739,-0.77246840948663,-1.9036001488569045,-3.0350067739621545,19.004976758820384,13.704667173726135,6.480464958509559,1.2343216476664447,1.2315327074810016,0.5726233306090062,0.9630971261561188,0.33323307357622367,0.6369964256339129,0.5465104923164399,0.7733723427437094,1.8703038953156024,2.992446114562456
pilot_v1_00482,482,data\raw\audio\pilot_v1\pilot_v1_00482.wav,0.3780786991119385,0.42949727177619934,0.5187610387802124,0.6654965281486511,0.14386335015296936,0.3306640386581421,0.9873151183128357,0.2749079763889313,-140.3310451078074,18.73998697319106,1.3169744002871318,0.31925925654093307,-0.2940894565314473,-0.7414906294665015,-0.5891026459974728,-0.8646622394431012,-0.8019240843878269,-0.9744619435156551,-0.9682416481787642,-1.057288280817465,-1.110191798961929,31.155458247939546,16.874538010479856,1.827584128929574,0.5064968006087446,0.41883223271080494,0.7029410306995989,0.5466658703556184,0.7847552044896275,0.7210706584336625,0.8652720441152159,0.8575763517116597,0.9338957306684522,0.9789276150272481
pilot_v1_00483,483,data\raw\audio\pilot_v1\pilot_v1_00483.wav,0.8906746506690979,0.8237663507461548,0.16134582459926605,0.2306327074766159,0.32248827815055847,0.17011018097400665,0.5934740304946899,0.41703325510025024,-104.90952853376446,9.924167410725989,-5.853015865946625,-0.5750418703609939,-4.153194292658518,-2.7941191357101953,-2.346529762443392,-0.13356747412096226,0.04259448789894788,-0.37228309211217125,-1.8564811407135644,-0.9918501690738021,0.31304191346737537,40.21895724819779,4.718159600466581,3.2931125524185414,0.4744337022575015,2.126049373114441,1.338713438328249,1.1953748766986214,0.12415339138126819,0.27349886098998016,0.23620664621440257,0.9116718085664908,0.47105101978511227,0.18608549875953262
pilot_v1_00484,484,data\raw\audio\pilot_v1\pilot_v1_00484.wav,0.8620603084564209,0.36539044976234436,0.3607516884803772,0.2857701778411865,0.2787088453769684,0.24468198418617249,0.8039368391036987,0.22935248911380768,-148.91600426185533,16.129827493718256,3.6359471477590586,-0.09196203998308684,-0.08865669053725928,-1.136961103319356,-0.8279276276423303,-0.45354594907044893,-0.25286535852883757,-0.6579542525556493,-1.222361585287545,-0.9856950497117062,-0.1908291683298357,24.842253607126008,15.49641960690525,3.5446737116602094,0.6434428705807875,0.27492915516560534,1.110871613096172,0.7959418451968432,0.44346245997644484,0.25231662926265186,0.6302809830437139,1.1514339301115248,0.9270259502628557,0.2166815254197685
pilot_v1_00485,485,data\raw\audio\pilot_v1\pilot_v1_00485.wav,0.345298707485199,0.7509351968765259,0.721305251121521,0.5979079008102417,0.050251852720975876,0.4341283440589905,0.4229888319969177,0.37147971987724304,-121.1296223907879,12.196768709888946,-5.968210007519392,-0.8711559761239258,-1.726430583789052,-0.6407502858735669,-2.147925131613583,-1.3247847280116831,-1.002939951848155,-1.0232316666132626,-1.8367251162016451,-1.257565114477792,-1.1910637712902146,39.61232561930316,8.467568792586636,4.458862474085032,0.9498169397558213,1.3721145094487985,0.5910196920264635,1.535372685033479,0.9546612072823896,0.711142570499494,0.7058999788946477,1.250869615901045,0.8326231939801708,0.7837065343912899
pilot_v1_00486,486,data\raw\audio\pilot_v1\pilot_v1_00486.wav,0.24927574396133423,0.5432276725769043,0.06442908197641373,0.08459392935037613,0.19177134335041046,0.4024614691734314,0.6082988381385803,0.2898860275745392,-151.38898879395992,14.44614752803086,3.9039398743097387,-0.015611546176870753,1.7728662830806075,0.7198867542303133,-0.6277256371448249,-0.820634117104349,-0.46604998472713965,-0.45501424067629187,-0.9046180390594138,-2.060344561020488,-3.26330405541355,20.787950177071146,13.00117899078234,3.542568489384226,0.8166147353700118,1.640913620663508,0.6688018225523857,0.715807095023576,0.7844431902978225,0.4432031405848168,0.435577698009251,0.7940455841343736,1.7782770766726854,2.8473807663042527
pilot_v1_00487,487,data\raw\audio\pilot_v1\pilot_v1_00487.wav,0.7308663129806519,0.7097671031951904,0.40390104055404663,0.5192975401878357,0.3637526035308838,0.21866531670093536,0.21482431888580322,0.12588313221931458,-137.90741585868767,10.717326274927496,-3.909038242001519,-0.3422078452523102,-1.0577839924661554,-0.08120641295951504,-1.1152381158902722,-1.2235025203086685,-1.399494081879695,-0.7560727854175363,-0.46282776259600394,0.035776347629771506,0.07446785037832529,38.04020098595572,10.560250814178778,4.170679596050573,0.578653074107775,1.1079682838131921,0.2774841099340899,1.122237415426144,1.2138633532164933,1.3967461533068812,0.747626372762359,0.4628510000548423,0.11224161912499235,0.08980146784867607
pilot_v1_00488,488,data\raw\audio\pilot_v1\pilot_v1_00488.wav,0.6449376344680786,0.37521955370903015,0.027281295508146286,0.6295617818832397,0.24566982686519623,0.18852759897708893,0.8938966989517212,0.1916574388742447,-147.53653783247987,14.26421139627388,0.988589194156497,0.9853019724443068,1.304503894505138,-0.008826846172329456,-0.6031224774364888,-1.3171817785507165,-1.134548039668068,-0.8969436612136463,-0.8147472329927651,-1.1427521016528182,-1.7203129819213263,26.637958476542437,13.891532459038446,1.5756553491833678,0.9804537714574034,1.2630227321660519,0.20929281488720397,0.6380658169952855,1.3144065554361954,1.1134916852305718,0.8711691258529973,0.784750812423016,1.1012073628368866,1.6540505258924028
pilot_v1_00489,489,data\raw\audio\pilot_v1\pilot_v1_00489.wav,0.1320822685956955,0.8082279562950134,0.4909602701663971,0.3617815673351288,0.4239036738872528,0.356099396944046,0.4752652943134308,0.39945510029792786,-144.0140293608144,17.45940185731897,2.0958699533197933,-1.9026690194979008,0.22396003095376277,0.05352140338397198,0.16813531839061857,-0.21403311645965548,-0.07935542851855942,0.05123513153604107,-0.9132435961767715,-2.7277667424175758,-4.128338128361819,21.0683585044778,11.976197620195919,2.4833998914529527,1.6994962613785984,1.0530310940578451,0.5671435153032627,0.39437632378213566,0.48734044797604237,0.1932913412646613,0.4273188153758032,0.5464579237764664,1.6251654737062617,2.5140093225159514
pilot_v1_00490,490,data\raw\audio\pilot_v1\pilot_v1_00490.wav,0.2749911844730377,0.46404874324798584,0.3479020297527313,0.5030696988105774,0.3341732621192932,0.4586784839630127,0.6934731602668762,0.3070734441280365,-146.6850800705401,17.653927761715707,4.435807447113905,0.012194413238936164,0.05071452141676367,-0.9156812979119286,-0.8307956689106485,-0.9399115323771705,-1.0322632136750445,-1.2447614326217507,-1.4974014111152238,-1.696917571263187,-1.7586261971820107,24.791226611825884,15.714999761659634,3.935903004317329,0.8859470604112522,0.44037485507145446,0.8744643362648421,0.7627668267789551,0.8232074763888675,0.8738194776739112,1.0387562558547265,1.2445204790833542,1.405440807301002,1.4528148188042296
pilot_v1_00491,491,data\raw\audio\pilot_v1\pilot_v1_00491.wav,0.7604880332946777,0.5832499265670776,0.7842494249343872,0.018057385459542274,0.11196351051330566,0.2967571020126343,0.2873160243034363,0.12115011364221573,-146.057486433946,14.56348555600002,-1.091186893878429,-2.3643139915487836,-2.240700504611819,-2.3534752785387374,-1.5238579996893664,-1.1763302815197498,-0.7797007886013451,-0.7263131381269781,-0.7151294928509055,-0.5108604820528114,-0.22685436571789594,28.45141265835237,14.34508845263709,1.5144778084832609,2.4995243075580307,2.242485722802423,2.3457193464165886,1.5180856272399776,1.177153626556551,0.8127241241824937,0.7433342886566205,0.7166085376407818,0.5250886262095545,0.2582451685320771
pilot_v1_00492,492,data\raw\audio\pilot_v1\pilot_v1_00492.wav,0.9766224026679993,0.5372905731201172,0.5816895365715027,0.1204364076256752,0.09308956563472748,0.19461989402770996,0.7229862213134766,0.3488703966140747,-132.96929908672533,19.85698450132789,-0.9124724196216893,-1.8750577588313206,-3.6220016719339942,-3.405552172427291,-2.8103954598688996,-1.2151686949934832,0.04132702898969496,-0.049190647897827094,-1.0685595240816201,-1.0631791935733963,0.1696048329528006,32.311895861804715,15.092807548662643,2.1886217702782065,1.6594862357113882,2.721181064247664,2.501749670663286,2.0576763261000246,0.885069877190302,0.1674863345943404,0.18677489694929694,0.8195727295753781,0.857444409738546,0.2342312696657644
pilot_v1_00493,493,data\raw\audio\pilot_v1\pilot_v1_00493.wav,0.49526074528694153,0.6480370163917542,0.14850573241710663,0.3882395029067993,0.2654609680175781,0.3826994299888611,0.3039394021034241,0.16294510662555695,-138.45180094627568,9.726257085686049,-4.269343450331188,0.4252476561060593,-0.2267664503726038,0.17698038820164053,-1.085923533181192,-0.806949104219764,-0.6654792496151686,-0.16715925617630228,-0.7288923253068564,-1.5269331967859803,-2.518805885963066,36.46546838902179,9.509225393604279,4.483061979533687,0.4647214146809104,0.3982220518248135,0.220133533245663,1.111063903925042,0.80943634734922,0.6706593923733588,0.16981316998207607,0.71620985515977,1.4927424945826226,2.4669828571878396
pilot_v1_00494,494,data\raw\audio\pilot_v1\pilot_v1_00494.wav,0.0995577722787857,0.30251139402389526,0.693100094795227,0.2469971477985382,0.380418062210083,0.4525461792945862,0.9148238301277161,0.23462526500225067,-161.88083469019952,7.993502693464907,7.345660016096348,3.0802572301982334,0.8770994554160776,-0.09646297424378529,0.07894788143038522,0.011969994991301773,-0.3734143691174656,-1.1505798884273986,-1.7509488062850431,-2.211788059789252,-2.678114575584356,12.507649478385257,8.315368728456551,7.249696536203031,2.9148250158378124,1.0093038278241553,0.523517296340472,0.25429940619899166,0.22970454094323908,0.4267231468241709,1.1150715910835454,1.6827312303346393,2.1083421563648845,2.546360054344664
pilot_v1_00495,495,data\raw\audio\pilot_v1\pilot_v1_00495.wav,0.6160599589347839,0.7439818978309631,0.22631028294563293,0.7318950891494751,0.15157072246074677,0.270116925239563,0.5082992911338806,0.4424262046813965,-112.50243078716329,9.550332357232207,-8.373028102408279,1.5501057295850562,0.94935833099555,1.4594922612882917,-0.9467359462103964,-0.5972632511483029,-0.37996025632705055,0.38038455558731243,-0.915436162694164,-2.7322538501649736,-4.925585111865564,29.747513157080157,3.6741870992261063,3.9872163745332454,0.8066499236127975,0.49904204403663244,0.5854713510983116,0.5885820105821435,0.3492875927895417,0.21379607607644704,0.2983963330217554,0.3697349432799546,1.0472543741007985,1.9461957666866478
pilot_v1_00496,496,data\raw\audio\pilot_v1\pilot_v1_00496.wav,0.5692020654678345,0.3201278746128082,0.4565047323703766,0.06449174880981445,0.3074474632740021,0.36981043219566345,0.36917898058891296,0.24924133718013763,-159.4294264263539,8.297944056716537,3.96998165479045,0.9381625236306356,1.493560531652173,1.0393865336003008,0.1565826286826863,-0.46794902513062075,-0.5571527948557894,-0.8061824064145272,-1.2536610650778819,-2.1028984826668853,-2.9723093709974795,14.794148979335146,8.190996240502688,3.7676958819416995,1.026395031178554,1.4999668705944103,0.9821293153565118,0.37090748946830465,0.5551833175012338,0.556400267794104,0.7834610906871158,1.1775562405955171,1.9609331515859734,2.7795724980802694
pilot_v1_00497,497,data\raw\audio\pilot_v1\pilot_v1_00497.wav,0.0839499831199646,0.7271542549133301,0.024088026955723763,0.5496407747268677,0.13546662032604218,0.2078896164894104,0.750715434551239,0.43515893816947937,-129.72360658711582,25.203513558424184,-2.7295737116651018,-4.587593821575131,3.574642208838478,1.055032686521749,-1.0865181860237338,-0.5093169519611331,-0.1376038216073256,-0.0063979958880574506,-0.6870919179551757,-2.9556835734862545,-4.993226211015357,21.644184000994027,12.32353898355792,3.401848397771932,2.3131094502227545,2.4017869830059957,0.8364323365551213,0.9623704984425505,0.44258814309967287,0.32393195909848654,0.26805780092197273,0.3366566367629266,1.2000325891570478,2.077256434426209
pilot_v1_00498,498,data\raw\audio\pilot_v1\pilot_v1_00498.wav,0.4483686089515686,0.5192061066627502,0.7686782479286194,0.31446412205696106,0.21894702315330505,0.2773945927619934,0.5680474638938904,0.35339510440826416,-136.87514979989285,19.593520045348026,0.1532728661134363,-1.149806766728325,-1.478672579854077,-1.5962954681477273,-1.3361929346967996,-1.4252759784138591,-1.1300611473824111,-1.0136308374105731,-0.7434344228491752,-0.6893332591534979,-0.8266020426063286,29.246694329634998,14.921110058799773,2.1543161436499947,1.1984964358185528,1.2126398549885935,1.2297683481220893,1.008741068502484,1.0629464276381808,0.8393158282450486,0.7485100205807423,0.5560022077130439,0.5142210873747995,0.6024989514729744
pilot_v1_00499,499,data\raw\audio\pilot_v1\pilot_v1_00499.wav,0.9609801769256592,0.6642584800720215,0.3011174201965332,0.5823817849159241,0.44740381836891174,0.444965660572052,0.9621069431304932,0.14560317993164062,-135.08553666619284,11.901971087774372,-3.400961182643524,-1.4446108792095869,-2.363954161983583,-1.1420006806888086,-1.0620495714339484,-0.11114243681502428,0.1372984833273451,0.20503324791842634,-0.7167031868663211,-0.5739077046532476,0.1947211396712085,41.86022167390632,11.83602010318256,3.8165426915461533,1.5771314621186732,2.4119455149945987,1.1698035200609955,1.0736996743778253,0.17134663606432704,0.19555187125347462,0.2216629991265335,0.7234093289181462,0.5935799826970579,0.2041387903820648
pilot_v1_00500,500,data\raw\audio\pilot_v1\pilot_v1_00500.wav,0.8073496222496033,0.446480393409729,0.10168754309415817,0.6854928731918335,0.3537929952144623,0.36367806792259216,0.44829297065734863,0.3080118000507355,-145.2714503922651,16.665307510405196,2.6236995832191417,0.4867963587685067,0.5173983562664134,-0.3797447917849574,-0.6502766295938609,-1.3123699116868714,-1.4939522914794099,-1.3244735270885135,-0.7101706167353249,0.12618650389677077,0.6502555687934063,26.394446400745117,14.663776843265822,2.77743025322924,0.8806823750187581,0.5433801467362975,0.42327989610163763,0.5682613563634232,1.1084038620041825,1.2494339459302473,1.0987010578426812,0.5916795744352918,0.17822450867486433,0.5759276405986872
pilot_v1_00501,501,data\raw\audio\pilot_v1\pilot_v1_00501.wav,0.2906029224395752,0.5999958515167236,0.5661580562591553,0.20036670565605164,0.1751684844493866,0.18124952912330627,0.8294627666473389,0.10021647065877914,-139.6698730132024,15.48627527596366,-2.4718488588914895,-1.3841801718530657,-1.5402734451574607,-0.29009113199386244,-0.011205761941160693,-0.1994681016198372,-1.0347298898455894,-2.074403830885861,-2.7436529614481224,-2.6743335876055507,-1.9138770108854715,34.57581741409912,15.20040610332219,2.955076156480878,1.4366258202433375,1.585093747743679,0.32570603930436964,0.20596192005449016,0.2995713074691423,1.0198725265427768,2.0514089908863635,2.7368552381784013,2.658413923664315,1.8950710300179476
pilot_v1_00502,502,data\raw\audio\pilot_v1\pilot_v1_00502.wav,0.17897069454193115,0.39338576793670654,0.22310784459114075,0.43558913469314575,0.06646138429641724,0.28348681330680847,0.23927606642246246,0.20439079403877258,-161.87832314071687,7.581933036150142,6.103972311797259,1.66629487411133,0.1485491816075941,-0.0930021159932865,0.34887345851997226,0.2672688357874471,-0.28262188896937335,-0.9472659241326842,-1.4049868134728658,-2.02234338859449,-2.5629841838833185,13.090599762763357,7.646407655164057,5.917414047875343,1.651203474468306,0.39589338168857946,0.3638300645172859,0.3937542031686847,0.3911772507989739,0.37688640749228086,0.9600803593386529,1.387862563537889,1.9697651898238824,2.4893378839234384
pilot_v1_00503,503,data\raw\audio\pilot_v1\pilot_v1_00503.wav,0.6605759263038635,0.7919584512710571,0.658659815788269,0.16755706071853638,0.2890618145465851,0.47156572341918945,0.6329193711280823,0.39031046628952026,-109.89995344167495,8.431458206503061,-7.98076245952996,1.412261633971231,-0.743007918639339,-1.612953538098733,-2.1974699962092594,-1.2506199602554642,-2.999527677425314,-2.1184764248134966,-1.0879310741176438,-0.6990997547167331,-1.0096226859109874,43.57250674133705,5.107874589549726,5.252757058746106,1.151875639971394,0.8730438458249432,1.0541810846986381,1.4473724733794753,0.829831761160762,1.8806539252193708,1.2970588943827694,0.6992014439403226,0.42256229779003834,0.6128492337785099
pilot_v1_00504,504,data\raw\audio\pilot_v1\pilot_v1_00504.wav,0.7152584195137024,0.5605254173278809,0.28515756130218506,0.27706438302993774,0.12036328762769699,0.4195316731929779,0.4507162868976593,0.2827950119972229,-135.85423016337614,17.1489702375821,-1.5115089992084956,-0.6391432422427221,-1.7714279239155057,-1.1761203369335878,-1.273755058157445,-1.07729811454433,-1.0808721554187124,-0.9357981387885673,-0.6932208267179725,-0.30828685903965586,-0.10233336962298817,35.218629772928736,15.224035633639058,2.118491000000952,0.9344459737796138,1.6557301789174093,1.0927293084321537,1.1520344190372267,0.9610171985646602,0.9597274151986342,0.8273787328674943,0.6163052971128119,0.28150837329095957,0.10431171225191521
pilot_v1_00505,505,data\raw\audio\pilot_v1\pilot_v1_00505.wav,0.20241795480251312,0.6927547454833984,0.6465034484863281,0.7120659947395325,0.3492109477519989,0.25897839665412903,0.8691781163215637,0.14066475629806519,-147.14775783570605,15.197614591099661,-1.5004876987510392,-2.2537558630426173,2.3262019005477237,1.478597336138372,-0.4667350951087979,-1.200619375078639,0.08391774145542572,0.25139054844144465,-1.0629989061590832,-1.9899268489633268,-2.5784063243805515,27.955943782648657,15.392973431541135,2.4342621590022433,2.3645412582525576,2.424398238748064,1.493714827739387,0.5972794276847254,1.237313173103259,0.20003706040690641,0.38340082672251025,1.0555059243229774,1.9772544334446636,2.575542551132124
pilot_v1_00506,506,data\raw\audio\pilot_v1\pilot_v1_00506.wav,0.32965657114982605,0.34749072790145874,0.1896345019340515,0.10482023656368256,0.40925395488739014,0.22765327990055084,0.2621091604232788,0.21183432638645172,-158.0526602942885,10.416604011954277,4.93977626949067,0.4965681740457388,-0.10228779166179038,-0.5381866934596056,-0.6682195603891397,-0.9859598551559957,-1.2581652661138225,-1.3863819401724828,-1.449316015227664,-1.481641137962178,-1.3791441440224443,17.325931790451598,11.08798344299497,4.9014707557595925,1.1450051588562362,0.6231579769892288,0.6641642990332708,0.7331693476652157,0.9991978758023327,1.2546446537239722,1.3684102207398003,1.420786067404513,1.4452384074488527,1.3346031150827458
pilot_v1_00507,507,data\raw\audio\pilot_v1\pilot_v1_00507.wav,0.8151680827140808,0.7674753665924072,0.5283119082450867,0.41702643036842346,0.2368820309638977,0.39385682344436646,0.6680452823638916,0.37583890557289124,-111.7080715047688,11.52625011301309,-6.694040792590685,-0.11891748564942438,-1.8685944029611694,-1.667768602911107,-1.9638184206263813,-0.49545289146971633,-1.4149595320368096,-1.480517935986628,-0.9427353536174673,0.017984058383344395,-0.3744389692249056,44.60283571632992,7.494099534095401,4.770098571369452,0.5080629336768667,1.3877608681964029,1.1438833363425465,1.3214093775949378,0.3953333136017895,0.9246482432080083,0.9516567163067505,0.6143505371910546,0.1325162945615662,0.3006669593952471
pilot_v1_00508,508,data\raw\audio\pilot_v1\pilot_v1_00508.wav,0.9062862396240234,0.41214725375175476,0.7308469414710999,0.47289663553237915,0.16817061603069305,0.49132904410362244,0.32946327328681946,0.25413987040519714,-150.82776296926207,15.703669802407546,5.37729690780753,0.6449981426051599,0.37761982163534624,-0.794958210114876,-0.9995772729832068,-0.6685548995632736,-0.36124913625127386,-0.8535961714562496,-1.5698070808754088,-1.363974608246985,-0.3226870048141834,22.640509109772232,14.855134389035468,5.051333340909892,0.8903205121070983,0.4802216702053717,0.8073550887940375,0.9548867298976446,0.6316616042140147,0.3815522869409401,0.7984267277794048,1.459231036768616,1.2612834606130197,0.34492169503368314
pilot_v1_00509,509,data\raw\audio\pilot_v1\pilot_v1_00509.wav,0.42494043707847595,0.8408645987510681,0.38905563950538635,0.03796367347240448,0.39038071036338806,0.3075336217880249,0.7482924461364746,0.41814783215522766,-105.51100783717797,7.09860826688652,-7.041684253861834,0.39916726409901315,-3.7557114527173137,-1.890075004871232,-2.11195787377979,-1.9375411158123423,-2.1550704136175534,-1.6269434137466778,-2.023398140708573,-1.7297000665082438,-2.1265291594204454,40.185621181300405,3.3163673820305353,3.80953164618728,0.45651055702406107,2.11007686981494,1.0265791635146222,1.1883864552701944,1.0220341566157058,1.1522860734272857,0.8325089171244714,1.037279194470541,0.8535268153436092,1.0474613641225612
pilot_v1_00510,510,data\raw\audio\pilot_v1\pilot_v1_00510.wav,0.044877246022224426,0.4964026212692261,0.4443387985229492,0.6452552080154419,0.2551112174987793,0.15581582486629486,0.5329219698905945,0.3252542316913605,-152.0919050642417,14.793806195652238,5.440398813828729,-1.115605932036393,0.30658039300184764,1.3262250168905392,0.1082526260488672,-0.9893108637571262,-0.36519063071511765,-0.06252550014235307,-0.91891650258269,-2.311525318945745,-3.5055193550092514,18.734862717354375,12.552634796003312,4.363804004616677,1.5720981625237849,0.4084817002130118,1.2202068945082307,0.3423609437171795,1.027275416707697,0.39021557693231923,0.41965850348699724,0.7459235015416154,1.8626115440115465,2.834082466141356
pilot_v1_00511,511,data\raw\audio\pilot_v1\pilot_v1_00511.wav,0.5613950490951538,0.619906485080719,0.08615338802337646,0.3328888416290283,0.07687684893608093,0.3452616035938263,0.939273476600647,0.1831219345331192,-129.69957713294343,9.705836977482669,-4.433831676078149,1.0448770537548213,0.46529568937410737,0.905129482554818,-0.7032129081754246,-0.3777040425776238,-0.21429662229222116,0.3573363970654096,-0.5097647104915236,-1.685529103345795,-3.1510507719875265,43.81754573615838,9.478130523781765,4.504885835169963,1.040187083726021,0.4669887203456948,0.8804382553194607,0.7111833126712277,0.39284933076694833,0.22533353030366904,0.3641556138438755,0.5001978988879354,1.6515223246566428,3.0862256389037417
pilot_v1_00512,512,data\raw\audio\pilot_v1\pilot_v1_00512.wav,0.5615954399108887,0.41290903091430664,0.47778040170669556,0.2637081742286682,0.10134056955575943,0.44497933983802795,0.8640546798706055,0.3426777720451355,-142.84559255919905,15.630623389881823,0.9807117380269901,1.7976513268938228,2.2548003908888465,0.6587589666308712,-0.34058802720090364,-0.9726168502265609,-0.4400174338687646,-0.3286112293786213,-0.9972731772987659,-2.5017617956022677,-3.884878339745946,25.33064781517063,12.424620610929674,2.0009085320391535,1.5107227637098437,1.7616716503164445,0.5256990226422428,0.39328714589004743,0.8137617406544744,0.3555758604552627,0.346953885575418,0.755786182631659,1.8959167932292658,2.956815748021292
pilot_v1_00513,513,data\raw\audio\pilot_v1\pilot_v1_00513.wav,0.043186016380786896,0.8392719626426697,0.04143455624580383,0.7254200577735901,0.32918262481689453,0.2775784432888031,0.4575059711933136,0.15681052207946777,-146.75181204952338,14.598819415271757,-3.122071045082176,-2.2016320850359947,2.5311689395285035,0.2956678538172085,-0.5667832884001541,-0.3623661197329542,-0.17702149930989344,0.14960916241699296,-0.419406695925358,-1.7436946839889804,-3.0147737387582962,27.995008856736575,14.51142585288152,3.6797617806553258,2.2773889404987226,2.583947559077712,0.46204773547953426,0.6378129988243897,0.40422653122171676,0.20642467011904472,0.2678864469228478,0.42307336550489594,1.720145347103174,2.974945122151023
pilot_v1_00514,514,data\raw\audio\pilot_v1\pilot_v1_00514.wav,0.4247404932975769,0.49728918075561523,0.797033965587616,0.11524485051631927,0.4128897488117218,0.20764097571372986,0.6737553477287292,0.2394515722990036,-145.52843887387758,16.34142157858994,1.507653327796796,-0.8599587313657995,-1.2407925437467842,-1.6639115082395841,-1.4273950565085054,-1.5147172715357744,-1.295715132915695,-1.1471500959752334,-0.7906474362332079,-0.5364153337111005,-0.39422448063782145,29.027809337143466,16.018543847659384,2.3997215518173185,1.2216044160593096,1.2845714339972825,1.6148156178913426,1.3666854551658891,1.4425988648261079,1.229527653882031,1.081768431433745,0.7424278164950885,0.512353776505209,0.39258713843389736
pilot_v1_00515,515,data\raw\audio\pilot_v1\pilot_v1_00515.wav,0.907978892326355,0.6187093257904053,0.3333565294742584,0.40659961104393005,0.24107173085212708,0.3697332739830017,0.25473278760910034,0.4471931457519531,-128.29793111516815,20.522345781227184,-2.8740809172892945,-3.338772278167705,-4.0712644153239665,-3.336175287646954,-2.1223876980605967,-0.3032364426590347,0.8775437852329327,0.31725802355589994,-1.448610950632666,-1.5219285348751368,0.21374171528271046,24.53107617851991,8.610783640370373,3.359780859075288,1.7665478618200496,1.659444309561944,1.188883090401098,0.7738293508941947,0.3616118124000011,0.4069348948945317,0.25132754524821005,0.7483079455326306,0.6330979435090053,0.3460070959610405
pilot_v1_00516,516,data\raw\audio\pilot_v1\pilot_v1_00516.wav,0.8158867955207825,0.562089204788208,0.13277766108512878,0.4862735867500305,0.16007621586322784,0.4717022180557251,0.7411171197891235,0.1937258541584015,-133.44930025392904,15.739246455972403,-1.586924036684651,0.34775641342639635,-1.237285698734355,-0.4892948842821681,-1.2269436602770536,-1.0767753049896742,-1.3448573393623324,-0.918669986412054,-0.6274706688046627,0.09414804531704266,0.4623310822718383,40.1210369881597,15.165590937230148,1.9295907157269392,0.4348199283102778,1.2666358903951394,0.4761852638890541,1.1914085808650239,1.034463984336992,1.2945995292154184,0.8821591407397974,0.6035850850220037,0.11610728236472681,0.44654080900587323
pilot_v1_00517,517,data\raw\audio\pilot_v1\pilot_v1_00517.wav,0.3284827470779419,0.6919714212417603,0.5995690226554871,0.024584591388702393,0.38127461075782776,0.283793568611145,0.33498454093933105,0.40146538615226746,-130.90886073860167,15.13852372659207,-6.718163084390525,-3.385835472906573,-1.6569375437352754,-0.36718170160974795,-1.4072790303947484,-2.2231383321653575,-2.1183684930126647,-1.612587561598444,-1.6702196408069594,-2.02029497494217,-2.1237613304873246,30.44639539849388,9.387176560455979,5.18113112445128,2.347739487757951,1.315611821502881,0.6325107242009832,1.0382020340397007,1.4548702812884187,1.3428402637616983,1.0038653442327208,1.0146912984231513,1.1975121575382297,1.2323253626823278
pilot_v1_00518,518,data\raw\audio\pilot_v1\pilot_v1_00518.wav,0.20169878005981445,0.3486422300338745,0.24243038892745972,0.6348055601119995,0.2727941870689392,0.1809634119272232,0.9462527632713318,0.29816827178001404,-156.28778653213732,12.683027629758701,8.013567889855114,1.4084013625785143,-0.04177112479355564,0.5508994355239718,0.6178232589490666,-0.43418491946816595,-0.883320776238087,-0.9065443067085044,-1.116167237839828,-2.104532810335911,-3.2867052449822958,16.106805247411593,11.423601269531462,6.93408321242561,1.3602920903242182,0.6481392884002344,0.554517057167642,0.5865330036878824,0.5112713590006753,0.8307693959433301,0.8048071880132053,0.9905183565860132,1.7974946255433328,2.8107655086016985
pilot_v1_00519,519,data\raw\audio\pilot_v1\pilot_v1_00519.wav,0.7164308428764343,0.7665504217147827,0.6756157279014587,0.3433363139629364,0.0951198861002922,0.363563597202301,0.5275967121124268,0.11230438202619553,-126.68229900603582,8.154810702930217,-5.585991994339425,0.48307975711757656,-0.4783213246585325,-0.7631131714670101,-2.0392191130996364,-0.780803028396941,-1.4447868041340937,-1.5348313646591396,-0.9162231517228171,0.16700541492295723,-0.048964160420820475,47.34543708665784,8.275975747029204,5.582375233280129,0.7216152618210543,0.666713507790233,0.8054057916793077,2.0333633322039706,0.8182416988862027,1.4443655847786405,1.5371725368787235,0.9140089082203315,0.23904031526013697,0.16113250450050737
pilot_v1_00520,520,data\raw\audio\pilot_v1\pilot_v1_00520.wav,0.6617535948753357,0.44730889797210693,0.25535890460014343,0.05440758541226387,0.3142074644565582,0.3935501277446747,0.7575052976608276,0.22182400524616241,-144.07191306573858,16.393152067622218,1.198398012700015,0.5521009674980694,0.13667811884029296,-0.5635392716550082,-0.8692561527764683,-1.4772360768646993,-1.5049570813165745,-1.4423435901362731,-1.0135255336706575,-0.723237231390227,-0.714251536059048,29.967986157642706,15.858126826596974,2.0059976712123793,0.7514952700908429,0.339820920169698,0.5830519408865467,0.8362992781910065,1.4035155158214765,1.4309506029437933,1.364337151272785,0.9552406210683521,0.6866051484646619,0.679132328078103
pilot_v1_00521,521,data\raw\audio\pilot_v1\pilot_v1_00521.wav,0.17825578153133392,0.5988735556602478,0.6127756834030151,0.5597213506698608,0.1427805870771408,0.22751672565937042,0.3640553951263428,0.36398935317993164,-150.1008411116644,14.954495286259322,3.389191018652876,-2.802589305391987,0.30926500570199084,1.4508196275009835,-0.14171202935052918,-0.8282000206513013,0.009844831869510191,0.04852686596315008,-0.9287193021924954,-2.347503355625141,-3.6428894760049,18.238351570661095,11.391865761993428,2.4665508305516184,2.5731315325572806,0.6802309665831775,1.2227762141234924,0.5167713758784226,0.8248565096242927,0.25636013755482057,0.34737504446771533,0.6652023781528877,1.6727008964755228,2.6446321570694002
pilot_v1_00522,522,data\raw\audio\pilot_v1\pilot_v1_00522.wav,0.28942665457725525,0.39407268166542053,0.1698456108570099,0.3274741768836975,0.20305009186267853,0.25909292697906494,0.9547303915023804,0.2933124601840973,-146.99285179187746,17.321942520805415,3.9781748423923724,-0.1635886587866659,0.14244037109200178,-0.9884161981343438,-1.04195318053442,-1.292065780121832,-1.5835227048446743,-1.8612906816518975,-2.078060769523377,-2.1995326552807066,-2.0851847767640637,24.507347354697572,15.358979672743002,3.5846594896002566,0.8353608762379547,0.35142499079744527,0.9445730952687758,0.9480314752688792,1.1374445254403847,1.374895024849918,1.604135214076309,1.7841400257231796,1.8820047051175395,1.783402736257168
pilot_v1_00523,523,data\raw\audio\pilot_v1\pilot_v1_00523.wav,0.8080649971961975,0.7904238700866699,0.5124063491821289,0.5693681836128235,0.43050122261047363,0.4198176860809326,0.5737577676773071,0.12927278876304626,-128.38608657470394,7.47419863403793,-4.066224392366951,0.3573007679623888,-1.2635667687020644,-0.9492929926357977,-1.2045245732061152,-0.5174413714656033,-1.2703250477854955,-1.028812839650584,-0.532335353513291,0.06980258153253845,-0.05562473910493556,48.18889137135596,7.368138589387279,4.223524624955466,0.6686569355253991,1.3364705276261912,0.9763714075974548,1.2162512405384887,0.5477039841482633,1.2648613072124326,1.0193087151482623,0.5310869957067985,0.07988062093836729,0.0703059848309905
pilot_v1_00524,524,data\raw\audio\pilot_v1\pilot_v1_00524.wav,0.9626752138137817,0.3212202489376068,0.7098861932754517,0.6955505609512329,0.37460023164749146,0.3450776934623718,0.8349835276603699,0.3352769613265991,-150.55139769656833,15.333466191187991,5.363322087956594,0.0712050450835035,-0.13389555421949828,-0.8927641465599071,-0.7551628468645557,-0.22061902129950708,0.05465264760340814,-0.3770808921077277,-0.9425024828616897,-0.8431283235695922,-0.14152543586466534,20.374834362338632,13.206649554045992,4.394901653835263,1.1282707841943531,0.5265669740594456,0.7929534515978949,0.6525707110343795,0.2757997095303631,0.2131837000868902,0.3742078052468642,0.8178438451249039,0.686853711490959,0.3229101802329227
pilot_v1_00525,525,data\raw\audio\pilot_v1\pilot_v1_00525.wav,0.44817206263542175,0.7263052463531494,0.37041574716567993,0.19030547142028809,0.19653576612472534,0.15580220520496368,0.44111815094947815,0.17123934626579285,-132.39047270533075,9.563667312450047,-5.414511938489315,-0.6415936045726712,-1.3615248361891423,-0.44082501709829186,-1.5399058815140636,-1.091148045301041,-1.1936812305737887,-0.8485669189192896,-1.1485008818553284,-1.0467340276044494,-1.3699559744362046,41.514845564879785,9.410652145172923,5.430238237567017,0.6955455227624258,1.3896324780534013,0.49308409751661536,1.5377935448630615,1.0800421063052115,1.1800774254719488,0.831343527739539,1.1255948531457625,1.021145290938705,1.3344719429402048
pilot_v1_00526,526,data\raw\audio\pilot_v1\pilot_v1_00526.wav,0.08225353062152863,0.5206940174102783,0.4149307608604431,0.4225984215736389,0.061492759734392166,0.3076106905937195,0.6275947690010071,0.264625608921051,-151.8398906594778,15.622259600354516,5.141990224135858,-1.7297167670217255,-0.04765382531336454,1.2840933749096226,0.0724527677629036,-1.0259680742401083,-0.21701971004726742,0.18197317722851353,-0.7354179545762062,-2.1708942615770357,-3.2593842227005654,21.063085740298046,14.387656421335896,4.646679701760395,1.9806503109661062,0.261641828447293,1.2304073489491416,0.23493660426616544,1.0788138123192528,0.28538995590164085,0.36843602736582026,0.678489421343718,1.984248087073982,2.976995707639461
pilot_v1_00527,527,data\raw\audio\pilot_v1\pilot_v1_00527.wav,0.5693981647491455,0.6635342836380005,0.05437871813774109,0.1805441826581955,0.2830815017223358,0.49157774448394775,0.24625474214553833,0.40678757429122925,-124.0401955640368,11.547647404162051,-6.425352935661863,0.8643121565572339,1.0025944218316725,1.2517034911143565,-0.780582189429629,-0.6326842457565359,-0.3169485800768734,0.35630961591394944,-0.7263546563870532,-2.3981481975358996,-4.3628018840325415,34.027885437809836,6.230854575590866,4.751596878651988,1.1852728150035925,0.5965990998563993,0.7858598602493589,0.646426727962825,0.3805121684825294,0.24998547230497925,0.46211088240407594,0.3891634665052116,1.3629234696277817,2.547116161850464
pilot_v1_00528,528,data\raw\audio\pilot_v1\pilot_v1_00528.wav,0.6162903904914856,0.5380440354347229,0.6346830725669861,0.6165458559989929,0.22642503678798676,0.17022526264190674,0.4821527898311615,0.2630036771297455,-144.18559488722792,11.815886660584052,-2.527705871659032,0.8977758954691867,1.0816394701341239,0.5400137381453629,-0.439103094759289,-0.6698710209535652,-0.09397352196904393,0.11462476481530207,-0.5137422763401813,-1.943792610209813,-3.289153645017249,28.337737184144753,10.826810807350293,2.973217904544188,0.9326546094929526,1.0216232564101406,0.5098519345119075,0.459542154194312,0.6366328062470039,0.13397483632393647,0.22599934248839057,0.4721287070387716,1.7715534951366747,3.0070020672793967
pilot_v1_00529,529,data\raw\audio\pilot_v1\pilot_v1_00529.wav,0.09789562225341797,0.6464360356330872,0.29600414633750916,0.37478965520858765,0.4040989279747009,0.33094945549964905,0.8884801268577576,0.4270375967025757,-137.74558053339447,22.94152136952094,2.3314180649823157,-4.657537950939308,1.2720871523294248,1.7446449502416201,-0.8216089623766271,-0.794867879530584,0.2762201262756432,-0.0698646555751968,-1.0295041657766666,-2.744433590821896,-4.741055953225081,19.88374620176707,12.865143153012795,2.1419045984246172,3.125450442901377,1.7544011255327592,1.12720220775946,1.207311879120641,0.6742518123763288,0.5000661011427409,0.37910004054941265,0.4716810479574551,1.2375566558109385,2.1981881868730424
pilot_v1_00530,530,data\raw\audio\pilot_v1\pilot_v1_00530.wav,0.4950298070907593,0.30340641736984253,0.5405271649360657,0.5131479501724243,0.3375794291496277,0.48241618275642395,0.28023239970207214,0.3232272267341614,-156.32742641234245,10.43992367194844,4.648501428344797,1.1171605296896403,1.575922208203348,0.7131063530091755,-0.16306246882928463,-0.6672391239724524,-0.6434199123711802,-0.7287164008977282,-1.0979920973226682,-1.9036848587770265,-2.657887329706547,16.145290849366592,9.64449150442721,3.972186089100065,1.1313123152067122,1.347543428012728,0.6175935077392499,0.5052308454140138,0.7158473347825108,0.5779615326931312,0.6356810004544435,0.9053532942686908,1.5528030234842043,2.172225331853254
pilot_v1_00531,531,data\raw\audio\pilot_v1\pilot_v1_00531.wav,0.9782831072807312,0.7427931427955627,0.17917975783348083,0.0079712625592947,0.11638127267360687,0.3163835108280182,0.6990858316421509,0.1810675859451294,-124.63159788573431,9.445291190741584,-4.862885075124859,-1.0897625619006621,-2.6618615970201502,-1.752154978294012,-1.8746897486293455,-0.31374434969228493,-0.20380387538875622,-0.3565914992145343,-1.3469014345804788,-0.8792661755612893,-0.008280173608529335,48.81745107154734,9.276895199233751,4.807580243337729,1.1056760285810987,2.598742729590354,1.7010748551529127,1.8191251287669072,0.31295038809041886,0.22086095355747773,0.3489315201511429,1.3022962443580617,0.8499677677679895,0.060222263584800886
pilot_v1_00532,532,data\raw\audio\pilot_v1\pilot_v1_00532.wav,0.7611767053604126,0.37677496671676636,0.3797834515571594,0.13342158496379852,0.08476702868938446,0.21874311566352844,0.3097531199455261,0.27801278233528137,-155.04583217447615,12.79801749367389,5.871074137364274,0.3259940891159903,0.20552394268094554,-0.12997567550350175,-0.664956748108665,-1.2102740678901571,-1.3067563972304392,-1.4576191985276667,-1.168758192642261,-0.6582181826950075,-0.27195199071301973,18.09078473475231,11.720396656249202,5.289935706351191,0.8611080859644137,0.34969717157076535,0.24812539508079878,0.6353071375176043,1.1178618099449253,1.189149780072147,1.3235865359228385,1.057597865971596,0.6001941435257336,0.28931018920551743
pilot_v1_00533,533,data\raw\audio\pilot_v1\pilot_v1_00533.wav,0.2737882733345032,0.8074362277984619,0.737967312335968,0.37524649500846863,0.2565845847129822,0.40270939469337463,0.7157137989997864,0.13585646450519562,-131.03633255085407,6.9042189274164,-5.039897421121687,2.958921267508414,-1.0591234311525664,-1.8390549115926722,-0.256429432764905,-0.09203308917392071,-2.158362765908078,-1.1562346309697678,-1.8196595403889861,-2.59427041618684,-1.8877081214697318,43.45314582069843,6.893753284191974,5.169750047601257,3.2229952155323476,1.2765610224826704,1.9265558875302133,0.5466041334422146,0.33652199528132143,2.1842804697209885,1.1700518856386586,1.7949861454236737,2.56298875008876,1.8650706345266057
pilot_v1_00534,534,data\raw\audio\pilot_v1\pilot_v1_00534.wav,0.13139408826828003,0.46520864963531494,0.09503310918807983,0.23693391680717468,0.39787757396698,0.43394380807876587,0.5030723810195923,0.21798290312290192,-155.44815879901185,13.491479551067092,6.298984559261803,-0.3828918100530166,-0.384437193399281,0.6893736974601316,0.38451347009361303,-0.6183458673758215,-0.4772570828578432,-0.16681303403121,-0.7492360918592617,-2.0673274228607426,-3.0901229901553773,19.186548708886065,13.774118586679073,6.068068381070857,1.391289356738368,0.6302962039620515,0.9073028091247348,0.43037737006709487,0.8446570885256225,0.5221135520625129,0.4485239856887793,0.7641055586794433,1.9948720801509077,2.988542735945955
pilot_v1_00535,535,data\raw\audio\pilot_v1\pilot_v1_00535.wav,0.6461420059204102,0.5823334455490112,0.43682289123535156,0.7419503927230835,0.17003576457500458,0.2446689009666443,0.9215095639228821,0.3820148706436157,-121.36168452053127,17.884424360225385,-3.4618909443605568,0.2995592765857787,-0.9319917464185519,-0.18260416672881186,-1.4114806179752752,-1.2054072063673236,-1.4242914033555583,-0.9109694639301866,-1.0827131046395089,-1.2166583837318024,-1.9177633001134644,36.70109583342162,11.515703118572796,3.1165206794169458,0.8997479546637998,0.90225327587161,0.3371708979479202,0.9744250619996133,0.7867615658110855,0.9157108003314725,0.5644823719527141,0.6676640685181042,0.7450887297219856,1.1830175560785603
pilot_v1_00536,536,data\raw\audio\pilot_v1\pilot_v1_00536.wav,0.7320730686187744,0.36621060967445374,0.007201822940260172,0.4537757337093353,0.4392889440059662,0.2965090572834015,0.3884824812412262,0.3182527422904968,-150.4932276282612,14.601122809399309,4.48575029015388,0.95162683738724,1.1147546240977364,0.11321667869943075,-0.5243253045068584,-1.3198116007272311,-1.5809709963790337,-1.3513466214945176,-0.5922756707175993,0.24780095636694202,0.6920285622983554,22.203823129190475,13.4599642271208,4.115856100526461,1.160915228696581,1.002696763140104,0.2984767057750896,0.5040846202535708,1.130866124431549,1.3309756385755491,1.124093574194916,0.49498086759499205,0.33107874198509957,0.6637384814529144
pilot_v1_00537,537,data\raw\audio\pilot_v1\pilot_v1_00537.wav,0.2485908567905426,0.7498044967651367,0.47476109862327576,0.16255763173103333,0.21769987046718597,0.458600789308548,0.7821504473686218,0.11050619930028915,-142.75622500265675,12.126481727256301,-4.682835504844807,1.596592591351984,2.4835072501474085,0.5082955395572543,-0.7527130113872608,-0.9147353612565637,-0.14338417593951588,-0.19588379215254967,-0.703238795492491,-1.795803772122003,-2.8917876779464944,31.67596948876383,11.952540528608186,5.149523511001453,1.7207187982051797,2.490712887374311,0.5610432255263881,0.7823780071776248,0.91774144653835,0.18103584514599855,0.23770277364864761,0.6926152206581125,1.7841980045967063,2.879574952512803
pilot_v1_00538,538,data\raw\audio\pilot_v1\pilot_v1_00538.wav,0.3440904915332794,0.543923020362854,0.3176175057888031,0.6788471937179565,0.12774278223514557,0.35611239075660706,0.5990864634513855,0.20371966063976288,-139.00460682078094,16.426682864716703,-1.0826710345567712,-0.11866026516700717,-1.2224223288725669,-0.8215365070409862,-0.9143252868918084,-0.8109371842224038,-0.8185681697844025,-0.8325910782922538,-0.8739098176631437,-0.8753150454641369,-0.8842551823238887,34.580709054854616,15.793418406790522,1.5763316994483,0.43073503274652813,1.2543981142447818,0.8248517510396419,0.9021982829624947,0.782848087751608,0.7860836234365857,0.7966450578279135,0.8355524522786475,0.8363190674101023,0.8444046088369751
pilot_v1_00539,539,data\raw\audio\pilot_v1\pilot_v1_00539.wav,0.8627446889877319,0.7082409262657166,0.7500326633453369,0.21727272868156433,0.30580776929855347,0.1887122541666031,0.980231761932373,0.38959187269210815,-109.93181457645248,15.008805165824953,-8.7775215044745,-3.564433305525096,-2.7491364759903822,-0.5060193743576787,-2.409118566479925,-2.161835601811503,-0.9436556132637037,0.410097266181391,-1.1094631037064155,-1.736819602862599,-0.7875572728794304,42.93511135485512,9.144070190281711,5.8575010412537685,2.26115624237417,1.774048499823013,0.609105740941328,1.545776668927504,1.3331916598227045,0.6412600480560758,0.3626495454810989,0.7633685340270187,1.0439452472512554,0.49881349278071685
pilot_v1_00540,540,data\raw\audio\pilot_v1\pilot_v1_00540.wav,0.8923406004905701,0.47967278957366943,0.5525768995285034,0.29621389508247375,0.2992941439151764,0.2698315978050232,0.4157158136367798,0.24585898220539093,-147.33736731326192,15.773949851326002,1.8209586682218228,-1.2188908972293517,-1.2872157943008713,-2.2656907819333387,-1.8152038712358234,-1.1986752125393987,-0.46916588815747146,-0.37785589163537975,-0.7508030920268145,-0.6188785072408646,0.08300370521256177,26.18571139004284,14.9427732297661,2.138672388991479,1.3848505627204164,1.2547151139416857,2.148041387569043,1.7054518956476845,1.1141225595979833,0.45872805168448566,0.3659947464173705,0.7207403955730152,0.5975613522777198,0.18887104131715757
pilot_v1_00541,541,data\raw\audio\pilot_v1\pilot_v1_00541.wav,0.37785211205482483,0.6355369687080383,0.11702337116003036,0.5874548554420471,0.07184264063835144,0.4524310231208801,0.8097510933876038,0.43172788619995117,-108.89412481405681,21.37003578515644,-4.503604444073615,-1.385531105279676,-3.1194891844455754,-1.6505913024670862,-2.1882860587288473,-1.4841653475722276,-1.7949064851757819,-1.4331553711710465,-1.6421015692536585,-1.428138477804201,-1.6887151400302065,33.3615183908753,9.453012144760482,3.0152055129743327,1.3447860480500147,1.5432749630922167,0.8861942077621019,1.0163406383578937,0.6945605072926018,0.7806402015853897,0.6185943870035683,0.6796317272387443,0.586180483340618,0.672299957927313
pilot_v1_00542,542,data\raw\audio\pilot_v1\pilot_v1_00542.wav,0.027574321255087852,0.43099352717399597,0.6726300120353699,0.071211077272892,0.18657304346561432,0.382835328578949,0.2215106338262558,0.3608795404434204,-159.4332286741684,9.090842400493246,8.422461685439679,3.5275343290198315,0.9803152064211827,-0.19975016676674673,0.006305671271409241,-0.02865671321572985,-0.36797225370879205,-1.1779268851195235,-1.8177483361316014,-2.60603183444387,-3.4273684030127214,11.77118109245256,8.169877566885992,6.796479439030936,2.61281957437941,1.0195594396310734,0.6757188216900778,0.3151203525220578,0.2795456961392731,0.4125689232117682,0.9094186354430217,1.3476427471642118,1.9034708242298821,2.4822543944924083
pilot_v1_00543,543,data\raw\audio\pilot_v1\pilot_v1_00543.wav,0.5147338509559631,0.8230505585670471,0.2081579864025116,0.5326710939407349,0.3580004572868347,0.19492729008197784,0.6030712723731995,0.15313495695590973,-128.05891840647024,2.59441616851253,-4.913878553164259,1.3937418501286247,0.6605887758985414,0.9093058431231898,-0.6821529473620649,-0.398141462734245,-0.21261789830347047,0.3665982986820934,-0.4776868122529132,-1.6648838377977866,-3.0633983877490487,47.06238569610079,2.958882827964086,5.007359269490868,1.4272516103622135,0.6553529821080811,0.8980374394312093,0.713868944260889,0.410405452365936,0.21877711406970562,0.405588378563416,0.46895096903814604,1.64005149630213,3.0363520210477244
pilot_v1_00544,544,data\raw\audio\pilot_v1\pilot_v1_00544.wav,0.5270777940750122,0.5018842816352844,0.16014303267002106,0.7280979752540588,0.08867449313402176,0.1835954487323761,0.2920868694782257,0.10522699356079102,-152.3058683322708,10.359730910049866,-0.6020166954472618,0.03887765292286396,1.5029177792981805,0.21926088466724797,-0.20014395869302548,-0.6066828428481678,-0.18659651284744455,-0.08884217170695688,-0.6197945071334854,-1.7911312006887032,-2.9158692464323033,22.280113195128024,10.275101946258529,1.2925814199455767,0.4109529906884896,1.5091751477720832,0.2605832551436905,0.21454471329449049,0.6209580368916287,0.21030495615574307,0.14992367591090264,0.6121112411506119,1.7966295775097123,2.938318535479736
pilot_v1_00545,545,data\raw\audio\pilot_v1\pilot_v1_00545.wav,0.00836319848895073,0.6147099137306213,0.5206969380378723,0.24931147694587708,0.26673904061317444,0.3496280610561371,0.6857237815856934,0.31310707330703735,-155.05873491008973,13.974693904759741,8.735890436717666,1.0423822880932045,-0.9549112008188442,-0.1142830940521083,0.8378288394530816,0.22649565206743374,-0.6548338623324472,-1.072191731902525,-1.2868731873924522,-2.0994362332381393,-3.2264357610641037,16.625672838915,12.215369282562099,7.338767879133449,1.1706116506741369,1.2004866403753345,0.37739623737022726,0.8015822837480555,0.31065428074399853,0.6478516053420008,0.911543236465746,1.0930749087316494,1.733913581257569,2.672276501667108
pilot_v1_00546,546,data\raw\audio\pilot_v1\pilot_v1_00546.wav,0.39675718545913696,0.4088851511478424,0.2650410830974579,0.3920656740665436,0.37522023916244507,0.4637375473976135,0.49553948640823364,0.39487090706825256,-141.35889336065867,19.222532288515698,3.6353846687725913,-0.5462869404460489,-0.5795816256603947,-1.4726374717021693,-1.3627497006715956,-1.6820142060074488,-1.7337923251474936,-1.8719850521276469,-1.852972023715837,-1.9220339413526473,-1.9718410986471566,23.103062310213154,13.499322424890124,3.0337940829205525,1.2060791072286488,0.7756857334039711,1.0601423172813906,0.8984832846244085,1.0539393108851303,1.0598387622471608,1.1295684522739513,1.1061911838351988,1.1209241047857799,1.1318190146816722
pilot_v1_00547,547,data\raw\audio\pilot_v1\pilot_v1_00547.wav,0.880300760269165,0.8438410758972168,0.6045134663581848,0.11806006729602814,0.15363159775733948,0.3030133545398712,0.8766986727714539,0.2088651806116104,-118.32932460102263,4.480355900361992,-4.596131839994659,0.3676935015326611,-3.7289757684685463,-2.23065583296809,-1.408524071476272,-0.8092193912927274,-0.23256459925262626,-0.3514142815226768,-1.8039556778791925,-0.8569398929650976,0.024563237140153283,54.24703686444923,4.869517196636468,4.428749921276337,0.6622344516607753,3.5885140906124895,2.153946433933226,1.3692250558142183,0.8195553198201243,0.28844309588601735,0.34984815325594176,1.7278036353620023,0.8211633795523243,0.1028195338298072
pilot_v1_00548,548,data\raw\audio\pilot_v1\pilot_v1_00548.wav,0.8514384627342224,0.3355123996734619,0.405078649520874,0.02195241115987301,0.24751697480678558,0.1993808150291443,0.5129004120826721,0.4375198483467102,-147.4643087331887,17.05140420924217,7.5671596116177415,-0.1187492714550788,-0.9514299747726834,-1.7730385811689657,-1.5515359298805227,-1.0992972205111666,-0.7803770919764983,-1.53314751082447,-2.1656805179263188,-1.660520994328633,-0.7804517111504604,13.869501864779245,9.52056673293375,3.8740385172543403,1.4471343776840755,0.9653713471696246,1.1169377054687468,0.8763994738137032,0.5876895683387231,0.42837565405096173,0.6971282439284574,1.028664369485449,0.684749484260537,0.4285143035002024
pilot_v1_00549,549,data\raw\audio\pilot_v1\pilot_v1_00549.wav,0.36421751976013184,0.7792021632194519,0.06251974403858185,0.5006245374679565,0.41894394159317017,0.38865572214126587,0.9069512486457825,0.25151747465133667,-125.10868672207515,8.674943286447133,-4.290485506680426,-0.6643757931633578,-2.2512870139503045,-1.20661126660695,-1.731043948496836,-1.163067677830123,-1.4481079161340347,-1.1629393149599658,-1.3717920837764426,-1.2108862789006702,-1.391031089089208,48.47801068350016,7.938134901062759,4.236027113012203,0.7528591044140172,2.162818083622887,1.1423346392498033,1.6332812550444882,1.0895353233818685,1.3485114881045048,1.0801012838402426,1.2721781355976067,1.1163260112905402,1.284626408386469
pilot_v1_00550,550,data\raw\audio\pilot_v1\pilot_v1_00550.wav,0.22864805161952972,0.5747154355049133,0.7197117805480957,0.35791608691215515,0.335237592458725,0.44799748063087463,0.32428717613220215,0.14734314382076263,-154.51290073146478,12.62318452970432,3.4220240682119205,-0.9946966326350937,0.273094705452131,0.10110843762548502,-0.3278801112549834,-0.14716150409596365,0.1410485918165378,-0.29056051004248556,-1.0433123778889322,-1.9613180559070051,-2.725552383647131,20.530884144370404,12.863262634873653,3.5750036609910216,1.3626335488053156,0.6728673668691297,0.35197340840189095,0.460164200238309,0.27774980507847924,0.21841257436660655,0.33000496448221756,1.032617308313595,1.938191543502633,2.707856154717196
pilot_v1_00551,551,data\raw\audio\pilot_v1\pilot_v1_00551.wav,0.7431970238685608,0.6788167357444763,0.362296998500824,0.6319445371627808,0.10778655111789703,0.26403120160102844,0.7058122754096985,0.3552212417125702,-118.61826026863974,15.46682131155851,-4.183896546905886,-0.2444537463427498,-1.6257929427656737,-0.2957089360754531,-1.2757979181348447,-1.2329536666645855,-1.7611221389867044,-1.0895942351946388,-0.624341097313156,0.2187120203677184,0.38603620421857565,42.51319113624035,11.10133355674114,3.4485581080800087,0.6677819295396822,1.2987337366955565,0.3177290836694327,0.9389450661306422,0.8814801977299611,1.2544437380721112,0.770727938677819,0.44877872309128225,0.17699072128741367,0.27408446873013326
pilot_v1_00552,552,data\raw\audio\pilot_v1\pilot_v1_00552.wav,0.6260149478912354,0.39865046739578247,0.7825462222099304,0.5158904790878296,0.2766360938549042,0.32150033116340637,0.5857212543487549,0.421683669090271,-144.07062514510213,16.76454306577466,3.9221855510461765,0.5191639862264571,1.731138547786678,0.2644982751992112,-0.5042233218716463,-1.04648760025148,-0.9451416389880779,-0.9700954947197898,-1.5357438731451485,-2.8244482820416494,-4.081243546463338,17.726446364488762,10.376366511533652,2.606105136881578,0.9848626334033606,1.0446017143832071,0.40181849703599953,0.6475057652285546,0.7564013410568895,0.5374794175574631,0.4940675769631222,0.7384024225907047,1.3505149983874247,1.9563612657748146
pilot_v1_00553,553,data\raw\audio\pilot_v1\pilot_v1_00553.wav,0.14270028471946716,0.7864086627960205,0.34936195611953735,0.0865197405219078,0.0554376021027565,0.48890045285224915,0.9920893907546997,0.2575909495353699,-143.11810492347712,16.032928332286016,-0.36900857629328465,0.8453433485376278,0.4247575599914679,-1.3363689124354208,-0.10771908523362772,0.22087548755708006,0.5990286759817163,0.044313710743146155,-1.1352239592052547,-2.465544315071277,-3.231634556962969,29.254678206812873,14.764249246820839,1.8056672981241257,1.0879454764413596,0.5075906479389842,1.3182904215938773,0.22456189372683458,0.2789999986857728,0.5623580153041773,0.14698533312483064,1.0472191118628922,2.263944058694351,2.9594645599216385
pilot_v1_00554,554,data\raw\audio\pilot_v1\pilot_v1_00554.wav,0.2626642882823944,0.44330132007598877,0.49224773049354553,0.6013429760932922,0.19048136472702026,0.3258126676082611,0.37669825553894043,0.18642139434814453,-156.03036002069575,12.964906975689326,6.402788610747025,0.1756602682014618,-0.6995477420377424,-0.5357587069184326,-0.43276723205079715,-0.6587786964826524,-0.8130860327566825,-1.069699983358504,-1.2917051291922526,-1.5401770004669944,-1.7418617428475733,18.41234856231357,12.751461206033403,6.229134153001422,0.7162649731946591,0.8731363876075451,0.5923148110030982,0.4626752981717618,0.6655231527575773,0.8048939885604977,1.0418655367018248,1.2577534726105446,1.4961185233547216,1.6882152677263098
pilot_v1_00555,555,data\raw\audio\pilot_v1\pilot_v1_00555.wav,0.7811195254325867,0.6034604907035828,0.02545756660401821,0.28378066420555115,0.3681555986404419,0.1637209802865982,0.795539915561676,0.32863977551460266,-127.80441303993736,16.277295700419952,-2.361273396225888,0.15626540848408882,-1.1506390695011892,-0.4092012149086206,-1.446705912890443,-1.6313369892181635,-2.0919352909687734,-1.485545891260691,-0.8195441347649152,0.2875626100137655,0.7167913449021324,39.76868295665192,12.938698087670558,2.800167490493708,0.7162578700085963,1.0844680966739193,0.4329519136528848,1.1745150399272317,1.288676081335258,1.651101484170819,1.1741619127109209,0.6407229785095968,0.26328766616313504,0.5689637064937308
pilot_v1_00556,556,data\raw\audio\pilot_v1\pilot_v1_00556.wav,0.9974942207336426,0.5075474381446838,0.22798842191696167,0.23418214917182922,0.43694648146629333,0.24021539092063904,0.20694905519485474,0.1413814276456833,-147.42536928540977,14.226045160718812,0.8881407737618027,-1.0086283583804203,-1.7551039950133527,-2.094879116239394,-1.6357419769583472,-0.6478248404050626,0.14341185012413094,-0.10742976131855726,-0.8922130010981077,-0.8367220135215283,0.1819669249478472,29.18592092692125,14.589424503280453,2.160517751543985,1.422049167565913,1.8502423123319378,2.1238030989005043,1.6518761100447512,0.659098236234161,0.2291570123367567,0.16971888086968218,0.8992912974569789,0.839878508053166,0.27141711585450123
pilot_v1_00557,557,data\raw\audio\pilot_v1\pilot_v1_00557.wav,0.4826858937740326,0.6761686205863953,0.6916669607162476,0.6633926630020142,0.2091042846441269,0.42812344431877136,0.6129026412963867,0.2835964858531952,-127.72388038605047,10.83442660676869,-4.77658087950963,0.16611153716420765,-0.9263453890526666,-0.22250371568689406,-1.4588570516000847,-1.0187683373275314,-1.0323413623194113,-0.46367650954786893,-0.9520085149204656,-1.4506988884633192,-2.3054856036778886,42.45624505439178,9.468511516626103,4.503644327141883,0.3894825916041815,0.9591740795675642,0.23936470151196626,1.3145344467734714,0.8950568248189444,0.9114936792897936,0.4077354619423788,0.8354036133698793,1.2692424710665438,2.0178840000491167
pilot_v1_00558,558,data\raw\audio\pilot_v1\pilot_v1_00558.wav,0.10993549227714539,0.33386334776878357,0.14719310402870178,0.14861521124839783,0.14883553981781006,0.4071429371833801,0.4058114290237427,0.3764900863170624,-157.9851337106982,10.034581133928278,8.5003483292811,2.990340057067542,0.4577149994273158,-0.219490474411683,0.2875826233696859,0.2303575313769041,-0.39812509889590586,-1.2238978251614951,-1.849222816586987,-2.713668958566976,-3.539446685816227,12.02272115144826,8.197726157502332,6.320757666239704,2.059641919405098,0.8436908517652805,0.5774051256313137,0.362869927891761,0.37808881111434833,0.39522376537316406,0.8752422615655291,1.2840751827418977,1.855939901369034,2.3901273159111702
pilot_v1_00559,559,data\raw\audio\pilot_v1\pilot_v1_00559.wav,0.5973852872848511,0.7131667733192444,0.583540141582489,0.46624618768692017,0.32065343856811523,0.2245434820652008,0.8242880702018738,0.21239936351776123,-129.053482723369,6.343289820492087,-5.750862967947996,0.8619458160323192,0.6917919317450074,1.2265565582497395,-0.6448665083874192,-0.5515354838967684,-0.29867864570068914,0.46620073868833,-0.42796061896875964,-1.7435236277226618,-3.218698504007997,44.88195748756298,6.067645934826557,5.773706857977446,0.9246958885626061,0.6758690871852393,1.1963735072630832,0.6665983237218657,0.5392412922346104,0.2977764413208755,0.4938918048845091,0.410235259765182,1.6609608458587606,3.0847365098481516
pilot_v1_00560,560,data\raw\audio\pilot_v1\pilot_v1_00560.wav,0.5817736983299255,0.3165699541568756,0.30239352583885193,0.3309587836265564,0.1639813482761383,0.41467955708503723,0.6601734757423401,0.36990925669670105,-151.39654980556404,12.630697009803653,3.715506140956271,1.0280914083564234,2.426438151061895,1.0985076513385568,-0.10107977971619105,-0.6689954714796733,-0.6560423506704773,-0.7808995749663944,-1.3728044278932257,-2.642732042365234,-3.849002067642846,17.193584886775337,9.77072003901089,2.7801585316956854,0.9424807513234833,1.8138642396612923,0.8033675599524747,0.43559290486076246,0.6213365655149207,0.5044663855015328,0.5580832444077016,0.937795179086252,1.8048786200546973,2.659182963838734
pilot_v1_00561,561,data\raw\audio\pilot_v1\pilot_v1_00561.wav,0.0630737692117691,0.7301748394966125,0.7668643593788147,0.6486579775810242,0.3914329409599304,0.2525872588157654,0.26670947670936584,0.22769586741924286,-151.6086866062491,12.176678499220708,-1.2676788178158251,-1.862096349260999,3.184531662420434,0.7391201455430892,-1.6313353233503853,-0.25207605145360046,0.4807103521297583,-0.24863373916475373,-0.6875360080933788,-1.7173089053167574,-3.1440508556932913,23.21604779521648,12.324140674123521,2.4530998730458866,1.9850387155311433,3.3512729529275567,0.9207800299709692,1.7739080360713344,0.47600548610778903,0.5767689188342602,0.30949020112331066,0.7103456005599167,1.6526104814222657,3.049222879262624
pilot_v1_00562,562,data\raw\audio\pilot_v1\pilot_v1_00562.wav,0.46704745292663574,0.5254514813423157,0.022397777065634727,0.03994608297944069,0.25013917684555054,0.23263214528560638,0.8520049452781677,0.12335271388292313,-136.79207777845687,14.832897314045336,-1.9859978175372615,-5.129746993820455e-06,-1.3296479893090214,-0.7503649946884874,-1.3952657574810166,-1.146332817347822,-1.2926657043593308,-1.0588513308853582,-1.1976421160187551,-1.2706862534419183,-1.62653380192672,37.68787958023271,14.602342604403086,2.4970370692258324,0.3557050329937725,1.4085150733067437,0.7661455158748773,1.4029967932736989,1.1537328932079904,1.2894676475983238,1.0501289109669325,1.1884397770368023,1.2556263916903752,1.605851248852834
pilot_v1_00563,563,data\raw\audio\pilot_v1\pilot_v1_00563.wav,0.9506059288978577,0.6596241593360901,0.4579502046108246,0.4694543778896332,0.0787118524312973,0.40003305673599243,0.4710632860660553,0.2874404489994049,-129.83407329732356,13.972891331912969,-4.5037822292278475,-2.0101279736828013,-3.0068783730342417,-1.2289751628304209,-1.1440790828875833,-0.14806307946346506,-0.1261054413456739,-0.016562742086668133,-0.9004235113010112,-0.648370418075777,0.12078452546057224,40.253932654860705,12.215806563454194,4.290306958124213,1.8847843520131642,2.67668651699684,1.096722466027068,1.032098128556116,0.19334996274875704,0.23767612854886833,0.1665492532072581,0.79462458320759,0.5793853676610433,0.12932505287680326
pilot_v1_00564,564,data\raw\audio\pilot_v1\pilot_v1_00564.wav,0.7967274188995361,0.4606473445892334,0.6573602557182312,0.419123113155365,0.12243624776601791,0.496009886264801,0.931523323059082,0.16617386043071747,-140.59014984765193,17.586924321039533,0.5428228960645488,0.41933996795880757,-0.7021938240466656,-0.94990684251748,-1.1914511835697017,-1.5884741329151946,-1.63418561505222,-1.5578502557225602,-1.0740429148296984,-0.43849806417779524,0.06874869855706887,33.44004940747947,17.147758834785183,1.219826940316947,0.5372231730015563,0.7813277821328184,0.9554990901797682,1.1816831365742442,1.559042321783,1.59384419180744,1.5188686857232263,1.0472846260566273,0.4364561943628766,0.12317418231013466
pilot_v1_00565,565,data\raw\audio\pilot_v1\pilot_v1_00565.wav,0.3095220923423767,0.5863662958145142,0.22494389116764069,0.10126371681690216,0.3440254032611847,0.313409686088562,0.5376935601234436,0.3302595317363739,-138.31455937624293,16.79801657680681,-1.6063636038318128,-1.7295575717209775,-2.0493354494691234,-1.5281804542344146,-1.2509809296902388,-1.2602998239287986,-1.4208066915520685,-1.7739195324167651,-2.024342004126219,-2.0084565754280104,-1.8039484245269042,30.806200363568244,13.796425141384345,2.782114159792781,1.7432566841954236,1.7853180038045247,1.3042001230251192,1.0523847779076327,1.0331576226173482,1.136540575152349,1.4079559287031769,1.6058462693932585,1.579799257355925,1.4105847962267504
pilot_v1_00566,566,data\raw\audio\pilot_v1\pilot_v1_00566.wav,0.1583424061536789,0.3808325529098511,0.5678247213363647,0.7100213766098022,0.41054415702819824,0.1513472944498062,0.73109370470047,0.41185325384140015,-152.09083781819191,14.039022405513306,8.103118670998102,0.842180883516486,0.46299781860177114,1.0889397660304618,0.6232611203302801,-0.6704968219286802,-0.8292012016270641,-0.7721304381141968,-1.4129956408842494,-2.924655232128183,-4.25948921262144,13.685863341353151,9.927202981930643,4.706999221750026,1.388010431955324,0.6129715311680035,0.91032654276227,0.4715721974817685,0.8882757996270504,0.6423352855621005,0.5875281108452486,0.8080722505792779,1.5680968476910047,2.341466663147208
pilot_v1_00567,567,data\raw\audio\pilot_v1\pilot_v1_00567.wav,0.6729072332382202,0.8029005527496338,0.10026434808969498,0.2805817127227783,0.2324792593717575,0.3392559289932251,0.349738210439682,0.26964321732521057,-126.72176930373575,7.372787803648199,-4.285099159241482,0.5936203305738061,-0.8994865704074964,-0.18676264250097896,-1.4049667306892972,-1.4543754541023868,-1.9698267432128145,-1.3203091051250593,-0.8675014763820216,-0.12442734199731893,-0.26247323629974495,44.43718520755408,6.69526767254562,4.029087947406082,0.5806686364006497,0.8876846248374283,0.20578370157410888,1.2849186006475677,1.311373178874161,1.7776767361127301,1.1816987990513095,0.7731421749103367,0.16545694085210336,0.2553578415488579
pilot_v1_00568,568,data\raw\audio\pilot_v1\pilot_v1_00568.wav,0.6963354349136353,0.5571030378341675,0.5298930406570435,0.16523553431034088,0.35194605588912964,0.3748714029788971,0.9667099714279175,0.1628051996231079,-136.0653729069755,16.151472141195228,-1.607861701282959,-0.9166640862213731,-2.2435310208219077,-1.4262000747082817,-1.523202489006875,-0.9337452901364744,-0.867230143986997,-0.6099846456706427,-0.5969329245887692,-0.35472956592460814,-0.4212160529341149,39.221704725899826,15.985456955700078,2.4760277062829337,1.150535681781501,2.2887152187564874,1.4232768348060805,1.5079653285687153,0.9254022897716476,0.8587028933351581,0.6163381806620162,0.5868763398559277,0.3522603138967716,0.4176130435641796
pilot_v1_00569,569,data\raw\audio\pilot_v1\pilot_v1_00569.wav,0.21303632855415344,0.6956402659416199,0.18810130655765533,0.43937912583351135,0.18012839555740356,0.21414664387702942,0.5601729154586792,0.3488166332244873,-145.93981960123733,15.81875324246662,1.2876038819349376,-0.5060116959816635,1.8991172150641844,0.42554287703584154,0.001254217332449982,-0.18632570674568227,-0.1793102953880533,-0.45501251145984944,-1.493765162558643,-2.8369587506534084,-3.7216703158696745,22.41745911724975,12.547100302221121,2.1556235419575556,0.7615725258401005,1.6401628975696292,0.43979365718977503,0.3949528740734319,0.297581734101437,0.20822062677573627,0.38361098110594766,1.1042765367573508,2.0974215090785617,2.7721827995699906
pilot_v1_00570,570,data\raw\audio\pilot_v1\pilot_v1_00570.wav,0.317329078912735,0.35360094904899597,0.6452891230583191,0.2027387171983719,0.0653972253203392,0.27246302366256714,0.771065890789032,0.44119828939437866,-145.33421146166808,18.880382167782443,9.390692997956096,1.9870666721480656,1.4017218643256517,0.516637479629208,-0.4047062670237497,-1.337536176636433,-2.0228762696052107,-2.807879736357401,-3.0805615430876974,-3.0285217655550065,-2.4754130645506804,14.07722790786107,10.397440726364389,4.12424562338588,1.5702313849243201,0.6842409132560477,0.43345179975904685,0.38837737522696814,0.6594447109442515,0.8678664752603991,1.146901045377085,1.2275445407255745,1.1561334158790166,0.8790320327029083
pilot_v1_00571,571,data\raw\audio\pilot_v1\pilot_v1_00571.wav,0.8358001708984375,0.7629767060279846,0.28710341453552246,0.6816624999046326,0.29323896765708923,0.4384964108467102,0.3520023226737976,0.23331251740455627,-127.91049933185931,9.385611765570326,-3.9335674426097316,-0.024214659911317524,-1.3930486325184492,-0.6943321840162486,-1.0835608234525405,-0.5143254981336689,-0.9041221914362337,-0.6845563804248461,-0.5114606520128818,0.0476602951022829,0.05909940849804055,45.51595935694193,8.796057272028499,3.973119773946443,0.30074622237884935,1.3612020105528446,0.6625965811958019,1.0310538773692262,0.4938119831475105,0.8514540237200778,0.6458406071110976,0.4845428673312394,0.10128439094419521,0.09122722099809756
pilot_v1_00572,572,data\raw\audio\pilot_v1\pilot_v1_00572.wav,0.9271586537361145,0.426449179649353,0.08454850316047668,0.5848227739334106,0.3118627667427063,0.35913145542144775,0.6376944184303284,0.39666691422462463,-139.1233544161567,20.827280992592538,3.854227824982631,-0.18692167767759538,-1.01865851226779,-2.061819374536465,-1.3498391903179598,-0.4234432015855599,0.49059087941497154,0.007468587068060492,-1.0658831195887983,-1.0052510293860806,0.35742682774513607,23.673620766471046,13.533459896468392,2.8892800548131405,0.8968003381252498,0.7859206007290609,1.2779833495467883,0.7886441312071812,0.3049817905855713,0.45282972616089345,0.2009333320142964,0.7627103635733586,0.6466289160824039,0.43966686145136497
pilot_v1_00573,573,data\raw\audio\pilot_v1\pilot_v1_00573.wav,0.41236498951911926,0.8270995020866394,0.4458939731121063,0.310564786195755,0.13418877124786377,0.17516441643238068,0.23152251541614532,0.188783198595047,-136.33255500991817,5.890033763880128,-4.679789034660618,0.11491993914887089,-2.1581119099888983,-1.3334644241779077,-1.3662351855915462,-1.044970192823556,-1.4357588978154538,-0.9247142484010383,-1.2154907121754974,-1.0507974464137737,-1.235636482654464,37.42893260619188,6.228576955062786,4.638170034101663,0.2908978912683451,2.1580973048279772,1.339583456354021,1.3524026722838194,1.0362378784129058,1.4146424193621019,0.9088548690237335,1.1913466043909253,1.0262928291423323,1.2065330984413045
pilot_v1_00574,574,data\raw\audio\pilot_v1\pilot_v1_00574.wav,0.05525531992316246,0.4837137460708618,0.39024609327316284,0.5472509264945984,0.2241450995206833,0.2882484793663025,0.8497403860092163,0.11710301786661148,-152.3141051323948,15.736291406785801,5.051592903564136,-1.444831559633868,0.3790632015886827,1.3704474713871004,-0.13395861356298283,-1.0838309083344615,-0.21564500225653446,0.07813623851618126,-0.8155043623696132,-2.0352253606684125,-2.9803818631097174,22.155617307045375,15.528882869361677,4.989964397780309,1.7060650775119024,0.4188607477497987,1.4379728197056392,0.23663988637904118,1.1214136232660858,0.2641269858637194,0.2604612643865632,0.8192060804204474,2.0245269527559286,2.973540319407498
pilot_v1_00575,575,data\raw\audio\pilot_v1\pilot_v1_00575.wav,0.5427200198173523,0.6309837698936462,0.7289231419563293,0.06835002452135086,0.44534316658973694,0.4775239825248718,0.4310915470123291,0.30311107635498047,-137.6343684383371,10.307619973555838,-5.363007727124405,-0.8888995610627971,-0.171285348401075,0.6964103085150255,0.19997713697076466,0.42075995152148865,0.14276319024706016,-0.1767841897694929,-1.1040403521926954,-1.9815820859322348,-2.9930713282986123,34.505918297870714,8.974199877590303,5.3659836583886955,1.2054205849631885,0.658113155837283,0.6817923196797374,0.3557443979661224,0.38348511056421075,0.21504750935695327,0.22996148349585005,0.970651264199065,1.7031817057457819,2.571340891438931
pilot_v1_00576,576,data\raw\audio\pilot_v1\pilot_v1_00576.wav,0.5312986373901367,0.5697053670883179,0.367296040058136,0.4398896098136902,0.2639589011669159,0.3423539996147156,0.5105060935020447,0.28942710161209106,-139.05581346684858,11.754791264591734,-3.5456323563732286,0.9173476885950907,0.6950649490812846,0.6488077495294804,-0.6485261479371821,-0.5572153044529188,-0.1046017806865143,0.289083532882284,-0.48162952312627494,-1.9308181095784445,-3.4255290620355203,32.2403307002562,10.275169914825423,3.787227867352252,1.0601127895258662,0.7112273383229208,0.589471612353084,0.6778407313712977,0.5318612545153223,0.13855821354725392,0.35883139446035095,0.42782392035744377,1.6817521950598522,2.995048026030271
pilot_v1_00577,577,data\raw\audio\pilot_v1\pilot_v1_00577.wav,0.049952827394008636,0.6824672222137451,0.7005058526992798,0.17497029900550842,0.09156449884176254,0.15837635099887848,0.9164683818817139,0.12529665231704712,-151.4930581088368,16.258332780621892,4.31138384888532,-3.018358746430155,-0.6088997953985461,1.7620168161174452,0.67853716933551,-1.0449157699972922,-0.5158363216650631,0.16199460325646187,-0.6269317630948094,-2.0994916081457506,-3.0024800461324723,22.920408049757903,15.976878480067723,4.258774647299673,3.158235573367065,0.7005781594141706,1.8747294454824495,0.7209335698866792,1.095419924358045,0.5359458733326402,0.34806220698795415,0.6420621325924807,2.0942404433658854,3.01394436832367
pilot_v1_00578,578,data\raw\audio\pilot_v1\pilot_v1_00578.wav,0.41986483335494995,0.3404220640659332,0.057496875524520874,0.6897948384284973,0.1500701755285263,0.30497246980667114,0.30227047204971313,0.22981077432632446,-157.0034790763201,10.811247657876978,4.560897079537341,0.1488363220840351,0.010004852622608845,0.005591611306441389,-0.4592464329420308,-0.7232081139350305,-0.8675857392036889,-0.976938226721346,-0.9638907190600357,-1.152379081600239,-1.3937294851884405,17.262495985653274,10.533186947978999,4.394661183278813,0.5518611822990772,0.4527110477629043,0.20992072870045106,0.5039879699941896,0.7202533531931709,0.8462388163759986,0.9306590957623937,0.9139814684974567,1.0909822387677128,1.3154509324054608
pilot_v1_00579,579,data\raw\audio\pilot_v1\pilot_v1_00579.wav,0.9363826513290405,0.775584876537323,0.4243125915527344,0.20778138935565948,0.3788914680480957,0.4942373037338257,0.7207062244415283,0.3720668852329254,-112.48635823306813,10.275405490891327,-6.80763328915639,-0.765302572085917,-3.074313343921752,-2.7854927615465495,-2.4586098094857096,0.1650944544552064,-0.2389874160953808,-0.7948275660738435,-1.583613423182528,-0.7693772289353606,-0.022961212338330126,45.75664378518982,6.691214724245269,4.88988441347225,0.7823992578293576,2.1388450477142933,1.859052262216382,1.6958588694776884,0.23867064554677941,0.3449941169092799,0.5892026644401527,1.0611689758984475,0.5198490008762865,0.16505365738734007
pilot_v1_00580,580,data\raw\audio\pilot_v1\pilot_v1_00580.wav,0.8402479290962219,0.40521734952926636,0.6221437454223633,0.3101600706577301,0.4223039448261261,0.3909545838832855,0.28139209747314453,0.2743215262889862,-151.4595857061967,14.654075856966998,4.7351881041401125,0.5681862349154831,0.4362627914795427,-0.45060967573329264,-0.5564924598229924,-0.7089100201697671,-0.842736828819242,-1.305078239625557,-1.5622619280806114,-1.2655568016563419,-0.6291948991513694,22.611368186700403,14.34996033681034,4.502342711026744,1.0508792345467917,0.552145214741667,0.5249257160364529,0.5615660085554903,0.6703072854099398,0.7783614798225174,1.1866755838400052,1.4121042639528225,1.137244650517703,0.5704174267472123
pilot_v1_00581,581,data\raw\audio\pilot_v1\pilot_v1_00581.wav,0.32740744948387146,0.8488348722457886,0.25849077105522156,0.5749650001525879,0.2440471053123474,0.2302190661430359,0.6877210736274719,0.41657426953315735,-103.73994998146311,9.200121011281427,-5.643459682878047,-0.30660314160740476,-3.1424249853666035,-1.6067386835290833,-2.1935211892838398,-1.6109669611324606,-2.0988715658477637,-1.860068791440876,-2.283420697991919,-2.1027996200150185,-2.2856099330070503,40.35258827579571,4.549730141599433,3.1514379635144727,0.29006684312089165,1.7539211702918256,0.8583646933691358,1.1737077068152169,0.8182031103030186,1.0614649698852385,0.9166408211511264,1.1305803787159578,1.0140552806088943,1.1124869853579116
pilot_v1_00582,582,data\raw\audio\pilot_v1\pilot_v1_00582.wav,0.2046670764684677,0.5054506659507751,0.5030367374420166,0.0601862370967865,0.11036529392004013,0.25641196966171265,0.481041818857193,0.3351515531539917,-155.61793434290482,12.154640321458292,7.0695308306776425,1.1501110242458354,0.5519715467249816,0.784189967089757,0.36503304229393285,-0.38298215515474004,-0.6398852066948127,-1.0875559168691422,-1.8143393659514728,-2.6369310319018817,-3.205624865034411,15.480473336648421,10.24125209912391,5.62920496582667,1.1386687181476352,0.5699632804974242,0.6699785054078425,0.34797042631622266,0.4949362323376407,0.584328024039363,0.8740858948941325,1.4226737911178673,2.0570736362872792,2.5074386940988944
pilot_v1_00583,583,data\raw\audio\pilot_v1\pilot_v1_00583.wav,0.6901785731315613,0.6097503900527954,0.16671524941921234,0.5422224998474121,0.3325490355491638,0.42243456840515137,0.8998938202857971,0.1710231453180313,-130.7063437505008,14.18111997354912,-2.458013297497203,-0.1561398633229849,-1.3957190064038763,-0.39140069462137184,-0.9697662843289717,-0.6634875426055815,-1.0153907745729223,-0.6959153673989718,-0.6456299130906071,-0.23636126361621593,-0.3144495640994316,44.22434601211362,13.88149862838207,2.927634757386631,0.5043579756922906,1.4635418264221711,0.42603851378664476,0.9701664245715598,0.6518566016525104,0.9923017894339815,0.6835487967795878,0.627678116022818,0.24526786319379776,0.30849131940611124
pilot_v1_00584,584,data\raw\audio\pilot_v1\pilot_v1_00584.wav,0.6823601126670837,0.3291718661785126,0.590187132358551,0.6524875164031982,0.051778536289930344,0.4689998924732208,0.21646888554096222,0.23410287499427795,-155.82747260952559,11.70338240538241,4.753699704426323,0.2640555810114412,0.23340305484896626,-0.19864905096079755,-0.5694824346353181,-0.9816050206130044,-1.140062819285958,-1.1682298759329708,-1.0253856190609754,-1.009955137121225,-1.0793732534213876,18.900252935225552,11.703062005860795,4.648462462591314,0.858681020816363,0.5595158359550058,0.41711121835136167,0.6277759976034393,0.9980584216478936,1.1323879283926852,1.1512225875503328,0.9876234705110707,0.9639855085152932,1.0229012313052168
pilot_v1_00585,585,data\raw\audio\pilot_v1\pilot_v1_00585.wav,0.16561341285705566,0.7170022130012512,0.12965954840183258,0.33737459778785706,0.2802096903324127,0.2863891124725342,0.6105055809020996,0.44194597005844116,-136.0789386377222,22.106303362920432,1.9183512235491234,-2.9425298280772925,1.0970319633800092,0.8638959803222175,0.13299281800615814,-0.47625220565365606,-0.20332403619247424,-0.09526937893977301,-1.0974087245589523,-3.151704537527828,-5.153317009583484,18.16740754886379,10.914025120692793,2.4074893671895543,1.8388576966514065,1.265430601329376,0.5952100345381318,0.577250459723959,0.5236244486299536,0.26282721638065687,0.2745057198701297,0.41106248437852266,1.1399130635893842,1.943749928426277
pilot_v1_00586,586,data\raw\audio\pilot_v1\pilot_v1_00586.wav,0.3039602041244507,0.5122721791267395,0.6849961280822754,0.4801274836063385,0.3652777671813965,0.17834652960300446,0.4207088351249695,0.34939345717430115,-145.25354858685563,17.440012239786345,3.246540835116585,-0.7222106145345709,-0.3338290418800044,-1.1303345470610275,-1.1026631184776594,-1.3255471294078311,-1.4649753940999377,-1.6771964793098524,-1.6860789724732363,-1.5482029372070392,-1.0895166711758117,23.895079584884208,14.115729306971547,2.9215635040176284,1.2183890489663374,0.5824616146808227,0.9321746141675307,0.8506488186197293,0.9876810000717725,1.084545458191401,1.2455099852428968,1.2503329763527495,1.1371650985268305,0.7911136908034415
pilot_v1_00587,587,data\raw\audio\pilot_v1\pilot_v1_00587.wav,0.7855654358863831,0.6722328066825867,0.2455500364303589,0.04244799539446831,0.19327370822429657,0.3662445843219757,0.802267849445343,0.16342473030090332,-127.23664735132752,12.337201814671326,-4.244918622962785,-0.9100040466788009,-1.8766723872927162,-0.617589209848247,-1.413597018171876,-1.2243028405532166,-1.6274244252796914,-1.1339496084610194,-0.9311048083601873,-0.2890936806688323,-0.1005076379740835,46.65066379108838,12.040244664923,4.316902820757261,0.9186677001347169,1.87157704305794,0.6217775118955838,1.3844307709187842,1.1942211072089566,1.588387946499766,1.1042024093202145,0.907684359062237,0.2833833399061476,0.10511313899693588
pilot_v1_00588,588,data\raw\audio\pilot_v1\pilot_v1_00588.wav,0.9441896677017212,0.4394160509109497,0.0445648729801178,0.09758580476045609,0.21178066730499268,0.44240522384643555,0.5877218842506409,0.306593120098114,-141.7917828091156,18.048020699937396,1.5677006494061578,-0.5127411045388565,-1.4829324515348719,-2.1299744655664354,-1.4206762123932004,-0.5692617421518622,0.12232932285078076,-0.4825185938496149,-1.3380227130224567,-1.0605968427770842,0.17458909144458196,28.720135785163595,15.50540183518971,2.0223861966655736,0.7240987714840663,1.312365764335288,1.8136744423962317,1.2015005178106768,0.4935869771214746,0.20390952550168406,0.41331559976836774,1.1255044384647594,0.8854891903911771,0.26294771478777107
pilot_v1_00589,589,data\raw\audio\pilot_v1\pilot_v1_00589.wav,0.4589375853538513,0.6081010699272156,0.487150102853775,0.41253846883773804,0.4343554973602295,0.28030213713645935,0.9813913106918335,0.1206277534365654,-137.67744890392265,12.743456880195778,-2.810633159664747,-0.5356772253322725,-1.3194254388436264,-0.7264390561591593,-1.1830688804376637,-0.8155421962788145,-0.8580331069842652,-0.6145438402921066,-0.8026016113910717,-0.8772331921327646,-1.2106500197363022,39.06187028467901,12.85569446481241,3.3738342877810457,1.0122203659545768,1.4381436868656188,0.8160997416614336,1.2292414769283748,0.861321634715665,0.8777453041958161,0.6239244685992354,0.8050329083616666,0.8775552286891424,1.1985263900422563
pilot_v1_00590,590,data\raw\audio\pilot_v1\pilot_v1_00590.wav,0.07338101416826248,0.40257006883621216,0.3302246928215027,0.2698313891887665,0.32411110401153564,0.20498137176036835,0.3998960256576538,0.19213710725307465,-159.8960992540401,9.944278249723375,7.195596817354146,1.6329922234875809,-0.005790243313448408,-0.10781227026209579,0.4023386774051336,0.03355336558898233,-0.5185507405448926,-0.9210056119135671,-1.2593941828263935,-1.8694674684178654,-2.6959192569526134,14.66006268386523,10.007869555984449,7.028776233158674,1.6589660156828223,0.498198072170758,0.32735765939969036,0.4339553693387401,0.27425491029557303,0.5516484415364907,0.9042636169773715,1.240441866864972,1.8212719335327168,2.646228939346825
pilot_v1_00591,591,data\raw\audio\pilot_v1\pilot_v1_00591.wav,0.5859925746917725,0.78166663646698,0.787665843963623,0.7075795531272888,0.14546336233615875,0.37237149477005005,0.7810396552085876,0.3999781310558319,-109.91348864383032,5.774956993845303,-7.8549018286811325,1.7719513357014938,1.20795041103676,1.411800519558534,-1.156770872621268,-0.6228711423732559,-0.2153588494346287,0.49867527637759135,-0.7246164296537002,-2.425614010359727,-4.528673583279217,40.588121293198114,3.8374281138448505,4.765308946115049,1.055558823495234,0.6870285751459726,0.840739666264948,0.7243125732144327,0.377506448320445,0.15114759832273306,0.3987556961392405,0.40498952644450803,1.3733466313799192,2.618784306480882
pilot_v1_00592,592,data\raw\audio\pilot_v1\pilot_v1_00592.wav,0.6016042828559875,0.38547372817993164,0.12014299631118774,0.08889299631118774,0.3888542056083679,0.26721468567848206,0.9419190287590027,0.20418685674667358,-151.09630311020132,11.756087772603577,1.130679442801835,1.328999079671167,1.9237144422337107,0.608851076981808,-0.21840375515530064,-0.7339395627811088,-0.4053145403332072,-0.337472031940504,-0.8520017912035968,-2.017452597287162,-3.098292738861189,24.1414411959261,11.9368505298429,2.1779120901445124,1.4795518047166367,1.9266375227759072,0.6246321605715558,0.3950617626025708,0.8156772652189186,0.4115904411083081,0.41595017351819125,0.8291991230906043,1.9584996628241362,3.0214450108086304
pilot_v1_00593,593,data\raw\audio\pilot_v1\pilot_v1_00593.wav,0.12024261802434921,0.799014687538147,0.5619572401046753,0.5267093777656555,0.16666996479034424,0.4551120102405548,0.5357878804206848,0.39014989137649536,-138.73015986671498,19.56255641696757,-1.556498001486715,-2.1120310070630848,2.3282012773217566,-0.43824413582439536,-0.3765064169847298,0.04754439197777519,-0.4206627785388472,0.1395724256360687,-0.5558705454044951,-2.692120241169611,-4.072607933744612,24.467997053775914,13.216960212364002,3.159122240430144,1.6635631485784035,2.0175321338824417,0.8442037083282895,0.5183715965716276,0.21808858162133293,0.43294426434582556,0.3747359587799816,0.3848948133005463,1.6917753861931843,2.563537233551626
pilot_v1_00594,594,data\raw\audio\pilot_v1\pilot_v1_00594.wav,0.4745759069919586,0.4559059143066406,0.2050398737192154,0.29006779193878174,0.07535187155008316,0.3801330029964447,0.7454997897148132,0.30821505188941956,-139.12614438095972,17.384511260662293,0.022166123977285703,0.42548150496792636,-0.19644364559836888,-0.5870922827239856,-0.9103917054302173,-1.2168701015736103,-1.0814068207458658,-1.1510353281940588,-1.2018145407407845,-1.553144944671236,-1.9480370422161541,30.651903162754767,14.824492598106403,1.7337364700752889,0.7187271257636101,0.38803401924009684,0.5939692547666897,0.8234219599956856,1.0760530538574244,0.9417693068222341,0.9834452063817859,1.0068057839830518,1.2865387389828733,1.6053103156189532
pilot_v1_00595,595,data\raw\audio\pilot_v1\pilot_v1_00595.wav,0.9910780787467957,0.5902853012084961,0.6632481217384338,0.6053183078765869,0.2536090314388275,0.19752280414104462,0.32684212923049927,0.10037770122289658,-144.11127167650932,13.9368262019506,-2.02833644643324,-1.9021229708737473,-2.3262938635462707,-2.121654899466894,-1.3645470663722128,-0.37546050388011976,0.761855392373945,0.6706359745723857,-0.41880048654431623,-0.9623878720895445,-0.1783073191951571,30.55439467751426,13.732349981268085,2.527165358732674,1.9441282526786527,2.3125652988459087,2.1093006076907455,1.373578317387223,0.4658212378921681,0.7876307971070421,0.6741941332023134,0.42986198212093113,0.9649876573086696,0.24288481447341825
pilot_v1_00596,596,data\raw\audio\pilot_v1\pilot_v1_00596.wav,0.7699576616287231,0.5292865037918091,0.46539294719696045,0.6611881852149963,0.34758681058883667,0.29384946823120117,0.6632452607154846,0.35323458909988403,-134.15624313332992,18.879048069168558,-0.1940146602781111,0.20481088974231498,-0.7451267409311365,-0.6392641508626613,-1.2288666659895948,-1.6576677775344333,-1.8636138331187992,-1.502475633494827,-0.7692941409473979,0.1784954058603541,0.8207855088290287,32.0253331294301,14.286717394478819,2.3888672304841316,0.9255192661454845,0.7930520425759635,0.5369366641628889,0.9088052687938971,1.1986062430340936,1.3466789924874234,1.0828245988322749,0.5482027567744554,0.19804908242011524,0.6233618508858831
pilot_v1_00597,597,data\raw\audio\pilot_v1\pilot_v1_00597.wav,0.25710228085517883,0.6549330949783325,0.0040699755772948265,0.2232116013765335,0.1187649741768837,0.4612390100955963,0.25669798254966736,0.14539919793605804,-147.3669788425489,13.863250343879283,0.30493316625772626,-0.40317566889655476,-0.41456602437579465,-0.8127594466453779,-0.584063158454501,-0.7844206848678562,-0.9167188333857743,-1.420355643506722,-1.970141965266312,-2.247068911347817,-2.030058787738174,27.576248064510853,13.738481031944435,1.6828327521420958,0.9402576084258285,0.7102569341725774,0.8711978498545239,0.6206893285213972,0.7910188466589501,0.9104172095058815,1.3981329571353769,1.9385572545208913,2.2115926813471503,1.9991402447849005
pilot_v1_00598,598,data\raw\audio\pilot_v1\pilot_v1_00598.wav,0.14997117221355438,0.3126336634159088,0.759402334690094,0.4598989486694336,0.23525939881801605,0.35353824496269226,0.8745160698890686,0.24940252304077148,-160.14562520916127,9.749110883553827,8.153928601168966,2.94783971077392,0.7001098421072047,0.11073698521843059,0.3356578202752225,-0.05197514940439424,-0.709107438456294,-1.3768510122203212,-1.715335756142684,-2.094949285175599,-2.746629558930898,13.586057803307526,9.215667076666016,7.597066256119451,2.72386988455166,0.7960111925482161,0.34027859568335583,0.37681824894500426,0.25524371182215744,0.6932303029847139,1.2919471302294998,1.5952519657445814,1.9366518192232525,2.54177781178418
pilot_v1_00599,599,data\raw\audio\pilot_v1\pilot_v1_00599.wav,0.6354680061340332,0.7348999977111816,0.3207477927207947,0.14471709728240967,0.40765413641929626,0.19143593311309814,0.4554918706417084,0.4353622794151306,-114.59876562685159,12.902105515629225,-8.202742489026145,-0.18276703939193206,-0.5157687196010172,-0.06030709114381139,-2.312207909765619,-2.3452221227657284,-2.5322801086794406,-1.7449564921252376,-1.5342333843745768,-1.1457844785547717,-1.7663530947670365,32.82697782113369,5.1583099853114405,4.43734301294553,0.6267256898018494,1.0526590908401483,0.3243116010682435,1.2850242015134905,1.1469115052810128,1.2741258360089784,0.8283557868003015,0.7448736333733972,0.4724252671508085,0.7364299161233985
pilot_v1_00600,600,data\raw\audio\pilot_v1\pilot_v1_00600.wav,0.7370402812957764,0.48870694637298584,0.747349202632904,0.25422513484954834,0.17667075991630554,0.2161048799753189,0.6357853412628174,0.3251577317714691,-139.4378052433223,19.318675055663476,1.1917622914018378,-0.7799889459061832,-1.1728770747871866,-1.679245555640057,-1.585765548079694,-2.133248197714465,-2.0519790343360538,-1.844875320284548,-1.0799907449232902,-0.19818327314519082,0.4101782384577767,29.15265491184469,15.880312765433654,1.992710703311478,0.9232284529546797,0.9789132864695291,1.3408742844250012,1.2554689211598933,1.702536409106998,1.6395583459033742,1.4750900117658943,0.883141116327109,0.2800168025818418,0.37832336941981054
pilot_v1_00601,601,data\raw\audio\pilot_v1\pilot_v1_00601.wav,0.22027868032455444,0.6273165345191956,0.3829016089439392,0.7363765239715576,0.35531824827194214,0.40536901354789734,0.2419215738773346,0.1828966587781906,-153.2297597167758,13.191844235143158,1.9761577311531315,-2.299671038932371,0.8882555841806891,1.2678487446679894,-0.23402590479241506,-0.7111609482731523,-0.051770431835345694,-0.06532025650508846,-0.7451039848321394,-1.8875675231458133,-2.962643959942037,21.904074497541238,13.531143418902838,2.3724436714653008,2.5771870385522115,1.2276388976379211,1.2948555628891998,0.5890448232163413,0.7815428525908674,0.24251799682051953,0.1986731931725631,0.73586422092006,1.8485956290018564,2.9086244453634436
pilot_v1_00602,602,data\raw\audio\pilot_v1\pilot_v1_00602.wav,0.37429577112197876,0.42148908972740173,0.4274425804615021,0.12766583263874054,0.29056257009506226,0.4312201142311096,0.8268416523933411,0.2542370557785034,-144.88503596771812,17.44772563945581,2.420533340067993,-0.009083142837869441,-0.23901203492329684,-1.1072359098065025,-0.9467338544897611,-1.2491093410532177,-1.1756877696952308,-1.2630217065992237,-1.2440648881897178,-1.2263816994299503,-1.2106717472151822,28.20253894448262,16.40943748955282,2.663042627315607,0.6233389249269148,0.39335773139814767,1.069783098929407,0.8862720228521259,1.1496811559156699,1.0841795038567439,1.161227411058333,1.1445962865567934,1.123515153374527,1.1049523494297244
pilot_v1_00603,603,data\raw\audio\pilot_v1\pilot_v1_00603.wav,0.8558863401412964,0.8306664824485779,0.09191343188285828,0.39272239804267883,0.06798817217350006,0.24724306166172028,0.4455002248287201,0.4183724522590637,-108.69279459736504,10.409936887944767,-5.118324288465777,-0.24063011006228188,-3.344740221315557,-1.9604717271808927,-1.9072614627334803,-0.3487678879281736,-0.3441947869530823,-0.4816593288725964,-1.3923257672977345,-0.6328057028189801,0.2244412538497333,37.42067258407095,5.223330480879998,2.825332871215404,0.36501867333159904,1.814139345000708,1.0475991980640609,1.0327491808842026,0.2274056375132961,0.2583427030494404,0.26996245744953157,0.6969066109475259,0.3371673252513114,0.15160850228730985
pilot_v1_00604,604,data\raw\audio\pilot_v1\pilot_v1_00604.wav,0.8895248770713806,0.35725194215774536,0.2928737699985504,0.4958338141441345,0.1370665580034256,0.16754429042339325,0.9566957354545593,0.21160900592803955,-147.18378377423798,16.917726815381062,3.2234874350966995,0.0652242818673083,-0.009130357198897059,-1.176644361164945,-0.6738158134709894,-0.2468017943488908,0.17715492400548874,-0.2408718224565667,-0.9391809273588764,-0.8174767504475068,0.07904064908382119,26.5190321637442,16.232455789969304,3.139772411371712,0.5054368902281164,0.25080118569442805,1.1562705036751584,0.6632350620505577,0.2692928654873139,0.2159918466900131,0.25903565998902206,0.9077957086063919,0.789417377795976,0.13710923593150642
pilot_v1_00605,605,data\raw\audio\pilot_v1\pilot_v1_00605.wav,0.4042569398880005,0.757966160774231,0.625313401222229,0.013568056747317314,0.3090703785419464,0.3335663378238678,0.5632475018501282,0.37574243545532227,-119.4366873666555,10.85025343149565,-8.256133177946534,-0.7673287932019153,-1.4455341257894125,-1.6901668823345959,-2.9243140003880566,-1.0936275436571694,-1.2382686479144644,-1.6298831711850916,-1.7071786580357502,-1.0924222866667748,-1.5428026435030706,40.0743383885901,7.147466263517684,5.9632527041763685,1.0118059403671915,1.250147324923344,1.2207857155528725,2.053620868969076,0.8125653180591335,0.8929953516542314,1.1124477911008792,1.1472849216210192,0.728152904154062,1.0121675797956489
pilot_v1_00606,606,data\raw\audio\pilot_v1\pilot_v1_00606.wav,0.00306058581918478,0.553486168384552,0.18231166899204254,0.622324526309967,0.4490022361278534,0.4798206388950348,0.7554909586906433,0.28301966190338135,-153.53371962803408,14.203000091232804,5.253110042491567,-1.3579739738566825,-0.1634547506239075,1.0419448800100193,0.22046468571520514,-0.7441785230961101,-0.30966893698534964,-0.030465882459026594,-0.751059425954701,-2.1132635631020493,-3.2107151615910436,19.980383172939614,13.946579708776929,4.677989116216262,2.1240812571027012,0.6219502413605585,1.2158872439839625,0.5821777693727406,0.9690163660915754,0.41962749049564396,0.46073313236464747,0.6974635310416786,1.880282633089384,2.86297754485219
pilot_v1_00607,607,data\raw\audio\pilot_v1\pilot_v1_00607.wav,0.5156565308570862,0.7005494832992554,0.5498952865600586,0.3572908043861389,0.22057148814201355,0.31908586621284485,0.37451696395874023,0.14076188206672668,-137.3966034596237,6.806916562916105,-5.8397411409993225,0.7063257878425657,0.6076488560889689,1.2646509680976965,-0.559941571665763,-0.5506303928951852,-0.34669840933068147,0.4428528680011835,-0.3594044568981338,-1.6806856144621687,-3.1477012421080324,37.0648817852181,6.861030881533354,5.906150010838587,0.7264625384944781,0.6146235320298736,1.2654511537024362,0.5785397711837998,0.5553723206926272,0.3574661873133764,0.46900366177529595,0.360435702179228,1.6622406696016323,3.1211932074182496
pilot_v1_00608,608,data\raw\audio\pilot_v1\pilot_v1_00608.wav,0.5045334100723267,0.3450081944465637,0.6947973370552063,0.15421073138713837,0.326494038105011,0.24281089007854462,0.7322779297828674,0.1777563989162445,-156.6487961621058,10.413212205045092,3.718868804667734,1.2243287622415167,2.2628317409406935,1.114359002848953,-0.15308842928780567,-0.6827965372264048,-0.7032600007283315,-0.8544071285233574,-1.2195630447517023,-2.0818881394607374,-2.931633042991953,18.070662894353255,10.49632530149236,3.6862309049236397,1.2982692356465706,2.2475491929269205,1.1042234739133376,0.36481058112660936,0.7267664120897929,0.7068198592904567,0.841648555482549,1.1872806371612612,2.032353745025192,2.8936038070535037
pilot_v1_00609,609,data\raw\audio\pilot_v1\pilot_v1_00609.wav,0.023004498332738876,0.7715775966644287,0.23735804855823517,0.44893044233322144,0.10391929745674133,0.4254210889339447,0.33844655752182007,0.31987327337265015,-151.90910759259603,14.656238491089068,4.694169840755415,-1.6091649352219792,0.1861159233765738,1.1848298273957136,0.06948864757170843,-0.6849544596370732,-0.2078125592232719,-0.1885746025812997,-0.9447408324807789,-2.1839378296404544,-3.420201053012761,19.66418221982339,12.889257412282113,3.883805087132365,1.9502356878757492,0.6880331990183189,1.1304328924954616,0.577506588029072,0.7614933551593862,0.36381185751296874,0.32005645670961486,0.7803561187089952,1.7885913453668765,2.8184423025323446
pilot_v1_00610,610,data\raw\audio\pilot_v1\pilot_v1_00610.wav,0.3841310441493988,0.5656893253326416,0.5804082751274109,0.21668490767478943,0.2376018613576889,0.4098238945007324,0.9302903413772583,0.42351287603378296,-118.22975772899504,24.187605056836826,-2.38759218235009,-2.1036858569419614,-3.6079107085834936,-2.6554672513322566,-2.6667325565927062,-1.6894142447693603,-1.201569602916689,-0.572824454926252,-0.5525138189246207,-0.630919846339775,-1.1224727677448219,30.79762544868954,12.093384757903165,3.1250962519836,1.6006758318364964,1.8416597617606776,1.298617123153375,1.2596821646764897,0.7999587515006895,0.5594420153770003,0.33324572275747627,0.3020102599224226,0.2929716287602838,0.5009404727395355
pilot_v1_00611,611,data\raw\audio\pilot_v1\pilot_v1_00611.wav,0.900831937789917,0.6870452761650085,0.13782499730587006,0.6691725254058838,0.41624969244003296,0.22192661464214325,0.5489363074302673,0.2595216631889343,-132.12279610288488,12.06374414941366,-3.3775694672885748,-1.098324691731662,-2.3174933903265016,-1.2624398436145197,-1.2167965268075498,-0.06536626769135737,0.333728727946972,0.3275319476230728,-0.7668547007769514,-0.5951169933333961,0.325006259902152,41.49280827001821,11.039112283286535,3.5327447262780134,1.123918622974397,2.196939776416697,1.1720747438177161,1.13784998787347,0.11888370466235273,0.31373390679520413,0.3109525360936822,0.7275865136542038,0.5623644167539582,0.31341298619749863
pilot_v1_00612,612,data\raw\audio\pilot_v1\pilot_v1_00612.wav,0.8679251074790955,0.4923129081726074,0.3399801254272461,0.5957702994346619,0.3849458694458008,0.3242240250110626,0.8594143986701965,0.3813953101634979,-134.76700205952113,20.681832400178184,1.600154253597219,-0.35675715057980945,-1.7297480624663288,-2.2683563707653076,-1.9930147279039536,-1.0973990012053,-0.07811807788990742,-0.05966596803454603,-0.7005868767113835,-0.7319441007452341,0.1365201266040678,28.83902650663628,14.239015777420574,2.6311063529609506,1.0752880585532776,1.2894648420912564,1.5108995236489051,1.2885412405072656,0.6953396117492181,0.24401287756546755,0.23740851283482017,0.45040142619267076,0.5200825086717822,0.17405861606694428
pilot_v1_00613,613,data\raw\audio\pilot_v1\pilot_v1_00613.wav,0.355389803647995,0.6223932504653931,0.7794280648231506,0.30107349157333374,0.15651482343673706,0.48632633686065674,0.46594879031181335,0.21740607917308807,-134.51718110521918,15.159178965598182,-3.939971435583538,-1.7790481790230495,-2.7318739194104946,-1.2880411745381373,-0.7573112735617037,0.13852476583591455,-0.2785943811204921,-0.8981698839757883,-1.5787059027641746,-1.3257980850964184,-0.7502638565724437,38.78591319684923,14.478143279989439,4.080681172150675,1.7463983812343473,2.64462244287833,1.2388751605948074,0.802532753468978,0.38474546892582395,0.3322397897664842,0.8844118100301834,1.5347735036716927,1.2778129181707973,0.7350231310537036
pilot_v1_00614,614,data\raw\audio\pilot_v1\pilot_v1_00614.wav,0.23948892951011658,0.4178524613380432,0.034837882965803146,0.5333647727966309,0.09800991415977478,0.32845091819763184,0.6528129577636719,0.1351088434457779,-158.27393288175153,11.763790850304824,8.046708038358021,2.0535512680309647,0.025624237944890414,-0.22688710831770065,0.18092471097319898,-0.11075724881975724,-0.46346158208909677,-0.7887387853692542,-1.3466914199484337,-2.2064960824886772,-2.79776270137037,16.375246714965442,11.644184591001528,7.909427833104387,2.030075365002853,0.393907388732536,0.2903615558829845,0.25813482228996343,0.2355711075296659,0.488724353605101,0.7870821789282126,1.3322086235349189,2.1911000708835027,2.792476560762258
pilot_v1_00615,615,data\raw\audio\pilot_v1\pilot_v1_00615.wav,0.7246952652931213,0.835688054561615,0.4953674077987671,0.08076272159814835,0.27001407742500305,0.1610613763332367,0.27187272906303406,0.2772224247455597,-131.63238107264675,4.99734077205522,-4.642851365413209,1.5620185426550832,-1.6036682649687457,-0.7500747549341655,-1.3413040706578832,-2.081492574260924,-2.5252944185279116,-1.6437739842990133,-1.1457596292187753,0.05504221367380785,0.3140491950764426,39.70332102192103,4.651568942535157,4.390916231005217,1.546615844420797,1.5467641203213571,0.6962216263820706,1.2554568826687529,1.875277904233121,2.2654900670869824,1.4715314761953153,1.0237878342788016,0.16425816001780966,0.3003350296249411
pilot_v1_00616,616,data\raw\audio\pilot_v1\pilot_v1_00616.wav,0.6543739438056946,0.5168420672416687,0.07188790291547775,0.3638561964035034,0.13940837979316711,0.20195497572422028,0.8384489417076111,0.3847425878047943,-125.90673119837683,20.49766654729818,-1.2378472808776733,0.680039854973074,-0.6550560701722986,-0.3490528223507496,-1.4639368134604402,-1.6934439468034765,-1.948419746908952,-1.458702405995157,-1.0460262793551485,-0.6778050119705833,-0.9878507676555774,33.14247094628606,13.312637267976328,2.4894544995429992,1.0762312033539767,0.7509671186333979,0.3961240050283382,0.9800865648268157,1.0798674005342093,1.2241667893514105,0.9057800659005194,0.6408921670106067,0.4147685661782104,0.5949576680220087
pilot_v1_00617,617,data\raw\audio\pilot_v1\pilot_v1_00617.wav,0.1379324048757553,0.668208658695221,0.40821048617362976,0.6142871379852295,0.31766510009765625,0.3859320282936096,0.43227559328079224,0.19882763922214508,-147.04235347134926,14.972754656510212,-2.3383798400425917,-2.3825355010561817,2.4855948286305796,0.26280697568975636,-0.7012068277559517,-0.20304554771591848,-0.19127902405029779,0.0948905113130175,-0.34158130851616325,-1.8942295299052683,-3.0315759928816224,27.426858301491894,14.737447693874266,3.181154569544466,2.4497941036383497,2.55479926913664,0.5343363677552049,0.780822460463498,0.27460899359936325,0.2585414121791876,0.23652825808984185,0.36560562272389946,1.8327328004719243,2.9330955200491626
pilot_v1_00618,618,data\raw\audio\pilot_v1\pilot_v1_00618.wav,0.26944732666015625,0.3251732289791107,0.3529272973537445,0.00411028228700161,0.42791032791137695,0.4506571292877197,0.648936927318573,0.10578516125679016,-160.66918964806223,8.900029455061421,6.192320725425251,1.8054861563849267,0.40439189792268626,-0.2594497612525719,-0.4621793435136627,-0.8218972847307643,-1.1001064372915474,-1.6570409241183346,-2.0721024534139185,-2.2380775528773023,-1.907712404997148,14.859355203231742,10.019457879410108,6.418063322269683,1.9524672729833161,0.8674642975885917,0.5927303487863335,0.5642796465546206,0.8787484317494403,1.1409616463371601,1.7038187224041703,2.1284223190838114,2.29327619632134,1.9278073546102603
pilot_v1_00619,619,data\raw\audio\pilot_v1\pilot_v1_00619.wav,0.7507473826408386,0.7215970158576965,0.7165814638137817,0.5067464709281921,0.20572645962238312,0.2613929510116577,0.2302897423505783,0.3135744631290436,-135.61529593143538,11.37005796754561,-4.89172673537218,-0.6362945300635404,-0.957103627901533,0.14673013899561296,-1.5753794442000915,-2.185726541625943,-1.9067508983923853,-0.7933900290339153,-0.6860372655969323,-0.27455561565865294,0.3325680848879778,34.00772956297252,9.522560332571409,4.5338305401657175,0.7585929155273435,1.0112931828724587,0.36008396442342744,1.3287109675240028,1.8325517583396842,1.5804607249079599,0.6518399104962623,0.5827339546393827,0.28493208386455493,0.3369812637093774
pilot_v1_00620,620,data\raw\audio\pilot_v1\pilot_v1_00620.wav,0.9711341857910156,0.38941454887390137,0.5175772905349731,0.38610267639160156,0.19932812452316284,0.18629777431488037,0.7659507989883423,0.15097731351852417,-148.58128773811737,16.420560514992076,3.4878768486394023,0.04281973378760168,0.11312793284426191,-1.0017967241363746,-0.761632725052552,-0.4374123789519917,-0.19609218098955597,-0.5910732631811337,-1.1428448927748243,-1.0514766566279852,-0.3224481075134114,25.754930786855102,16.103726365606672,3.493240718963487,0.4598353963836803,0.25902133746684075,1.032486726693149,0.7696458538624319,0.44289230834858045,0.2070599418294187,0.5807585795647292,1.119642161872081,1.028672024570353,0.3253977430710288
pilot_v1_00621,621,data\raw\audio\pilot_v1\pilot_v1_00621.wav,0.48569899797439575,0.7942931056022644,0.1507626622915268,0.13574039936065674,0.37172242999076843,0.3470325469970703,0.3594123423099518,0.3587646484375,-121.73554393128985,7.235152841152767,-6.222539842198556,0.42990833500463,-1.0993883771065096,-0.4625047567676542,-1.603262450702907,-1.1968987703942806,-1.4408642500028663,-0.956333550060349,-1.366220779393471,-1.6337636452779223,-2.3598195724162943,42.22008149037709,5.043842346466692,4.8614787718077395,0.42647474301467303,1.1044965540935765,0.4447879969613921,1.3124474851431014,0.9230583681607102,1.1243074982703292,0.7099697898069238,1.0035390523970873,1.1677780914790112,1.6812665188268663
pilot_v1_00622,622,data\raw\audio\pilot_v1\pilot_v1_00622.wav,0.10893554985523224,0.4520670175552368,0.6076315641403198,0.7459630370140076,0.28665512800216675,0.4663543701171875,0.9718738198280334,0.42978399991989136,-140.5468301047637,21.307074813453955,5.113329684276083,-1.7170823480592614,2.225201444148526,1.7593531267306466,-0.7426066312615305,-0.9887706930481026,-0.1384335922556493,-0.4973990716254779,-1.3307016959556988,-3.0088063328871195,-5.020463764095293,17.602681200234294,11.98930722864484,2.5550390276037214,1.938026290713786,1.6341662677258448,0.9929537001262423,1.1134239787650997,0.7833179931554144,0.36394414729454055,0.35769728967312886,0.5888382893081295,1.2948355140862133,2.2265898834392885
pilot_v1_00623,623,data\raw\audio\pilot_v1\pilot_v1_00623.wav,0.6217302083969116,0.5949715375900269,0.2744229733943939,0.24316664040088654,0.0578337162733078,0.3003323972225189,0.552811861038208,0.24387232959270477,-137.79037562816305,10.932270325148302,-4.167325081334803,0.7692599025782734,0.4139748149588928,0.692936929858597,-0.6630111852737671,-0.39429872249738934,-0.1208431120981195,0.4092353499040664,-0.49349815631323896,-1.7277914177367242,-3.231460796346488,34.757740195093135,10.17501771400926,4.222207285734266,0.8771546306163378,0.46480829002204554,0.6634283898420147,0.7043515893962897,0.42864445483594155,0.1500455757057942,0.4106636857917015,0.4682581676279242,1.6200730036678352,3.0328850046886955
pilot_v1_00624,624,data\raw\audio\pilot_v1\pilot_v1_00624.wav,0.5748381018638611,0.46907728910446167,0.44276365637779236,0.5531910061836243,0.40120893716812134,0.36179107427597046,0.313703715801239,0.4478127062320709,-140.9247915174498,15.04295301362359,0.9190036280334363,0.8166009512080908,2.1699025573866635,1.0191325956854038,-0.12578587881434436,-0.7286594107969825,-0.37012029048834155,-0.3473601579664604,-1.2516140476722624,-3.086349766767079,-4.842659675243884,18.810457699999223,8.295418651992584,2.9390770541715057,1.4182785985086,1.2026377784905384,0.46061298452190763,0.6115875661154735,0.651396023040709,0.2597345102120074,0.3443745660832675,0.4612002833113256,1.1776664951560691,1.9376687153423642
pilot_v1_00625,625,data\raw\audio\pilot_v1\pilot_v1_00625.wav,0.09329333901405334,0.5776758790016174,0.07517882436513901,0.0506926067173481,0.2292052060365677,0.17252616584300995,0.7077531814575195,0.24002836644649506,-152.2864326799773,16.269031003543898,6.320958141629297,-1.8364175240118703,-1.3043299406608413,0.6169171509460782,0.45967834313718825,-0.568558504655994,-0.23539709953423593,0.14830462352236243,-0.6002091065438441,-2.1844723998254834,-3.176749611628196,21.14555505727828,15.382509280825692,5.887787799031515,2.1278108830957,1.3087603000733756,0.7163087942618482,0.4685965434603733,0.6417082358192311,0.3060136714813565,0.3445464597197111,0.5995530978757035,2.0534093407869034,2.9759668191949937
pilot_v1_00626,626,data\raw\audio\pilot_v1\pilot_v1_00626.wav,0.4388411343097687,0.3728722929954529,0.7320550084114075,0.5669806003570557,0.11271001398563385,0.2908226549625397,0.5235325694084167,0.1575581580400467,-153.17786435713995,14.127707724416949,4.70142348681556,-0.04125345337474833,0.37507689604914785,-0.18684227748913637,-0.48899140674151986,-0.5698648233009497,-0.679377095719896,-0.8569240375294263,-0.9787473808650039,-1.0616047369001398,-1.2602140173795895,21.28013771184662,13.868335893590274,4.624397247112446,0.5749818294327559,0.4328994481571421,0.28212988175068554,0.511984859562474,0.5705154831105343,0.6733570412367643,0.8403964252965811,0.9598743487972151,1.0362532479663615,1.2308003473659284
pilot_v1_00627,627,data\raw\audio\pilot_v1\pilot_v1_00627.wav,0.9555264115333557,0.8121949434280396,0.39961427450180054,0.3166867196559906,0.34114083647727966,0.47480031847953796,0.9050593376159668,0.3434681296348572,-111.49888381524238,7.935845082416514,-5.543803465285281,-0.12732420726301305,-3.270346459558338,-2.6471237084813226,-1.772143674907246,0.09202965077446104,-0.2717064240506341,-0.4335665647576296,-1.4799105039706502,-0.688324824647013,0.1911928755996728,50.47337703855949,5.8677933559871525,4.369138819122344,0.559902219603232,2.493399280599612,1.9836873286788348,1.3561136304368973,0.1776950275987675,0.31958273089134037,0.36491990718591166,1.1162490304705726,0.521851912320143,0.18330049105575766
pilot_v1_00628,628,data\raw\audio\pilot_v1\pilot_v1_00628.wav,0.7976357936859131,0.3080812394618988,0.19748321175575256,0.19677570462226868,0.26005443930625916,0.37748828530311584,0.49127888679504395,0.11561558395624161,-155.0475964426417,12.8535542925276,4.942433911533035,0.17599031962890768,0.1598080680148958,-0.22754417255857715,-0.6048055757895091,-0.8360305758920946,-0.8470549639420336,-1.102305917110873,-0.8769244060619642,-0.44662330034709374,-0.06760197059661206,19.672622503291752,12.79605280709302,4.898137753039561,0.7173895595895368,0.4299645449543841,0.31098520121942863,0.6255694576094007,0.8327865934878712,0.8465943813500693,1.090393119159495,0.8708661720606622,0.4545710296669163,0.1648094694002886
pilot_v1_00629,629,data\raw\audio\pilot_v1\pilot_v1_00629.wav,0.2850855886936188,0.7389407753944397,0.5330111384391785,0.6993427872657776,0.08140702545642853,0.21146568655967712,0.8849143385887146,0.3015221953392029,-123.17513283387119,11.763997024381744,-5.152589491201796,-0.002698397405581326,-0.967169634504013,-0.10100677779182436,-1.5065406277451523,-0.9314700831522796,-1.2402752373616859,-1.454333765021214,-2.116907234185901,-1.8178351638613395,-1.862190560893998,44.66340877244096,10.005515502027512,4.698921246834509,0.4968196679215037,0.969936597006836,0.22419218748875763,1.3115117349526029,0.7916403623280485,1.0476080248366866,1.2223015239691775,1.7832799587977635,1.5334813598816466,1.5717489951799688
pilot_v1_00630,630,data\raw\audio\pilot_v1\pilot_v1_00630.wav,0.18479397892951965,0.5333362221717834,0.2777230441570282,0.18310056626796722,0.17272435128688812,0.2751653492450714,0.2962985336780548,0.40499013662338257,-153.9485985007875,12.669946969260682,7.9128665431801535,0.8629679106319753,-0.6803857052119843,-0.30179166302974536,0.38102368884169024,0.26817634712040356,0.01297816813462648,-0.5962718363347584,-1.6764824901454127,-3.0801824148910435,-4.050822416463841,12.82768808771908,8.787116458516094,5.0389407809724185,0.8881513342568895,0.9389107467915936,0.5133879161902667,0.35133012853916207,0.385761578908872,0.31507552018017715,0.39347654877347077,0.9885312615278228,1.7946766856565886,2.3746385630862226
pilot_v1_00631,631,data\raw\audio\pilot_v1\pilot_v1_00631.wav,0.6699856519699097,0.6503885388374329,0.6421695351600647,0.43323421478271484,0.3952988386154175,0.43590089678764343,0.6774594187736511,0.19720785319805145,-132.16722274806148,13.150363671681266,-3.8246017728455466,-1.3449018810884878,-2.028518094541253,-0.48497159095532577,-0.729579720005212,-0.5482045712055191,-1.0574416127298347,-0.7610476031054965,-0.6523583561684067,-0.42972229523770983,-0.7955053211281299,43.14492959799762,12.791839585255538,4.207607878913513,1.438553106614145,2.0265871600909833,0.5785297902181483,0.7415175334499363,0.5440033357054767,1.0579754382097368,0.7481854859861984,0.6315653370697815,0.4464904739719123,0.7690356821390456
pilot_v1_00632,632,data\raw\audio\pilot_v1\pilot_v1_00632.wav,0.7090531587600708,0.43467801809310913,0.21557576954364777,0.7156168818473816,0.21412627398967743,0.4986908435821533,0.40775248408317566,0.13143043220043182,-145.86750241386443,16.476717699144622,1.8975509315562844,0.34660301357178874,0.36681634961854287,-0.42029462837060666,-0.35542393845629133,-0.7807770918120172,-0.8840408581880778,-0.9388326015607129,-0.7142213962701768,-0.38560826075411025,-0.13281436766512777,28.70670027801547,16.223814487250092,2.2527425471906635,0.6470418066914477,0.47683196483537776,0.4895247532723208,0.36955734002211005,0.7764969456631774,0.8718269015711747,0.9255932583332372,0.7059668738390933,0.3884829350244362,0.15070099912076032
pilot_v1_00633,633,data\raw\audio\pilot_v1\pilot_v1_00633.wav,0.19259671866893768,0.8180736899375916,0.6542283892631531,0.263265997171402,0.44294804334640503,0.31079283356666565,0.8137044310569763,0.2954273521900177,-145.65233317901436,9.915430792062443,-2.6008624702706595,3.0003030653298826,1.084085908597654,-0.3328487508565105,0.6985482597002239,-0.22405447156968838,-0.4378315226089084,-0.19135506669970218,-1.2102410299833901,-2.5941904676068406,-3.0695053866215076,27.65243907711605,9.13583531508323,3.7115658011969432,3.1215947048258146,1.0840408015912404,0.5427646076999251,0.6416618268324059,0.5438729938397446,0.46311756016120686,0.3313953546669871,1.0468166871977806,2.2610890745216365,2.6738944766092865
pilot_v1_00634,634,data\raw\audio\pilot_v1\pilot_v1_00634.wav,0.3397819399833679,0.4760894179344177,0.10963396728038788,0.40162593126296997,0.30301541090011597,0.15394280850887299,0.20505692064762115,0.36593326926231384,-149.4953754804827,14.72849644332533,3.7281703998013316,-1.187367202979723,-0.8818810455021295,-1.119648566219771,-1.2719722310066308,-1.3438383012323685,-1.2465874921494877,-1.5033714660536108,-1.4057228661138246,-1.475571684019192,-1.4677552486500733,19.98332526079201,11.658827230763409,3.0948691004781876,1.5554461343140635,0.944412986449243,0.9648258740838989,1.0068294097196913,1.016711341559197,0.9282731037442454,1.0964689387979212,1.0037572390943057,1.0271473570360692,1.0058368970311988
pilot_v1_00635,635,data\raw\audio\pilot_v1\pilot_v1_00635.wav,0.8210673332214355,0.6404798030853271,0.5709550976753235,0.10704360157251358,0.1306205838918686,0.3365536034107208,0.6235350370407104,0.22381068766117096,-132.03665480973274,14.470091387461792,-4.457643225104642,-2.2154078859289603,-2.8049494111359516,-0.8899318222623092,-1.0353181687644726,-0.640091297802823,-0.9574126054133154,-0.7491611889191381,-1.049035853948856,-0.6719841238142791,-0.18719176934818957,40.77055387139543,13.707126841813976,4.4838084024492035,2.1867603861202025,2.6955388172144783,0.8815789255866062,1.0215235317144347,0.6158898528292905,0.9164997622645896,0.7154089818725166,0.9918720140410257,0.6378397240353646,0.1898119738692695
pilot_v1_00636,636,data\raw\audio\pilot_v1\pilot_v1_00636.wav,0.9164703488349915,0.5489497184753418,0.7699840068817139,0.03437343239784241,0.07443356513977051,0.41731780767440796,0.3849133253097534,0.4116368591785431,-133.95161957730733,20.71145379237612,-0.32138738024977914,-3.8086183020627487,-4.452189465335395,-4.613011469723467,-3.436853786939627,-1.5966425411708902,0.40493289533399596,0.5303884861429119,-0.6191755870411161,-1.0042902948252936,-0.014423031120846816,25.19819943433545,12.709069453828711,2.6493982822184443,2.4427476733026565,2.400511328990497,2.44219979068144,1.796939864276726,0.8643445545694933,0.39188691615772087,0.4659111919625879,0.6276451885002012,0.7232489965426728,0.23439274658417744
pilot_v1_00637,637,data\raw\audio\pilot_v1\pilot_v1_00637.wav,0.43101930618286133,0.704607367515564,0.3117738366127014,0.48674720525741577,0.296617716550827,0.24992765486240387,0.7912799119949341,0.2695176303386688,-124.06240430752499,11.422270177979552,-4.651809068730711,-0.6152082282151103,-1.7343525323042805,-0.5922946937882384,-1.414088368468967,-0.9913361969431541,-1.2636078355064242,-0.8583469943348877,-1.086510102940201,-0.9761982923445763,-1.325160972759037,46.883676108344616,10.196189827604012,4.520729129970493,0.6515651505381257,1.627205822033307,0.5607447317142507,1.2864990358622157,0.8909457752337342,1.1320707979924864,0.7687715061190481,0.9668438545967462,0.8688266526363697,1.1820478504981629
pilot_v1_00638,638,data\raw\audio\pilot_v1\pilot_v1_00638.wav,0.03861607238650322,0.3612840175628662,0.4548320174217224,0.34843310713768005,0.3613726496696472,0.23535585403442383,0.5774574279785156,0.17596037685871124,-161.0387082471316,9.14608012162217,7.696300802942572,2.8340222027079762,0.47728034239729505,-0.3915481540413525,0.03795386065944809,-0.01347312868298803,-0.35419261696194887,-0.9346354407580905,-1.4514208099808024,-2.057393567186891,-2.6276543839717212,13.67638974069956,9.402575505860057,7.6735147102471455,2.7691260100599746,0.7171161872546775,0.6338950021086487,0.23250798820367788,0.2592730955334714,0.39782281013731047,0.9305354560605867,1.4260308959021537,2.017099165975868,2.588659136317146
pilot_v1_00639,639,data\raw\audio\pilot_v1\pilot_v1_00639.wav,0.5513951182365417,0.7534050941467285,0.013015929609537125,0.6429009437561035,0.1831153929233551,0.39745891094207764,0.9963005185127258,0.33995527029037476,-114.01908042972512,6.576518142167245,-6.418800328004186,1.2392967504822832,0.5438490329318753,1.091256648655793,-0.7507275079476348,-0.40550860481032097,-0.30814902571328195,0.2865665624221851,-0.7353163951278604,-2.0618594157721386,-3.721705817719745,47.971415773157965,5.146507437883225,5.0324145235094715,0.9674516412453397,0.42489331327750496,0.8318844141463264,0.6333295276227335,0.3280425486893111,0.25008570479069164,0.26292126818078293,0.5546215387381915,1.5561829565950438,2.817306655693571
pilot_v1_00640,640,data\raw\audio\pilot_v1\pilot_v1_00640.wav,0.5496222376823425,0.44586819410324097,0.7586884498596191,0.32488739490509033,0.38055500388145447,0.3012913167476654,0.20999620854854584,0.2814290225505829,-154.42334724596859,10.267868208536296,2.1415078761384048,0.6094932958130445,1.6408518517341208,0.8409043860956903,-0.07253001761637397,-0.5499678327070701,-0.4194966589637219,-0.444496346982751,-1.0226623967627233,-2.1118956730916842,-3.129744200208855,20.040463931870452,10.020948956135156,2.665306044711661,1.1621144983089973,1.6068715903066455,0.8221468312068877,0.3445633428488505,0.6570233851275146,0.40370850746770065,0.46611149130927587,0.9261028399299003,1.8919858784304764,2.833140190085284
pilot_v1_00641,641,data\raw\audio\pilot_v1\pilot_v1_00641.wav,0.033181190490722656,0.6016654372215271,0.3231242597103119,0.572685956954956,0.15308097004890442,0.4620271325111389,0.6161543130874634,0.13929644227027893,-150.01665737549177,16.502752777107194,2.742727399689225,-2.902315487235828,0.8474982190396478,1.4812607360737486,-0.572498259317977,-0.9120044315353353,0.1881130658983984,0.021729213420349853,-0.7802283744324857,-1.754386495877041,-2.9709175183692835,24.354078505394412,16.23688522005878,2.9268869665372357,2.9308374986541508,0.9378469708767473,1.4927069694566906,0.6463175859188313,0.9175206899773197,0.2961799057271033,0.20280013119545878,0.7774958988883074,1.7387265996256487,2.950608153529274
pilot_v1_00642,642,data\raw\audio\pilot_v1\pilot_v1_00642.wav,0.4366985559463501,0.3961147964000702,0.46612560749053955,0.057678382843732834,0.0928366407752037,0.35131967067718506,0.4026331603527069,0.2104652374982834,-153.13476069293702,13.587109491704334,3.9970377186367707,-0.4888593491108441,-0.10627859174880593,-0.7487152354995895,-1.1237422508993316,-1.3283110722201077,-1.390311937512753,-1.5513789999768466,-1.5445296371718873,-1.6181614661809494,-1.753175562480138,21.132541430531894,13.187004260742473,3.9128845400839247,0.9639848091975708,0.3765161256330306,0.7958898627244939,1.110901486861393,1.2912917903168342,1.343290736380824,1.5009300791714915,1.4848976226309503,1.5588618943733343,1.6877208526422087
pilot_v1_00643,643,data\raw\audio\pilot_v1\pilot_v1_00643.wav,0.9179990887641907,0.7881048321723938,0.001667320728302002,0.5571786761283875,0.26423758268356323,0.18529662489891052,0.8212651610374451,0.374473512172699,-108.64182339785482,11.10810925763891,-4.176231134325195,-0.6387899233183023,-3.0102184959172686,-1.912663111246,-1.7998885046007937,0.002215111236298676,0.5341972077635808,0.35631887644085875,-1.1888015075380791,-0.8420190358818775,0.5037513650969934,46.76712856744341,7.176508339768679,3.0306736878185516,0.44605340137889965,2.027644227135311,1.244679853047505,1.202545683455438,0.12544403821550842,0.3725572757270334,0.2518239583964322,0.7763443546083707,0.5429168682585322,0.3244421445998983
pilot_v1_00644,644,data\raw\audio\pilot_v1\pilot_v1_00644.wav,0.8268626928329468,0.33133211731910706,0.2010880410671234,0.4251365661621094,0.3330528736114502,0.26230373978614807,0.58249431848526,0.2555086314678192,-152.77369048624035,14.115048909784793,4.903697358890863,0.14123392810543062,0.35268246161802735,-0.30911309056188224,-0.555292760413126,-0.559225187337239,-0.6353026815967106,-0.8499263648231173,-0.8959904778465062,-0.5198209185375788,-0.012081780284727322,20.884498296098492,13.493583186345885,4.580904708217323,0.91729802636229,0.4600827170421979,0.40136809490810843,0.5715744167883624,0.54270925713163,0.597725444643926,0.7888480915189571,0.8343988562838232,0.4876172757909308,0.17400751997607708
pilot_v1_00645,645,data\raw\audio\pilot_v1\pilot_v1_00645.wav,0.3414270281791687,0.7148590087890625,0.6686610579490662,0.1772693246603012,0.111435167491436,0.4462817907333374,0.9890175461769104,0.4195135533809662,-106.43846945082691,16.673989459873912,-9.114873122836903,-2.287681511773221,-1.7134482329687017,-0.07646819746550237,-2.5384191491009696,-2.5316649473787516,-1.7380357446233274,-0.8418957020090517,-1.9809944257895866,-2.177057968687318,-1.9346879169206115,37.56546831503255,8.29040429194938,4.993373812025868,1.4368768533070695,1.1725383276957049,0.4886457724230073,1.3122175303876094,1.2819227228773786,0.8640763875285135,0.45123058753060524,0.9521883087857014,1.0440989182123148,0.9080348966646272
pilot_v1_00646,646,data\raw\audio\pilot_v1\pilot_v1_00646.wav,0.1907075047492981,0.5101187825202942,0.12411969155073166,0.6922311186790466,0.2465033382177353,0.3903525471687317,0.3796963393688202,0.32662051916122437,-151.92000057224274,14.485179153180685,4.442433984107652,-1.685043030883024,0.6011613796306003,1.3657218121445893,-0.10274568648007093,-0.9598187060167106,-0.17860585365127793,-0.0638542805441501,-0.9245674534412712,-2.2647202191489266,-3.4526680926991924,19.147186772259964,12.515946607875394,3.6356967910579185,1.9974806629329902,0.8457462946838424,1.247209053607281,0.6176329816681543,0.9419391480855646,0.30721595144492814,0.31579862874196435,0.7381438860936409,1.8213006087188557,2.798965557196403
pilot_v1_00647,647,data\raw\audio\pilot_v1\pilot_v1_00647.wav,0.7035017013549805,0.6743696928024292,0.5565242171287537,0.19289104640483856,0.4245479702949524,0.20108743011951447,0.7987430095672607,0.18448995053768158,-133.26912283901353,12.002721667331913,-4.626396815774895,-1.4867997335361194,-1.5136698454525066,-0.07993750130842188,-0.9322257182716817,-1.3458742429258286,-1.8334024114680496,-1.102602575247962,-0.5867788612946992,-0.13235909406017915,-0.3733256339916586,42.64100890450757,11.777453323175616,4.9564141144648985,1.6099632122505392,1.5613858584533684,0.37228496089566326,0.943855954329336,1.3349749259134025,1.81813602586983,1.086871343508461,0.5781307459725901,0.178418455603839,0.3663753217583081
pilot_v1_00648,648,data\raw\audio\pilot_v1\pilot_v1_00648.wav,0.6644303798675537,0.41165369749069214,0.1861697882413864,0.11265605688095093,0.1910293996334076,0.1654372662305832,0.5161550045013428,0.24787300825119019,-148.78974615004043,15.389887590367891,2.7717315000592047,0.023498992044463166,0.6537062948815259,-0.5145459569135367,-0.8367688172629367,-1.3763082896532046,-1.5463524504736081,-1.4391445312862297,-1.0641798230991293,-0.8036168150532393,-0.8074424549971172,24.34186007299057,14.425059460906413,2.691005272066351,0.5681464437080183,0.626721455168606,0.5468236155292528,0.8045682973550549,1.2872318209406695,1.442010411944686,1.3378003692183038,0.9831885130810692,0.7434605495941777,0.7459587344917477
pilot_v1_00649,649,data\raw\audio\pilot_v1\pilot_v1_00649.wav,0.18290098011493683,0.84238201379776,0.5443673729896545,0.40991657972335815,0.36282145977020264,0.3275398910045624,0.9099955558776855,0.43379297852516174,-129.81875356680388,15.857077708521421,-1.9444294619873437,3.788647990576938,0.25727827373335693,-0.028489960340264936,0.0668512786898995,-0.24928179014468102,0.3682762525421614,-0.17539903550821262,-1.9929511481679032,-3.7882385897733077,-4.800571822546901,24.198045727646097,7.7834239619085075,3.430204426705797,2.6029098710836798,0.8563044295009138,0.568525299597367,0.45845370756979603,0.5313169632050897,0.2397507619239551,0.2761561504624191,0.8205642927422098,1.5778675900640613,2.0129323082310595
pilot_v1_00650,650,data\raw\audio\pilot_v1\pilot_v1_00650.wav,0.28673455119132996,0.49901318550109863,0.2890354096889496,0.26698052883148193,0.27913951873779297,0.4871937930583954,0.3212675452232361,0.3520297408103943,-144.6141198638052,17.677683891386213,3.3145935470070547,-0.43006025684612714,-0.18895755278248572,-0.9778990922606399,-0.840482239477451,-1.1954973962851245,-1.5405311342274581,-2.0494496106515174,-2.3589411880027855,-2.3057061478431407,-1.9252763604648186,24.325823220383317,14.372345729543602,3.0789641330685873,1.1522167510572294,0.5685622133303255,0.8583022469272983,0.6858158512968591,0.9190015032068792,1.146588806990383,1.5127300050542274,1.7379410548455831,1.686538454346923,1.3878445610392762
pilot_v1_00651,651,data\raw\audio\pilot_v1\pilot_v1_00651.wav,0.8034349679946899,0.6162049174308777,0.6308144927024841,0.7228786945343018,0.05127456784248352,0.3198038935661316,0.7026307582855225,0.1442340761423111,-132.75925731585812,14.39667041237844,-2.6671760598042553,-0.294802275023198,-1.8938010629528195,-0.8062347165759551,-1.178753474516552,-0.6150796997920354,-0.8234888896549378,-0.581877905574771,-0.7051074631801724,-0.23531273087951046,0.1566098433867376,41.265063941430085,14.127115758161834,2.806608370762338,0.5526018347253179,1.9288109853900157,0.8292309676040666,1.1725656781623037,0.6156255710735353,0.818415864111904,0.576715682976854,0.6955236756149691,0.2475621739122046,0.17022630239818962
pilot_v1_00652,652,data\raw\audio\pilot_v1\pilot_v1_00652.wav,0.9570513367652893,0.5718482732772827,0.42829471826553345,0.6373457312583923,0.14518436789512634,0.22625434398651123,0.28901854157447815,0.309377521276474,-143.96978071439395,15.582147035980203,-0.5403052623544962,-2.0127546725086614,-2.1439363693782814,-2.4424528043622185,-1.5793983765616122,-0.5969505288883697,0.6714841251590709,0.6044821172893221,-0.507775992574217,-0.858676398829008,0.27334182839031623,26.62730719759023,13.319254587711384,1.4507165125551078,1.899392645821156,1.8441884795280419,2.0595564136511735,1.3164621266058893,0.5071162211287541,0.5803675915074834,0.5212539465253999,0.4849152080806942,0.7589051129598057,0.3048965616890182
pilot_v1_00653,653,data\raw\audio\pilot_v1\pilot_v1_00653.wav,0.44451650977134705,0.6803072690963745,0.08960513025522232,0.34006232023239136,0.32283884286880493,0.4088648855686188,0.682493269443512,0.10158521682024002,-128.73906013125347,10.922654509307343,-4.138536552527179,-0.5222778124960414,-1.6047200725313917,-0.6169683022164569,-1.3738224134470742,-0.9775932717995401,-1.2555097239148043,-0.912133646237149,-1.110851574150067,-1.0337099375573446,-1.400777861028663,46.2752199993173,10.76871616308397,4.36089005529818,0.6877207945923307,1.6384361172808546,0.6467885283111663,1.3873569096139229,0.9831201369982057,1.2538397710690918,0.9038640042382919,1.104858764427566,1.0257345223507637,1.3850399642015625
pilot_v1_00654,654,data\raw\audio\pilot_v1\pilot_v1_00654.wav,0.08786223828792572,0.3382848799228668,0.7465229034423828,0.4829525947570801,0.43134447932243347,0.42642202973365784,0.4987449645996094,0.20575878024101257,-161.88270297295696,8.110767497535132,7.167869375657866,2.896094727989258,0.7811353501303678,-0.09969359807680507,-0.02021038387895387,-0.16260999253700104,-0.46204618250620966,-0.9669631618912795,-1.3570148815288947,-1.9324124937414922,-2.620657812847088,12.987767874371018,8.859790903647738,7.304446540122489,2.816029737094538,0.960806070419197,0.5060748430029282,0.24446585356602293,0.3004522210756472,0.5130952591113972,0.9792374033542979,1.339431980363116,1.8956173681720225,2.5670264033404813
pilot_v1_00655,655,data\raw\audio\pilot_v1\pilot_v1_00655.wav,0.5730690360069275,0.777738630771637,0.3851892054080963,0.02716887556016445,0.21011705696582794,0.23852437734603882,0.8796943426132202,0.39167675375938416,-110.00414534222499,5.053618346791716,-9.089464800927752,2.4062024528838477,1.6215153947673386,1.0327990102517413,-1.2201862246166841,-0.3914483939007637,-0.2737301216883709,0.47351656727380564,-0.6421655712921933,-2.3649421103174575,-4.455579782434648,42.21006616263733,3.4699947519710466,5.713655840012121,1.5281662966509573,0.9602194978258226,0.6855903715618954,0.830106497924164,0.2932310261233098,0.2011534529159731,0.38519931400467056,0.37880418722928183,1.4258502160898117,2.703682281296034
pilot_v1_00656,656,data\raw\audio\pilot_v1\pilot_v1_00656.wav,0.619957447052002,0.35509154200553894,0.5038724541664124,0.6755292415618896,0.2558409571647644,0.40106117725372314,0.6406773924827576,0.1902887225151062,-153.7597605778378,11.308367774080667,2.0299964390745218,0.692639347817225,2.1263926430154987,0.6364893378910418,-0.25406582733622923,-0.6524701647173651,-0.4767553385064598,-0.3801546616571527,-0.8870014316381866,-1.9928544917995008,-3.0672199810082685,20.605888232613523,11.069219481660099,2.2313031435577773,0.8097777443507895,2.0758359668975874,0.6324828795226773,0.32115384898668153,0.6803536926202659,0.4904410190726171,0.39645902417831935,0.8607895010164595,1.9351091801851634,2.9850993922752873
pilot_v1_00657,657,data\raw\audio\pilot_v1\pilot_v1_00657.wav,0.10350054502487183,0.760109543800354,0.16441267728805542,0.21985968947410583,0.07779581099748611,0.23367203772068024,0.23474068939685822,0.39808937907218933,-151.01603187619364,13.736764186389046,4.511161515322575,-2.4861932629203842,-0.6290374318264531,1.3663018437769499,0.08526384970772104,-0.5536573896346388,0.06153068518267703,0.0406481148557458,-0.9844128696959026,-2.5694029994037964,-3.955835252395256,15.810402679125918,9.248351117063368,2.7799982703057755,2.3427493477008188,0.6943045189745831,1.227030304619137,0.5537502177013635,0.7953878852135512,0.2551529642123817,0.3670986991990962,0.5928307455680664,1.585648397449806,2.4813391418097464
pilot_v1_00658,658,data\raw\audio\pilot_v1\pilot_v1_00658.wav,0.49137812852859497,0.5556394457817078,0.6213376522064209,0.456318199634552,0.16772772371768951,0.2515709400177002,0.8464979529380798,0.3057071268558502,-132.25337359287087,15.124976175918494,-3.030080409718778,0.4934239003330989,-0.5411360665748745,-0.3045968465290946,-1.5717940895544524,-1.3027950080182047,-1.0674591599021586,-0.4045300044834028,-0.6663704862613324,-1.2416670337463616,-2.247764248753486,36.650014351688036,12.771499445577613,3.163242690508339,0.756755970099773,0.6926768858410368,0.32966251955126474,1.3546777264757004,1.1060658366702951,0.9119638508638528,0.34291904735074896,0.554562383072726,1.0320908262027362,1.866810249408851
pilot_v1_00659,659,data\raw\audio\pilot_v1\pilot_v1_00659.wav,0.9726630449295044,0.6984127759933472,0.26077190041542053,0.15928702056407928,0.38934579491615295,0.4136729836463928,0.4280351400375366,0.11978214234113693,-131.47654288692758,10.869611325690528,-4.51584849404119,-1.630179278850883,-2.5553117832137318,-1.2753858206730353,-1.4993587107284,-0.4131726312750784,-0.20981928447895168,-0.11988428439883142,-1.0550874245007194,-0.8018465569924176,0.010711542321285822,44.437097796602956,10.733686672394015,4.764430871485179,1.6933945727457294,2.568802439979212,1.277590152570598,1.5055999349477867,0.4286508514339,0.2545646660303575,0.13911057258695847,1.0532240553446104,0.7947843532270015,0.0682516423756157
pilot_v1_00660,660,data\raw\audio\pilot_v1\pilot_v1_00660.wav,0.7565428614616394,0.48225462436676025,0.06137518957257271,0.07448612153530121,0.4079451262950897,0.340289443731308,0.9635165333747864,0.3502364158630371,-136.08565449823365,18.829031865843408,0.9343584950070402,0.5584707873200788,-0.4371771125213044,-0.6827701334066056,-1.4632913540287555,-2.0705483011834698,-2.3232120748724414,-1.9332675210720154,-1.0204740969044939,0.05918481071497145,0.6333591866250903,31.440198862898917,14.575292196362783,2.534948820451628,1.0723511966699668,0.6471616501637852,0.58830695775428,1.1090009162403627,1.5374659635498453,1.713254325091867,1.4163680697426924,0.7417018978224282,0.13512184328273963,0.5130996961065265
pilot_v1_00661,661,data\raw\audio\pilot_v1\pilot_v1_00661.wav,0.2710922956466675,0.6337523460388184,0.4187782108783722,0.5301327705383301,0.2365436553955078,0.1523924171924591,0.5571652054786682,0.1643133908510208,-142.73295027734036,14.70068939680058,-2.09487145645223,-1.1390556810472388,-0.924451985824502,-0.33206216725768656,-0.1906284536437835,-0.6567993965406359,-1.1955761217924128,-1.8467391315971495,-2.171407779417621,-2.1917461799710183,-1.8658008401883808,31.585012211296707,14.386903805472201,2.8134153706666076,1.2742496129959362,1.000352177137904,0.47505985286424035,0.3359227441889336,0.6763846001928637,1.1787920765961557,1.8113250669924157,2.122946445969592,2.1431752021878547,1.824532403973068
pilot_v1_00662,662,data\raw\audio\pilot_v1\pilot_v1_00662.wav,0.13604307174682617,0.4279441833496094,0.36344125866889954,0.2936284840106964,0.12178808450698853,0.3123881220817566,0.7740974426269531,0.23599430918693542,-154.1842112980424,14.752280771751355,7.1772101650599325,-0.0001133616114949018,-0.2771725282682414,0.8258802880063598,0.5017667191280261,-0.7713711280441908,-0.7436850579036808,-0.31810392692855793,-0.7388162704297706,-2.1110749112314804,-3.2600815840521475,19.44043823779093,13.965037518734354,6.705437534524223,0.8498862226983078,0.46623761374363387,0.8347823174159451,0.5096163718202206,0.7905123256168571,0.7195366673745662,0.3819938537448304,0.7050642561605244,1.9861067278557203,3.0818693594870976
pilot_v1_00663,663,data\raw\audio\pilot_v1\pilot_v1_00663.wav,0.6488226056098938,0.8242284059524536,0.7060126662254333,0.5907741189002991,0.3492624759674072,0.49499788880348206,0.3552696108818054,0.4437916576862335,-101.85464276000158,8.975901238501912,-7.173162356924896,1.119225632894913,-1.3009496507712257,-0.783862061626678,-1.850371902700442,-1.846618313940619,-2.788963570226065,-1.5924639590748657,-1.4226764694350167,-1.0760110854703504,-1.3468329919475635,35.68766910892992,2.94632334634174,3.2532678394914556,0.5645888377691118,1.0005492044267457,0.43675700445614085,0.9471924100143989,0.7852015713761691,1.1344526048773491,0.6476750126516032,0.5690750718124619,0.38613338614945925,0.49082652389277315
pilot_v1_00664,664,data\raw\audio\pilot_v1\pilot_v1_00664.wav,0.7191401124000549,0.5271437168121338,0.32629385590553284,0.5098312497138977,0.06631223857402802,0.4374513328075409,0.9347383379936218,0.3331986963748932,-128.06867751478723,19.972131654457495,-0.8482631950698084,0.17883091890568947,-1.5409723964158182,-0.7735888030424697,-1.280120481955836,-1.0338402939976283,-1.242715962368867,-0.9608871196095731,-0.7543983374487777,-0.18151924719505083,0.05473119472396943,37.66631041445606,15.679739512863213,2.036473223445932,0.824924600437998,1.3412898864440612,0.6852478279273855,1.0178643639573888,0.8078649770487886,0.9579935027658925,0.7391740641060333,0.5746902341283358,0.1842332854480281,0.10443636369690633
pilot_v1_00665,665,data\raw\audio\pilot_v1\pilot_v1_00665.wav,0.2375958114862442,0.6570929288864136,0.7930715084075928,0.010559885762631893,0.28753939270973206,0.2714290916919708,0.5406797528266907,0.16919612884521484,-151.80116812048385,12.188431347494692,-0.963777470125729,-2.524568753589299,1.7101415483235458,1.8161855975165127,0.7638237710920895,-0.4206397869207476,-1.0874294126320194,-0.9822348789090872,-0.8048833010482054,-1.5917035560524795,-2.7188079856973033,22.76150224515454,12.043439096718759,1.9371219898618994,2.612910165993422,1.8849904063114595,1.897040805876269,0.8341490090535241,0.5561776022753433,1.1472742777447713,0.986330758530777,0.8320125954387789,1.5685099166973206,2.6842849823398107
pilot_v1_00666,666,data\raw\audio\pilot_v1\pilot_v1_00666.wav,0.3570386469364166,0.31477099657058716,0.04852595180273056,0.6190873980522156,0.3540337085723877,0.21515806019306183,0.728034496307373,0.27354001998901367,-152.5487784487179,14.13244117728913,4.666578588292852,-0.032329789201436844,0.2942865327873865,-0.3692970923965494,-0.6185644905469043,-0.7414167950330856,-0.8302034192274812,-1.029452665451815,-1.0240354142738266,-1.1075548819765126,-1.0960007614314142,20.80760861496786,13.423728521234091,4.276965733442036,0.9617981863716897,0.4406668656909354,0.4367983886871326,0.6154402585103723,0.7005478174580257,0.7627945061639015,0.9339317317821932,0.9229637428099616,0.9930301195950527,0.9791685526065529
pilot_v1_00667,667,data\raw\audio\pilot_v1\pilot_v1_00667.wav,0.8737244009971619,0.7327461838722229,0.48172199726104736,0.3715170919895172,0.17637965083122253,0.3758932650089264,0.34649860858917236,0.4156669080257416,-118.14721234319964,14.548606225756355,-7.2346347980540475,-2.386344265731824,-3.222037421854245,-1.719525303372771,-2.4208134192471404,-0.7478861796132839,-0.021569164079732563,-0.013102913463609972,-1.517794340726661,-1.080187519625887,0.14251136193809036,34.398276370898884,7.4882585190839395,4.485294959556865,1.379578940706146,1.8222732918959226,0.8677844386716044,1.2605402082347175,0.4618888057157284,0.3403452267508712,0.21698414064938773,0.789394128211021,0.5495513933592165,0.17591571682416518
pilot_v1_00668,668,data\raw\audio\pilot_v1\pilot_v1_00668.wav,0.9023569822311401,0.3790374994277954,0.6842665672302246,0.2402077615261078,0.22007961571216583,0.47648438811302185,0.6571632027626038,0.23072080314159393,-148.6840930283373,16.51628335205871,3.93349732471173,-0.1472259481723315,-0.12675541793758602,-1.1599771192886523,-0.90357977983037,-0.5439382084472633,-0.392269076791104,-0.8801690095721082,-1.4586388459936173,-1.270463579935256,-0.5472518074692736,24.920637001378168,15.753641368681436,3.804890846124127,0.7140284149263298,0.285993024929671,1.1457864734386412,0.8804802203946531,0.5312206873915806,0.3947001884853564,0.8362375154724043,1.3820402175816107,1.192960697487445,0.5249261281068428
pilot_v1_00669,669,data\raw\audio\pilot_v1\pilot_v1_00669.wav,0.3898063004016876,0.805467426776886,0.24793142080307007,0.739410400390625,0.44794437289237976,0.2872197926044464,0.2635185420513153,0.37284570932388306,-122.76367410359548,9.510113352352677,-4.802135159489036,-0.5960079904150181,-2.3785782880678634,-1.3110032363106479,-1.7868470201635365,-1.2434932605869344,-1.5948617823843607,-1.2991208583559388,-1.4983360945487147,-1.3413056050235204,-1.630535018393545,41.763013654664725,6.346023424934106,3.7855523800652273,0.6912996576810935,1.86696972525471,1.025218403620319,1.3431036827017009,0.9228346608379286,1.1479822067086367,0.9080527172641459,1.0393850341946438,0.9069622347683862,1.0898245223809768
pilot_v1_00670,670,data\raw\audio\pilot_v1\pilot_v1_00670.wav,0.017573282122612,0.4623434543609619,0.5909408330917358,0.1308371126651764,0.30662617087364197,0.17617057263851166,0.8552685379981995,0.29125145077705383,-157.21830764534806,12.811699814409844,10.144155198862101,3.6362035228012584,0.3712233671927366,-0.7282874879844569,-0.16711625062022745,-0.07280976389000045,-0.4307295145846592,-1.128414861237413,-1.627708374920972,-2.2424237334282555,-2.9464778224630503,15.456556004641508,11.692400796356296,8.957181629815064,3.1297509075693504,0.7937588609468965,0.8595667933325156,0.2940189858424286,0.2792673360663728,0.42037032298313065,0.9819267326736238,1.4055457763256032,1.938430095798593,2.544377315451838
pilot_v1_00671,671,data\raw\audio\pilot_v1\pilot_v1_00671.wav,0.5027644634246826,0.5838306546211243,0.12724962830543518,0.3785676658153534,0.13483454287052155,0.3601478636264801,0.4740985035896301,0.12725219130516052,-139.94835920434593,10.561620291476446,-3.7274268746481733,1.0354978843119451,0.5646260964442688,0.7321806834101607,-0.6370790131918133,-0.46496564497263987,-0.1636084313087325,0.27957860324071193,-0.48203241126642055,-1.7240585641182054,-3.0866293158169085,34.34634997978261,10.486206181276616,3.8517980411301154,1.0569998290393194,0.568908427579243,0.7352015469799408,0.6414773613432324,0.46541937798434146,0.17509957438030174,0.3306807650592815,0.4756902181846296,1.7099209720064892,3.0725727558311178
pilot_v1_00672,672,data\raw\audio\pilot_v1\pilot_v1_00672.wav,0.5219441056251526,0.3915708363056183,0.2784537076950073,0.5987556576728821,0.41810256242752075,0.37146106362342834,0.8319640159606934,0.1750306636095047,-152.46527302026905,10.936942799639658,0.9969161535646297,0.9942020610780123,1.7446547515863107,0.5598670444606032,-0.17064797596563977,-0.6369712571040266,-0.3412540225540301,-0.2904646307047983,-0.8210829256206674,-1.950615471822627,-2.9960977564558724,23.351448893225722,11.433210426699418,2.1636634833511517,1.253431141644522,1.812532263150961,0.5845271289669145,0.3912934541447521,0.7463244447908737,0.3635888333244772,0.36666410443868014,0.8190473963171305,1.9253655022688114,2.986437724417901
pilot_v1_00673,673,data\raw\audio\pilot_v1\pilot_v1_00673.wav,0.005197872407734394,0.7921538949012756,0.6397885084152222,0.2870989739894867,0.24044817686080933,0.20935901999473572,0.4379364848136902,0.33915606141090393,-158.31718495202966,10.591048312535188,8.687586058839322,2.842482993640565,0.3017910688134971,-0.29731885636020283,0.41220526262496265,0.21853183731932155,-0.3778100402538912,-1.3246943882304392,-1.9518370756241468,-2.56625674894762,-3.151404274707427,12.981275907372869,8.940209440551024,7.015204902908759,2.1883778403288674,0.7156546369275354,0.5894643248171796,0.4257949807396146,0.32947067376385925,0.3777961777084705,1.0593253044194182,1.5281113484611146,1.982160298933878,2.4247007053275804
pilot_v1_00674,674,data\raw\audio\pilot_v1\pilot_v1_00674.wav,0.40187573432922363,0.44990962743759155,0.19673067331314087,0.5191614031791687,0.10538075119256973,0.2758839428424835,0.6308491230010986,0.4098322093486786,-134.70423519595707,22.01782261556814,2.355820459906462,-0.44762894729669717,-0.5405943348924497,-1.3384310314406214,-1.0419371312748484,-1.43838662141003,-1.3772490605277827,-1.5276630916840295,-1.4743403764588232,-1.5128083801624883,-1.6349212918537337,24.203081658631003,13.313971165728438,2.516061465590149,0.954437872857981,0.6228105072814939,0.8689541133877011,0.6399665667786081,0.8121356801210439,0.7612889347717807,0.8144648724531017,0.7739343288672835,0.7787258039653813,0.8285356592262276
pilot_v1_00675,675,data\raw\audio\pilot_v1\pilot_v1_00675.wav,0.8834814429283142,0.5971124172210693,0.5354214906692505,0.08397690206766129,0.32660824060440063,0.44327312707901,0.24929922819137573,0.2675824761390686,-138.5186155818774,14.979855226839033,-2.6006622033489983,-2.4449388201211586,-3.4714244159953758,-2.7168885771564044,-1.8618909979491889,-0.2339618237996598,0.49533096396263293,0.04347104665730989,-1.278618702536089,-1.2779769670910626,-0.12943669821670947,34.72618024450175,13.818742370743374,3.186357701278122,2.340935472528452,3.1987139680194727,2.4854073747338017,1.7276595447749965,0.3276859342473931,0.5020803760233097,0.16091241808124657,1.2167288757923123,1.1789400900714393,0.17708700059220175
pilot_v1_00676,676,data\raw\audio\pilot_v1\pilot_v1_00676.wav,0.8536288738250732,0.5232986211776733,0.7359870076179504,0.15115389227867126,0.27068281173706055,0.3652859628200531,0.7607110142707825,0.36786577105522156,-133.1906121875334,20.859066948628882,0.29579794641258156,-1.5800296746233773,-3.558639620188099,-3.8700378512462987,-3.256358406684688,-1.8236942078418514,-0.6011013356275422,-0.7781703226047331,-1.5763763340477412,-1.3663819301426263,0.04491411156101644,30.5614568344147,14.99072214680456,2.4857917279772455,1.3866822620829609,2.499973048877375,2.6429888883712,2.209408033610042,1.2170105640182869,0.4474987636295451,0.5528266274841597,1.1313172379634477,0.9885469302073441,0.16112618937899165
pilot_v1_00677,677,data\raw\audio\pilot_v1\pilot_v1_00677.wav,0.36837631464004517,0.6617686152458191,0.39420896768569946,0.4629707932472229,0.09889087080955505,0.18267619609832764,0.36705079674720764,0.22561800479888916,-137.59716349522523,13.097201514104936,-3.734902077354581,-1.0798764206986229,-2.1504218421846732,-0.983923950035022,-1.16016117009574,-0.7756609416843243,-1.005924244615569,-0.8730496336201654,-0.9381741238858715,-0.7962996027004186,-0.8869697472438842,35.469058269678854,12.43445584245209,3.865690543207165,1.1611356857242547,2.1144045337047004,0.9596439389820475,1.1202051186508637,0.7424103270673822,0.957895558625406,0.8292002912528517,0.8877062395312061,0.7541349745360639,0.8378198668322441
pilot_v1_00678,678,data\raw\audio\pilot_v1\pilot_v1_00678.wav,0.22644229233264923,0.31872236728668213,0.4388037323951721,0.23086252808570862,0.15913596749305725,0.28210434317588806,0.9516618847846985,0.13223230838775635,-160.2595973163829,9.693086591910662,7.367115454947775,2.7519162314252035,1.333386571088293,0.9127098527355303,0.5530773378960008,-0.34427843692193566,-1.039266994325324,-1.5851833629828962,-1.8502595816894847,-2.287953655534128,-2.656998762008221,14.332341260586087,9.587407673721549,7.2498284646690205,2.718212323115136,1.3216253005578473,0.918033529155907,0.596038674322373,0.37934876957301944,1.0320939691237192,1.5702007625223826,1.8309408780392722,2.268598772998702,2.643147958477105
pilot_v1_00679,679,data\raw\audio\pilot_v1\pilot_v1_00679.wav,0.7390533685684204,0.728030800819397,0.08060731738805771,0.6659784317016602,0.38700100779533386,0.47000133991241455,0.5705274343490601,0.29635441303253174,-123.6157301149827,11.158669009374812,-3.561353886238623,0.6326946083964449,-0.597544829091643,0.11910691427593227,-1.1409003670784896,-1.3419573111324026,-1.8624206715778306,-1.1838406621324156,-0.5051144487622394,0.5902640329268553,0.9072407252932155,46.59302038637274,9.483480907210659,3.453110266177731,0.7066747124621946,0.6487598724077785,0.2161571995521842,1.0058976590306208,1.154741931553392,1.599321996311813,1.0107875062437692,0.43248224869623597,0.5249873555618912,0.7748205154555533
pilot_v1_00680,680,data\raw\audio\pilot_v1\pilot_v1_00680.wav,0.6374849081039429,0.49445146322250366,0.4509540796279907,0.389477401971817,0.2036716341972351,0.41810518503189087,0.7379390597343445,0.40416955947875977,-129.49575501898968,21.130373980652664,-0.09976661062474611,0.5595603009486907,-0.22373202769320583,-0.5231540876767502,-1.3001047194884527,-1.6372192637661434,-1.5453920536994998,-1.332710972232742,-1.2080222279036834,-1.3962094969352679,-1.86055209263877,28.33426524888111,12.752144778869473,2.7096081631830558,1.0245898873666803,0.5804987603104633,0.42717651247114746,0.7955073360615197,0.9493125663397234,0.8734841547154488,0.7306467170246134,0.6452817245083783,0.7368120843764233,0.9811371298676997
pilot_v1_00681,681,data\raw\audio\pilot_v1\pilot_v1_00681.wav,0.15613862872123718,0.6202377080917358,0.01855144463479519,0.12137646973133087,0.42528921365737915,0.2573699653148651,0.331961452960968,0.19634222984313965,-154.83101015504323,13.109045891425081,4.56345800609589,-1.1585321480921669,-0.7264627460641848,0.07171320589257989,0.4400990755490424,0.10924960707732666,-0.26563516643661284,-0.3656265454862746,-0.5474626464479355,-1.7342126617548737,-3.222207523587173,20.391392138645607,13.62901732550611,4.528677953333609,1.6063557621799234,0.9644620538766193,0.32601927594749175,0.4897897489849471,0.2908156245334111,0.39690602865073743,0.39336241535228317,0.63039268682646,1.6960294111070666,3.1849214094405096
pilot_v1_00682,682,data\raw\audio\pilot_v1\pilot_v1_00682.wav,0.2511790692806244,0.4157108962535858,0.7738391757011414,0.731370210647583,0.31678444147109985,0.22921717166900635,0.949299693107605,0.11370176821947098,-156.15525088689301,13.134901975492392,6.782250974701627,0.4114521782759861,-0.060647737770588704,0.6855615641308693,0.38553180845790314,-0.6684181905739662,-0.7238854107810189,-0.4127367260903585,-0.7621227346848843,-1.9614224858128129,-3.0408801144171633,18.743472866716978,13.326449215677675,6.7269766954945815,0.9545405097264741,0.42379285666790095,0.7658737709929867,0.44851879941513667,0.7677229257164565,0.7529489478409769,0.4881586667489441,0.7825161637072882,1.9589379114176837,3.0511055708817154
pilot_v1_00683,683,data\raw\audio\pilot_v1\pilot_v1_00683.wav,0.7676963806152344,0.8378461599349976,0.3062681555747986,0.24677029252052307,0.1387397050857544,0.3952394425868988,0.5308486223220825,0.29965344071388245,-118.35742272101795,6.393447964341482,-4.2536473847795895,0.8454780847419644,-1.732087987192589,-0.7320499508863647,-1.480471690866303,-1.5466061138409402,-2.0263279864207013,-1.427333167377904,-1.010027838020752,-0.03087529253714046,0.2313387182603908,49.21063450123307,5.749825365525914,3.7253194551553688,0.7287493163174975,1.533908345973483,0.6511767296445186,1.2796081354195454,1.3167054907113824,1.7211357356867965,1.2075340838224793,0.8632327842067876,0.06458374892433986,0.20922020260027127
pilot_v1_00684,684,data\raw\audio\pilot_v1\pilot_v1_00684.wav,0.9850383996963501,0.35144856572151184,0.10879863798618317,0.360455721616745,0.057719796895980835,0.48985978960990906,0.8670530319213867,0.15942956507205963,-147.528861937241,16.45733156395637,2.936947114447994,-0.03436616647023021,-0.2920455139388714,-1.3030379116474093,-0.7464407477238849,-0.16619563236176774,0.321641996524008,-0.15050464968761956,-0.9604242086952541,-0.7681585619735916,0.2860744974939506,26.762078519139447,16.090372409891586,2.9200722756323594,0.5579670046259088,0.3972178285488033,1.328831101273564,0.7533280985103906,0.19925603924401622,0.3498222926960115,0.16997748022704853,0.9553765996038753,0.7757544613174278,0.2995574075850795
pilot_v1_00685,685,data\raw\audio\pilot_v1\pilot_v1_00685.wav,0.4721984565258026,0.7651207447052002,0.5732587575912476,0.6286710500717163,0.2851937413215637,0.3058824837207794,0.4607088267803192,0.3453792631626129,-122.86058948398372,8.840495696889107,-5.896866049537462,-0.052769118790088484,-1.1283847812909198,-0.347151997791514,-1.7296381817913937,-1.2244208945071713,-1.3674393035058257,-0.9569645736056668,-1.3506262398257167,-1.4732332399671149,-2.131321030372195,41.617337386242106,6.529709584056812,4.7837195255157745,0.26119937520567743,1.0715127208094302,0.3140950140601636,1.3560251098784115,0.9268828897580952,1.0447758952837745,0.721959001044241,1.0211855863632018,1.0952128177681721,1.5860606971432787
pilot_v1_00686,686,data\raw\audio\pilot_v1\pilot_v1_00686.wav,0.12237606197595596,0.559255838394165,0.21638223528862,0.01863158866763115,0.3688764274120331,0.15750788152217865,0.6705282926559448,0.4486756920814514,-143.36425077489795,21.121554576671958,9.386484001305572,-1.9933589327240426,-2.212277137028972,0.10934324713736887,0.5627417245279317,-0.43092945935287513,-0.10350659795477524,0.17763527904352283,-0.9055767560053023,-3.256392877097074,-5.116188056695563,13.280033836817124,10.660097004004745,3.600968393832077,2.3033272332000645,1.2870124690021005,0.9664676702955696,0.4269574475568871,0.9487795472708543,0.42065107787164485,0.6282820701189992,0.4675429425479602,1.1555886364492325,1.8041459862227966
pilot_v1_00687,687,data\raw\audio\pilot_v1\pilot_v1_00687.wav,0.6078880429267883,0.6934958100318909,0.6519483923912048,0.5032086372375488,0.1974753886461258,0.3467724323272705,0.2516610324382782,0.24085159599781036,-140.6275221669651,7.2329094137307965,-5.572360850295663,0.6926603025183907,0.604717240393422,1.1081782738078787,-0.4366239218034524,-0.5073195731292454,-0.2982290165788314,0.29058550011254297,-0.35171070365108986,-1.7065274384708802,-3.2251493799269366,32.97645298072239,6.845813615793259,5.4916913517085435,0.7723656580181719,0.5888608306831249,1.057964975825188,0.4662016410838419,0.48716926688162443,0.29094693399496185,0.3295949337127904,0.33963575181061456,1.608762784859641,3.0473262403243373
pilot_v1_00688,688,data\raw\audio\pilot_v1\pilot_v1_00688.wav,0.5922802686691284,0.5424932837486267,0.03398536145687103,0.19942058622837067,0.34320807456970215,0.31535032391548157,0.4126567542552948,0.42859917879104614,-133.42147111992315,15.619175784739461,-2.7122965235195804,0.795194291132164,1.471171210506844,0.8380182629067862,-0.5243961240841404,-0.7734640132230998,-0.21319470352182845,0.1394354276892642,-0.9042520936253626,-2.759332377193492,-4.774820779667265,23.93947733876133,7.912592188827572,3.5267359719923275,1.4812787714033748,0.9093755300922263,0.46921952606377465,0.5911064218117718,0.5279394020091114,0.19732514436101778,0.38543433328509447,0.4000870502451338,1.2684663342386333,2.2795551950203756
pilot_v1_00689,689,data\raw\audio\pilot_v1\pilot_v1_00689.wav,0.0755181834101677,0.7110472321510315,0.4976745843887329,0.6842496395111084,0.11534344404935837,0.4813733696937561,0.8065113425254822,0.24264177680015564,-141.02607286664056,17.503239058741894,-4.256123409436507,-1.7042263154355486,3.2950783324972552,-0.18184659104133719,-0.5881421442867888,-0.32040760679849956,-0.3057507124516286,0.26908964028553856,-0.5163035722136259,-1.9769124211866322,-3.1237637239995286,31.622781701732123,16.37012523500314,4.505629085802404,1.6568427794204221,3.16449367642176,0.45688960177060983,0.6031770574310021,0.3215699365304655,0.3191203760929062,0.34048966824024174,0.4899223770538523,1.8430588012591336,2.9155784208957867
pilot_v1_00690,690,data\raw\audio\pilot_v1\pilot_v1_00690.wav,0.4565562605857849,0.36773499846458435,0.3408060073852539,0.16777855157852173,0.23009827733039856,0.3319733738899231,0.2247254103422165,0.14942774176597595,-158.2832906874646,10.287203422028185,4.908174645058217,0.35423029742826795,0.09302247972238788,-0.2487428965205692,-0.563353188054977,-0.9534414520695929,-1.025689891056088,-1.1279528124234715,-1.1301840848934526,-1.3242447137450741,-1.488029532486331,16.933942962225917,10.514035604854055,4.930169984902122,0.6698145081679695,0.45123388305717804,0.30646722140875815,0.579266492720747,0.9485816318048061,1.0203790453595174,1.11593034961147,1.1160310119550403,1.3051076904979804,1.465583622037112
pilot_v1_00691,691,data\raw\audio\pilot_v1\pilot_v1_00691.wav,0.9381463527679443,0.7469711899757385,0.7771393060684204,0.43610793352127075,0.40188997983932495,0.17123758792877197,0.6060577034950256,0.3572607934474945,-120.82044514172296,11.159402557690086,-7.382875511739561,-1.8168731506434332,-2.0446708746033826,-1.7921461011173998,-3.280339363104107,-0.31450736770028903,0.8312370880078639,-0.9136932598657624,-2.3615754157157407,-0.353868393974638,0.6029965103064219,42.06190427725338,8.101343768828267,5.709839006171012,1.561785516843314,1.658352580709638,1.330072798891839,2.4522785207264555,0.45752448172813875,0.7268453762454318,0.7601151073983315,1.714340731685774,0.4298418109112788,0.5217617517238802
pilot_v1_00692,692,data\raw\audio\pilot_v1\pilot_v1_00692.wav,0.7833080887794495,0.43252184987068176,0.576549768447876,0.5505261421203613,0.395400732755661,0.24364115297794342,0.39174631237983704,0.10729166120290756,-151.5395648706861,14.378618607213934,3.668307707885456,0.19562809524601582,0.29468116012763745,-0.46504226509700286,-0.5688676555080675,-0.8706399700293955,-1.0494603877394626,-1.208900836187869,-1.0275268677518834,-0.6131200698993123,-0.09266670418584105,24.003231109311372,14.727668041108162,3.8670934009079203,0.8747409991557953,0.43984071517680334,0.5237394399983725,0.5892328172719362,0.8740166625303514,1.0464353228987797,1.2020711835468822,1.0207113104541048,0.6153792036894488,0.16122799530632276
pilot_v1_00693,693,data\raw\audio\pilot_v1\pilot_v1_00693.wav,0.29804062843322754,0.8202127814292908,0.14335176348686218,0.06581151485443115,0.17417369782924652,0.43290624022483826,0.7851854562759399,0.3151213526725769,-120.40495441920834,7.905109594263196,-4.506374595016178,0.5734360936658035,-1.8003915062995175,-0.6624181894594092,-1.2453276813711243,-1.006640520423286,-1.810147993268821,-1.9460215427238483,-2.5063223331498663,-2.2816714651187104,-2.0882275524554026,45.994015708779926,6.648120703576928,3.8932243315460453,0.518152376336787,1.6142710568603729,0.604364040205821,1.0940355512527287,0.8505628958504898,1.4977528252296535,1.5963823429340436,2.050454400013076,1.8555282479233566,1.7007495621080275
pilot_v1_00694,694,data\raw\audio\pilot_v1\pilot_v1_00694.wav,0.1717769056558609,0.47824692726135254,0.6986352801322937,0.5822368264198303,0.08424101769924164,0.40372806787490845,0.5960760712623596,0.38597047328948975,-148.66975986496473,17.034590080136415,6.915821660760046,-0.8018460148410659,0.38678179970075005,1.5636249517161123,0.3009331540133499,-1.0878246914142742,-0.61086052297903,-0.2656655109972226,-1.138560748694715,-2.7805529696648303,-4.119265753401429,17.762142786939762,12.218524431285505,4.457194560678883,1.6104837351377026,0.5492950963443968,1.233300053640817,0.4543407964316568,1.073665590285504,0.4804630556699637,0.48613027503944,0.7312816175293702,1.771786617267021,2.617970341575362
pilot_v1_00695,695,data\raw\audio\pilot_v1\pilot_v1_00695.wav,0.6843733191490173,0.6383388042449951,0.2318558245897293,0.31388455629348755,0.26189514994621277,0.21975001692771912,0.9770409464836121,0.200015127658844,-126.35468621380927,13.68546185689318,-3.4140572556524944,-0.562560493170301,-1.6871681456178333,-0.46943001769386905,-1.1360115976849121,-0.8378038136345413,-1.2605007354166482,-0.8808913634745418,-0.7929632970789563,-0.34213946878786466,-0.4752041495074552,47.298061509019035,13.131201057310413,3.6478938597703467,0.607800797891941,1.679184705854806,0.47698590968637955,1.1030594320953002,0.8045484932194237,1.2138279612071545,0.8429146745159694,0.7593662540390573,0.34287197413544335,0.4529983749435317
pilot_v1_00696,696,data\raw\audio\pilot_v1\pilot_v1_00696.wav,0.6921955943107605,0.30164074897766113,0.6115822792053223,0.036629509180784225,0.12878015637397766,0.18975019454956055,0.3065108358860016,0.13385693728923798,-161.65274607215122,7.705234001406837,5.062665084366441,1.2894169417669206,0.08696496444387548,-0.5130178198625456,-1.0279609981662488,-1.7471270542262194,-2.040197233405226,-1.8885892603762258,-1.272195457585978,-0.7422077109867454,-0.5063285912609184,13.147908768660152,7.858283290858808,4.988616746492162,1.308640402568491,0.4946493061177919,0.6049304707058235,1.045399424583811,1.7572423223284832,2.0326824604506513,1.8724893297486727,1.256125026759669,0.7414879511398006,0.5142130165850445
pilot_v1_00697,697,data\raw\audio\pilot_v1\pilot_v1_00697.wav,0.21083441376686096,0.7453977465629578,0.26900964975357056,0.47204285860061646,0.3001815378665924,0.35714009404182434,0.7126572132110596,0.276101678609848,-144.96221250567794,14.3380097178751,-1.0507253382127972,0.7146829256754064,1.740924722301298,0.18947408375004093,-0.0062024699376788065,-0.35449509229317805,0.016163938292540415,-0.3349579320236468,-1.3433356909794643,-2.4845306778998215,-3.2604363962040117,27.434745126488735,13.0937342912286,2.4689327561822263,0.8771113041170516,1.6180664975813737,0.3769529161257066,0.24411009839409903,0.42089502116910815,0.12220615554129133,0.3430142236595108,1.1915284834558262,2.2032408246507336,2.8986343513534685
pilot_v1_00698,698,data\raw\audio\pilot_v1\pilot_v1_00698.wav,0.32148411870002747,0.5397695899009705,0.5135994553565979,0.3334997892379761,0.44149893522262573,0.4575935900211334,0.5060550570487976,0.3799128532409668,-136.5827803110489,19.63608109305748,0.7496058460582995,-1.412942223324445,-1.7442389299521468,-1.7738951015586015,-1.5828385939275227,-1.5406677913249875,-1.4496530607276865,-1.4908523823049835,-1.4704869309823456,-1.4359394199537925,-1.2814801411942578,28.27511714876888,13.983482011242895,2.715463910904157,1.5861558798735076,1.3444656833445308,1.223082806467875,1.060518864582706,1.0137722836504737,0.9476378897400484,0.9661172451749336,0.9447246819288924,0.9129339625464834,0.8048711384710212
pilot_v1_00699,699,data\raw\audio\pilot_v1\pilot_v1_00699.wav,0.8379867672920227,0.6439381241798401,0.15619534254074097,0.6453859806060791,0.21402446925640106,0.29549098014831543,0.9247279763221741,0.2157924324274063,-126.92052636171667,13.761557535952894,-2.8824279642582398,-0.4129282383841074,-1.6463024164371824,-0.5439706950524357,-1.0577061660075837,-0.6612668694195216,-0.7794408662907794,-0.3800331257891584,-0.5322175005996986,-0.19678728987261654,0.13199157590040456,46.06117923784044,13.0507916743344,3.0899888248672513,0.46974526508254966,1.6207897630223345,0.5227144695674885,1.012319162043008,0.6268430862936885,0.7384429386533673,0.3664702899745745,0.5040594079259103,0.19554103947974866,0.13236375205845696
pilot_v1_00700,700,data\raw\audio\pilot_v1\pilot_v1_00700.wav,0.9303431510925293,0.4669386148452759,0.353640079498291,0.713295042514801,0.18243461847305298,0.19597066938877106,0.48518460988998413,0.4251238703727722,-137.91653272434468,21.61605570463155,4.13367760210861,-0.7981015635611133,-1.2056525339343211,-2.585366751631113,-1.975465248641938,-1.008572063828076,0.1469837794158961,0.09747618805830288,-0.7815551198435767,-0.8857472134016299,0.13063902026483112,20.319486898281934,11.806660861822278,2.5211641653804175,1.0788842586208152,0.8539752818081154,1.3171350096817196,0.9186425099121273,0.4626910108531258,0.4102709040211467,0.2619150075543741,0.5159695944646306,0.6100292880552894,0.1942367130401767
pilot_v1_00701,701,data\raw\audio\pilot_v1\pilot_v1_00701.wav,0.4174872934818268,0.5798315405845642,0.7142046689987183,0.27804189920425415,0.3604796826839447,0.3838682770729065,0.8917471766471863,0.26100680232048035,-134.6115880087397,16.295472890531126,-2.221788786084478,-1.2890709117835424,-2.511412353000148,-1.6621080871451603,-1.5669925893908148,-0.7076792564221188,-0.4700068219246104,-0.2064723126837458,-0.4698947663659109,-0.6291592427444311,-1.0219261642084267,38.30823093180121,15.071590495892883,2.968492864469215,1.4321029731663675,2.399481581887584,1.5457991490165197,1.4548189733189736,0.6949752621329489,0.4531925535774926,0.2644453143037294,0.44192850703728553,0.5856034091948381,0.9354674709878457
pilot_v1_00702,702,data\raw\audio\pilot_v1\pilot_v1_00702.wav,0.05208614841103554,0.3750137686729431,0.07115408033132553,0.41653913259506226,0.293984591960907,0.45141860842704773,0.2770388126373291,0.17887979745864868,-159.6501259054027,10.074235675928374,6.882922663394421,1.47438866810873,0.0055810215230910135,0.13773819239130786,0.4690984360529764,-0.0924345941917397,-0.6032371550159981,-0.907608818225207,-1.1323439874292758,-1.862197750196061,-2.810864438567964,15.050421257895804,10.28492814195647,6.757567546108858,1.556726937830438,0.5126314385263804,0.4006914826105441,0.5145274520870073,0.353883334227739,0.665593463611125,0.9124860637751594,1.1457596433660164,1.8196419546679439,2.7665826929522614
pilot_v1_00703,703,data\raw\audio\pilot_v1\pilot_v1_00703.wav,0.537582516670227,0.8100369572639465,0.4106127619743347,0.10458435118198395,0.07236643880605698,0.2688080668449402,0.6960783004760742,0.32112252712249756,-119.74083715122207,2.623819367729707,-7.020772171520978,2.4330676804408595,0.9465718648652246,0.720861003658387,-0.7037257875938597,-0.36460335446415415,-0.36558579555309617,0.5371374499022236,-0.5222280149944827,-2.027555007410309,-3.6765257720984237,45.67864044541092,3.3850631553510286,5.8337786458999545,1.9834819747906953,0.7745477397995002,0.6339517160046202,0.6663394855302434,0.38969325060441024,0.34223304494463214,0.4676354109451373,0.41973516322036325,1.6390507223121427,2.9867467000308197
pilot_v1_00704,704,data\raw\audio\pilot_v1\pilot_v1_00704.wav,0.5447313189506531,0.3233802616596222,0.09898543357849121,0.47680774331092834,0.24332597851753235,0.2236160933971405,0.7627086639404297,0.36215272545814514,-149.78136695497193,13.046702816450452,2.7179858334090343,1.0243473551399305,2.505193185243952,0.9609055310576213,-0.21885860173788943,-0.6874382422998202,-0.6275411427946331,-0.5497253167911528,-1.2074390887224877,-2.5779296407779984,-3.8517861293223845,18.77211508003326,10.094238123017643,2.3285953563634787,0.8686278559952082,1.9515765429812517,0.7055358413540476,0.5848757771504776,0.6401873646287841,0.48448713543322797,0.4511872604394663,0.8554443016870156,1.8166013621803223,2.746512445104349
pilot_v1_00705,705,data\raw\audio\pilot_v1\pilot_v1_00705.wav,0.06141708791255951,0.7241618037223816,0.431414395570755,0.04503389075398445,0.41531020402908325,0.4115245044231415,0.3563556969165802,0.15427696704864502,-156.07550213831402,12.737541138973466,5.142154682197303,-1.435824807100775,-0.9998205172509994,0.4907643277157364,0.4871399181257043,-0.21251518168210784,-0.05795376787603005,-0.07361956173705336,-0.9532321548656185,-2.146915095495246,-2.7716742501823943,19.17786358470963,13.403750114989725,5.1262287533428355,2.02615283535091,1.1039032736971535,0.8467710520973377,0.552634989644571,0.6300085587458213,0.19833277270368369,0.4078644217221614,0.959288733643872,2.1551723097144846,2.7898308773236806
pilot_v1_00706,706,data\raw\audio\pilot_v1\pilot_v1_00706.wav,0.40644749999046326,0.5185403227806091,0.37580734491348267,0.6550260186195374,0.3302673101425171,0.4236983358860016,0.9748566150665283,0.24732019007205963,-136.45075024926098,16.857705495718307,-0.7198167762047907,0.18820447327571047,-1.1238162901255964,-0.6196743957340685,-0.9904707884182762,-0.8028781557129483,-0.9418082645095502,-0.8085400665068204,-0.8194139115774228,-0.7143602235418532,-0.8478196122515108,36.82875735543344,15.844001031579664,2.141438852876492,0.7309139284387098,1.1956767738088052,0.612614612599296,0.9338505437376691,0.7462552311718268,0.8775603661495791,0.7510098182123336,0.7520061320192166,0.6629664928443494,0.7847351799657871
pilot_v1_00707,707,data\raw\audio\pilot_v1\pilot_v1_00707.wav,0.9249032139778137,0.6656708717346191,0.743404746055603,0.33409932255744934,0.10180716216564178,0.241098552942276,0.5560302138328552,0.4333202838897705,-114.03730273290871,19.6054521439253,-7.671220974732484,-5.1877559382928204,-4.994412768788347,-1.3825686970324098,-0.9661866836728475,-0.8250940018855871,-1.635009930211808,-1.1841784339649124,-1.1259622412437118,-0.3753335216973776,-0.026971576179911007,30.157582941995873,9.04624923769582,4.265936514450889,2.446591960823006,2.1762850246790033,0.7649685360746893,0.7530203686542746,0.5300092039496721,0.8026018244501008,0.5276021136024615,0.5338753118716929,0.5072889989701461,0.23326332655716614
pilot_v1_00708,708,data\raw\audio\pilot_v1\pilot_v1_00708.wav,0.8297547101974487,0.45376133918762207,0.5412355065345764,0.2731024920940399,0.09543322026729584,0.1627562940120697,0.8414807915687561,0.20212996006011963,-142.48939940316535,17.616913426701576,1.18614933913809,0.1126865510940297,-0.7449805067473555,-1.3546162649775046,-1.1908841143375943,-1.3399545301338627,-1.1397785195533496,-1.2856624180771246,-1.1798802424270292,-0.751493167442372,-0.16247703736042005,31.175012073109407,16.95237491901066,1.524686243206344,0.4996787666063469,0.7862124573786411,1.3334317423741497,1.1527147622652365,1.2896647190335255,1.0931488745671611,1.232062874277433,1.1307298532594368,0.7204797060019155,0.18435606242145272
pilot_v1_00709,709,data\raw\audio\pilot_v1\pilot_v1_00709.wav,0.31494590640068054,0.5924382209777832,0.1768016666173935,0.7050365209579468,0.27405500411987305,0.33015677332878113,0.435542494058609,0.38812801241874695,-131.78305005929428,18.961341500978854,-1.721914539417605,-1.090797643749473,-1.7908935465430729,-1.2712295081433582,-1.2203187749136024,-1.1171406725438662,-1.1506161962424282,-1.2842254748090336,-1.4440122108313649,-1.5534135179655941,-1.6708972822616346,29.875216136155203,12.526792192329076,2.797406367136432,1.281089275948096,1.319391634511716,0.9027929462687585,0.841085121380915,0.7439999379245414,0.7304011027748237,0.7953360459458287,0.8835825621289058,0.9354270787994455,0.9988677617816029
pilot_v1_00710,710,data\raw\audio\pilot_v1\pilot_v1_00710.wav,0.21517546474933624,0.38761770725250244,0.6339448690414429,0.09499861299991608,0.3843246102333069,0.4845982491970062,0.6457434296607971,0.31710806488990784,-158.13395988457273,11.196091357842485,9.110248937229745,3.5816512828113765,1.165289522624907,0.11842591189624364,-0.06018461599061493,-0.4996961788098023,-0.7701874317839029,-1.1177464101410974,-1.591675753328249,-2.3258766849374615,-3.1861302707578294,14.23612639785973,10.373109972505686,7.821713553611763,2.9414039975975124,1.0742904728511926,0.4485542649718782,0.29365597832183254,0.5127627692264289,0.7017226553802173,0.9352936580924309,1.3125864299137244,1.8954330727401987,2.610239221557015
pilot_v1_00711,711,data\raw\audio\pilot_v1\pilot_v1_00711.wav,0.7026247978210449,0.7968623638153076,0.2984050512313843,0.4158566892147064,0.16172687709331512,0.32250624895095825,0.2272820621728897,0.10923568904399872,-134.50475602544384,7.389895686408544,-4.196167962470303,0.7106339691826769,-0.9625416525005729,-0.43718825928869076,-1.1931646160659537,-1.0323083444456984,-1.6278154410159542,-1.0767680014494478,-0.6854098597609546,0.03804439007222596,0.055333149349065025,40.06735511157632,7.503823668021438,4.189227588355221,0.7595357016036035,0.9924635246884915,0.44609752037056016,1.1961519432965748,1.0349490448179401,1.6242089550918455,1.0724011421715953,0.675957691050096,0.12770508463715435,0.15178366869236276
pilot_v1_00712,712,data\raw\audio\pilot_v1\pilot_v1_00712.wav,0.6791927814483643,0.564232349395752,0.6717791557312012,0.6864741444587708,0.4288506507873535,0.2596868574619293,0.8563551902770996,0.219146266579628,-138.5773181919876,15.479837133425175,-1.3172704216149753,-0.8363721694399264,-1.894584450972484,-1.2598387005999967,-1.0431256170879968,-0.3926639211032543,-0.3110303246068685,-0.30385129165855257,-0.5563719095867634,-0.5938422819034899,-0.7139123392173709,36.79609753514891,15.119994676772821,2.4931475002829746,1.2163436037102349,1.942583565333014,1.2636608745339437,1.0416460600355653,0.42127140606675295,0.3271579020363773,0.31174807604367955,0.5368549197284485,0.5693527258707514,0.6787103653490753
pilot_v1_00713,713,data\raw\audio\pilot_v1\pilot_v1_00713.wav,0.16047769784927368,0.6898117661476135,0.21046994626522064,0.21036536991596222,0.20000037550926208,0.4489627182483673,0.46270912885665894,0.3832239806652069,-144.0088447137005,18.141912579422122,2.4680669014757526,-2.1538163764152247,0.6072265916534357,0.32634685853956735,-0.007082579044536672,-0.06671413601918498,0.048415328736236336,-0.14612918319844853,-1.0474696337854836,-2.7351885122076864,-4.185670598641287,21.606129480288548,13.08748398201527,2.4756954471273627,1.8599749223778697,1.026407533534793,0.49877636991990876,0.49937661567117175,0.38214727501374746,0.1990423152455639,0.23425733363589998,0.6728574266702559,1.7500336547312056,2.713541955273484
pilot_v1_00714,714,data\raw\audio\pilot_v1\pilot_v1_00714.wav,0.3071426749229431,0.3465053141117096,0.5534045696258545,0.44242939352989197,0.14151987433433533,0.3876502215862274,0.656027615070343,0.27958378195762634,-153.50940242282243,14.430898490641049,6.702268660632496,0.9460611664459703,0.6593848187783069,0.08612553006974544,-0.4812794942671514,-0.8663451113026558,-0.9759095928754605,-1.320643001025093,-1.4643933445931432,-1.5337139083941207,-1.4619021820996128,19.197774596002752,13.203024461167448,5.976034943473985,1.0963523879620685,0.6496759549356602,0.250410080963475,0.49492268816197965,0.7978576487236807,0.8816524849808435,1.1808259362076858,1.3029025250848334,1.3559066579284231,1.2864299945017128
pilot_v1_00715,715,data\raw\audio\pilot_v1\pilot_v1_00715.wav,0.790685772895813,0.7687044143676758,0.114739328622818,0.17169669270515442,0.3138944208621979,0.20368294417858124,0.274859219789505,0.13738174736499786,-134.20637958090043,8.488200187467394,-3.98374501864619,0.045003327788589335,-1.4831898385245772,-0.705118375344968,-1.3970648766647302,-1.0501757052024194,-1.43101502034258,-1.052060447365082,-0.8520326523836911,-0.18557658711177755,-0.0011744073670217397,40.79494579998063,8.359402281554997,4.105886631986004,0.4011312520478893,1.5021607545392681,0.7084811317306287,1.3863096442627418,1.0335337050472586,1.408925699535851,1.03289501310171,0.8377437356040736,0.18659186264773805,0.028584641275883834
pilot_v1_00716,716,data\raw\audio\pilot_v1\pilot_v1_00716.wav,0.9483466744422913,0.4193451404571533,0.3137545883655548,0.06345828622579575,0.2826150059700012,0.2986316978931427,0.7355416417121887,0.32169926166534424,-143.78021863476664,18.337177441074523,3.15175941733903,-0.33717169140068626,-0.9328405278403772,-2.08482436158498,-1.4623080557178405,-0.7888014311412997,-0.20991757490688318,-0.8098396789217116,-1.6012170416151963,-1.3348120860189507,-0.16398488263698538,26.155092286067244,15.422262662677788,2.9074304287388517,0.7514878728348617,0.8570599178944356,1.736479506723383,1.1932359860265978,0.6495478669617134,0.23594526701533997,0.6652837265040134,1.3154142267111455,1.0780500829153776,0.2642599327419173
pilot_v1_00717,717,data\raw\audio\pilot_v1\pilot_v1_00717.wav,0.4611262083053589,0.8328188061714172,0.7555581331253052,0.5396814942359924,0.06040838733315468,0.4646652936935425,0.34148165583610535,0.17949925363063812,-125.82440011800588,4.887778337419684,-4.734625809758899,0.5199948716427847,-1.5152682601394551,-1.1624845324534725,-0.9854941168173462,-0.9579810180662182,-1.6336897427945456,-0.589091561317343,-1.28018143782991,-1.2680521146896886,-1.2998448944076408,48.079406603776725,5.240466679575866,4.7246126091405065,0.6346427413110989,1.5364692060482146,1.2091486060813808,1.010614940322166,0.9707993476888122,1.6270787402247224,0.6024771852244187,1.2649354966635697,1.243647888042768,1.267897800264605
pilot_v1_00718,718,data\raw\audio\pilot_v1\pilot_v1_00718.wav,0.06923937797546387,0.4908515214920044,0.011035488918423653,0.307571679353714,0.19411537051200867,0.3487454950809479,0.9272798895835876,0.2617972493171692,-151.2131595795437,17.144536438581618,6.913304185819626,-1.0895334022368175,-0.4892927552315984,1.0454455188104983,0.3670840806415548,-0.908825561114629,-0.5086026394743478,-0.00986057065877058,-0.7435379561002523,-2.248723582058145,-3.3488945707419417,21.55833485512181,15.806975881683105,6.2545562893372475,1.5273313754564692,0.557330252369481,1.0539913227057898,0.3725129706822827,0.9303156692117561,0.49113511743274907,0.3534484581895927,0.6927476747213803,2.0460118855881912,3.0488109408306636
pilot_v1_00719,719,data\raw\audio\pilot_v1\pilot_v1_00719.wav,0.5837888121604919,0.6251636147499084,0.4692574739456177,0.5782815217971802,0.37234625220298767,0.18802031874656677,0.5457456111907959,0.4258715808391571,-125.44302422284166,13.905427251009367,-5.9106063630897685,0.8150023188803928,0.9269429842104354,1.111161281257025,-0.7784848240779504,-0.6368509764961781,-0.24878034853768696,0.3435198269916388,-0.7786737693582139,-2.5783242680355136,-4.637780761029054,28.464376629035637,6.4615287319559815,4.309318768706219,1.340941861450197,0.5957675178688243,0.6166400881097253,0.663896648679036,0.3668763465371343,0.20548826631793132,0.46529977449254184,0.3482275437494889,1.2254884206563366,2.289182002659996
pilot_v1_00720,720,data\raw\audio\pilot_v1\pilot_v1_00720.wav,0.5993967056274414,0.47322016954421997,0.2385510504245758,0.12508010864257812,0.11801981925964355,0.4737820327281952,0.3817351460456848,0.26546764373779297,-146.07281256452364,12.808916865240569,-0.6489889297652014,1.1315349654626214,1.5959824607214936,0.506746175004346,-0.34077624656041383,-0.7445327671387935,-0.22418009035650002,-0.07841998073927074,-0.6868358878501942,-2.082341495764623,-3.355174922405956,26.83731360498208,11.850000518158595,1.7411403952262072,1.2326191260164396,1.4891788844861347,0.5019006991683852,0.42454373462717837,0.7236960808107245,0.24231218393173376,0.22477518998439422,0.6243928105580266,1.8943437770893596,3.0640239682638892
pilot_v1_00721,721,data\raw\audio\pilot_v1\pilot_v1_00721.wav,0.11609713733196259,0.6419724822044373,0.6811469197273254,0.39604198932647705,0.3406171202659607,0.2898153066635132,0.7882569432258606,0.4076746702194214,-138.24533784141553,21.668387178454992,0.08388014841727313,-4.937432409474817,1.7004113340836928,1.3163255103176972,-0.8686870514760462,-0.27332463478634594,0.35215084671621144,-0.2659026618067614,-0.8954032731717692,-2.534128679086897,-4.401096694431927,22.203972930156475,13.607162215199365,2.3046244390738844,3.3330803160040654,1.8521925038844154,0.8886200923094657,1.1116665344596253,0.5172151525576925,0.3539008293160966,0.3260101828787953,0.5248384988419984,1.352452166815594,2.422586799440776
pilot_v1_00722,722,data\raw\audio\pilot_v1\pilot_v1_00722.wav,0.47676828503608704,0.4374483823776245,0.13663151860237122,0.2575005888938904,0.405347615480423,0.1735536903142929,0.5805042386054993,0.3371693193912506,-144.78509613385478,15.660064516677302,1.473785129017065,-0.03619240066363066,0.1842181578710632,-0.7001070065399659,-0.946353282020755,-1.3366160672028022,-1.2448135514543217,-1.2678064813786611,-1.4123351806865116,-1.8089737975508433,-2.269979399678947,25.441957897731896,13.265106047161819,2.437156757514629,0.9282622518458714,0.46480183279393666,0.7382940293221583,0.8568208822793503,1.1209555556736226,1.007320377963704,0.9974224966841575,1.094666058924141,1.3881405494557577,1.73694365385375
pilot_v1_00723,723,data\raw\audio\pilot_v1\pilot_v1_00723.wav,0.9952389001846313,0.8166122436523438,0.5940589308738708,0.7338377833366394,0.22672607004642487,0.3628288507461548,0.9995525479316711,0.17308664321899414,-118.77846538869123,6.653272945470663,-4.054395100939158,0.12433627003379208,-2.2316422137704373,-2.077072063023449,-1.0895991685495086,0.5230335434783437,-0.2780570724407667,-0.008054177328220306,-0.8037683959521189,-0.4874047660906634,0.45727038958293015,54.9679758514873,6.595326863553507,4.055139861369647,0.5090058745792657,2.1878729331535,2.053006335128845,1.0795480452339674,0.5554547404874638,0.3368394194105067,0.19512344365416412,0.7822361751917563,0.48821501733843825,0.4720274910059996
pilot_v1_00724,724,data\raw\audio\pilot_v1\pilot_v1_00724.wav,0.7750741839408875,0.3640504777431488,0.7962033152580261,0.62486732006073,0.17051464319229126,0.4348772168159485,0.41075068712234497,0.2914624810218811,-150.95624121979714,15.34777032333028,5.092280051564887,0.1419637163730857,0.43215255722353185,-0.21550099528628855,-0.46958058317428486,-0.7154334323988976,-0.8224774637040388,-0.9716581753616167,-0.9171571963702404,-0.8223552064760937,-0.6560435398724954,21.481944754521106,13.930306815365201,4.567602344759899,0.8081988828393,0.5356493028755748,0.3293157775588181,0.44704310877635,0.6331384839129908,0.7170846733239005,0.8409742945622688,0.7918611382636037,0.7075511534587998,0.5746476052229667
pilot_v1_00725,725,data\raw\audio\pilot_v1\pilot_v1_00725.wav,0.2602809965610504,0.7519481182098389,0.33566203713417053,0.3540198802947998,0.39897435903549194,0.2741527855396271,0.8169073462486267,0.12738309800624847,-139.0113777981333,10.7499567371685,-3.277990247584265,0.8073358378154449,-0.4229174087258328,-0.6883629584308684,-1.234534345604134,-0.587108244746593,-0.8634501528557953,-1.277561699471791,-2.0242440954694847,-2.1434428843743305,-1.9876334365010235,37.103206253486086,10.794123689231796,3.8115133771020315,1.1910670645065804,0.807331646346171,0.8125618659949749,1.316276285737903,0.6305020337772427,0.884022030092202,1.2732701731855574,2.012883113565767,2.1275971386944006,1.9729888319057183
pilot_v1_00726,726,data\raw\audio\pilot_v1\pilot_v1_00726.wav,0.1448393017053604,0.5460765361785889,0.478591650724411,0.492515504360199,0.25901734828948975,0.21249845623970032,0.20182974636554718,0.22093959152698517,-157.97176353952872,10.110628913131285,3.951863886783357,-1.4362470405229975,-0.21590716586487602,0.7923852739736139,0.4090967099731893,-0.6721756275869953,-0.2551354092969747,0.02194165628086322,-0.6072623450255853,-1.8487346090657504,-2.912973567322446,16.49763882435686,10.141026672472854,3.80431916524725,1.6979513962059705,0.586426601104496,0.8165909964326876,0.6202223264827019,0.717193971966293,0.32113173732120837,0.2411322570515331,0.5974226329597122,1.7759180625198765,2.7980059380180498
pilot_v1_00727,727,data\raw\audio\pilot_v1\pilot_v1_00727.wav,0.6323044896125793,0.7061044573783875,0.03915625810623169,0.01615542732179165,0.08703337609767914,0.3785315155982971,0.6204633116722107,0.3631446659564972,-118.6106781223505,11.568282333902877,-5.9427004458972466,0.2260565590505508,-0.59578361142277,-0.010654928643808658,-1.9233279994535875,-2.1274619285795024,-2.4902979709448125,-1.5528157944742476,-1.1732569718273564,-0.779754607663659,-1.440283664611305,41.72141399970891,8.07145422209738,4.550331009739172,0.512633278149252,0.7117476417081579,0.21856442163935808,1.442553163377372,1.5449031301406662,1.8017306291582589,1.1119619084264063,0.8246756920589111,0.535288396019657,0.9800919569443668
pilot_v1_00728,728,data\raw\audio\pilot_v1\pilot_v1_00728.wav,0.7494826912879944,0.37033897638320923,0.4156600832939148,0.28748366236686707,0.30354151129722595,0.33756574988365173,0.4882594645023346,0.29907670617103577,-150.40510570904198,15.561543394738921,5.128989383495434,0.41573672657025906,0.6558777385877809,-0.1622787777463751,-0.5968019878193378,-1.012715695518529,-1.2244228388498408,-1.3323970061575312,-1.0753072089797888,-0.6724496423848592,-0.27559666476326383,21.71427354120778,13.985706871916435,4.510036547656531,0.946533964430488,0.6268969431596243,0.3302264463317815,0.5514395008117573,0.8814394458173506,1.0635087330491395,1.1609307612042665,0.9250552247811381,0.5790417683670368,0.2881613755705181
pilot_v1_00729,729,data\raw\audio\pilot_v1\pilot_v1_00729.wav,0.23078322410583496,0.8138892650604248,0.05199335515499115,0.6086391806602478,0.1253102868795395,0.1549665778875351,0.8817325830459595,0.11308231949806213,-144.735187105965,15.464056747576928,0.08425286384506876,0.286562433052689,0.22705820375469574,0.012050123799545422,0.39889947179258656,-0.3426435175161417,-0.34051476809395775,-0.3158566337165087,-0.5504982800666104,-1.7694476933312977,-3.2566509421738075,29.51870338924524,15.214270834787111,1.4603383488118855,0.5079612738480291,0.3148370702533501,0.14825605301656822,0.41887266754177066,0.3684224137764844,0.35387191037299176,0.34303750345363276,0.553052197269902,1.755792351722821,3.2612473621083784
pilot_v1_00730,730,data\raw\audio\pilot_v1\pilot_v1_00730.wav,0.3618379831314087,0.4716465473175049,0.7091323733329773,0.09216643124818802,0.21660318970680237,0.30974987149238586,0.2995529770851135,0.1955517828464508,-152.26727111237352,13.977894056246157,3.3734671729442516,-1.3092589106989727,-1.0125135798997233,-1.4798354941711795,-1.5576292831469425,-1.504638117449144,-1.4051533493677275,-1.2504596807317128,-1.1692834053432544,-1.0195136823086886,-0.7971112642798849,22.190415784069103,13.671801025447738,3.4215221001973584,1.5164854732499886,1.0509750326219598,1.4562125881483434,1.5235731687311365,1.457062884479221,1.3571785145757596,1.2090785837733642,1.1346836512156242,0.9946790211272011,0.7785677505407207
pilot_v1_00731,731,data\raw\audio\pilot_v1\pilot_v1_00731.wav,0.8453969359397888,0.5758790373802185,0.372821569442749,0.5241698026657104,0.4388103187084198,0.4976574778556824,0.680503785610199,0.4034218490123749,-127.01058237947181,20.703458836414168,-1.1858233411928547,-1.3067127585421097,-2.7310153032353965,-2.3722825018508793,-2.1864777465817657,-1.043731719282678,-0.13930578128803542,0.12095562541423667,-0.7335283899409127,-0.8629553014721163,0.00428586138916423,31.442442169602188,12.187301441023287,2.7568698509266487,1.3925066722093995,1.7274437818135562,1.391009484659291,1.250753758034294,0.5952108557254739,0.22047683598809611,0.23620281051254519,0.43968024727726024,0.5395332209374104,0.13183612113267928
pilot_v1_00732,732,data\raw\audio\pilot_v1\pilot_v1_00732.wav,0.8780416250228882,0.5359009504318237,0.1737823188304901,0.4624401926994324,0.35769954323768616,0.39846566319465637,0.3169095814228058,0.23749776184558868,-142.73551273047207,15.403557351551353,-0.1835215437993302,-0.8789116199488345,-1.9771888501725186,-2.0227964253498407,-1.521267596913709,-0.4693043828575936,0.43647491575098313,0.24414999803461465,-0.796360151330714,-0.8118162340691173,0.3242870238285079,31.76677606740664,14.742676756689356,1.743023631041351,1.1216459645295287,1.9691924870227617,1.952783721624365,1.4660002608198615,0.4697373160837391,0.44563172561217335,0.28288661734844917,0.7752719539454525,0.7929716747411102,0.31776759317515496
pilot_v1_00733,733,data\raw\audio\pilot_v1\pilot_v1_00733.wav,0.39083582162857056,0.6485955715179443,0.5070028305053711,0.1414448618888855,0.18532463908195496,0.2363743782043457,0.7107484936714172,0.4453645348548889,-111.05734985352741,21.851826465456874,-6.693404572123752,-3.706004916884653,-4.1457010726646075,-1.700262638280063,-1.5153107524323883,-1.1164565490907647,-1.942342619351662,-1.8297061188341044,-1.7440966385655479,-1.2704147752698265,-1.504902015919668,28.568828535507503,8.306415895344418,3.665340501478398,1.8283885181055004,1.6624723568375468,0.8019957042448861,0.6836766290092541,0.4993220854144765,0.7032505297509334,0.6579586537429061,0.5965815929000589,0.41921171112164657,0.4880028241270082
pilot_v1_00734,734,data\raw\audio\pilot_v1\pilot_v1_00734.wav,0.014528689906001091,0.3055434823036194,0.25140380859375,0.6578718423843384,0.06880504637956619,0.2488899677991867,0.5204642415046692,0.3418971598148346,-159.7286218540543,8.520285963392263,7.456187156675311,2.889832774569753,0.5665268590567837,-0.10539824107143686,0.33891281565887155,0.11623865261173298,-0.3708373629483096,-1.0813445981547025,-1.758009406604109,-2.472323143456475,-3.206156127240312,12.30154801324926,7.25094529672482,6.055339857635653,2.2355384731876224,0.6927602158059647,0.49454912146739327,0.38912077488034974,0.27287779045269334,0.3875431576443655,0.8869059877860236,1.4084414583312184,1.9254212132860127,2.4761696477370267
pilot_v1_00735,735,data\raw\audio\pilot_v1\pilot_v1_00735.wav,0.5290930271148682,0.7406390309333801,0.6182057857513428,0.2257998287677765,0.29765585064888,0.4162898659706116,0.9018288850784302,0.15590475499629974,-127.14313322031238,4.994107180146644,-6.624177672114907,1.0414039338480747,1.3136895873211707,1.312439248936218,-1.1938794998725517,-0.6349092762497563,0.11798477084400165,0.5170326646711172,-0.6887734406792692,-1.6845246167594166,-3.0283290618146617,47.501722681660745,5.038860179672015,6.709096090743875,1.1568832427342217,1.313481136381211,1.3086827653691184,1.246934073538881,0.650721536469063,0.19677131120813462,0.541632084625121,0.6803417683535328,1.6548597627057366,2.985177954818739
pilot_v1_00736,736,data\raw\audio\pilot_v1\pilot_v1_00736.wav,0.5091806054115295,0.5140042304992676,0.5638891458511353,0.0007910700514912605,0.15567192435264587,0.49254074692726135,0.5909367799758911,0.11903443932533264,-143.64712574060488,12.791261346218137,-1.9333112144559799,0.7775244507733512,0.5754177947377759,0.17703649636056842,-0.5971777335192551,-0.6087407566216619,0.031588794606498084,0.28853590187465444,-0.3396233906880085,-1.759475990268622,-3.0940934889480576,30.675870566149943,12.604737777621587,2.3689981036102354,0.8496001281437362,0.6519844719105693,0.25171368950258033,0.6167334434217628,0.6156588448142356,0.18993394400846716,0.3693542540682263,0.352484229748782,1.7484763848814484,3.0833585438516495
pilot_v1_00737,737,data\raw\audio\pilot_v1\pilot_v1_00737.wav,0.02568325772881508,0.6697288751602173,0.10566827654838562,0.5093318223953247,0.3778786361217499,0.30326560139656067,0.9843775629997253,0.304916650056839,-146.88878134660285,18.08635973963678,2.6083143170403593,-3.149769271853996,1.1350151684946526,1.5421143555108812,-0.5576545363638992,-0.7844010734943909,0.07723378276281899,-0.11733782713031338,-0.782481132135801,-1.9978322951840883,-3.476418986477363,24.68998684517442,16.30155446833895,2.5294417785198102,3.199317994657766,1.408071316937004,1.416165345298919,0.9574101654232159,0.8009795480363475,0.36804064296769945,0.2799408223818698,0.667670322784152,1.6817799897086487,2.9328194183729575
pilot_v1_00738,738,data\raw\audio\pilot_v1\pilot_v1_00738.wav,0.3794991672039032,0.32741275429725647,0.6613165140151978,0.366394579410553,0.2676098048686981,0.16010341048240662,0.39683669805526733,0.3974699079990387,-153.5976782138749,13.2034210950118,7.878428783152182,1.4408039857964663,0.16189517203265702,-0.1953781626179976,-0.6135359501905417,-1.0892499715854989,-1.2962708367555,-1.3264391596499783,-1.3340550075348134,-1.2764389437164145,-1.26710795128473,13.853530623517903,9.295811772802523,5.283746571978237,1.3291309303511636,0.6933933228159845,0.4529441395398388,0.4767962597014219,0.726886449039542,0.8402811253535886,0.8297300464630631,0.7991074071934307,0.7420379456557282,0.7188949024911009
pilot_v1_00739,739,data\raw\audio\pilot_v1\pilot_v1_00739.wav,0.8981379866600037,0.7196008563041687,0.2195141315460205,0.6110120415687561,0.08937902003526688,0.34407010674476624,0.7778001427650452,0.18971198797225952,-124.36612725859368,10.711814764221707,-4.029866124399594,-0.9906741949940919,-2.28970185824297,-1.0793254539990762,-1.2588235863077586,-0.11372208785870068,0.15270559918632767,0.24358660509183766,-0.7670467880726827,-0.5295320373219133,0.2523566628414922,48.929335999595146,10.406152241496574,4.027461650180131,1.0265332508341478,2.232717046861446,1.0432493395621156,1.2207849872497059,0.11712556976417456,0.16306393581278494,0.2377740922559395,0.7409764457856063,0.5149140382854536,0.24476291403166964
pilot_v1_00740,740,data\raw\audio\pilot_v1\pilot_v1_00740.wav,0.8642714023590088,0.4008064568042755,0.02166961319744587,0.749233603477478,0.10786155611276627,0.4207433760166168,0.21345855295658112,0.44026678800582886,-147.30749170649142,16.60778263169217,6.44059535797738,0.24463945488337946,-0.5023614359124705,-1.1881904256734952,-0.8840611456276728,-0.3900433082121839,0.1416732198428974,-0.2647686520277548,-0.782041617020584,-0.4977907267241506,0.31370097976482714,17.124342089494025,10.618759016526525,3.7953375275949224,1.2634193236000049,0.8415454434362558,0.9345883604641587,0.6825045341591469,0.4861258563920031,0.389281052555113,0.39623648560435004,0.6502140697949554,0.5018354990227586,0.4110743015097195
pilot_v1_00741,741,data\raw\audio\pilot_v1\pilot_v1_00741.wav,0.3497677743434906,0.7842691540718079,0.46033594012260437,0.24062415957450867,0.33671194314956665,0.2547103762626648,0.6073147654533386,0.2325122356414795,-127.47062386653302,7.684125072306256,-5.40074983546976,-0.14791672742741516,-1.7370095187016563,-1.4062091056080008,-1.8289725826076588,-0.8090093322329658,-1.4135525907962216,-1.2190478113424408,-1.2628973206473522,-1.1186645279368534,-1.336331690965734,45.851039564439574,7.190686696011615,5.3231795852204975,0.6422622508062449,1.7113432768243524,1.3439910943431992,1.755267276423797,0.7905068990197127,1.3486419615216756,1.1474831680940074,1.1903733231497522,1.0527595447279359,1.2591275437268568
pilot_v1_00742,742,data\raw\audio\pilot_v1\pilot_v1_00742.wav,0.24315783381462097,0.4411436915397644,0.303148478269577,0.3835156559944153,0.4217556416988373,0.2319408506155014,0.42397233843803406,0.1610022932291031,-160.24889064434814,9.613337923402888,7.047358286074,2.2474911261265436,0.6920091855831546,0.08540359029507259,0.028453101656141226,-0.20530535724502486,-0.3831062077025135,-0.8909643349536679,-1.4745090698356265,-2.196525941590872,-2.7024331158370956,14.90802073468135,10.349769388225214,7.111020992463445,2.262674932618626,0.8079897840639321,0.39669354027306714,0.23512991939007147,0.42712412786275955,0.42673376804161206,0.9165404393465744,1.4707083137651158,2.1855093604652147,2.698130565551796
pilot_v1_00743,743,data\raw\audio\pilot_v1\pilot_v1_00743.wav,0.7303019762039185,0.6056010723114014,0.7644588947296143,0.1390584111213684,0.24938112497329712,0.392665296792984,0.805303156375885,0.34688255190849304,-124.89403955574849,18.88902776446324,-3.9646402963100478,-2.8609420499125275,-3.906614984486644,-2.0740534727843607,-1.6129433516791238,-0.49848040932310234,-0.7125352518415897,-0.9725910458875467,-1.5186889848573952,-1.1978907568179809,-0.7499234952354035,38.998520852940615,14.23519053675918,3.912195473319187,2.2973720523457914,2.9533332871334084,1.5474134434656013,1.2192840878612168,0.48836944348851474,0.586758601111398,0.7349052145441275,1.1421179259524028,0.900411158299017,0.586603253269696
pilot_v1_00744,744,data\raw\audio\pilot_v1\pilot_v1_00744.wav,0.6443747282028198,0.34195250272750854,0.3910771310329437,0.21336369216442108,0.3662913143634796,0.3679455816745758,0.2843751907348633,0.4137229025363922,-152.18276592683114,13.001610883320838,6.285346147704002,1.365359567982488,1.122626962577587,0.04362491299387757,-0.9396237715271709,-1.7292999601890446,-1.949677677778169,-1.8259884146159358,-1.56041871849506,-1.5995582917027162,-1.9130726374845506,15.410033036837214,10.002377636551678,4.147308541812071,1.245447387795735,0.8718658496199242,0.6162132608457972,0.8402020026468461,1.2188413398861475,1.2644122291228845,1.1167476514575005,0.8951917883896979,0.8974083362125832,0.9911445177188573
pilot_v1_00745,745,data\raw\audio\pilot_v1\pilot_v1_00745.wav,0.12596482038497925,0.7727450132369995,0.7266188263893127,0.6717570424079895,0.18766941130161285,0.1800379604101181,0.69093918800354,0.27155327796936035,-140.34946109608558,15.504927380222341,-5.655060499048084,0.38623591111369726,3.178060121982154,-1.851429419811005,0.12854278218389553,0.05402333466016733,-0.6819170461508776,0.6370130265964778,-0.6644770447682413,-2.1280474867341383,-2.916576778156815,31.301550869141902,14.030799779586978,5.6456403352689275,0.7313789882979177,2.9221916712489313,1.8826049651217633,0.3075745605820612,0.2348623284431049,0.6840948477436078,0.6954391451676978,0.6098196557879313,1.9208823777138857,2.607132256855022
pilot_v1_00746,746,data\raw\audio\pilot_v1\pilot_v1_00746.wav,0.27946168184280396,0.5682817101478577,0.08373762667179108,0.1567506641149521,0.05396318808197975,0.28467848896980286,0.47779950499534607,0.16703855991363525,-146.58766221498342,14.41328007267716,-0.31124869649495684,-0.8148256746300417,-0.2488131127778921,-0.48559183796723615,-0.24485412635802534,-0.8480780522262296,-1.4534525561482015,-2.2221729708804334,-2.6769490109833654,-2.570240323157776,-1.9513973295926612,27.622067437762098,14.09794835828795,1.2122103825564956,1.0650388350868947,0.503812683669539,0.6009340000601864,0.3323078303769252,0.8633755067313821,1.4376693252353547,2.179251130655034,2.624611097486043,2.51857495901959,1.916663500743736
pilot_v1_00747,747,data\raw\audio\pilot_v1\pilot_v1_00747.wav,0.7626996040344238,0.6852669715881348,0.4481734037399292,0.4456566870212555,0.27656081318855286,0.4672776758670807,0.8968373537063599,0.33108386397361755,-117.91020662404067,14.073873262652095,-4.634319088330713,-0.5570571281360787,-1.6705742985332652,-0.20987927276629645,-1.339133431772383,-1.5775151226145632,-2.147488805328323,-1.2222944997053073,-0.5838986510458737,0.19603435738981356,0.1979650932904477,46.63349523887654,10.908327798665171,4.086509846422369,0.6728808212581497,1.4100782047530618,0.34026645291772967,1.0735549817718604,1.2315719979976294,1.6772583555910014,0.9491692876152259,0.4661825093440901,0.18646692456918185,0.17885805034249896
pilot_v1_00748,748,data\raw\audio\pilot_v1\pilot_v1_00748.wav,0.9840843081474304,0.504023015499115,0.649168848991394,0.5366373658180237,0.31994882225990295,0.3740779459476471,0.5073127150535583,0.12253106385469437,-145.84793652165845,15.637372234352773,1.027696507448755,-0.5890150400812248,-1.4610820352176253,-2.3689133286700454,-2.0605154123332277,-1.2825835264683496,-0.07372653160123514,0.16779697018575987,-0.4984211035170612,-0.8251836362400304,-0.013331026967799656,29.12887121239484,15.577130276801318,1.6828781827508685,0.8568334084632242,1.4920664192381499,2.3620287622246265,2.043972360998729,1.2727791303657834,0.18013803242530754,0.26731015365367605,0.5049089654591686,0.8363003932968079,0.10989825021010301
pilot_v1_00749,749,data\raw\audio\pilot_v1\pilot_v1_00749.wav,0.49668073654174805,0.6125546097755432,0.2815733551979065,0.07822112739086151,0.1479645073413849,0.20667804777622223,0.9134605526924133,0.28657305240631104,-128.05241813352225,12.91677781736009,-4.490847034540991,-0.1268246932947777,-0.8638546321489748,-0.09298832098946384,-1.2339105973853055,-0.8028999001917665,-0.7836595151885797,-0.30899184036424143,-0.9344181440923799,-1.6188145662808406,-2.634028343312758,41.56500819590476,11.258709122970012,4.25231357027882,0.5544762563843669,0.9241429251178801,0.1908736643345853,1.1468560810425898,0.7153521509073378,0.7054070289184593,0.2811638224496163,0.8194810367450532,1.4008190380883585,2.288269504697659
pilot_v1_00750,750,data\raw\audio\pilot_v1\pilot_v1_00750.wav,0.0960007831454277,0.4067438244819641,0.5260395407676697,0.5931817293167114,0.20644576847553253,0.2785862684249878,0.30530211329460144,0.36799654364585876,-156.82486045712818,10.670403972701198,6.885313499140003,0.8050309674586206,0.06738018201974436,0.6440271724344743,0.7696101352758287,-0.27872723719665254,-0.7054127325207414,-0.8538639951133038,-1.2175417408636182,-2.4271393556034533,-3.623581604977337,13.185786148253863,8.611977916480853,5.116344027148001,1.0452193921288662,0.5910275193453153,0.6434683794845695,0.6539988385627862,0.5321589080480869,0.594809157336828,0.6578628537137959,0.8534792594983895,1.6967487037601048,2.5689522016879245
pilot_v1_00751,751,data\raw\audio\pilot_v1\pilot_v1_00751.wav,0.6107333302497864,0.8459994196891785,0.19361256062984467,0.30439019203186035,0.4349058270454407,0.44067755341529846,0.7239733934402466,0.2258288711309433,-127.02044820642237,1.5830095590583124,-4.966373342427732,1.6072720680693537,0.6388966282836366,0.9161427427447645,-0.6481488674803405,-0.4312099684398445,-0.1883262550875271,0.38955342470272375,-0.4822769647893153,-1.7174136585886295,-3.1553378180537917,47.954806930693636,2.095380546066917,4.881396207424636,1.577565436171848,0.6142684888781693,0.8767880697910099,0.6849722586259226,0.45432268066033776,0.20681297334448934,0.4157578680072502,0.45825835507311335,1.643627998410416,3.026542391014111
pilot_v1_00752,752,data\raw\audio\pilot_v1\pilot_v1_00752.wav,0.5638450384140015,0.42429330945014954,0.7235743403434753,0.3990403711795807,0.08058815449476242,0.19854481518268585,0.9599504470825195,0.37799835205078125,-139.01952374280071,17.083392578409775,0.6999957905740227,1.8437677638849197,2.275533921997311,0.7783548123044175,-0.3080993063757765,-0.9945993196984758,-0.40438657992427934,-0.32568190736873814,-1.061567482729607,-2.746238736695552,-4.292379616876052,25.161263777248834,11.99995805348579,2.2468251182036885,1.475863648063909,1.5723030816477845,0.5281756525958652,0.48594829805907414,0.8152499422417058,0.30256505791860283,0.33117709761863784,0.698887309743093,1.7860318800358939,2.817242140167182
pilot_v1_00753,753,data\raw\audio\pilot_v1\pilot_v1_00753.wav,0.08036235719919205,0.8292388319969177,0.356770396232605,0.11036298424005508,0.2529631555080414,0.38114458322525024,0.5662916302680969,0.21394731104373932,-153.38891834312972,14.865874232206712,5.2003593153827525,-2.039272143537821,-1.09059936274648,0.5557829652172293,0.3859071375856287,-0.3095413092187386,-0.0017597767597757165,0.05960872334721652,-0.9287207283064539,-2.207247906332088,-2.9143574411327138,20.613372416389428,14.383166195865034,4.958266780297808,2.204921157099616,1.107942749468216,0.649604418629885,0.42725840106992446,0.4327437762216273,0.18471998549580382,0.23228699873986844,0.8969024461954719,2.11259162309229,2.7937323252149104
pilot_v1_00754,754,data\raw\audio\pilot_v1\pilot_v1_00754.wav,0.44981899857521057,0.4858715534210205,0.4012446105480194,0.7188917994499207,0.3929193913936615,0.45407819747924805,0.7524714469909668,0.14260753989219666,-143.83275062127728,14.338216032641357,-0.3978062480714115,0.30427357217338136,-0.25122538276844614,-0.32725756795844424,-0.7054447216865327,-0.8321713925199854,-0.7957138823981724,-0.770367843585018,-0.8678733371950773,-1.1236404356998009,-1.4795644283129517,32.06871171314314,14.589258689358859,2.008181546377535,0.88574132949006,0.5734531956745318,0.4299514310511779,0.7480685899954577,0.8579758582671896,0.8066751833048839,0.7668079081577838,0.8561604444811106,1.1052025659098046,1.4535479775868412
pilot_v1_00755,755,data\raw\audio\pilot_v1\pilot_v1_00755.wav,0.9684727191925049,0.6288430094718933,0.06802225112915039,0.26072782278060913,0.16406865417957306,0.26616981625556946,0.37133532762527466,0.28478288650512695,-135.96488687473226,14.659500492848613,-2.9795263629083073,-1.3456438807589266,-2.79899256091148,-1.8110679874332112,-1.5975247107865185,-0.22201800594300916,0.2523106492208177,0.04693209369764273,-1.091315046285473,-0.8868714613512682,0.25862511629144674,34.9101771662726,12.890230946377969,3.081726735532726,1.3116667647097575,2.51510170737404,1.5878288580006488,1.409177582467366,0.2052825682986188,0.23884833948356937,0.09745258876943942,0.9719641799159899,0.7886023048301781,0.25056212879841866
pilot_v1_00756,756,data\raw\audio\pilot_v1\pilot_v1_00756.wav,0.8095918297767639,0.5506463050842285,0.26589155197143555,0.35097575187683105,0.2331714779138565,0.192452535033226,0.6327171325683594,0.18523766100406647,-138.24299985010896,15.844006120113187,-1.2575699425479003,-0.020610987734391035,-1.3949802396453979,-0.9422663055520989,-1.3507684786661875,-1.2290454755319924,-1.2140746707137748,-0.9426302668064548,-0.6368920035493293,-0.11098633820098266,0.34387386643434437,35.7542600620661,15.363427491661184,1.9149168754100072,0.26057522105428316,1.412911898119475,0.9200408104863619,1.3174505311383076,1.1894367935346357,1.1746257920762053,0.913433092383465,0.6198684862742554,0.12500700290219302,0.33521091509531925
pilot_v1_00757,757,data\raw\audio\pilot_v1\pilot_v1_00757.wav,0.2951038181781769,0.7020799517631531,0.6022003889083862,0.6396301984786987,0.41140279173851013,0.3545445501804352,0.23869098722934723,0.3274109661579132,-135.11449290154826,12.509726227641666,-4.383643587621421,-1.1412490778441355,-1.1375004930859756,0.02670596215524937,-0.810193351794802,-1.1848753559712502,-1.4858301701167085,-1.299395818851639,-1.7434471046429503,-1.9138780423708628,-1.7760897030196345,35.96127823756007,10.446334621117721,4.398019409084401,1.4299266920568998,1.1728863550845174,0.4259191550430572,0.7677778211089705,1.0184729478208903,1.2232965438481112,1.0644729596227458,1.412822657714957,1.5390894729800095,1.4196451973616901
pilot_v1_00758,758,data\raw\audio\pilot_v1\pilot_v1_00758.wav,0.17282262444496155,0.360051691532135,0.15931497514247894,0.03105560503900051,0.34667152166366577,0.46021053194999695,0.8300473093986511,0.4201330244541168,-153.31604711052108,13.841065590551484,11.252927186176068,3.9353513472822854,0.7465051984301948,-0.24814418087762052,0.1927558123877833,0.12490280656279659,-0.38353398002953065,-1.4535481514100062,-2.5861885942767016,-3.5827034509693365,-4.212856136483649,11.67832096782076,9.132201063523766,6.385335459131351,1.9291910958815752,0.9071460289743851,0.68857466337231,0.29087498602677647,0.3266839945658962,0.32077842700339226,0.7540761875511846,1.3179213333083601,1.7775652715677814,2.038468482562204
pilot_v1_00759,759,data\raw\audio\pilot_v1\pilot_v1_00759.wav,0.6599826216697693,0.7565425038337708,0.5229798555374146,0.4893340468406677,0.1244644820690155,0.29280999302864075,0.4484958052635193,0.2560853660106659,-127.78876074306939,8.986114003202355,-5.0503728765618625,0.09370436063309967,-0.9079324422193302,-0.24941304707775921,-1.5143264516195392,-1.10893312384274,-1.4177329194117783,-1.0432639299353599,-0.9906782959632655,-0.44442170714091034,-0.6963550702411003,43.621906420375616,8.386800358843013,4.766103687910337,0.2936658844090516,0.9357532367000618,0.26365146564269903,1.413642784631535,1.0318909079349756,1.3125167886806746,0.9596650697001311,0.9061618130559059,0.41006599863663046,0.6374739780252625
pilot_v1_00760,760,data\raw\audio\pilot_v1\pilot_v1_00760.wav,0.7146636843681335,0.45850837230682373,0.1464836597442627,0.5643962621688843,0.2912106215953827,0.2462366670370102,0.6662923097610474,0.14895519614219666,-143.98737870742275,16.56755927607173,1.1316724914091074,0.5592618290017185,0.10015183858191806,-0.4289161273905388,-0.48729148643533826,-0.9896138643383672,-1.02699076943667,-1.0825720006445558,-0.6853577418238335,-0.22089243268907308,0.1138491345176469,30.649680826376937,16.37744152847959,1.7540721672769009,0.7153213862571999,0.34643818835648965,0.48777325263462373,0.4994294644568375,0.9842043894534334,1.0111141529769367,1.0595202639815713,0.6748373335682579,0.2246073233509339,0.14134003240175755
pilot_v1_00761,761,data\raw\audio\pilot_v1\pilot_v1_00761.wav,0.19626940786838531,0.5885217189788818,0.5859178304672241,0.3200077712535858,0.06275081634521484,0.43020397424697876,0.2599497437477112,0.3567081391811371,-152.6738358757255,13.320786637139205,4.662217097915383,-1.234671344455201,-0.2819249224220379,0.5085347029602268,0.33836282297559067,-0.029356338742439505,-0.03520953955979055,-0.4468055864793144,-1.183344239914965,-2.430446606134678,-3.5862113023131905,17.7519999409878,11.167368361858236,3.602959738487764,1.7089943474629141,0.8905597144001901,0.5188624755414314,0.5183958493555371,0.41818368814167545,0.23973298476891094,0.39694759571528393,0.8849860502791441,1.8041911951621934,2.7027366012470266
pilot_v1_00762,762,data\raw\audio\pilot_v1\pilot_v1_00762.wav,0.3341560363769531,0.3829737603664398,0.22872544825077057,0.5564649701118469,0.17926965653896332,0.40640905499458313,0.8713377118110657,0.4386422038078308,-135.1129796060785,23.659650631529765,5.262067887167905,-0.10308505815636335,-0.03122866928101412,-1.3497734533579147,-1.1906494752585248,-1.5827460268966231,-1.6715143698130395,-1.9198118184432797,-2.045975630922556,-2.1646668253427714,-2.2940698800564707,19.342737249983195,11.967079320633728,2.944291982404721,1.1298898099659151,0.6078614389040061,0.7995084802052402,0.5964934756985429,0.6915817707931903,0.6886885224330166,0.7538431945096397,0.7801790068200489,0.8073669441535605,0.8353378851062134
pilot_v1_00763,763,data\raw\audio\pilot_v1\pilot_v1_00763.wav,0.8174098134040833,0.8007423281669617,0.6892656683921814,0.048152483999729156,0.35125353932380676,0.21713314950466156,0.4524690508842468,0.2527649402618408,-128.58097342415738,6.479932054813468,-5.996076698949898,0.7713696891050468,-2.0602813810077856,-2.4092996363315726,-1.5488186014301388,-0.4079040194530445,-1.5453177132198477,-1.115796188525208,-1.0440007581284125,-0.7764163047316859,-0.5297996593141993,44.09454755872156,5.944188942459175,5.756954205961229,1.1542790438029986,2.012881161553699,2.265010095795018,1.4686858369160756,0.45061331386729414,1.4514974464021955,1.0369894237934045,0.9691244849517514,0.7293179441205535,0.5163494189623594
pilot_v1_00764,764,data\raw\audio\pilot_v1\pilot_v1_00764.wav,0.9137802124023438,0.31012970209121704,0.48829424381256104,0.18564197421073914,0.44525575637817383,0.3180740177631378,0.9386919736862183,0.3936207592487335,-150.47663396533576,15.01215708798946,6.267362628669976,0.024494853352940497,-0.9340581414819512,-1.6812506709367576,-1.2716732942969378,-0.46710146068482145,-0.09193657716535132,-0.8272472481909295,-1.6075383816640163,-1.2341963334300663,-0.27399974884141015,17.092024178651286,11.18175815549396,4.303011667104645,1.2544427916309853,0.9561855263575213,1.2573264594202898,0.914555558553599,0.4178559155659227,0.36708373840658015,0.5349709042894827,1.078188275997952,0.7642983321731324,0.46265831424686643
pilot_v1_00765,765,data\raw\audio\pilot_v1\pilot_v1_00765.wav,0.4263913035392761,0.7366321086883545,0.03086567111313343,0.42996183037757874,0.22265835106372833,0.4787992238998413,0.5327160358428955,0.2077455371618271,-124.46414561682097,9.516044648872153,-4.49282824720958,-0.5087114918193767,-1.8555428436121315,-0.8354993534724018,-1.5591171560017005,-1.0735318137429044,-1.3953522015525361,-1.0607115244920642,-1.2779627307711996,-1.1355466208158904,-1.461958425878377,48.802866248108906,9.121226942814,4.484664227357608,0.5461785817972513,1.8400186824005613,0.8262318438145086,1.515126712257806,1.0335913262723615,1.3452422399680515,1.018564139474361,1.2215880924582316,1.0857610582802735,1.3977991530365306
pilot_v1_00766,766,data\raw\audio\pilot_v1\pilot_v1_00766.wav,0.041291046887636185,0.5318850874900818,0.7865211367607117,0.19345882534980774,0.13136468827724457,0.3346116244792938,0.7484977841377258,0.10374277830123901,-155.25226098087543,14.285175633111637,7.376957558363845,-0.3260397045623461,-1.7106388255327387,-0.46138811521559475,0.5251816373635023,0.04487011893328346,-0.3322454295266473,-0.24042169550126832,-0.5091642564644295,-1.7183589306326184,-3.0741422455989214,19.287205667955615,14.043543025012495,7.269239735424669,0.8548511715881545,1.8003686313993976,0.4791553116329634,0.6130514736127407,0.22553970560773198,0.37631605618124464,0.3663945236314866,0.5758201256101138,1.7053488048062597,3.0794464472558207
pilot_v1_00767,767,data\raw\audio\pilot_v1\pilot_v1_00767.wav,0.556038498878479,0.6531740427017212,0.3439241647720337,0.7019315958023071,0.3099861443042755,0.16857799887657166,0.33004528284072876,0.31149232387542725,-139.01437866206385,9.427020717966041,-4.8971476449849884,0.9070600817105606,0.6971330393134346,0.9630919836096667,-0.5978656125363455,-0.434440362258052,-0.20796115541887175,0.2968560028452485,-0.5912717762936764,-1.8936738943734306,-3.454884203407527,31.60044931912622,7.820225104040652,4.750139751072557,1.0724616805658407,0.6252715907234523,0.8280073483375926,0.6797615574878629,0.4257983478913314,0.21926561350007912,0.35147461062352847,0.49259735172671165,1.5962675359741247,2.9252574195445185
pilot_v1_00768,768,data\raw\audio\pilot_v1\pilot_v1_00768.wav,0.5581010580062866,0.5301576852798462,0.10353807359933853,0.1403937041759491,0.4235501289367676,0.4293690025806427,0.6174541711807251,0.424394816160202,-130.6882181881446,16.316218170386467,-2.6312084843201116,0.9308813625672973,1.3326900329943967,0.8542244102148542,-0.6141052111830337,-0.7338962338001616,-0.1826892387498631,0.1664271318199543,-0.8711369384798274,-2.825773802124502,-4.862955213324597,26.070203546847264,8.454520020091223,3.413855415401432,1.5736350453846286,0.9637778963953978,0.5784675004328375,0.7020523696723217,0.5577122787782953,0.2057378362580423,0.4044806214572873,0.41569537237297627,1.3103162320714878,2.3021379621196365
pilot_v1_00769,769,data\raw\audio\pilot_v1\pilot_v1_00769.wav,0.03938598930835724,0.6537933945655823,0.5640656352043152,0.3821960985660553,0.24592652916908264,0.24676986038684845,0.21108892560005188,0.2603471279144287,-158.19324921440057,10.009613136120187,4.235659255546786,-1.340600549966435,-0.6361122175014103,0.9741339720318082,0.9286658936256325,-0.26150528366986214,-0.6064547668378693,-0.4240657775555506,-0.6455807577385511,-1.9448901071026443,-3.0303616698607674,15.647564505880489,9.753760988040135,3.9289687911730566,1.6414041691391024,0.7659635367249611,1.019812437829838,0.9107331237815723,0.4936629356345817,0.6232791269641971,0.4542006339927828,0.6276886995932612,1.7917175846061406,2.8050489753558523
pilot_v1_00770,770,data\raw\audio\pilot_v1\pilot_v1_00770.wav,0.42823442816734314,0.30961188673973083,0.22127792239189148,0.24241869151592255,0.11243925243616104,0.2180081307888031,0.8201239705085754,0.17824149131774902,-151.81380224962743,14.588436486398171,4.068720654413402,-0.0524756862632921,0.6035769433099665,-0.22259721278829128,-0.5696671420450583,-0.7035099785356794,-0.8580583240998138,-0.991343835838766,-0.9270462311760611,-0.9916806370579274,-1.034966850709022,22.43020083094291,14.233815963451988,3.9644448554357252,0.5642508307439242,0.6139029642382215,0.2711820150720066,0.579181387329272,0.6941672828236765,0.8399803150164179,0.9652493422434844,0.9028830985189013,0.9638416999017755,1.0044211362648914
pilot_v1_00771,771,data\raw\audio\pilot_v1\pilot_v1_00771.wav,0.9117774963378906,0.7381903529167175,0.6607239842414856,0.7474576830863953,0.33359912037849426,0.40591585636138916,0.4012841284275055,0.32041484117507935,-125.90312480264386,10.985433323683635,-4.982260161936947,-1.6034490236207175,-2.390149010923089,-0.7021642937338425,-1.550937526995445,-0.8264438777535482,0.27838932876649825,0.6896948499128381,-1.2102612999769307,-0.9410581668337469,0.6146527707135941,42.40230434988793,8.898539025414797,4.503018975679517,1.4407709378445817,2.0132069593657733,0.6227015060346174,1.2996653041826827,0.7070448418811707,0.2970372333156829,0.5806048163600159,1.0178637449544674,0.7682009188712323,0.5291780762220595
pilot_v1_00772,772,data\raw\audio\pilot_v1\pilot_v1_00772.wav,0.8194424510002136,0.38231661915779114,0.4617091417312622,0.6096023321151733,0.265205055475235,0.4792913794517517,0.9898782968521118,0.13319745659828186,-146.60356287626738,16.897348614728447,2.837551131895681,0.6287289768401297,0.5904444466508826,-0.38580049797397103,-0.23001681081800182,-0.6538987381850637,-0.752814119506982,-0.9527809721904863,-0.9699734252775696,-0.693350340818578,-0.30163751843640346,28.029263171055383,16.75339939772227,3.020830383438935,0.7921180224802338,0.6180577515244263,0.46745085215346543,0.2651072239134934,0.6484307178880818,0.7422974580603233,0.9404208077460573,0.9558178710517692,0.6852744190387239,0.305926297219347
pilot_v1_00773,773,data\raw\audio\pilot_v1\pilot_v1_00773.wav,0.33222195506095886,0.802440345287323,0.01912393793463707,0.3678228557109833,0.09344390779733658,0.3172000050544739,0.5839284658432007,0.27537277340888977,-122.59631937572465,8.356713252790492,-4.418596103345282,-0.5138379775385487,-2.3332564691030875,-1.197793171050184,-1.770069619180826,-1.2229398781468435,-1.611351461201106,-1.3992762596454114,-1.701101490068003,-1.530453276240197,-1.6816806609866584,47.174214922407124,7.599897063195519,4.081698517136709,0.5860355615781488,2.1370138776817114,1.0950789611188523,1.6010953549116385,1.0913290231022357,1.4386762549970085,1.2412082759003191,1.5131788108936897,1.3606458678764022,1.4966815069603545
pilot_v1_00774,774,data\raw\audio\pilot_v1\pilot_v1_00774.wav,0.1981435865163803,0.45691239833831787,0.7635005116462708,0.5076460242271423,0.15214413404464722,0.1680457890033722,0.7973573207855225,0.37920528650283813,-149.84112681495245,17.226122461657784,8.913391721384611,0.4637044647311307,-0.022271695523737308,0.9723508471197723,0.5470564527750581,-0.8877710205782067,-0.9216907410955906,-0.5555006186385207,-1.0927434795686448,-2.727638721164221,-4.109315953570095,17.015790026217587,12.49182521959161,5.929521502163649,1.145011817865244,0.5410811983887471,0.8628139712753928,0.43621823951270433,0.8649698850438282,0.6948116511509589,0.5093911035103104,0.7806665582235544,1.7640377006371422,2.6707213153339415
pilot_v1_00775,775,data\raw\audio\pilot_v1\pilot_v1_00775.wav,0.7126930356025696,0.5890101790428162,0.3060593903064728,0.0024925803299993277,0.37994155287742615,0.3354455828666687,0.37888476252555847,0.21515430510044098,-140.1236355229397,14.60530388240718,-2.0622574063181807,-1.208228132317065,-1.8371055122848752,-1.2318456804474556,-1.3249715965960795,-1.2472942917761827,-1.359072979797752,-1.2007622907053876,-0.8694375247497909,-0.36138158234882983,-0.14784776867285712,34.74551984141299,14.1716156239291,2.812661205031859,1.3757949844836945,1.8526726035119596,1.2122988194011273,1.287816937090634,1.2070806535226843,1.3099174819062145,1.15229749141964,0.8403357042751318,0.36094990721288767,0.16668575419756396
pilot_v1_00776,776,data\raw\audio\pilot_v1\pilot_v1_00776.wav,0.6580143570899963,0.3585270941257477,0.7264291644096375,0.3031634986400604,0.2107304036617279,0.38201895356178284,0.9110878705978394,0.10802590101957321,-150.21637697717443,15.459040134983335,4.016083882324205,0.7269580543101901,1.1475859034353362,-0.1956047957438003,-0.700652836913933,-1.0574989803851749,-1.2179132152837142,-1.140332510074601,-0.9895528367144002,-0.9954974450206673,-1.1542851253354212,24.213031606428675,15.206585344465264,3.9697001445294613,0.850039714456335,1.1389417788093381,0.23319685304894486,0.7063678247680345,1.056844266505369,1.2141883377571425,1.1276088376650752,0.9769330152073629,0.9846698086086283,1.145074012071215
pilot_v1_00777,777,data\raw\audio\pilot_v1\pilot_v1_00777.wav,0.17470014095306396,0.7569596171379089,0.39321935176849365,0.5944270491600037,0.43228137493133545,0.1980523318052292,0.5174552202224731,0.31577548384666443,-146.87685425517617,14.616721602380947,-0.7594292915778954,-1.6299494957095924,1.8376522190747617,0.545495350431385,-0.3646040655317642,-0.3967025450104745,0.0289348828555381,-0.06805199879158584,-0.8170158694555746,-2.1682262110452415,-3.381920614047963,24.958028539855245,13.107491831137395,2.5552290030045284,1.6801248323120077,1.841469247188183,0.6839219021205032,0.602901504894496,0.41880162156264505,0.1578447738766786,0.2255871788403768,0.6753509012094673,1.8004164519616532,2.8352745563379718
pilot_v1_00778,778,data\raw\audio\pilot_v1\pilot_v1_00778.wav,0.2931644916534424,0.5500605702400208,0.4487771689891815,0.07671836763620377,0.3222315013408661,0.2653355300426483,0.7012820839881897,0.3866032660007477,-137.68992299179854,19.581190699928044,0.7212759862720027,-1.7238067727017712,-1.5738748372284097,-1.6620182088576914,-1.132716032076436,-1.4883322851972092,-1.8041346222053583,-2.5696393041260133,-2.9531794708994457,-2.914377681984142,-2.2798256099710175,25.73919397254549,13.469556374761709,2.547720871916135,1.6419911340021245,1.2046513048591472,1.1615486150384413,0.7844170289787689,0.9910496747222621,1.1527198688463338,1.6064171599633967,1.831195201054828,1.8040913972086765,1.3988112060058082
pilot_v1_00779,779,data\raw\audio\pilot_v1\pilot_v1_00779.wav,0.8116201758384705,0.7037065625190735,0.08196143805980682,0.5381558537483215,0.14421701431274414,0.45461079478263855,0.3201259970664978,0.20072799921035767,-130.73341337548243,11.302540896259101,-3.4033388730886287,0.15396282373466105,-1.123077201729356,-0.21650104554825886,-1.119318273839709,-1.0274981503655378,-1.4242006885018523,-0.9091619698994177,-0.5648441061934988,0.20195604475850956,0.4382564144080395,43.11080103952629,10.926479255606386,3.441145639684401,0.31497286317997253,1.1344829498217046,0.23254766183931785,1.0913427331061794,0.9905477155356234,1.3740740487521357,0.8762346103935265,0.5460427711414125,0.19516701291053906,0.41939464169869006
pilot_v1_00780,780,data\raw\audio\pilot_v1\pilot_v1_00780.wav,0.966475248336792,0.4854166507720947,0.2841302752494812,0.44680896401405334,0.05072825774550438,0.3540116548538208,0.6839278340339661,0.4292534589767456,-128.9504689465411,24.193549374285364,2.0031911921570593,-0.6879207770705321,-2.312368818309997,-3.087703206268276,-2.4315906042911655,-1.1505206638303618,0.19736623688887223,-0.06405544603609348,-1.1496020682657107,-1.1569152320540392,0.2873786911221455,24.261783096661187,12.197541528471415,2.4976303791756638,1.0912105024310634,1.2065050488665334,1.4287809357188255,1.0639868747199588,0.4923048031786169,0.37866323198046137,0.2682519204187706,0.5533269123293766,0.6157276001010364,0.25718100039774583
pilot_v1_00781,781,data\raw\audio\pilot_v1\pilot_v1_00781.wav,0.4516664147377014,0.6303383111953735,0.6477832794189453,0.15561412274837494,0.2781355381011963,0.19328714907169342,0.2898789644241333,0.243376225233078,-142.47968195330319,13.147974827909119,-3.4868973636468277,-1.9352957382962053,-1.7513279920882503,-1.1676508413003928,-0.6511458862655913,-0.5707153708991057,-0.6878839327118803,-1.0946302670420487,-1.2037441246160094,-1.1921568807580591,-1.1270307591183784,30.9615795341066,12.34967971760824,3.82707603567441,1.9309254428522336,1.68110690160391,1.143960961949872,0.6755485254965732,0.5800897011617946,0.6574726632420516,1.0405756231111662,1.1326267906041045,1.1069144278374645,1.0455248392336374
pilot_v1_00782,782,data\raw\audio\pilot_v1\pilot_v1_00782.wav,0.07845491170883179,0.42262887954711914,0.19068847596645355,0.6733685731887817,0.36339816451072693,0.29330283403396606,0.8788824081420898,0.15014082193374634,-154.42704491113963,13.498099060194766,4.442159210255797,-0.8744510469317268,0.8898002858022316,1.3087991335198819,-0.213526429649639,-0.9197387027238632,-0.22928817922671346,-0.17058700943011484,-0.9113907280642128,-1.9506064100061347,-2.931337641300045,20.645503032790575,13.901767005023617,4.390888714565634,1.49498449885629,1.0285475716776318,1.396569438988415,0.5386647438509833,1.0415181033062102,0.32617407157265554,0.3612798557912774,0.9047060338612676,1.9321658264161796,2.931952764580067
pilot_v1_00783,783,data\raw\audio\pilot_v1\pilot_v1_00783.wav,0.5659042596817017,0.8297951817512512,0.5270099639892578,0.21177080273628235,0.19202736020088196,0.4593358039855957,0.49735966324806213,0.357893705368042,-117.60856103811506,1.8225755823504648,-7.159079004961975,2.8596906213032285,0.7658631472718959,0.6770504304183583,-0.43610578580860604,-0.6131622769449881,-0.445709558978336,0.6975919397358045,-0.6807933155407085,-2.1685021771830355,-3.887652376800311,43.70748679258702,2.803402967808465,5.328640521060116,2.076095584965706,0.5788518368173884,0.5693614315523502,0.4985142648544727,0.4818002389339164,0.3340349466593523,0.5819678309231755,0.4803229086941375,1.562367532030161,2.8276857539146896
pilot_v1_00784,784,data\raw\audio\pilot_v1\pilot_v1_00784.wav,0.6127659678459167,0.4060906767845154,0.35892561078071594,0.49102553725242615,0.3486368954181671,0.17920300364494324,0.23637016117572784,0.1601371318101883,-157.3319947137973,9.017175315421005,2.3387996044566677,0.32374405793693595,1.4005571601956877,0.7675530507142315,-0.050998645991887775,-0.4858130448764128,-0.3554828562363811,-0.41323612539259824,-0.9048696671677293,-1.917257712064966,-2.8623899364728644,18.18342917101606,9.353982055087124,2.7195507722242795,0.911008260601911,1.45249355843334,0.8003145149142835,0.26559666227931816,0.5579368853849772,0.37225915947941635,0.44030026657286686,0.8961738104436026,1.900763141392009,2.857555808380619
pilot_v1_00785,785,data\raw\audio\pilot_v1\pilot_v1_00785.wav,0.09406651556491852,0.8476929664611816,0.7233731746673584,0.029359808191657066,0.1208389401435852,0.36847880482673645,0.6429053544998169,0.34601736068725586,-151.77513047198528,15.934923948885913,7.5484731157570515,-1.2589403115180648,-2.3980424638447406,-0.5991426634244728,0.8518313707946901,0.5435723837637662,0.19882084774367048,-0.3191071422399186,-1.352571206259039,-2.6438940822488552,-3.39412798116184,17.956418765540327,12.790364983104444,5.840127632025464,1.5926738788316586,2.0406810344662047,0.7318587793839223,0.732932570632335,0.5650268513292135,0.361467683858315,0.3502868311413139,1.0342895770550888,2.005162879923833,2.5752019973552542
pilot_v1_00786,786,data\raw\audio\pilot_v1\pilot_v1_00786.wav,0.4985547363758087,0.5024309754371643,0.06628338247537613,0.6410456299781799,0.2371387928724289,0.4681526720523834,0.4258563816547394,0.4493350684642792,-131.6874601883453,17.229560594411844,-1.6222066768421852,1.065177380627347,1.7632149491418947,0.9340018475711728,-0.38859466349955407,-0.8293468612425224,-0.2670798973938365,-0.11684457505899222,-1.1145016271929242,-3.1270919224180775,-5.0912750345955375,21.32493992363699,7.940799986618167,3.2962728909294396,1.4920629412543436,0.8934196882802933,0.42887894401796617,0.6196786418381205,0.5677128573282957,0.1915461500474277,0.28358259064216723,0.3556056862316449,1.0699343113085613,1.8107998077966874
pilot_v1_00787,787,data\raw\audio\pilot_v1\pilot_v1_00787.wav,0.9821136593818665,0.6130385994911194,0.40181252360343933,0.3495531380176544,0.40890029072761536,0.2841853201389313,0.8449169397354126,0.2415805459022522,-134.51551594855104,14.19618804028143,-2.850605090579775,-1.6842999574124327,-2.991492163620688,-1.9857678822814142,-1.5736656702563425,-0.029888622961164773,0.4772598863631727,0.2503461433150941,-1.0972830317998643,-1.0347296078466615,0.0731153624319596,39.89344860107605,13.405056173689962,3.3203771127557524,1.7275104002148514,2.865614133502068,1.8783822534670132,1.5000398549846652,0.18084915025270132,0.4692029517383012,0.2692676378009284,1.0399611527248067,0.9900774286942255,0.11179066047341088
pilot_v1_00788,788,data\raw\audio\pilot_v1\pilot_v1_00788.wav,0.7647624015808105,0.5665504336357117,0.6008521914482117,0.2589389979839325,0.38990429043769836,0.20717020332813263,0.5592344999313354,0.4048078656196594,-129.03376947957995,20.8682552977382,-1.2513281949338027,-1.8416636753656532,-2.894106334223333,-2.53737825601139,-2.398421925493655,-1.9226505179463849,-1.559241197704511,-1.134096834794496,-0.7259479584492687,-0.24382959129707746,0.03814933422349915,29.591584791955388,12.624374234691626,2.998812203510611,1.6621391018792524,1.8251157902615396,1.472328501773242,1.3510557290781617,1.0627981297750198,0.8606834684858211,0.6322224572396774,0.41630767007164127,0.18077229740778233,0.146503496382957
pilot_v1_00789,789,data\raw\audio\pilot_v1\pilot_v1_00789.wav,0.27755656838417053,0.6858907341957092,0.2684125304222107,0.7206734418869019,0.16874392330646515,0.37320393323898315,0.9654023051261902,0.19704993069171906,-129.12014849925762,13.161793796477344,-3.638980783084733,-0.2736335865485919,-1.5001612958131598,-0.40025764015846854,-1.1346336149841414,-0.7645104659806286,-1.1957675299886275,-1.0762436344849258,-1.4980246280227851,-1.4774389652071633,-1.7213849382818325,44.260485900823944,12.675650682396892,3.78499184583755,0.36564399968807454,1.5262093367160061,0.41953550084363755,1.1201539187329994,0.7398789891811849,1.1572869028758173,1.0329715425784174,1.4397892477453786,1.4174759696763701,1.654443962711029
pilot_v1_00790,790,data\raw\audio\pilot_v1\pilot_v1_00790.wav,0.12780790030956268,0.34143075346946716,0.5239631533622742,0.10903339087963104,0.0772312805056572,0.4401453137397766,0.35333460569381714,0.11443083733320236,-161.51524686973744,8.307648844198948,7.122122117135757,2.793379085504898,0.6574446091967864,-0.22376796098126248,0.03597858540226717,0.09894170808748386,-0.29296746820528385,-1.0308443495726933,-1.61445999795342,-2.1279342929458127,-2.654567167109759,13.756455777604874,8.572584203374666,7.09570928400101,2.7566781654770667,0.789193874380581,0.36705753190499174,0.29659048494868806,0.26505563783806796,0.36464727109376277,1.0402499733036237,1.6201332738751615,2.1337460016304997,2.6601822847983736
pilot_v1_00791,791,data\raw\audio\pilot_v1\pilot_v1_00791.wav,0.6423722505569458,0.7743076682090759,0.15637949109077454,0.4003656506538391,0.2548551857471466,0.27942022681236267,0.7719797492027283,0.3003131151199341,-117.8611054292492,7.813730847651074,-5.195965589285538,0.494482937030241,-0.7548786537974124,-0.10646536881641736,-1.6013053438205502,-1.5249455444152182,-1.881360995054866,-1.1797697012605104,-1.0370082573976644,-0.7574777997081107,-1.2773346619273358,49.70086084298746,6.6128389299732655,4.578961104295059,0.465418534418327,0.7302530761346822,0.12480246967760954,1.373419453924739,1.289907585199928,1.6019881629039716,0.9978379543629197,0.877503458169235,0.6372574121292933,1.0705135134208628
pilot_v1_00792,792,data\raw\audio\pilot_v1\pilot_v1_00792.wav,0.7283047437667847,0.4406932592391968,0.5861318111419678,0.7003257870674133,0.135820209980011,0.3041399419307709,0.5429073572158813,0.36715269088745117,-142.07701272910205,19.529285003861563,3.951119311318109,0.2452647734557127,0.4698256446847304,-0.534628675171313,-0.48684830205874596,-0.8695163685964571,-1.1188197059847715,-1.3714049667651715,-1.3059506691303875,-0.9672005005892255,-0.39352315643902286,24.03202210279496,14.408547399605757,3.0412158673965837,0.8374804795314559,0.5178334396093048,0.4981923843903714,0.3826058529852679,0.6022862176583346,0.7564453289712442,0.9264485826200743,0.8779357397704183,0.6479007403714024,0.29655451663908217
pilot_v1_00793,793,data\raw\audio\pilot_v1\pilot_v1_00793.wav,0.24500519037246704,0.6070924401283264,0.14431755244731903,0.1950574517250061,0.30719077587127686,0.4920482337474823,0.9363681674003601,0.2249850630760193,-147.92701219259567,15.016746170585343,0.8106993926043858,-0.029474784514139294,1.9953400881524463,0.39581715844073395,-0.19069993975245983,-0.6687934644769232,-0.5309498068614796,-0.3768464632404078,-0.9160027554271066,-1.9823413789194821,-2.9924127045531295,26.113261989943485,14.585968451540216,2.00673419266235,0.6401737045735999,1.9504680015221751,0.4650107417864755,0.32824141757263353,0.6750922606694675,0.5148921811737073,0.4022881765498519,0.8666453785141522,1.8705769964704506,2.8319864829395884
pilot_v1_00794,794,data\raw\audio\pilot_v1\pilot_v1_00794.wav,0.34786027669906616,0.3991464674472809,0.6886860728263855,0.4288152754306793,0.4469280540943146,0.3432357907295227,0.34491798281669617,0.1315780133008957,-153.7823487589073,13.146365440901054,3.938780235278614,-0.29997285968499093,-0.3954030488082251,-1.0016545544309567,-1.0398580764295473,-1.1215037306025808,-1.187279368246298,-1.3748433739163861,-1.4326966044969447,-1.5367238054566683,-1.6106156220032988,22.229103096772246,14.084128160359208,4.168919180812004,1.159415257471186,0.7159815552547336,1.117256878912773,1.108972534198587,1.1733144199807004,1.2280885666716996,1.3871802080225908,1.4370054512555346,1.5409106656177622,1.6090090605343377
pilot_v1_00795,795,data\raw\audio\pilot_v1\pilot_v1_00795.wav,0.8663308620452881,0.784821629524231,0.23047785460948944,0.18678425252437592,0.2195211946964264,0.16063594818115234,0.7258553504943848,0.29561999440193176,-118.19087515666594,8.759346365596269,-5.1463661367647395,-0.5312988050054217,-2.763209097552137,-2.0089194422791286,-1.8211380399263417,-0.12498115684120283,-0.2699571586789543,-0.4822449319672651,-1.3176858498094528,-0.6959739489237331,0.019366017704936074,49.66087730773597,7.5210280552108975,4.5619366932895,0.541036797609323,2.4010416396337764,1.7181635435103444,1.5682792264082104,0.14485324924771611,0.2873611273354967,0.4282254294324775,1.1209778710015879,0.5927460062605897,0.07158540106500967
pilot_v1_00796,796,data\raw\audio\pilot_v1\pilot_v1_00796.wav,0.8961697220802307,0.3258835971355438,0.02833303064107895,0.049660976976156235,0.17542441189289093,0.2541774809360504,0.26540473103523254,0.17439787089824677,-158.77153356558844,10.1008033577708,5.101609514155415,-0.1564174911044408,-1.0519095087346373,-1.3361912903233084,-0.8496122140039468,-0.18105582505115425,0.17822858507426828,-0.48613066214301076,-0.9538671492994995,-0.7120927194971731,-0.0030169032936273794,15.961032658132353,10.062100586400769,4.998023100424419,0.4371105085430538,1.1187264456437676,1.3358579843631613,0.8504006044939766,0.20557178913609553,0.2075178194839049,0.4878327900996083,0.9452029253662466,0.7048809732874767,0.15180682807111062
pilot_v1_00797,797,data\raw\audio\pilot_v1\pilot_v1_00797.wav,0.3813765048980713,0.7200219035148621,0.489656001329422,0.5549522042274475,0.35343867540359497,0.421578049659729,0.6592321395874023,0.33844318985939026,-121.48027327199847,12.65971794033432,-5.027780216916104,-1.1129166016171508,-2.3292568459023077,-0.9314230427140031,-1.6122702530912811,-1.1217979426145774,-1.3471813289180146,-0.89218654693308,-1.1000241849511179,-0.947172513219517,-1.1732747232023693,43.86737087934211,9.679692479110503,4.313187781989532,1.0973081638143256,1.886356343471598,0.7939786687729026,1.2807728695133838,0.8827857351353482,1.042758778276132,0.695191648257425,0.842055472900272,0.7192717485493847,0.8877028622746681
pilot_v1_00798,798,data\raw\audio\pilot_v1\pilot_v1_00798.wav,0.023743750527501106,0.5134139657020569,0.3468724191188812,0.3212401866912842,0.2884884178638458,0.3931581377983093,0.47198042273521423,0.40909796953201294,-151.60200000726692,15.4920670356543,10.077308969136658,1.540311252655971,-0.6701507806697828,-0.11666200645250664,0.7320961541392206,0.031702987542237715,-0.7044416787243938,-1.039683904595744,-1.4009945021488335,-2.6337252529806996,-4.222026885193532,13.776674924620858,10.566588918203472,6.101951239555534,1.259161229196676,1.2071856753533268,0.5076578550399125,0.5712874207703547,0.39671039324731816,0.6146499994369983,0.6399488728762411,0.8424632018109738,1.4159005312527668,2.3169114878575034
pilot_v1_00799,799,data\raw\audio\pilot_v1\pilot_v1_00799.wav,0.5112089514732361,0.6713595390319824,0.7855269908905029,0.5631567239761353,0.0669378936290741,0.23106618225574493,0.8533339500427246,0.2669283151626587,-127.71563380849452,8.483416423142755,-5.699270887236557,0.7930094318742761,0.3729711948847794,1.0992257247656443,-0.47813305869840045,-0.22983383209648345,-0.29243197469640114,0.2474297492970913,-0.5531456318695523,-1.6722301004091258,-3.3078078344479755,42.99887007569708,7.705941000967939,5.370349746548747,0.8169735294844201,0.40605636805781015,0.9938234901510223,0.5853528344009089,0.36791764116786996,0.36578520919589386,0.27826063704081977,0.5002024285031306,1.5090847372375302,2.9868139581578426
pilot_v1_00800,800,data\raw\audio\pilot_v1\pilot_v1_00800.wav,0.5310914516448975,0.3050594925880432,0.4343380630016327,0.4143539369106293,0.38599693775177,0.15413162112236023,0.43941983580589294,0.23000793159008026,-159.7779121263263,8.030886342640688,3.842122106823379,0.8256297055681723,1.4029424259581789,0.9648194048726632,0.13561273462242504,-0.45583571615114366,-0.528761051279349,-0.7237728068685056,-1.161380899296085,-2.032933906316496,-2.8205703153788435,14.888797042914591,8.272571197945066,3.7486783396501266,0.9807965438209892,1.4494545356386606,0.9653714445794168,0.34660470558310646,0.5589842826607745,0.5518263865041827,0.7089895643736686,1.1122395337256854,1.950944573809601,2.7308528303779163
pilot_v1_00801,801,data\raw\audio\pilot_v1\pilot_v1_00801.wav,0.012681566178798676,0.742231011390686,0.09801548719406128,0.09651710093021393,0.15858973562717438,0.3380989730358124,0.8328732252120972,0.3722129464149475,-149.5852934139737,17.990212857840255,9.57964638330956,0.3853804018610154,-0.8570043854755433,0.48491992350304375,0.902172165799903,-0.2326796178459683,-0.7653305364999329,-0.8536019257026394,-1.3766639152443594,-2.70104934521962,-3.938907164348561,17.630595247600876,13.293231201660838,6.589605235948079,1.1512244986569224,0.9867693415768156,0.6028162970831696,0.6803925474410336,0.47475610908945887,0.6513439969723076,0.6420161832531851,0.9642972180509083,1.793323990653412,2.6500323971527973
pilot_v1_00802,802,data\raw\audio\pilot_v1\pilot_v1_00802.wav,0.3927449882030487,0.5342074632644653,0.7408474683761597,0.703809916973114,0.09988874942064285,0.49853256344795227,0.24834077060222626,0.2905972898006439,-139.776960895282,17.200145864364444,-0.2924612007995917,-0.5352802362462912,-1.1553189552820935,-1.1599257718255376,-0.996154983416709,-0.9571397398149244,-0.8329220766934272,-0.803720606801314,-0.7104600469411658,-0.6079280242877059,-0.5725557209687591,31.833042413369288,15.334720451336025,1.7656927580934068,1.0086429115002775,1.1505650724554164,1.09049314295802,0.8971680364074167,0.8401780968935469,0.7224771931906239,0.6916360156633323,0.616083081390968,0.5275712980390895,0.49687108947966957
pilot_v1_00803,803,data\raw\audio\pilot_v1\pilot_v1_00803.wav,0.8759828805923462,0.6492487192153931,0.37719330191612244,0.274347722530365,0.2712596654891968,0.3092567026615143,0.6293172836303711,0.12651795148849487,-131.8774652388846,12.963683264573909,-4.030371121133542,-1.8077352712100498,-2.921773925377566,-1.367456306198926,-1.2983049003903353,-0.1442108081996018,-0.0649839333130862,-0.048588592585845,-1.04183696329417,-0.7943174481226373,0.05689925244487896,42.69715270478532,12.742404668068849,4.274638113011487,1.8105853408548416,2.8992836180357444,1.3645340075575787,1.286122815537994,0.18698174700684453,0.18299488895235808,0.07840891261167628,1.023995971553167,0.7841571182940872,0.06899571993406689
pilot_v1_00804,804,data\raw\audio\pilot_v1\pilot_v1_00804.wav,0.8473635315895081,0.4700838327407837,0.17619749903678894,0.3357107639312744,0.32754507660865784,0.2368665188550949,0.3680943250656128,0.3325657844543457,-145.58676098508775,16.944501613996202,2.629282363291875,-0.7720526481638977,-0.6839552947732587,-1.7214167233659128,-1.3053841682019633,-0.9813271330721332,-0.6466882888236826,-0.7271218414513285,-1.0143147390027567,-0.7083785461702344,0.025292907317863707,24.582247825144393,14.051043371206482,2.5136964861578903,1.1610966231173168,0.7407784553676567,1.4432934812715452,1.0561316241375505,0.784171605487672,0.5163593682086746,0.5698077097769257,0.7911772448081629,0.5564326409930798,0.1986336207135417
pilot_v1_00805,805,data\raw\audio\pilot_v1\pilot_v1_00805.wav,0.3599599301815033,0.5764007568359375,0.5430121421813965,0.6534332036972046,0.10599420964717865,0.39759162068367004,0.7619624733924866,0.16848304867744446,-134.47949850916473,15.869655705728212,-2.116807412378651,-0.16999702395249938,-1.7514851184032594,-0.8360466517141226,-1.246465306481119,-0.7569682853045566,-0.8770175169766363,-0.5974927304851041,-0.6902660198068711,-0.5482224014818309,-0.6816780803468466,39.412998951269614,15.47176575829292,2.32255647671696,0.39981114577089283,1.7733629558561967,0.8336640470583089,1.2335606559088024,0.7383233311049903,0.8573274115291637,0.5866160314389536,0.6754223612897974,0.536944738969989,0.6639899246992452
pilot_v1_00806,806,data\raw\audio\pilot_v1\pilot_v1_00806.wav,0.23272153735160828,0.36971524357795715,0.2985943853855133,0.046186160296201706,0.23948070406913757,0.4157576262950897,0.5693252086639404,0.2728055715560913,-159.9185864812037,9.468596896072391,7.645490935911705,3.13647417040057,1.7565018164406578,1.2211359431512603,0.6877530609891099,-0.364859251570814,-1.221541023758227,-1.8612054393192097,-2.173398621043158,-2.5743030314703206,-2.8949688919958194,13.491471401995938,8.886706557257458,6.9512117868496714,2.838198302990213,1.6127201503498336,1.1110132048015895,0.6339838944709024,0.441020608601911,1.1253532056249103,1.6818734051788746,1.9478947007962402,2.306877686345532,2.596405863641511
pilot_v1_00807,807,data\raw\audio\pilot_v1\pilot_v1_00807.wav,0.7474541068077087,0.8156205415725708,0.6318029761314392,0.4756712317466736,0.4174953103065491,0.2497239112854004,0.9506668448448181,0.4150126278400421,-103.3191293101676,9.256548574509663,-6.342018595058995,1.785378714917913,-1.1692837057328649,-1.3938942609226659,-1.6996687101666585,-1.8270301782079479,-3.6914442220139736,-1.8281832329032002,-0.8990922328941319,-0.002422652635581279,0.9607236078568853,41.84071719751743,4.399776397056776,3.5836569798204776,1.049606042347135,0.8450365406448351,0.7466402913172148,0.9143494992358071,0.9144463619046987,1.8667041372997162,0.9068124397424268,0.45844122368785906,0.09765049385006111,0.47952932705283746
pilot_v1_00808,808,data\raw\audio\pilot_v1\pilot_v1_00808.wav,0.6302725672721863,0.5455240607261658,0.21142864227294922,0.5800761580467224,0.19808273017406464,0.2906896471977234,0.33287110924720764,0.3509441018104553,-141.52194603859607,14.371674010437742,-1.716680644386975,0.0649504677599725,0.4683250315509307,-0.3371974606677217,-0.942181002809193,-1.4879080023528877,-1.1203986939321045,-0.7563036360675736,-0.9146876339934842,-1.4965533773179296,-2.3797161949767163,26.39095667474693,11.055375502808918,2.525106461739435,0.8115706173959825,0.4952926048801715,0.5116329575725475,0.8359678399805648,1.2316719399948233,0.8813822705112836,0.5751620291515613,0.6768848180526581,1.0974313944308236,1.7458339311741484
pilot_v1_00809,809,data\raw\audio\pilot_v1\pilot_v1_00809.wav,0.1467752307653427,0.7077645063400269,0.6688678860664368,0.3057956397533417,0.3698437809944153,0.47328951954841614,0.7394220232963562,0.16495171189308167,-148.84282331592442,14.963208156999983,-0.16632768468705197,-2.356291764416196,1.3785155605631687,0.7378809212525733,-0.4299070961767899,-0.6512010024031252,0.09700023623081638,0.39315845223815726,-0.6722502533405359,-2.2266765715878023,-3.0319947873418642,26.29974666503652,15.199050807277636,1.866469821725676,2.466850101574908,1.6379018526052957,0.8363119160697431,0.6272315631874047,0.7318301970838467,0.2113786005329476,0.45664944364102134,0.6668039036595308,2.208561325405137,3.0074353578126227
pilot_v1_00810,810,data\raw\audio\pilot_v1\pilot_v1_00810.wav,0.25840723514556885,0.36255908012390137,0.11336653679609299,0.5410169363021851,0.28458040952682495,0.36199453473091125,0.5293164849281311,0.23665396869182587,-157.78655985667,11.504509399670285,7.156512455696332,1.4428554621662164,-0.14628395749949238,-0.5237293798817529,-0.6073317685121342,-0.8525957441584247,-0.9954154607966228,-1.3840485058829974,-1.7745068790705871,-2.073539121017906,-2.2065368316215053,16.233004625541888,11.195847342004372,6.758869839469987,1.5433323069200382,0.6784488542617854,0.6516286923749581,0.6569525074159851,0.8457669183484852,0.9655631310704522,1.3136675323319926,1.6708867070431848,1.9489824127560464,2.073786856193806
pilot_v1_00811,811,data\raw\audio\pilot_v1\pilot_v1_00811.wav,0.7770460247993469,0.7523985505104065,0.5559498071670532,0.06213855743408203,0.056782860308885574,0.17408624291419983,0.9483416080474854,0.4445207417011261,-95.03088111019376,14.782774557191349,-9.72971639156597,-0.41188054435483146,-1.655480064999572,-1.5844285988032802,-3.575916116127859,-2.145285946361471,-2.5301670757928227,-2.4442405156371,-2.015236923441954,-0.42738142858410894,-0.17921438726928163,34.453995645322586,5.140019482778159,4.030579608990424,0.6218898072777796,1.0735428795222763,0.6029742355890212,1.288824710022368,0.7098998904209199,0.8640463638996135,0.8057634746700201,0.6992939278777612,0.24226979617431982,0.29478540225390043
pilot_v1_00812,812,data\raw\audio\pilot_v1\pilot_v1_00812.wav,0.9931758642196655,0.43581774830818176,0.7537946701049805,0.1700107455253601,0.1381629854440689,0.2736198902130127,0.4619598388671875,0.19092683494091034,-150.62056413540225,15.056362791406832,3.283332413470306,-1.1227658011826562,-1.2138130101838736,-2.267040494632575,-2.0116511290648997,-1.2939010204848647,-0.8663690587921076,-1.3557593972414232,-2.026222563148675,-1.7388752134504015,-0.7702309291029853,23.510506397792074,14.635080341978627,3.2338679132129244,1.331496657928586,1.2772377069997318,2.2367679856955522,1.969455643402845,1.2644879740040762,0.8534797684522355,1.318994663320177,1.9586719785365732,1.6847873197734005,0.7492092310964796
pilot_v1_00813,813,data\raw\audio\pilot_v1\pilot_v1_00813.wav,0.47867220640182495,0.8172025084495544,0.3143467307090759,0.444131076335907,0.3157864809036255,0.43571189045906067,0.8680968880653381,0.3987969160079956,-103.25981827655023,7.335108348006479,-6.886459904216332,0.5140560507992731,-1.4071717644541375,-0.5844682906512069,-1.8878492988022824,-1.3961318819237751,-1.7278255907436355,-1.102496733680028,-1.5845094460361722,-1.9019952991845102,-2.7164587623721146,45.40545153154548,4.099526212419744,4.19119009113169,0.3742764313758157,1.050905749093094,0.42828964110510703,1.1824399890882489,0.8405629475124929,1.0453550756324448,0.6419979836000522,0.9201520118607273,1.0615605281736082,1.5197598116551718
pilot_v1_00814,814,data\raw\audio\pilot_v1\pilot_v1_00814.wav,0.11425334960222244,0.47279906272888184,0.4713880717754364,0.2089555561542511,0.42583560943603516,0.37902435660362244,0.2506663501262665,0.30643603205680847,-156.2105847232218,12.511098836156291,7.20530979916927,0.5190237673645438,-0.512527129058573,0.31190861022169675,0.6475945506863987,-0.19968098394828535,-0.5990715892150067,-0.636638554812912,-0.9870357518910435,-2.113173091205414,-3.271393864113167,16.726986935454015,12.09636932402731,6.354005474201381,1.2543984162780448,0.8853909861641099,0.6566672169377888,0.6347769676152093,0.6152643203174758,0.6697276857907728,0.6612081923508027,0.9236070916690496,1.8063524153604467,2.8240919548549512
pilot_v1_00815,815,data\raw\audio\pilot_v1\pilot_v1_00815.wav,0.6013975143432617,0.6435015797615051,0.010858548805117607,0.687902569770813,0.2046756148338318,0.21162377297878265,0.6693257093429565,0.12044161558151245,-133.64753212938155,9.150787554819154,-4.488075014581529,0.8005863687147815,0.23918535049211678,0.791636759571778,-0.5987477364866826,-0.3147432626151923,-0.27493360161950825,0.16788020694931435,-0.6369195541187856,-1.620488930718138,-2.928602351894585,40.555015721165205,9.092649613137265,4.596311859365876,0.8154921429062572,0.3397462761653355,0.7884728180113355,0.6119361599991611,0.31295398974955446,0.27599749392344625,0.20640834075466724,0.6274363445380314,1.6073975300200105,2.9093816529005827
pilot_v1_00816,816,data\raw\audio\pilot_v1\pilot_v1_00816.wav,0.5857554078102112,0.4892932176589966,0.6781982779502869,0.015008889138698578,0.2613000273704529,0.44812774658203125,0.8083486557006836,0.310111939907074,-142.16040655556205,14.15426021671088,-0.9284193474571505,1.269990482023605,1.2924586439120223,0.5028638950591761,-0.4591679997262891,-0.7349651635785808,-0.13533984478442582,0.004198078636010581,-0.6631830662639764,-2.216715447483721,-3.6339819800353754,28.26551244234416,12.105327379335648,2.3692116395526663,1.2579343390879754,1.1181337477060898,0.4484633033435745,0.5055658981071526,0.68708883122576,0.1883940037454481,0.32147551013542186,0.5679848305157965,1.8317597338070135,3.0200946525527113
pilot_v1_00817,817,data\raw\audio\pilot_v1\pilot_v1_00817.wav,0.06736113876104355,0.6256815195083618,0.23954567313194275,0.4936577379703522,0.0832858607172966,0.26022008061408997,0.41467681527137756,0.10223951190710068,-152.20151613410192,14.166897240020356,2.1318181847143043,-2.77937219720918,0.7355716954258705,1.3923041639331952,-0.5137761619977669,-0.8607938782204959,0.19722284054381728,0.05767133564865634,-0.6932974869655844,-1.7435772956159616,-2.8843739928724896,22.398001905030277,13.939075339416627,2.1888121765492494,2.9592318376810143,0.8282374555260645,1.4332750194308974,0.5472760175219121,0.8832805601080131,0.2966771345097313,0.21962766362049121,0.6913474305830188,1.7616040446736791,2.909661350254854
pilot_v1_00818,818,data\raw\audio\pilot_v1\pilot_v1_00818.wav,0.4630643427371979,0.41872575879096985,0.5965912342071533,0.35241416096687317,0.17479926347732544,0.20455795526504517,0.6040860414505005,0.20639172196388245,-148.46794323326264,15.191541380040924,1.998531079778744,-0.2159333657870388,0.45156361019868263,-0.5326545199792351,-0.5850796735488141,-0.8867442103617954,-0.979807091308632,-1.0614422864901238,-1.1942248033824834,-1.5122503552495767,-1.8409094569088649,25.38172631812153,14.636308343540694,2.0985346828078457,0.55528880631869,0.4814093642048352,0.5903115991506268,0.5982574608907397,0.866108835187024,0.9473443553457181,1.0191205881006895,1.1432815513536376,1.4435644327288555,1.7584966387756524
pilot_v1_00819,819,data\raw\audio\pilot_v1\pilot_v1_00819.wav,0.9463180899620056,0.8345462083816528,0.1352701187133789,0.626465916633606,0.3963499069213867,0.38715705275535583,0.22293725609779358,0.39238980412483215,-118.7109451911662,8.941477379720888,-4.0610141694177155,-0.34538837361195146,-3.1320485255379125,-2.0779256604007474,-1.6744906903468575,0.12538854749430275,0.5286220767956944,0.16685781540281952,-1.232132829918197,-0.6782110774648925,0.5763662941635672,41.87174392615588,5.2372797449256225,3.045552909516652,0.4008453952232569,2.035962677428816,1.2326457053382376,1.0642797486271292,0.1376138989287151,0.34521639625863715,0.17356433664027887,0.7522019164286856,0.40791400994478166,0.34987480466717175
pilot_v1_00820,820,data\raw\audio\pilot_v1\pilot_v1_00820.wav,0.7926844358444214,0.3460168242454529,0.3362411558628082,0.7350701093673706,0.40245452523231506,0.46515747904777527,0.7874618768692017,0.2485271692276001,-151.4316073921262,14.59929775143733,4.437269817201451,0.700775706202609,0.8191191576932096,-0.036478295413834017,-0.23944770303086518,-0.6318978716052097,-0.8692393533492427,-0.946847356845823,-0.7196316182089479,-0.3172663646635382,0.09609726104762933,23.071285825575,14.522202758219644,4.346110389734171,1.0146549577978021,0.8323856053758256,0.2692317774586694,0.29521824827545046,0.627788833553319,0.83305693809154,0.8921201218486311,0.6782431352821525,0.3136258806052212,0.15608686614286252
pilot_v1_00821,821,data\raw\audio\pilot_v1\pilot_v1_00821.wav,0.30529549717903137,0.7703004479408264,0.7944513559341431,0.25626108050346375,0.23108403384685516,0.29775768518447876,0.39342498779296875,0.43452727794647217,-120.45163997558556,11.551959877947175,-9.750345969727244,1.4828295318286846,0.5959232297423357,-2.3588411013879704,-3.040627084362529,0.42611660159833825,-1.4817812002353135,-3.8246326705104714,-2.687820486310188,-1.6888289444125437,-2.979364233261274,28.643706736486138,6.077774944478077,5.3936041342744705,1.4685727364418937,1.1764613115188265,1.3939436923727593,1.4642275340860822,0.5489511725326193,0.8886402354264277,1.7077049860229367,1.157419014048675,0.8232673968668188,1.2093037087038865
pilot_v1_00822,822,data\raw\audio\pilot_v1\pilot_v1_00822.wav,0.16238680481910706,0.5625343322753906,0.03894200176000595,0.39755043387413025,0.11478491872549057,0.1874881088733673,0.9753139019012451,0.35274261236190796,-142.99723105437425,21.336217300060962,4.3435386556912805,-3.224715007658815,0.5791247422102955,1.6052376766940903,-0.3580986202600889,-1.0046107656382905,0.07490877422599995,0.06444751786578648,-1.0213114486610964,-2.465919489923769,-3.79421530064302,23.974559075454486,16.396425924543173,3.2008994230827374,2.9621076260401953,0.8238488264337186,1.3360407443610476,0.6580727873448494,0.9117305196770211,0.32569150566998867,0.3098674783337904,0.7453307867334701,1.7816228835889916,2.759667879486961
pilot_v1_00823,823,data\raw\audio\pilot_v1\pilot_v1_00823.wav,0.6771342754364014,0.6904688477516174,0.48075810074806213,0.1235673651099205,0.3421918749809265,0.34957948327064514,0.5937504768371582,0.14486688375473022,-131.56010369938804,11.14662785665851,-5.0316575751932096,-1.0209610076114901,-1.2512685168124535,-0.004576699547078768,-1.2023877187153147,-1.4434407985677928,-1.817204555181388,-1.1265165882212724,-0.8151561129436191,-0.35519902184162866,-0.5411452211068719,43.567432171200984,10.976807798665014,5.292194457867564,1.1576468877892836,1.2750880650419643,0.3267635578709298,1.212741132210821,1.446242428801485,1.8165692638314799,1.120139511482917,0.8082570042800933,0.3567742457016567,0.531076674730659
pilot_v1_00824,824,data\raw\audio\pilot_v1\pilot_v1_00824.wav,0.7005620002746582,0.38599103689193726,0.0510103702545166,0.22721536457538605,0.07338271290063858,0.4123988747596741,0.7146776914596558,0.25477972626686096,-145.0605032619193,17.034308473867053,2.395232906602942,0.6097808939235733,0.7722608147427051,-0.36979128520245197,-0.595967945915436,-1.3058998434706621,-1.4900986950772788,-1.360676067732233,-0.8361488705011456,-0.26690523787064324,-0.0572372625621097,27.705490836488362,15.806083437041773,2.4160154497081217,0.744607486695005,0.7225925094683241,0.4121159524017687,0.5652054101266992,1.2220978581294215,1.3886286614173757,1.268465111676491,0.7723460214674893,0.2687615898382654,0.17962055708344196
pilot_v1_00825,825,data\raw\audio\pilot_v1\pilot_v1_00825.wav,0.21707932651042938,0.7974480986595154,0.41859519481658936,0.6564491391181946,0.29454299807548523,0.22312362492084503,0.30834782123565674,0.41885408759117126,-146.63503107437,13.611021795074926,1.849864230640018,0.2989238020735403,1.7954896893373564,0.335353038295248,0.07728616834524919,-0.03867050492553156,-0.03733117669586472,-0.61429741598063,-1.7894631433372166,-3.2771756009965727,-4.1996780434186425,17.14079471711081,8.674440349607462,2.2538014977387095,0.9994234113960238,1.3080661814987842,0.4648949346073852,0.4871221615275824,0.403661812603937,0.2197013019859238,0.36812636061506615,0.9204884698563486,1.7224262063989784,2.2115748679179283
pilot_v1_00826,826,data\raw\audio\pilot_v1\pilot_v1_00826.wav,0.3131020665168762,0.4533442258834839,0.374170184135437,0.14313651621341705,0.35949400067329407,0.24026425182819366,0.9229394793510437,0.3259824216365814,-143.85231751693243,18.27242502309527,3.349455633527239,0.06452789313480509,-0.10724943783100602,-1.0021990035654045,-0.9064500116549266,-1.2847359661357365,-1.4261789420132525,-1.713787784473904,-1.8278544699296364,-1.7741806793373631,-1.5602026016527764,26.384908487954515,15.582933411694007,3.2256025395621766,0.8300347069764548,0.4606843636475604,0.9061126066578159,0.7712061068646334,1.0463451678203024,1.1455234564116399,1.3674359592318224,1.447245339472694,1.3999522733866134,1.228020373477856
pilot_v1_00827,827,data\raw\audio\pilot_v1\pilot_v1_00827.wav,0.8317557573318481,0.5939628481864929,0.706610918045044,0.4607442319393158,0.1818699985742569,0.4242308735847473,0.5040838718414307,0.18378238379955292,-136.6485642510586,15.29709065756059,-2.5562216912119107,-1.277334443128205,-2.628644240757492,-1.6201554469364592,-1.503271415218559,-0.5052218669572813,0.10520512167644519,0.312441513256705,-0.5237090193243562,-0.88711124910033,-0.3734718802885405,37.35263618929747,14.835792711059954,2.8425715192547654,1.293436570977519,2.6010578197951695,1.5720888242155593,1.4714964434996154,0.5360821989041299,0.26354285688887585,0.3759622861329976,0.5156497847279109,0.8832233066094312,0.3848390832327554
pilot_v1_00828,828,data\raw\audio\pilot_v1\pilot_v1_00828.wav,0.9228712916374207,0.5179839730262756,0.5087419748306274,0.5228400826454163,0.2130753993988037,0.32962387800216675,0.8934254050254822,0.28076937794685364,-135.78264990748772,18.08048177772236,-0.27276832000631196,-0.36654346156379786,-2.3470825907321684,-2.28761156634616,-2.1899275277862293,-0.8780872257544903,0.17073822296321978,0.2590084352420684,-0.7623695201420132,-0.920407549216324,0.17271162966659875,35.140105475368856,16.056807771047836,1.7526705472254989,0.6176731847844483,2.1361143069407946,2.016935999801554,1.9327273136228655,0.7693946224337362,0.21036358497964136,0.29410642424703787,0.678190106934627,0.8272748612109339,0.17167711858482626
pilot_v1_00829,829,data\raw\audio\pilot_v1\pilot_v1_00829.wav,0.40838325023651123,0.6673352718353271,0.17321404814720154,0.09349187463521957,0.44087332487106323,0.1635909229516983,0.4874614179134369,0.13856737315654755,-136.5125584054643,11.590559739907032,-3.9716212971537255,-1.3782714464610897,-2.0409172843643333,-0.9850528380456535,-1.3286348175228442,-1.0108168298247484,-1.242378394391976,-1.0124491930412705,-1.091314719334754,-0.960108956962803,-1.1509145147875235,40.00753264962857,11.601822180782797,4.3482272346707465,1.5931542227932232,2.1253800536183833,1.067688115554651,1.370241391130628,1.040971743867224,1.2562359750987349,1.0196286314012135,1.095746901055976,0.9657997912684354,1.1446960913237199
pilot_v1_00830,830,data\raw\audio\pilot_v1\pilot_v1_00830.wav,0.05954314023256302,0.32188504934310913,0.6160509586334229,0.606850266456604,0.3011367619037628,0.3229990601539612,0.6937530040740967,0.20975753664970398,-160.84578779631158,9.111953688535241,7.47871021393154,2.5046803629948617,0.40853502055415974,-0.2013177301034085,0.17981586850295767,0.005067414573548819,-0.40308565696411514,-1.0692564082759723,-1.4452133808981105,-1.9938133680981336,-2.6713627380639116,13.479237949990294,9.001202756310422,7.25616455159443,2.4018682241756264,0.6256949551009091,0.4126884826476138,0.2965021785423451,0.2520280407801343,0.44695557077592346,1.047080123381659,1.3983240136053658,1.9152651666658929,2.5639900664768946
pilot_v1_00831,831,data\raw\audio\pilot_v1\pilot_v1_00831.wav,0.5467031598091125,0.7246166467666626,0.25160452723503113,0.28926539421081543,0.12937518954277039,0.48372358083724976,0.27531129121780396,0.3738352358341217,-124.41300741050209,7.956184332963572,-7.1923912952089655,1.188350129673726,1.0966924838183534,1.3662881985489848,-0.8480043201233581,-0.6111484627358764,-0.2370242328000373,0.4819381970997548,-0.6197591194828372,-2.173523705185733,-4.0114237996080595,37.98172682186263,5.532456599105081,5.431913984789433,1.0482749706117658,0.7513160062657579,0.9423402026646446,0.7704908834017759,0.4705991225162411,0.22655641787841949,0.4393313974516739,0.4146823918505323,1.4915139974767635,2.7893538152210753
pilot_v1_00832,832,data\raw\audio\pilot_v1\pilot_v1_00832.wav,0.5355261564254761,0.37334924936294556,0.6384151577949524,0.667405366897583,0.16117456555366516,0.35664990544319153,0.3584738075733185,0.392966628074646,-152.65531728909318,11.546554379920732,4.0214918157574076,0.6849393351856127,1.7923963464800081,1.1209271139039885,0.08721068703226205,-0.6236866692931354,-0.46343135940788854,-0.700597266643044,-1.381841837306386,-2.6782333730914103,-3.9741279903879203,15.297807671948467,8.583474275526914,2.8344187436394184,0.9276987007646126,1.324383574044772,0.8034677370184301,0.46618949874206767,0.6537888782601535,0.3685269548037938,0.4876493336114644,0.8517908584522883,1.6694852946187613,2.511071703905885
pilot_v1_00833,833,data\raw\audio\pilot_v1\pilot_v1_00833.wav,0.053996745496988297,0.8105933666229248,0.2809983789920807,0.22945129871368408,0.3833022117614746,0.1906275451183319,0.7646432518959045,0.20701125264167786,-153.1928649226545,14.676917891825658,4.593452488131514,-1.8817003306761315,-0.37307983103856895,0.8243901378099697,0.21209709532863644,-0.4009058205204954,-0.040678028038038806,-0.12929090987658282,-0.9441795722367065,-2.012779680261828,-2.900522943265749,21.452560658490896,14.821033867707916,4.438556366805461,2.3110967308766686,0.5819713765915333,0.9617808352394799,0.4272111835839425,0.5804380397073414,0.20707356126994086,0.2945670870629824,0.921437328973303,1.940334657363281,2.8147763587454464
pilot_v1_00834,834,data\raw\audio\pilot_v1\pilot_v1_00834.wav,0.4156387448310852,0.4664837121963501,0.5363795757293701,0.46467381715774536,0.2746257185935974,0.2960265278816223,0.554144024848938,0.10302986949682236,-145.84137051241174,16.30578646254951,1.2791719625159732,-0.21703148981046905,-0.21485881290851896,-0.8825521366938756,-0.5575071278263787,-0.8617402868870797,-0.7852058536214401,-0.8996378777575657,-0.8658306864222624,-0.8251210009191148,-0.9085015671663894,28.795424696175424,16.134596111855373,1.8075064108751526,0.5946649147272055,0.33407500524156764,0.8962803800409109,0.563880535454287,0.8746847885257926,0.7932852512798105,0.8873669821593462,0.8529778580675158,0.8270577465224037,0.9102374406308976
pilot_v1_00835,835,data\raw\audio\pilot_v1\pilot_v1_00835.wav,0.9323391914367676,0.5813269019126892,0.1938188374042511,0.14946943521499634,0.0964127779006958,0.4567616283893585,0.9727877378463745,0.3108595907688141,-125.76205296539345,17.40299253722223,-2.5879248074740673,-1.3680072370257557,-3.373118162107511,-2.259071115747846,-2.094158121174061,-0.3148866677297848,0.21418034708421538,0.10786282951056647,-1.253172909482573,-1.043979334154349,0.13661234545366138,41.668657717642624,14.37814768687779,2.6811693066378672,1.3177366246944007,2.837192244065825,1.8710128644328026,1.7431839076526892,0.289900433455647,0.21012871967943825,0.17056002730863076,1.056953278170421,0.8681619432907004,0.12399520714055721
pilot_v1_00836,836,data\raw\audio\pilot_v1\pilot_v1_00836.wav,0.8359596133232117,0.5391837358474731,0.3963390290737152,0.08265864104032516,0.10243891179561615,0.38469991087913513,0.4371231198310852,0.14822079241275787,-142.7175657830052,15.905618559267632,-0.6197198066514205,-1.1368454732515,-2.034900390893502,-2.2076306739156006,-1.7529279339171153,-1.0816162066357875,-0.42104557296283085,-0.4730691147605796,-0.8181273587185145,-0.6870350130112323,0.0075454516726982685,31.67480450829318,15.617082411902413,1.089214674079464,1.257730206569476,2.0402609852445925,2.1900237102505917,1.7260979929824305,1.0627152825810937,0.44311242527936984,0.4815143129069339,0.8131394752496354,0.6781609658837044,0.07137224278537878
pilot_v1_00837,837,data\raw\audio\pilot_v1\pilot_v1_00837.wav,0.3234248161315918,0.6455647945404053,0.7358094453811646,0.5204982757568359,0.33121025562286377,0.19543544948101044,0.8436599373817444,0.35605382919311523,-125.06796015548754,17.22774097594228,-4.44403336569746,-1.8860192035355123,-2.6951962347666205,-0.7268685545057493,-0.43637549499066064,-0.06905851908843526,-1.1833004968531415,-1.7697917027639085,-2.0180239519827308,-1.2646277135718897,-0.9226363617261384,38.46571825431723,12.589630251366986,4.105709059144922,1.7053646687247745,2.0647156181242194,0.6748283201765045,0.4290953715327307,0.2382205221632289,0.8671374723924413,1.2710201285273333,1.4358200124434808,0.9058546017939629,0.6642035359828915
pilot_v1_00838,838,data\raw\audio\pilot_v1\pilot_v1_00838.wav,0.20895397663116455,0.30011606216430664,0.07884327322244644,0.28532153367996216,0.41472128033638,0.2679310441017151,0.22505447268486023,0.43800923228263855,-160.07528339669977,6.762355594507517,7.429965364195169,3.8782062436933193,1.8762849378204565,0.6874941621198133,0.5518374035782607,0.034885687995226344,-0.5925709966927137,-1.5512592337798594,-2.4508048626958217,-3.2215725693714488,-3.6801478068675264,7.996821896263634,5.736786247737579,5.350422053391337,2.225459975434913,1.0028075464416633,0.7379040300486374,0.4501853877144996,0.37934482277881826,0.46908590582815185,0.8993305371240554,1.3710641259725613,1.7049608912439198,1.793082737441263
pilot_v1_00839,839,data\raw\audio\pilot_v1\pilot_v1_00839.wav,0.6941607594490051,0.7458149194717407,0.43939530849456787,0.6005488038063049,0.24236463010311127,0.4519084393978119,0.6441136002540588,0.2520518898963928,-122.08474712003888,10.111636748018228,-4.688979355990778,0.09738719492564137,-0.8146350766129775,-0.24790869237319993,-1.4780877837268998,-0.9363239746811203,-1.1622104087784781,-0.8662799901221532,-0.7720538083052665,-0.05066154588489895,-0.05157909953686861,49.42437703125227,9.288835449088298,4.524937167173285,0.3455029476693311,0.836101705336783,0.2933439032867304,1.3857845355622989,0.8643003263412714,1.0768438128675546,0.7997340610014971,0.7130085916403079,0.14456730285505362,0.14343095791259922
pilot_v1_00840,840,data\raw\audio\pilot_v1\pilot_v1_00840.wav,0.6863427758216858,0.47665101289749146,0.015993628650903702,0.5020735859870911,0.3733075261116028,0.48190826177597046,0.4646441340446472,0.18589730560779572,-142.748228546768,15.534911088347283,0.3559184506798125,0.7509119577119728,0.0795156819839354,-0.16464715236697994,-0.7446550668319493,-1.2378457642213754,-1.3681393155828412,-1.1479811999555258,-0.5696257823951552,-0.08775922512840333,-0.057026750146038134,32.48107473296022,15.448915671411598,1.918311153340059,0.9889416889741588,0.4149642099620751,0.25964154664635497,0.7492527246236648,1.2198738456705365,1.3406516041279661,1.1158579104446449,0.5553667905425153,0.13565685150879267,0.16927462341598956
pilot_v1_00841,841,data\raw\audio\pilot_v1\pilot_v1_00841.wav,0.16990171372890472,0.6388272643089294,0.4523394703865051,0.01978524774312973,0.19470442831516266,0.3145190477371216,0.8584729433059692,0.3281400501728058,-145.8072768205792,17.859137389948017,2.405415008721656,-2.4341320834414195,0.255660455379336,0.16046818475257568,0.16712668693071506,0.2985808796033915,0.10990092498265203,-0.41523072454452953,-1.2327006266660758,-2.466862592498181,-3.41553234813359,23.656118535654194,14.739202708913739,2.4936279913329744,2.266381434663837,0.6863378225348369,0.3985071593853702,0.31528769053446665,0.31149145754672825,0.17605545128222408,0.34834422982429286,0.9753831175498898,1.9399232665930484,2.70807480704684
pilot_v1_00842,842,data\raw\audio\pilot_v1\pilot_v1_00842.wav,0.29997798800468445,0.43186476826667786,0.3091912269592285,0.6270768642425537,0.05946534126996994,0.17074811458587646,0.27278995513916016,0.42084071040153503,-149.17015042106598,15.600511281168528,6.647429683625143,-0.22973141533095132,-0.6013197458561695,-0.6547345927016415,-0.950143658631898,-1.202248262578017,-1.2094800185072951,-1.5458964670935047,-1.7307791966358426,-1.930854663767321,-2.0528380482486743,14.800178621092835,9.897897041297941,3.8356117981520748,1.319398917235437,0.8281077419651798,0.7331875928762445,0.6904070470360021,0.738279577858995,0.6828217144275527,0.8262519316555144,0.883967297202219,0.9452508849837142,0.9743683827663674
pilot_v1_00843,843,data\raw\audio\pilot_v1\pilot_v1_00843.wav,0.7812785506248474,0.8219107389450073,0.7728686928749084,0.3620656728744507,0.281983345746994,0.33285006880760193,0.6541418433189392,0.25672364234924316,-121.00863116950991,5.498261459368026,-5.035932475635689,1.37735625938725,-2.127758383238547,-1.9053248854253078,-0.761629171772338,-1.2432224917137773,-2.4015840214306743,-0.7163398583068366,-1.1706175209104743,-0.7710992468225448,0.23613831121361883,50.2754907005329,5.175800757885414,4.792430366622318,1.5014708621019865,2.05995080070402,1.7984628106674565,0.8154006685983242,1.1797844414155632,2.219263367576283,0.7131699789310575,1.0960302265030322,0.7324718020456784,0.32359384926415186
pilot_v1_00844,844,data\raw\audio\pilot_v1\pilot_v1_00844.wav,0.94014573097229,0.36721721291542053,0.5734475255012512,0.24801404774188995,0.31291475892066956,0.43202856183052063,0.3436604142189026,0.3787272274494171,-149.30338919081368,16.009828521485012,5.983085581719857,0.032028112221538584,-0.5805304917268678,-1.3669162413241438,-1.1596962148889516,-0.6361212277116013,-0.34990264311087194,-1.0174016985082228,-1.7041444900145695,-1.407890762636004,-0.6199896859078075,19.19581583392139,12.499905388994437,4.435436909964712,1.2379387509859074,0.81736199724451,1.1417082096556799,0.9230810568919251,0.5136994648357424,0.3344168811391006,0.6888630634964631,1.1914404207786327,0.9394279180832242,0.49649624646687623
pilot_v1_00845,845,data\raw\audio\pilot_v1\pilot_v1_00845.wav,0.45471009612083435,0.7485293745994568,0.10665618628263474,0.7301421761512756,0.14094923436641693,0.2441316395998001,0.737122654914856,0.21460683643817902,-124.4968383138233,7.770306709019963,-4.7858333644078455,0.24688887379299626,-0.917598974040589,-0.18155492140340407,-1.3326380059825647,-0.9463775292670411,-1.1030093108021786,-0.6450903949661079,-1.0599929136570096,-1.3425816086261904,-2.0278329680612424,48.18717056204381,7.5353037767514985,4.665734748946994,0.42133830903939024,0.9526535030110116,0.27294308634092734,1.3052546339544866,0.9257835503339766,1.0735192563179476,0.6261459056044907,1.0117002764323908,1.2732016243574769,1.92271649632823
pilot_v1_00846,846,data\raw\audio\pilot_v1\pilot_v1_00846.wav,0.07742448151111603,0.5407659411430359,0.6513436436653137,0.12289632856845856,0.201022669672966,0.22058230638504028,0.544116199016571,0.14324568212032318,-155.45151482165696,13.644879310966763,6.029720357048427,-1.35038378802205,-1.690570508071654,-0.1117051764517451,0.22115257676838143,-0.42122178250056286,-0.18156955785513243,0.30231515487068095,-0.14133539819843663,-1.7708010140423012,-3.1152544893682528,19.020520771572816,13.444587568631544,5.947137540309229,1.6714747978730131,1.7115762152510288,0.2989802626380001,0.2856851415376418,0.49322576978205446,0.23626082972496673,0.4591945691156822,0.3613159620807174,1.758971147470794,3.096001183058602
pilot_v1_00847,847,data\raw\audio\pilot_v1\pilot_v1_00847.wav,0.5902186632156372,0.7116665244102478,0.2181582897901535,0.38797613978385925,0.42940306663513184,0.4031921625137329,0.9250519275665283,0.28549039363861084,-129.4143260960039,6.912891033117421,-5.784342905018391,1.0183442982839435,0.7635325067696705,1.098872016170611,-0.687102078337557,-0.46050510336124456,-0.21784717683485427,0.385726969286356,-0.5283525415586311,-1.8363068248049856,-3.3831632827352633,42.79932134925151,5.975795821773915,5.442967530816316,1.1172893694648098,0.6840329454759309,0.999218285194704,0.7305660580531783,0.4386505465404535,0.23422065680131843,0.4190482109982764,0.46052677214087834,1.6139480256173626,3.005891538037994
pilot_v1_00848,848,data\raw\audio\pilot_v1\pilot_v1_00848.wav,0.6058608889579773,0.5586656928062439,0.4990241527557373,0.3156677186489105,0.08605992794036865,0.2568798065185547,0.789068877696991,0.12316402047872543,-137.96691960200542,11.775111928841156,-3.4666807812816063,0.9254706621764669,0.27643000056652944,0.4618078641871851,-0.8578896646175217,-0.48258075302469033,-0.06644209091353324,0.484560061931907,-0.3139140664688649,-1.6176563328683555,-3.1123617321204597,36.164657762636914,11.635440485650646,3.6848486886746272,0.9654934531616275,0.33032577833072746,0.4785192932974653,0.8604909737897339,0.4892850276764253,0.13714453885997918,0.5234438229589584,0.3156462613332742,1.6151245516649306,3.118066265030797
pilot_v1_00849,849,data\raw\audio\pilot_v1\pilot_v1_00849.wav,0.12431657314300537,0.6951264142990112,0.03146486356854439,0.5804494023323059,0.2584161162376404,0.41898253560066223,0.38312044739723206,0.28728607296943665,-143.93196757180263,16.33565533456525,-3.0982794481265628,-2.572478496746684,2.716596516981415,0.36756137646753206,-0.7340135452473998,-0.3006337129567846,-0.1519240925487393,0.07687220536344729,-0.3908723995159912,-1.960329300913222,-3.366946927572231,27.977381475044655,14.712372278653897,3.7969918363860633,2.3961988379230936,2.5982901342891815,0.7125309653096784,0.835335734459171,0.3480328083093179,0.3279520470033053,0.3129437135989956,0.38774801855995744,1.7276221868220913,2.967833821457975
pilot_v1_00850,850,data\raw\audio\pilot_v1\pilot_v1_00850.wav,0.4703178405761719,0.34991949796676636,0.7761573195457458,0.06713548302650452,0.3999052047729492,0.3957750201225281,0.998117983341217,0.36873093247413635,-150.21910852691744,15.001177871421953,6.079950585432195,1.3554418980261647,1.3868176333168176,0.15508313274806007,-0.6061816626287908,-1.242389787567674,-1.5150119702000953,-1.6881777465327255,-1.7780395324530316,-1.9812512624307175,-2.1644541403283037,18.852605079429217,12.21212212572392,4.394696938239482,1.3996356003052535,1.0332852065428435,0.36740385371852385,0.5821155682174372,0.9450456530362011,1.095679328121406,1.1798416643255105,1.2102204603908113,1.3285476756910817,1.4421423957735462
pilot_v1_00851,851,data\raw\audio\pilot_v1\pilot_v1_00851.wav,0.9870036244392395,0.7655417323112488,0.34374210238456726,0.5491949915885925,0.1711340993642807,0.22838522493839264,0.5796438455581665,0.22648321092128754,-125.31814061366754,8.998778174675142,-4.576789110238198,-0.6688070718000729,-2.217654614116798,-1.458915514357609,-1.5406179776798457,0.15746592861368108,0.09987328495651808,-0.1642227253978845,-0.8792149091956029,-0.36017323017021297,0.16603975029774184,47.103793946448214,8.587021984660332,4.42008689306927,0.6590943850148623,2.112476515287027,1.3851789544037096,1.463811753331931,0.18629696655356123,0.16388153206505857,0.2168919185653264,0.8274366986675628,0.358203102636608,0.16342644852629257
pilot_v1_00852,852,data\raw\audio\pilot_v1\pilot_v1_00852.wav,0.7656402587890625,0.41405096650123596,0.14119790494441986,0.43441063165664673,0.22771792113780975,0.30671411752700806,0.8182560801506042,0.41443580389022827,-133.49483367483361,23.36958014566241,3.9327527360466585,1.174888258233349,0.6418128660474766,-0.4805471196807504,-0.7735605347817721,-1.703961991363459,-1.932470607626408,-1.8967575547022935,-1.176300052997696,-0.2508602110026044,0.5245074051485815,24.110608849543926,13.442538577423857,2.9961371598811244,0.9810538768973908,0.4862946530468142,0.391367184312189,0.4643579611367196,0.8825847965753332,0.9714331250803335,0.9392011034646677,0.5741900256562046,0.22431054005842663,0.3995571815157907
pilot_v1_00853,853,data\raw\audio\pilot_v1\pilot_v1_00853.wav,0.2530896067619324,0.8383986353874207,0.5767514109611511,0.1694687306880951,0.40593045949935913,0.48932453989982605,0.41189226508140564,0.2721860408782959,-139.4468087964673,9.011421805763439,-2.8103582995809484,2.2396729829655455,-1.5460249880047343,-0.22010961414855326,-0.1766571228416285,-1.1696888352141,-1.1517466400556184,-0.9516633447312469,-1.7545366364471746,-1.7112098226814327,-2.029720856834902,34.281388135506816,8.315609265961328,3.2625350272676688,2.19783783524622,1.8309888194917576,0.4729263165968523,0.4066915367017614,1.1500591691057955,1.0911667439577366,0.8705271550574124,1.602104517847148,1.5371230279557404,1.82160559110679
pilot_v1_00854,854,data\raw\audio\pilot_v1\pilot_v1_00854.wav,0.15429002046585083,0.49400103092193604,0.23359595239162445,0.682828426361084,0.33960703015327454,0.3458954095840454,0.6193709969520569,0.16769269108772278,-152.25306483115054,14.344149145543659,2.6708140315860707,-1.7612035859399005,1.3533416970117214,1.2249647512977473,-0.6605146717844493,-0.7287602199265965,0.060594211569551755,-0.1625422805457741,-0.749303307254553,-1.8105272587038916,-3.0430925883711284,22.53709197987596,14.447375444516553,2.811434281734985,2.075594339090864,1.4920156678103802,1.2523083540413213,0.8590052159136418,0.7698083278080493,0.23791206164022946,0.233767338407989,0.7426876357232091,1.7800901030409098,3.0192505816228756
pilot_v1_00855,855,data\raw\audio\pilot_v1\pilot_v1_00855.wav,0.6394811868667603,0.6217289566993713,0.6980679631233215,0.20083752274513245,0.11747962236404419,0.15799769759178162,0.20052951574325562,0.3318181335926056,-144.83643130375745,13.425525562291938,-2.8491099410660548,-2.711136247122173,-1.435808814760615,-1.5081248948735373,-0.7009072011225321,-0.7236898117527261,-0.7622085117941593,-1.233549324821872,-1.486704031576583,-1.4430451746228117,-1.3515261780327552,24.73662605376119,11.116814648923919,3.119296246982112,2.4118938229389726,1.304682565814925,1.3576067246238677,0.6769640212288646,0.6759509695823542,0.6564216179252736,1.0125789591524135,1.210876813301311,1.1534286879178544,1.0628344033033459
pilot_v1_00856,856,data\raw\audio\pilot_v1\pilot_v1_00856.wav,0.7410529851913452,0.31820055842399597,0.27154290676116943,0.1030702143907547,0.2981959879398346,0.20989389717578888,0.8831182718276978,0.4396286904811859,-141.44357505247217,20.684467701803808,7.384107370814842,1.2167223497751305,1.2174688963830476,-0.234530990228786,-1.13475727696334,-2.0363006712890868,-2.4268913427957806,-2.3774209648801636,-1.4784884372176728,-0.4879784262730928,0.11770129755977604,16.381305193473732,10.949038454336952,3.4193684848972836,1.3313008769726113,0.707327533892746,0.4123499919202023,0.5809412488196397,0.8821182029086875,1.0079633414750673,0.96451856907804,0.5529274715146614,0.27366663725221546,0.4246400991677741
pilot_v1_00857,857,data\raw\audio\pilot_v1\pilot_v1_00857.wav,0.2245960682630539,0.7295935153961182,0.6102218627929688,0.41804617643356323,0.06981522589921951,0.37062975764274597,0.4890710413455963,0.23180469870567322,-148.52466802510443,11.547233154757697,-2.932727342735555,0.33040983531262186,4.21886174036951,1.958497103411029,0.2322142311502721,-0.8260959995713678,-0.7678540178703833,-1.0983789526175243,-2.034677646384328,-2.687488496816091,-2.844509623177701,25.10153344729504,11.052450345673682,3.3535423582231627,0.7045295511085365,4.080506672479786,1.8773689690819029,0.38441389904378953,0.8377587652728526,0.7449592249023609,1.0435076616004417,1.9229938612938102,2.5480573705840475,2.700151470526955
pilot_v1_00858,858,data\raw\audio\pilot_v1\pilot_v1_00858.wav,0.3702825605869293,0.5215672850608826,0.15324759483337402,0.2768038809299469,0.18474170565605164,0.4427835941314697,0.6796429753303528,0.16027338802814484,-137.94759207658973,16.561182246021655,-1.2184179042079344,-0.33143173350582955,-1.6953881580036423,-1.20063781166621,-1.3708097191719286,-1.1243412503052947,-1.0912554778154124,-0.9437695087311964,-0.9060699738127117,-0.8176854552153056,-0.8407087225498862,36.18553947576246,16.16467709768161,1.7231024144826663,0.43635101760903644,1.7220744554013963,1.1788725783092782,1.350706576857137,1.098692261932058,1.0657231869888968,0.9206791010602302,0.8840459070094346,0.7985039758676176,0.8201003609810985
pilot_v1_00859,859,data\raw\audio\pilot_v1\pilot_v1_00859.wav,0.8515675067901611,0.6623924374580383,0.5145950317382812,0.7145287990570068,0.35670775175094604,0.27676060795783997,0.29811885952949524,0.34622305631637573,-133.39431033569358,14.965540857200555,-4.47012780938987,-2.4069625749300245,-2.1194046789813576,-0.42142520458500793,-0.5752576881248869,-0.7942458035803441,-0.8070452782954771,-0.22964492784831453,-0.24564404714901442,-0.36904359553250055,-0.16935455665160185,34.33836414965682,11.515068428073311,4.190304687157212,1.9882747755991774,1.733644812595573,0.5133241103440893,0.50024811031844,0.602218628331663,0.6434429723085484,0.24819297089383582,0.2183837944450767,0.3030768057811874,0.15641177941722242
pilot_v1_00860,860,data\raw\audio\pilot_v1\pilot_v1_00860.wav,0.8854508996009827,0.4483175277709961,0.7139913439750671,0.6469859480857849,0.4381907880306244,0.18179851770401,0.7118896842002869,0.11832670122385025,-149.28655473835468,14.702507645174416,2.336705787245358,-0.3027590197986915,-0.7136652570987202,-1.4742502423979673,-1.1928853291416388,-0.8426692902245322,-0.2994707710545317,-0.34831945996546576,-0.7116953654287427,-0.7395763995124626,-0.32859204321978386,26.85032070287749,15.328352007353535,2.9232618129431946,0.9130573533094205,0.847879111462381,1.5350785183743352,1.2153910486781796,0.8482919334343958,0.3275523664788892,0.3603111087531632,0.7150446019039408,0.7385819856171035,0.34844679604342943
pilot_v1_00861,861,data\raw\audio\pilot_v1\pilot_v1_00861.wav,0.40000036358833313,0.5975964069366455,0.35580745339393616,0.3318955600261688,0.21567246317863464,0.3657764792442322,0.3182586431503296,0.3042784035205841,-138.4228930815064,15.78180344632005,-2.302158740517105,-1.5278707558542781,-2.0284594358865826,-1.555315825955773,-1.2819219616066682,-1.020706873407502,-0.8605655957192093,-0.851518302465431,-0.8411426096331908,-0.8716316463638099,-0.9561939507714198,32.277128793192006,13.59137970684344,2.760926926052026,1.5083155803894523,1.8272386157979807,1.3770981716526085,1.1258462382447403,0.8911225352874941,0.7456074348440436,0.730713792631348,0.7109496059368936,0.7309640233595044,0.7967383233859704
pilot_v1_00862,862,data\raw\audio\pilot_v1\pilot_v1_00862.wav,0.007135051302611828,0.39091765880584717,0.4111928641796112,0.47318363189697266,0.1259114295244217,0.4708336591720581,0.9005290269851685,0.39681026339530945,-151.12911476423244,16.43826644273412,11.063541120389129,2.4778810919548273,-0.11794639459282283,0.02059208221843417,0.5489814411888553,-0.21523900161125545,-0.9636330611848857,-1.2425251536869184,-1.5177426213510226,-2.682087694360878,-4.145498053065918,14.815092469232711,11.312830994642436,6.904242432948902,1.5496733450093563,0.9084859476557863,0.36808356974285084,0.47754566927427117,0.31196836512414644,0.6982654565356334,0.7433985083532186,0.924621091001885,1.546570250525825,2.41162173405596
pilot_v1_00863,863,data\raw\audio\pilot_v1\pilot_v1_00863.wav,0.5199145674705505,0.7938475012779236,0.06940307468175888,0.035481587052345276,0.3045150637626648,0.2815684378147125,0.519371509552002,0.18898288905620575,-129.15452098395866,3.316244380106076,-5.40348686047169,1.504673189937617,0.7478800801546065,0.906369639261452,-0.7224673800908514,-0.41846666855630704,-0.2074578256270084,0.39609182717092667,-0.4738719137544089,-1.7033856027466199,-3.148752510144937,45.03573530253865,3.4953925504850374,5.393828856665462,1.5015761591710042,0.7339551456081294,0.8825751284304154,0.741085331773765,0.4321796039074168,0.20947506258107285,0.4172502966033995,0.4559345459965371,1.6486139940399747,3.0602452539469285
pilot_v1_00864,864,data\raw\audio\pilot_v1\pilot_v1_00864.wav,0.5007641315460205,0.46192246675491333,0.3237285912036896,0.19129668176174164,0.24881042540073395,0.2709389328956604,0.9867027997970581,0.2368595004081726,-142.07696209281096,13.651372697246705,-1.0511273797400402,1.8243938492946334,1.376037369702739,0.7400654383572063,-0.4810342720988146,-0.7337245484343377,-0.2996909447778217,-0.07723387651624627,-0.7295569472754876,-2.0536515333577565,-3.3252718106600048,31.142770279478167,12.835749961068641,2.1473207138396186,1.7463509667818427,1.3076611252428498,0.706087699318382,0.5309194015319901,0.707806189318269,0.29031673260967683,0.1938824300209863,0.6860694222778525,1.9188953968805607,3.1120646722864236
pilot_v1_00865,865,data\raw\audio\pilot_v1\pilot_v1_00865.wav,0.01941782981157303,0.5853596925735474,0.7569128274917603,0.6938412189483643,0.4207760691642761,0.4383287727832794,0.5926643013954163,0.4446568191051483,-140.90659243110935,20.81511933482641,4.660412641425343,-3.291090949504227,0.8322529769281601,1.7563091315382517,-0.360218533036658,-0.9930494804534069,0.09427232562741714,-0.11152221227753156,-1.2108678242975837,-2.975542025717631,-4.9732076992949406,15.869996159909169,11.078438939224185,2.069641940849403,2.6114465646507097,1.3684181413624332,1.094023938525305,1.1219907735936658,0.8476555212420034,0.5048075083432397,0.36989572764221984,0.442034544257605,1.0959392442607572,1.8746664790247844
pilot_v1_00866,866,data\raw\audio\pilot_v1\pilot_v1_00866.wav,0.38789981603622437,0.3774069547653198,0.001478239893913269,0.1761341542005539,0.3372642695903778,0.3764288127422333,0.7761218547821045,0.341168075799942,-144.74630016845313,17.126730829559172,2.400998220070153,-1.0232303375742546,-0.9014213122581828,-1.8487745996686407,-1.6592500311820095,-1.897030680269289,-1.8459970750295358,-1.8972238367551746,-1.8235115393012933,-1.7615303634322894,-1.7491922707739975,24.552581277057577,14.040748897004377,2.6258210894878227,1.3506660552599061,0.859932981583812,1.515412956093867,1.3031253133831942,1.4766952091739287,1.4254876060285633,1.4527436596691456,1.3910194778458977,1.345999384294015,1.3371249190569832
pilot_v1_00867,867,data\raw\audio\pilot_v1\pilot_v1_00867.wav,0.9044171571731567,0.8060576319694519,0.46826839447021484,0.426290363073349,0.10888392478227615,0.21432609856128693,0.3945598900318146,0.1552451103925705,-129.56301849655065,6.829871976162931,-4.557558403828838,-0.060201092383778354,-2.440836961161487,-2.122059160456156,-1.4040601716574141,0.31070976343305695,-0.2880324378874268,-0.3561568869675192,-1.0116913119350335,-0.4515253559274678,0.1365737796675735,44.33077139049088,7.002273729718593,4.550739098319182,0.4093270370214401,2.400102660008129,2.1048406836173923,1.3780406493514887,0.3509884888691089,0.31509357169469804,0.38530017371414405,0.9876667206471481,0.4487678567564295,0.1463319253350312
pilot_v1_00868,868,data\raw\audio\pilot_v1\pilot_v1_00868.wav,0.8717551827430725,0.3132796585559845,0.6657375693321228,0.5586986541748047,0.08996795862913132,0.28805142641067505,0.609103262424469,0.2983691692352295,-152.7316571106095,14.363680594405036,5.394242564092338,-0.1974802690068105,-0.3378826106177456,-0.8496423317573233,-0.767415821441004,-0.30761836611603655,0.05461379196067199,-0.502014175672718,-1.0961486134864504,-0.8062034206513972,-0.09342597409357244,19.397311632164296,12.738129723492913,4.685375021724015,0.8721157892194411,0.5510570002174,0.7977632998546283,0.7005677943036641,0.2977595609856961,0.20636803739216814,0.43747433379781003,0.9406762439548144,0.69276113053808,0.24470386357314183
pilot_v1_00869,869,data\raw\audio\pilot_v1\pilot_v1_00869.wav,0.35891520977020264,0.7331965565681458,0.20205901563167572,0.056177008897066116,0.2685711681842804,0.47594907879829407,0.21542979776859283,0.11244417726993561,-132.21070340810968,9.621784878210413,-5.104791412567387,-1.0348584581546774,-2.0631747932176263,-1.1337156711316196,-1.798504922176304,-1.2042240998732452,-1.387193752510461,-1.1237445337232914,-1.3267622185436736,-1.1435640510532947,-1.2907733743120937,42.82189449768967,9.470583623975887,5.2613185369253905,1.1035265775539793,2.0858997255201657,1.142130514846893,1.7927622360756568,1.197318342168009,1.3812368968857374,1.113414347969385,1.313426477758575,1.13080920263153,1.2827860080090872
pilot_v1_00870,870,data\raw\audio\pilot_v1\pilot_v1_00870.wav,0.23565934598445892,0.5265913009643555,0.5590816736221313,0.5739298462867737,0.3772468864917755,0.359270840883255,0.8032827377319336,0.1948922872543335,-154.8562595832428,13.264803737624767,5.420601230340258,0.34407045076258774,0.6711323480251508,0.11629189649089527,-0.6608065058418066,-0.7505621812140834,-0.2610482265833748,-0.17477110438795926,-0.5017461784836371,-1.54022955230176,-2.9549689305032176,20.004522156362732,13.553916128273364,5.293201610714573,0.9381532159675744,0.7873088893436034,0.26850725084586824,0.8035401696720083,0.7979642520898089,0.3238394799896796,0.28025769493620195,0.517442629814913,1.4940186482642848,2.8743884678958356
pilot_v1_00871,871,data\raw\audio\pilot_v1\pilot_v1_00871.wav,0.7211713194847107,0.6587529182434082,0.12273465096950531,0.323659211397171,0.1547289788722992,0.17666038870811462,0.4221353530883789,0.402692973613739,-122.41010065409203,18.099457556288062,-4.203392286724575,-0.7006574586877728,-1.7450475926281444,-0.5977599163479851,-1.5615812009476935,-1.5900979324340183,-2.0445253476085736,-1.4900970958586492,-0.9456843990241588,-0.013199283384680478,0.25192664464025005,33.03355311926303,10.364700293122931,3.4252585926664425,1.0296731652871913,1.217981508016654,0.48614108327507033,0.9337970742492724,0.8843134082131517,1.1260868123854277,0.802115109211574,0.5116906860763055,0.13075121913076895,0.16684424822956695
pilot_v1_00872,872,data\raw\audio\pilot_v1\pilot_v1_00872.wav,0.6508485674858093,0.4273203909397125,0.5461317300796509,0.02887186035513878,0.4358488619327545,0.2342069149017334,0.692666232585907,0.29209524393081665,-149.11374165840638,15.07850402690478,3.505515251798985,0.4760534853338581,0.6392522332386958,-0.3744807612269391,-0.7521851042198924,-1.3301105454040913,-1.4800933698982643,-1.5138346419184394,-1.2748417872182938,-1.1709243935082558,-1.2405649180091907,24.167125581520086,14.262175721630198,3.520768697127543,0.8928937826550091,0.6612818743589626,0.5123370155951568,0.7291739696831421,1.2063434956320613,1.3246047924228201,1.3369016039839472,1.1154937236927198,1.0142839931835945,1.0641386124838994
pilot_v1_00873,873,data\raw\audio\pilot_v1\pilot_v1_00873.wav,0.13410231471061707,0.8259597420692444,0.1855778694152832,0.4812682271003723,0.20707744359970093,0.40022987127304077,0.2867007851600647,0.12809601426124573,-149.3105579651047,14.06107993940852,-1.0643068900174253,-2.5056112182161114,1.755738388160338,0.6431782783472197,-0.6832783443846228,-0.4002012603212377,0.06287591241945774,-0.007689243367330242,-0.4063654673581047,-1.7493547851129205,-3.04166229007733,25.543066421518663,14.058852929632431,2.215639877121259,2.523004730805877,1.834389228783503,0.8297120868944267,0.7455439418020905,0.4232425546048884,0.290958229615236,0.24551164371851658,0.42327720355086407,1.7350515810460663,3.024367655566909
pilot_v1_00874,874,data\raw\audio\pilot_v1\pilot_v1_00874.wav,0.2729712426662445,0.48069190979003906,0.6286848783493042,0.3414892256259918,0.14700324833393097,0.4131834805011749,0.8945609331130981,0.2216738760471344,-147.13306355638696,17.934882224934803,4.370966498090769,0.10426259988613085,-0.0968539955161118,-1.4684231318458578,-1.364803572050416,-1.1918511348207121,-1.0213890665929133,-1.1178181947346242,-1.4302854599017152,-1.6322355886469768,-1.4768055859209361,26.362329971658404,17.097585815573776,4.193104702201657,0.6634128439044061,0.3133431257407031,1.4365407211372903,1.307807963117837,1.1343162426117022,0.9685213027830922,1.0567194753516544,1.3482123683495204,1.542882160598147,1.3976644225522517
pilot_v1_00875,875,data\raw\audio\pilot_v1\pilot_v1_00875.wav,0.7545769810676575,0.6342741250991821,0.2892124652862549,0.6359345316886902,0.31935977935791016,0.25244760513305664,0.47612082958221436,0.36379876732826233,-127.7372149405842,16.891619719412457,-2.8868129507949165,-0.2159763387347684,-1.489007690528202,-0.5610939990112914,-1.2933606153465984,-1.262376023374282,-1.6584658112001371,-1.2078813586240729,-0.7406139174240897,0.19669384845057772,0.6346223145915996,35.867720934397866,11.896799629739533,3.107031930002275,0.8203509456229263,1.2380533014313355,0.49611588821752844,0.9434189655050962,0.8808421595575092,1.151835446251954,0.8315630418966551,0.5135625315459289,0.16457345898396275,0.442726513830864
pilot_v1_00876,876,data\raw\audio\pilot_v1\pilot_v1_00876.wav,0.97472083568573,0.5539458990097046,0.08864732086658478,0.7211012840270996,0.27553850412368774,0.15151473879814148,0.9154322147369385,0.26618069410324097,-132.971307730633,16.572882658074462,-1.0485123725922036,-0.4351883209088516,-2.246051876323852,-1.5933172677931366,-1.4578838456929741,-0.1305796360622554,0.515949976318355,0.4446549065995773,-0.8047650030875416,-0.7046075801470135,0.421012453756507,38.81330545035974,14.996117729900641,1.930195648987437,0.5864288048629854,2.0933644234365767,1.4385492624689324,1.3244197883446194,0.1441851088974207,0.47420338295869074,0.4196702056542229,0.7307187389629886,0.6379532344635226,0.3903584733417556
pilot_v1_00877,877,data\raw\audio\pilot_v1\pilot_v1_00877.wav,0.4894683063030243,0.6990659832954407,0.43120622634887695,0.2687736451625824,0.05341075733304024,0.34077996015548706,0.5091009140014648,0.40830761194229126,-117.85168569937463,13.39305393645586,-7.578682676111396,-0.7317969565427234,-1.008412229329168,0.12190800176870249,-1.6341816844037533,-1.6198496508446578,-1.6584770790515988,-0.8461499199583516,-1.3488633436380606,-1.9758459185037955,-2.9669763223064347,34.97282179539327,7.318687738135169,4.814959024659254,0.8305552442605552,1.104226164092336,0.38932314933903184,1.0970565519433941,0.9809270489016623,0.9866014955429401,0.5262730764978031,0.7767193775526054,1.0578110508285705,1.584315278470925
pilot_v1_00878,878,data\raw\audio\pilot_v1\pilot_v1_00878.wav,0.10535033792257309,0.354607492685318,0.3865630030632019,0.4085983633995056,0.18864907324314117,0.4958301782608032,0.7221360802650452,0.33782362937927246,-155.04156358493404,13.509939636562477,8.741793296480898,1.6706190708548232,-0.02991911938493898,0.3751685414011322,0.6363007772552156,-0.29059620281702664,-0.9163963123487168,-1.0512825040516838,-1.2036771452870976,-2.2820952888497623,-3.512099614109311,15.645125250410235,11.27421326031287,6.932911051730359,1.4111854128837953,0.6357090596218188,0.42157032288100493,0.5415323278470778,0.4122603595461861,0.7979506525460255,0.8351802205512473,0.9690100573472266,1.7492641147600902,2.7190980615726636
pilot_v1_00879,879,data\raw\audio\pilot_v1\pilot_v1_00879.wav,0.6179614067077637,0.7617015838623047,0.7439777851104736,0.1139928326010704,0.3668619394302368,0.31185221672058105,0.3032820522785187,0.17382104694843292,-136.81138912673808,3.7505148993141235,-7.1370306236355825,1.5914499954598054,1.8609815706042832,0.8059807961395568,-1.547731686786472,-0.04172180122035772,0.3054564258031977,-0.012699291669196386,-0.6211097313825127,-1.3419587337249508,-3.0964677517133232,38.648302757286956,3.767163014578974,7.236169242823253,1.7941904020834663,1.8661030714180218,0.8166250586625714,1.6399423701477487,0.3100874647494234,0.34757112715990596,0.19680901740615153,0.6188013230285311,1.330906200761737,3.068324438517536
pilot_v1_00880,880,data\raw\audio\pilot_v1\pilot_v1_00880.wav,0.5710998177528381,0.3367895781993866,0.1638321578502655,0.5895359516143799,0.12353365123271942,0.32704973220825195,0.5672863125801086,0.32235875725746155,-152.79187584433663,11.613259623699983,2.5662683129876176,0.6630718687327259,2.118292828147294,0.9077419582144514,-0.11145456175913199,-0.6192197588079007,-0.45227047240728296,-0.5973758762595456,-1.1123720775657222,-2.301559655866045,-3.477479210823905,18.561293972558914,10.020291142503039,2.2964559520790226,0.8004784537186165,1.8018388473799856,0.7780154119086059,0.3258779215015946,0.6095428951362518,0.40416524868224707,0.5128291168952549,0.9011571940834214,1.8571061197472607,2.8458485351136757
pilot_v1_00881,881,data\raw\audio\pilot_v1\pilot_v1_00881.wav,0.08973861485719681,0.7781935334205627,0.5056238770484924,0.29486238956451416,0.3460520803928375,0.16631460189819336,0.9611530303955078,0.18022815883159637,-149.73243933122384,16.146145260922037,2.1415875297384894,-2.539960172999076,0.7597524185514599,0.5982967171463676,-0.663089298103616,-0.12467206879737563,0.37236655545611713,-0.25345671067760756,-0.804852935782392,-1.7939450789071119,-3.0179816100710606,25.038109378727658,16.21645871603427,2.3811837103294873,2.7319029602098333,1.0222515054883112,0.6423975397993031,0.8370406780606093,0.25615039993824024,0.41714523827559413,0.2989053787573949,0.789983586368163,1.7488229780209146,2.962276904595175
pilot_v1_00882,882,data\raw\audio\pilot_v1\pilot_v1_00882.wav,0.44257986545562744,0.5712918639183044,0.2609848976135254,0.5286185145378113,0.4123762547969818,0.32033947110176086,0.37008431553840637,0.26250478625297546,-139.94572393245744,14.203896613115015,-1.776989570191042,-0.341547860057047,-0.9896954448238814,-0.693306250744541,-1.0870968444590552,-1.034564423582796,-1.0558748483190008,-0.8571771576545331,-0.8420734435656436,-0.8817337973698811,-1.1612669257954773,34.13062504320888,13.326012883055423,2.6851055829874553,0.9144947019918527,1.1163543038796935,0.7466359820538421,1.061665070937899,0.9925874702831069,0.9935717510703528,0.7947598947016354,0.7695586340867214,0.809668577012876,1.053961815315875
pilot_v1_00883,883,data\raw\audio\pilot_v1\pilot_v1_00883.wav,0.9590825438499451,0.6819717288017273,0.619170606136322,0.07599322497844696,0.23377273976802826,0.4863618314266205,0.7514275312423706,0.4265097379684448,-107.94555596340263,18.58009808125337,-8.544397125905347,-4.771226420181491,-4.34732648249091,-1.373932613187909,-1.9486049793098672,-1.513739464419623,-1.2112419616427144,-0.36837195520113103,-1.4304349472692777,-1.3971586691470927,-0.3950107140427673,35.595397318388095,8.457421177265756,4.691012257958819,2.231679946589106,2.08178787179719,0.8401457602306824,0.9835903695294048,0.755881288680461,0.6708593828884916,0.2202359552223756,0.6847690770919702,0.6305321321103049,0.26564958450988946
pilot_v1_00884,884,data\raw\audio\pilot_v1\pilot_v1_00884.wav,0.8014348745346069,0.4985960125923157,0.4217255413532257,0.16042791306972504,0.16507872939109802,0.4096965193748474,0.24022313952445984,0.21987535059452057,-148.108880476051,14.896030172790615,1.5626585464183465,-1.0060078440748288,-0.7712393208876863,-1.4209992064793793,-1.4203432824969975,-1.5612809197029631,-1.4692504364349346,-1.3803471254557362,-0.910457011251109,-0.3555926790542484,0.20708616469974792,26.41519881912469,14.432318143976916,2.1505117239130027,1.3633430417533048,0.8562169858275238,1.3933377542746286,1.377003725909196,1.499620224822338,1.4070794130772537,1.321744834625759,0.8828191837853319,0.3566640795322992,0.23740376157832518
pilot_v1_00885,885,data\raw\audio\pilot_v1\pilot_v1_00885.wav,0.2885790467262268,0.6177296042442322,0.06038006395101547,0.455170214176178,0.39345958828926086,0.2257191389799118,0.6336751580238342,0.38388359546661377,-130.55927649978463,18.111882298649256,-2.277724914779858,-1.2294007208961633,-1.904774619922033,-1.1788438508722197,-1.3902720409126006,-1.3205685086273404,-1.6975058177591664,-1.9289750969299464,-2.2981679460535878,-2.323808032131477,-2.310616336849099,31.68497561450624,12.194316817453624,3.165518385094044,1.461927993132106,1.4863121345162353,0.9208846066367193,0.9995377895800597,0.9023668961483058,1.1105649470889156,1.237680167522994,1.4641345618740134,1.4595498002018277,1.4323841219080662
pilot_v1_00886,886,data\raw\audio\pilot_v1\pilot_v1_00886.wav,0.1809944361448288,0.4100269675254822,0.7034791111946106,0.22145982086658478,0.2519712746143341,0.23764735460281372,0.44758617877960205,0.2802220582962036,-158.39777308106022,11.023571418363467,8.053671299099145,2.0448137683517946,-0.11131550477964186,-0.09906644304828088,0.4688898291641951,0.025805846924396903,-0.55333874764713,-1.0638484867358777,-1.3744345230704242,-2.07941017849657,-3.0152617532119184,14.685202965473058,10.169230646318239,7.229976172176727,1.8284913673473064,0.65058792646027,0.3160057274502175,0.47066636935941025,0.274504431336048,0.5563805943943424,0.9627826933736016,1.230286772717321,1.840746833976956,2.6739469847843393
pilot_v1_00887,887,data\raw\audio\pilot_v1\pilot_v1_00887.wav,0.6664907932281494,0.8429678082466125,0.3648020327091217,0.6739248633384705,0.08000531792640686,0.426911860704422,0.8285643458366394,0.13808947801589966,-118.86139400107879,5.540413660122882,-3.5384615123971486,0.6775034662394769,-0.7708036973152229,-0.0018080551350624367,-1.0727850059465072,-1.0715764795277014,-1.4600880130172793,-0.9040533952995964,-0.6602277854987333,-0.19021251012856952,-0.4344279531021014,54.92392015994799,5.817659484464124,3.537848997551656,0.7265134172545951,0.7872086566543836,0.15335384812170355,1.0748671647395105,1.086663079473481,1.4604275302047478,0.9075063512958711,0.6533024688377783,0.20311182788115067,0.44018684813372094
pilot_v1_00888,888,data\raw\audio\pilot_v1\pilot_v1_00888.wav,0.7055597305297852,0.5084207653999329,0.7913316488265991,0.379891574382782,0.3105691075325012,0.46256202459335327,0.2611519396305084,0.2014756202697754,-143.9154589594864,16.32115679660235,0.5767092348101437,-0.6114709437987688,-0.8976788183551688,-1.173854251048494,-1.0987536287700364,-1.3203801251497038,-1.279049312722197,-1.1684959785823388,-0.7812861971855184,-0.28998043987405775,0.08822748009567027,30.815072713690927,15.997146720412884,1.8710720407628736,1.0382472297774141,1.0087216618295787,1.1802982043852024,1.075553177860181,1.279271249996103,1.2353897342210876,1.1290162540456476,0.7637455601682861,0.2992334770902986,0.16623404020997426
pilot_v1_00889,889,data\raw\audio\pilot_v1\pilot_v1_00889.wav,0.18879762291908264,0.6750267148017883,0.32686084508895874,0.12950605154037476,0.13235647976398468,0.3004600405693054,0.6672873497009277,0.38739362359046936,-142.29443236503593,17.886027145244494,0.9379471141385962,-1.6000027710107791,1.8232553741335045,0.6763604322910508,0.07771847012385871,-0.14201763915159887,-0.14777712480981697,-0.4485180067114874,-1.4912148722337242,-2.9980196457487316,-4.082567432993775,21.850457118515013,12.431109619647772,2.362571703505005,1.3712308646714828,1.5401853152144975,0.590524847177916,0.44957614640944676,0.32844276363983266,0.203295509013346,0.3472670180731506,0.9163460260391547,1.8593262933232995,2.551016316180962
pilot_v1_00890,890,data\raw\audio\pilot_v1\pilot_v1_00890.wav,0.3432767689228058,0.3308437168598175,0.4838762581348419,0.7411935329437256,0.22211824357509613,0.18480713665485382,0.4514255225658417,0.3163950443267822,-154.70402524596793,13.114518600387298,6.778488553086032,0.7365821802649168,0.21049921893747858,0.09845000918475878,-0.412723571085469,-0.6415113245393645,-0.6595333008310567,-0.8355007485160825,-0.9154247056681197,-1.0952684381757907,-1.0126198929525057,17.016205505817997,11.376738589958366,5.707316577368766,1.0799507469537823,0.4654909788374312,0.2770326487516767,0.41542059821456334,0.5571234439540121,0.5641631268113244,0.7032309495548897,0.7641929032922037,0.9019533583643013,0.8252438263567955
pilot_v1_00891,891,data\raw\audio\pilot_v1\pilot_v1_00891.wav,0.8248668909072876,0.7164549827575684,0.04832383245229721,0.23842033743858337,0.4442455768585205,0.3521963655948639,0.8700863122940063,0.10860272496938705,-131.5180957398171,10.387586366617128,-3.5369929238746503,-0.48139950190884945,-1.7647973271585264,-0.8693621294935449,-1.26672247827188,-0.6814379275960791,-0.8397599666479891,-0.6407008293489577,-0.8073113927484641,-0.37653040147764855,-0.06322162803817893,45.39594786742309,10.29504855662527,3.819884602938013,0.7497655880658275,1.8293193858231442,0.9081402268065261,1.2847303272532142,0.6955213412920862,0.8439329021412103,0.6413887160432755,0.8047912870474292,0.3766637857647345,0.0846689695237483
pilot_v1_00892,892,data\raw\audio\pilot_v1\pilot_v1_00892.wav,0.9200250506401062,0.3954954743385315,0.24891376495361328,0.3700959086418152,0.35065239667892456,0.4454040825366974,0.5336745381355286,0.3614184558391571,-144.75240007587905,18.226837042147324,4.434055832159967,-0.017859679377313146,-0.49885083751309606,-1.5927977427109143,-1.1551234077968051,-0.5385685740575036,0.020590980674667483,-0.47209179541050267,-1.3140534273340665,-1.1161672375331393,-0.07677574664224804,23.438358396295584,14.213549221472315,3.522187179894664,0.9073778739543571,0.6530587220479469,1.2626267969155762,0.8878417300880707,0.42504979485242816,0.2902567645778352,0.358338094608622,0.9416115841975002,0.7946068595062091,0.33270902302459815
pilot_v1_00893,893,data\raw\audio\pilot_v1\pilot_v1_00893.wav,0.43475762009620667,0.7898321747779846,0.681330144405365,0.6205043196678162,0.17829608917236328,0.26279422640800476,0.9402238130569458,0.1536228358745575,-120.13806823910473,7.31145843051037,-4.855190268301713,-0.016843282742110947,-1.3400107251849362,-0.9204419292994896,-1.5634957880943825,-0.5619139313387468,-1.2107362040566416,-1.0392009643659519,-0.9257088359671549,-0.8943467603200259,-1.3498250171996171,53.624456017344684,7.318577149708109,4.823377745010734,0.33007458810660995,1.3726687492094178,0.9402377047747189,1.5489689857970246,0.5744393214603377,1.1940632535946942,1.0248258139790665,0.9095233751479394,0.8738285617967809,1.3188670244400198
pilot_v1_00894,894,data\raw\audio\pilot_v1\pilot_v1_00894.wav,0.03505995124578476,0.4443100690841675,0.1259004920721054,0.008862610906362534,0.06337037682533264,0.20191971957683563,0.3285619616508484,0.2466874122619629,-160.9723881785585,8.646013521731238,7.6055298437539705,2.886443174177483,0.38270387886162166,-0.4761514782985723,-0.015259636574435013,0.16248674632570256,-0.0786022149430903,-0.8935600202112051,-1.6841896800545506,-2.4098748247178055,-2.750701678193102,13.22423562379739,8.252234517444478,7.1450730693533,2.6800355450959366,0.5585499911853709,0.646437428652464,0.2093504438857532,0.2607184267244362,0.22476493185798244,0.8577607710221782,1.5795745815964544,2.257572858500226,2.5779938631956387
pilot_v1_00895,895,data\raw\audio\pilot_v1\pilot_v1_00895.wav,0.5476563572883606,0.6021832227706909,0.5934608578681946,0.5115213394165039,0.2921413779258728,0.38981664180755615,0.747588574886322,0.43260738253593445,-120.00321640189617,15.536926760873278,-5.913258569359427,0.8046317672041973,0.7706893057763015,0.9355773818224993,-0.9701125666517062,-0.6350613865715524,-0.12873840354085242,0.5362295973211454,-0.7126819368869916,-2.71689244613734,-4.976027746152811,28.909032050108312,6.775338429961404,4.060632550300515,1.427101123180847,0.6674088462944342,0.5372824881133729,0.7273458154543775,0.3931534064491749,0.1860977421788385,0.4630041562596626,0.28976309703983444,1.1459149146130767,2.1678341227818967
pilot_v1_00896,896,data\raw\audio\pilot_v1\pilot_v1_00896.wav,0.5534518361091614,0.36076223850250244,0.23444603383541107,0.07926134765148163,0.09418915212154388,0.31030067801475525,0.4588916599750519,0.39594322443008423,-151.08304954141119,12.565586066661558,4.165882684864617,1.0316425716918136,2.3721876268675395,1.2152138837146778,-0.04399373470518102,-0.6515054037795015,-0.6652578759442013,-0.8490808477342624,-1.487518661201341,-2.756658253656762,-4.0842442321508905,15.887461106040977,8.983025315790492,2.773382164044121,0.9807759671947796,1.6070438723747764,0.7862643323879639,0.465652759496847,0.6304034727447895,0.4863164458507573,0.5553940618659968,0.8969366939684403,1.660263694449407,2.494750460733754
pilot_v1_00897,897,data\raw\audio\pilot_v1\pilot_v1_00897.wav,0.03670511767268181,0.7549678087234497,0.6957552433013916,0.5348847508430481,0.2721746563911438,0.49956488609313965,0.8648662567138672,0.18816091120243073,-149.1536499580583,16.03184884031538,1.574225908008178,-1.7362833696609443,2.214232773555959,0.589111998302832,-1.275624338723656,-0.015262282489187677,0.4584777815984064,-0.6715520805237952,-0.945736266612093,-1.6181847638082365,-3.1406347032195616,25.09295910909679,15.705363046495275,1.885894506779529,1.8720941086949971,2.257302306411249,0.6751632303186802,1.376354753565998,0.39341091685819335,0.5397553388972118,0.6929578881227163,0.9189738646113941,1.566621814658416,3.0526447860990658
pilot_v1_00898,898,data\raw\audio\pilot_v1\pilot_v1_00898.wav,0.43286845088005066,0.547218382358551,0.1403694599866867,0.29984530806541443,0.3822481632232666,0.3370858132839203,0.25387200713157654,0.11645936965942383,-144.12177075379927,14.015103283888878,-0.9638808833696868,-0.7713888284849615,-1.0782222859857042,-1.0565493683168017,-1.0516817223430202,-1.0622566628711456,-1.0202123897064241,-0.9289541141735227,-0.8882411179099683,-0.8664403248183798,-1.0425687038488791,31.879701552287003,14.06377057210202,2.10143169203947,1.180221319120553,1.240636793485495,1.1182647797832044,1.091111124284656,1.076486075852995,1.0261454806769588,0.9303194347394744,0.882681003941504,0.8596605193246734,1.0307946781359456
pilot_v1_00899,899,data\raw\audio\pilot_v1\pilot_v1_00899.wav,0.9144737124443054,0.7052311897277832,0.579034686088562,0.5970141887664795,0.16067737340927124,0.1531088501214981,0.6723212599754333,0.3023660182952881,-123.31449296139458,12.557782075405473,-5.403815010287347,-2.0857840325970263,-2.6294940384122283,-0.43401320210325184,-1.202768880672886,-0.8994736056766445,-0.4430337905113915,0.5496606557022522,-0.520166828421952,-0.8290883034975746,-0.1404644525000334,44.536536553141254,10.612320156478102,4.83016224546544,1.8335037775319847,2.2649710501826523,0.4726670238552923,1.0295697635222658,0.8016160047648853,0.4759825088268978,0.48166035016149594,0.45499059039426454,0.7029108270567438,0.15519294956549906
pilot_v1_00900,900,data\raw\audio\pilot_v1\pilot_v1_00900.wav,0.8230938911437988,0.47449737787246704,0.7800194621086121,0.6707826256752014,0.2420819252729416,0.25076261162757874,0.3361257016658783,0.16218310594558716,-149.98551631963818,14.591140269489076,2.0613842000569447,-1.10057840624376,-0.47998892776977087,-1.268328882502011,-1.2005071986786124,-1.267821189802262,-1.291622405782291,-1.1319115682017942,-0.8075403172409698,-0.3060258019852058,0.1557558019312822,24.585236995162386,14.347573236770181,2.2974694331004484,1.358981450413459,0.5459327994807929,1.2744795113271061,1.1812320002951162,1.2446510934595885,1.266035464448739,1.1102595103200525,0.7924327508277708,0.3445900636903641,0.18738038495149298
pilot_v1_00901,901,data\raw\audio\pilot_v1\pilot_v1_00901.wav,0.33784183859825134,0.6409638524055481,0.3382158875465393,0.2150905430316925,0.413429856300354,0.4167845547199249,0.7424662113189697,0.34809306263923645,-129.13330749372173,16.162354145594513,-4.103914890737741,-2.154912427907318,-2.64379652951847,-1.2641450597347608,-1.314039002631844,-1.0022811280458674,-1.435605627175356,-1.4818713681263818,-1.6638749806849376,-1.4885264750636493,-1.496233778767676,37.357984510294365,12.292168825082749,3.9683211707123736,1.964399024545467,2.1242106906251252,1.0570359514013183,1.0510997697351592,0.7982640450441291,1.092048633521113,1.119240493310219,1.2385551970534552,1.1054744266975787,1.1048760551657864
pilot_v1_00902,902,data\raw\audio\pilot_v1\pilot_v1_00902.wav,0.19447679817676544,0.43402478098869324,0.49518972635269165,0.45008426904678345,0.3281908631324768,0.3965838849544525,0.526296854019165,0.44045335054397583,-149.3838960370956,16.34479651778653,10.313825072120114,1.5732859921547184,-0.003908315529930717,0.613473744799955,0.8793864942970988,-0.3955989085374898,-0.9983244188182832,-1.108085343693308,-1.5953512382362938,-3.176672865258454,-4.886697273747781,11.988195194209881,9.658829328784721,4.830652389532401,1.3520668717145152,0.8886750185778141,0.6780727366344822,0.5203750868030325,0.664657168666911,0.7309413652730123,0.5531347763445686,0.7803154383430067,1.2306421791282716,1.9901776023575037
pilot_v1_00903,903,data\raw\audio\pilot_v1\pilot_v1_00903.wav,0.7070883512496948,0.8197672367095947,0.036967746913433075,0.15307556092739105,0.1007576435804367,0.2358490228652954,0.9451600313186646,0.23266907036304474,-115.79053568692561,6.818926942696435,-3.767986889565015,0.7620077839872673,-0.8248245479788522,-0.11317048239456566,-1.4465858385745594,-1.6458117085377895,-2.208026172216228,-1.4813590237352758,-0.7537326474030985,0.3172062964109493,0.4200152257250193,55.66686803503674,6.63812884202487,3.600776480203837,0.7381252031358927,0.8060415178817146,0.13203235159059784,1.356764241902274,1.5388889140364974,2.0654260401452857,1.3811567260538915,0.7042023927397079,0.3222025476791284,0.41212380216809963
pilot_v1_00904,904,data\raw\audio\pilot_v1\pilot_v1_00904.wav,0.6680155992507935,0.5327460169792175,0.40723976492881775,0.2449597418308258,0.2836643159389496,0.17305904626846313,0.36486732959747314,0.16689206659793854,-145.1825087466756,15.284879087320723,-0.20621862061081184,-0.9079252111932036,-0.9568575429211529,-1.295570677535654,-0.9764861912219259,-1.0838070314977462,-0.8826183002808174,-0.831750230753767,-0.6543451571854022,-0.5261502197376188,-0.5723852435939941,29.396519738122993,15.015408556326422,1.4366893362378585,1.1055445321294477,1.003853959421384,1.3015629842527336,0.9671487133237219,1.064810473349519,0.8678956600301785,0.8151853053396025,0.643493158064923,0.5209147668449816,0.5643222214976659
pilot_v1_00905,905,data\raw\audio\pilot_v1\pilot_v1_00905.wav,0.18666976690292358,0.6520190834999084,0.07481080293655396,0.7441856265068054,0.062484633177518845,0.36095643043518066,0.7588905692100525,0.33088698983192444,-140.04680937255984,19.413971255101124,-2.370720624252266,-3.10594484980511,2.9776930773081,0.5056815506480448,-0.8463259881302194,-0.19758047233803092,-0.22139101405397119,0.02271558647099749,-0.44323532544470734,-2.232612028004448,-3.6601306979923827,28.145473904905867,15.756373723312947,2.955789010882635,2.68238880688054,2.607079759860753,0.6665160296283494,0.905721577261774,0.3698004884057163,0.3004332022871691,0.18140293518710437,0.38505137854241517,1.7569266011221183,2.8891369675488514
pilot_v1_00906,906,data\raw\audio\pilot_v1\pilot_v1_00906.wav,0.2831478714942932,0.3065521717071533,0.7179666757583618,0.1370771825313568,0.19599555432796478,0.47430741786956787,0.5723232626914978,0.4125020503997803,-155.14761207523688,11.809577887414639,8.767037643409063,2.8118256704649673,1.0223723514763854,0.19294077317673197,-0.20669154464789294,-1.0199218962910757,-1.7906931045425862,-2.6528077335215574,-3.1785193505000464,-3.2508032473654014,-2.6822182372185837,11.893083806813214,8.395520860880271,5.634642021736719,1.807099304674475,0.9730461899800663,0.549145531198562,0.3725133532088959,0.7194870766423198,1.1111148615647908,1.5865029836110218,1.8659863198245739,1.8447205130652464,1.4212191380446908
pilot_v1_00907,907,data\raw\audio\pilot_v1\pilot_v1_00907.wav,0.7996656894683838,0.7393617630004883,0.35036930441856384,0.3847844898700714,0.3735901415348053,0.29169732332229614,0.9538699388504028,0.2703827917575836,-122.66997422393119,10.397490794836003,-4.664101471898333,-0.3297341418075135,-1.4623646033432638,-0.5754040934761883,-1.4986709820884967,-1.099599509363364,-1.3913672569169167,-0.9548853491678656,-0.728050897030787,-0.08358214973610284,-0.04759919790553633,49.04412632669002,9.261068336695711,4.47275441583183,0.5239030870531008,1.3874605311805184,0.5328282768866921,1.3690876450513667,0.9887969033596651,1.2524951902484205,0.8585022060405627,0.6626236954089568,0.10669945245814623,0.10633012071846153
pilot_v1_00908,908,data\raw\audio\pilot_v1\pilot_v1_00908.wav,0.9535273909568787,0.37121233344078064,0.15253853797912598,0.5050620436668396,0.42989999055862427,0.21059131622314453,0.4424668550491333,0.37053683400154114,-149.32872287386076,15.747825621398919,5.464110272658565,0.07163317409716802,-0.5580960988514816,-1.3465726211760887,-1.005632342978647,-0.2202868486631944,0.3413239837893084,-0.2709236819020425,-1.0434821264177423,-0.8182689941067345,0.1993823090156619,19.920118525700868,12.550235804421659,4.199361197670889,1.0774330963752834,0.7195020331597269,1.050460626711207,0.8042509391116801,0.3704920332240896,0.46859628506083006,0.3212150484779628,0.7850556606068717,0.716113325289673,0.3399335206216156
pilot_v1_00909,909,data\raw\audio\pilot_v1\pilot_v1_00909.wav,0.4406869411468506,0.8127473592758179,0.5169723629951477,0.005813266150653362,0.20207661390304565,0.3779807984828949,0.8361250758171082,0.22841426730155945,-120.71323771446586,5.66809425307507,-5.729011883739895,0.6956785446064292,-1.977093364877321,-1.491659264339009,-1.3284805911990916,-1.000311522770583,-1.6699296773299446,-0.9718267191156019,-1.263843183469818,-1.2353189594161298,-1.4464665001846655,51.47857489747019,5.634179649814578,5.477563213989944,0.8747423501821414,1.9337914556718312,1.4418667897485928,1.289855727708293,0.9562409858219425,1.5885376259693516,0.921266900493122,1.1940213174798902,1.162361205877398,1.3608407226908177
pilot_v1_00910,910,data\raw\audio\pilot_v1\pilot_v1_00910.wav,0.09138762205839157,0.4686269164085388,0.27228033542633057,0.6128759384155273,0.14340004324913025,0.43673521280288696,0.24516239762306213,0.12409248948097229,-156.1960402805283,11.959153470062674,4.32097330803744,-0.911300362629504,0.3520370704658148,1.0988120810049662,0.08146286624696465,-0.7604032745880022,-0.32871451163399174,-0.15975827301548937,-0.764184764606899,-1.9315281807119287,-2.9377660032144095,18.80267789249271,12.247772793506801,4.301408365487463,1.2927689751342188,0.7652782100098006,1.1729808177213354,0.614873618046698,0.8154348770531574,0.4279718983741297,0.2895020596056424,0.7615932308452547,1.9197208623963236,2.931617530326142
pilot_v1_00911,911,data\raw\audio\pilot_v1\pilot_v1_00911.wav,0.5768991112709045,0.5791671872138977,0.6078201532363892,0.3652831017971039,0.3151383101940155,0.2746328115463257,0.6262944936752319,0.288089394569397,-138.04947430336438,11.762994300004875,-3.823663017894037,0.6421755325816317,0.35117678127500984,0.37300822634195696,-0.8986678072655502,-0.5643659086487255,0.013061202635029748,0.5521303958038934,-0.25384580828393366,-1.7703081742244988,-3.4251857650373796,33.36700139167484,10.34425851012481,4.071273817402245,0.9435077083964889,0.5288036547445458,0.39045926599301584,0.890093900380494,0.544914728056699,0.1075038993971024,0.5879121829002025,0.24895044026513502,1.548290739045766,3.0023542089870454
pilot_v1_00912,912,data\raw\audio\pilot_v1\pilot_v1_00912.wav,0.623757004737854,0.45047104358673096,0.07811473309993744,0.43208616971969604,0.16946513950824738,0.38543984293937683,0.8904151320457458,0.14212636649608612,-141.77563627482343,14.117936561537825,-1.174871689741852,1.4247352487746543,0.6712103241156112,0.21682882296572842,-0.8907442530050091,-1.2232200296624316,-0.955796603577675,-0.6401767803991957,-0.766823528084728,-1.4207525693901246,-2.2429412494111127,32.429353909382854,13.850409028475397,1.6039653303608206,1.402894221167738,0.6966901623195707,0.23604015327198868,0.9059709544662662,1.224288728408474,0.9579896009478847,0.6325095665142753,0.7506041394845665,1.3932988163327356,2.2060597773918693
pilot_v1_00913,913,data\raw\audio\pilot_v1\pilot_v1_00913.wav,0.10699538141489029,0.5954599380493164,0.4417814314365387,0.18424145877361298,0.39689794182777405,0.20282898843288422,0.48427054286003113,0.28423991799354553,-152.88091818055747,14.531326859342805,4.468239600879751,-2.5524567591606426,-0.9661578554273857,0.7360238107623897,0.07476331146797444,-0.7293708623016539,0.03237622272115268,0.4095879240144907,-0.5223211940843844,-2.0499973597645544,-3.1316335169165064,20.18211575946083,13.755936839555462,3.946783476013201,2.87716054027085,1.0494530023411128,0.9967004457925993,0.47593379317410495,0.8789178001799784,0.33475078705109707,0.5428278350071193,0.5082372820830833,1.838502379118292,2.800028260356506
pilot_v1_00914,914,data\raw\audio\pilot_v1\pilot_v1_00914.wav,0.48757901787757874,0.38875749707221985,0.39709359407424927,0.6977384090423584,0.2571370005607605,0.2619251608848572,0.6970165967941284,0.37711215019226074,-144.89889038282735,15.697523741050492,2.0779934426022724,0.4343418421385267,1.5219652836991078,0.08983947136729305,-0.4347137100647742,-0.9184607956324878,-0.7804658033946537,-0.7882622731179691,-1.3634013102527007,-2.40791905411752,-3.4413183294896506,21.431767352867837,11.545468456783912,2.295852348224518,0.756593786195919,1.0783869995846138,0.37989693916663464,0.5084645317835009,0.729816243752733,0.5694326978305085,0.520897591321996,0.8820456989144039,1.565442602582557,2.2435767874835792
pilot_v1_00915,915,data\raw\audio\pilot_v1\pilot_v1_00915.wav,0.9691696166992188,0.7959911227226257,0.7334043979644775,0.19837582111358643,0.08578931540250778,0.4498231112957001,0.27834659814834595,0.21312294900417328,-128.60043454257723,6.471764142063714,-5.936065800867781,0.22807390240878014,-2.305727324032861,-3.0525084714802344,-1.848008521498521,0.5941641168830961,-0.8363376349378628,-0.8513943025727718,-0.9714848343623831,-0.791339427085247,-0.4035208776737298,45.00661634005805,6.583422893976401,5.816053261221937,0.6798206474067323,2.2601826228685375,2.9960301185737515,1.8048168640861355,0.6835718570507466,0.8654172651985075,0.8556253668232033,0.9527778555369607,0.7659974008338128,0.4134724777223612
pilot_v1_00916,916,data\raw\audio\pilot_v1\pilot_v1_00916.wav,0.7528041005134583,0.3246554136276245,0.532443642616272,0.31792062520980835,0.11697030812501907,0.34786751866340637,0.7178925275802612,0.4223272502422333,-143.87573635265244,19.630340343193666,7.425404471213458,0.9440001723779071,0.8312236387383302,-0.30247378122983787,-0.9487150576820572,-1.5592337754657801,-1.764564906857748,-1.8703238524008836,-1.364100516955375,-0.7535732156306847,-0.30203767973685686,17.33642547703052,11.70887983120366,3.9473404263530116,1.2970287311640512,0.6284923701901721,0.37879516455335543,0.5735153462054287,0.8256595195255059,0.8953228225250418,0.9240884056869986,0.6499753897163325,0.3599871694735187,0.3012443527667187
pilot_v1_00917,917,data\raw\audio\pilot_v1\pilot_v1_00917.wav,0.2675361633300781,0.7231552004814148,0.19922314584255219,0.5657424330711365,0.3385406732559204,0.18576455116271973,0.31133410334587097,0.25833603739738464,-142.53713564470203,11.590031497833117,-3.034361861496754,-0.06607314063936746,-0.39289697464926765,-0.35998966345091477,-0.7570480606060818,-0.904572847422394,-1.222619925195581,-1.691563601431823,-2.077568558342516,-2.1992109043158754,-2.071500329028526,31.005129480848836,10.780147795131272,3.493027048652515,0.6958133100246274,0.6439142816498449,0.5190384632602789,0.7746611588358472,0.870337834904281,1.1344864425753103,1.5587353286841041,1.910622806063509,2.020826942081138,1.8907073737938556
pilot_v1_00918,918,data\raw\audio\pilot_v1\pilot_v1_00918.wav,0.13978137075901031,0.5151147246360779,0.6423709988594055,0.05219971016049385,0.4034672677516937,0.2994573712348938,0.9198800921440125,0.18714511394500732,-156.09187565061333,13.32352312180776,6.759981451375529,-0.4495901952431109,-1.5310941884317901,-0.43852712048578263,0.33631051706367737,0.0365616146171055,-0.09658905264193149,-0.10219975943599595,-0.5651404042043997,-1.8711503055818244,-3.0883265418768193,18.916645630750608,13.94338970074556,6.695774424192992,1.3417166518673027,1.7499110029002838,0.6355295804149884,0.449564621560037,0.34747781060882144,0.3657009987042578,0.30273323340291686,0.663753456688491,1.8302904932201849,3.0685602131720535
pilot_v1_00919,919,data\raw\audio\pilot_v1\pilot_v1_00919.wav,0.6523773074150085,0.6688279509544373,0.27556899189949036,0.5516767501831055,0.22548198699951172,0.46684756875038147,0.5008443593978882,0.32926201820373535,-124.31825942887217,13.370513481659312,-4.400340937538646,-0.13875238870103176,-1.1900038685192165,-0.19933233163992972,-1.2850183896363392,-1.1151209394312145,-1.4911524642353269,-0.9871030789453503,-0.9729518095723029,-0.7492808554613246,-1.2015293220493763,42.064401435933,10.529114856813399,3.97449033681469,0.5303609688455186,1.1273294493183306,0.2861662758224734,1.0728393727026504,0.8924991287068362,1.1939475952424061,0.7788342015544228,0.7702931844618124,0.5835339183593382,0.9319683609579641
pilot_v1_00920,920,data\raw\audio\pilot_v1\pilot_v1_00920.wav,0.7226962447166443,0.41618800163269043,0.6552237272262573,0.6443178653717041,0.3589434027671814,0.4259539842605591,0.7842685580253601,0.4367801249027252,-134.84743800191833,23.7086695605245,5.615575354592639,0.8053603496778843,0.6259289333886712,-0.518037117447494,-0.5242354145527688,-1.0955326609572302,-1.3333591340903763,-1.5739091258247144,-1.5206439259223428,-1.2860532526002182,-0.9915658431397651,20.548141485186765,12.2777126135906,3.2786909268057625,1.1125457256145554,0.5711712678189228,0.45630229668161165,0.31616057126088787,0.4675544749510605,0.5314933510294418,0.6233739418551278,0.6040166524526608,0.5017771551189341,0.377799388516229
pilot_v1_00921,921,data\raw\audio\pilot_v1\pilot_v1_00921.wav,0.24133455753326416,0.836244523525238,0.2126278430223465,0.347011923789978,0.18720480799674988,0.2419762760400772,0.39041709899902344,0.2508684992790222,-148.12805646419642,9.643380963782546,-2.157352182053745,2.237072397948335,2.1166124659295704,0.9428712443595398,0.14709847828724937,-0.8638667293414062,-0.5756426792708422,-0.7258714122497507,-1.1747043402084174,-2.2084162531011264,-3.027073016413194,25.011566633300102,9.116924291599844,2.68254110506207,2.137733581073963,1.9576435658391766,0.8761217608556117,0.19345866052710461,0.8392309154438017,0.5302288466670291,0.6771287180011322,1.0789155009050233,2.0400365001301743,2.814626775241789
pilot_v1_00922,922,data\raw\audio\pilot_v1\pilot_v1_00922.wav,0.3534839153289795,0.49185800552368164,0.5695944428443909,0.48843735456466675,0.07088129222393036,0.22143378853797913,0.9783455729484558,0.14671553671360016,-138.49913459430297,17.8335761194423,-0.1174072110490865,0.2527497280528997,-0.9584348112519602,-0.7730731277049586,-0.9188175538125996,-0.948884330059033,-0.9631210362724938,-0.982571513301816,-0.9244258087645415,-0.7993620279322914,-0.657748846767296,35.593619230582966,17.452033475290577,0.9351968231934561,0.4592274722890804,1.036651491898017,0.7922138178942838,0.9151857276654777,0.9345029546270159,0.9436319562622996,0.9608101644979162,0.9038315536584456,0.7827779825520551,0.6497379728345966
pilot_v1_00923,923,data\raw\audio\pilot_v1\pilot_v1_00923.wav,0.8699861168861389,0.6238885521888733,0.11216706037521362,0.03267616033554077,0.29870519042015076,0.4106985926628113,0.5970175862312317,0.3545028269290924,-125.58791436184909,16.993819027093778,-3.653509419459548,-1.968551401604745,-3.5916033000042575,-2.2922939722657905,-2.0906524485091307,-0.3926326297618921,-0.0334322431051525,-0.22805586635234934,-1.5169055981751203,-1.1401107146764173,0.05613203140739055,38.538069025304466,12.325871777378065,3.523623890543646,1.5937836858290104,2.678098867260715,1.6649748325873208,1.533803351595607,0.32452281538029326,0.17805068316012773,0.2112100920131867,1.1432585067315366,0.8426667995820262,0.12727985562080923
pilot_v1_00924,924,data\raw\audio\pilot_v1\pilot_v1_00924.wav,0.8988621234893799,0.5651035308837891,0.31002265214920044,0.10571253299713135,0.3047853708267212,0.48545196652412415,0.8113316893577576,0.1045781746506691,-135.26627792223354,15.415599538956993,-1.9200307170455566,-1.2161021403187589,-2.9852263317957037,-2.133872724651247,-1.962845284768862,-0.41716941934897883,0.15903649901263175,0.10617960371149117,-1.029396525264072,-0.9060981376943963,0.08914726052578849,39.709562186585124,15.244757961015786,2.516082108092319,1.286101022574586,2.994388106442223,2.1197690559831495,1.9491449744605225,0.4446312245105128,0.23987385345324325,0.18243142084920916,1.0290234320389098,0.9010344875999992,0.15759497962338556
pilot_v1_00925,925,data\raw\audio\pilot_v1\pilot_v1_00925.wav,0.38600677251815796,0.6886720061302185,0.7705639600753784,0.40294981002807617,0.1271904557943344,0.3247165083885193,0.41789498925209045,0.3123674988746643,-130.86172702024137,13.427214610046708,-5.363978970671924,-1.7664163752521822,-2.3337752542691694,-0.2065197034421582,-0.7082472596098864,-1.0967910086747361,-1.8703236974172293,-0.8806173731377074,-0.1962510538424569,-0.32378108767905744,-1.4061942352936998,37.623098000610355,11.297006293954244,4.8362314448857315,1.671578147358845,2.0284866397535284,0.4083955643525085,0.6457841249981991,0.9591985604591703,1.5927727017021505,0.7568488736768415,0.2939992523000042,0.3137784112287034,1.1792179495999164
pilot_v1_00926,926,data\raw\audio\pilot_v1\pilot_v1_00926.wav,0.02106672152876854,0.34348350763320923,0.015183134004473686,0.26147860288619995,0.21867942810058594,0.16189566254615784,0.6008436679840088,0.3941527009010315,-156.9188389301854,10.883103209507615,9.987789837252262,4.231575275508359,1.1928943480840317,-0.0703887442679721,-0.11036452795682646,-0.0496791618033469,-0.46100049224761286,-1.3972136422772554,-2.187290905300968,-3.0535652487161045,-3.747891391534148,11.316548973923584,7.881541050288272,6.674281636981651,2.6034069700783933,0.9597727538493457,0.6134671770661855,0.3451744647907559,0.3056384254453428,0.381780184782458,0.8901846685649992,1.350138705564733,1.855760647878173,2.254108959745906
pilot_v1_00927,927,data\raw\audio\pilot_v1\pilot_v1_00927.wav,0.5065635442733765,0.7719947099685669,0.45461854338645935,0.7174000144004822,0.43985965847969055,0.3279183506965637,0.2198808193206787,0.20823772251605988,-133.82071307814215,4.3607233003827055,-5.131263171707598,1.1452655754028198,0.6485531153017307,0.9343004307007874,-0.6374629261351666,-0.37389664452575183,-0.2001258480798541,0.31204302666409867,-0.5137528912077862,-1.6509308231141613,-3.0301650663393187,42.23539174944382,4.241580922966576,5.268168835789429,1.2013157567051191,0.630794212194743,0.9284223912769938,0.7019485733035723,0.39713879536683755,0.22271444550969632,0.3708678154232353,0.49622565843127836,1.6177396318550015,2.9793417690681756
pilot_v1_00928,928,data\raw\audio\pilot_v1\pilot_v1_00928.wav,0.5176572203636169,0.5517882108688354,0.7026488184928894,0.5435593724250793,0.106812983751297,0.40487682819366455,0.686926007270813,0.24511942267417908,-138.3647643189422,12.121106228635444,-3.413149924435122,1.1044798083443543,0.5497373947979791,0.5976327419767566,-0.7648386205903298,-0.5473122239301104,-0.1134381486119884,0.35286087178589987,-0.4355718981845332,-1.814563020321605,-3.289842347260946,34.17824028673153,11.294699805649696,3.5891887963152156,1.1139411780754722,0.5629121809422423,0.5714689571156457,0.7400213572151734,0.5175775262787157,0.1574045902472232,0.40508687017925005,0.4186996171090221,1.6862491152397696,3.0752638023247334
pilot_v1_00929,929,data\raw\audio\pilot_v1\pilot_v1_00929.wav,0.001215667463839054,0.7012065649032593,0.3671071529388428,0.058867983520030975,0.3346364498138428,0.21697889268398285,0.29308193922042847,0.43107911944389343,-157.87901272420726,8.947524193852157,9.824747474971913,5.219361479293658,2.432318732903123,0.29645396454754025,-0.21024635618593684,-0.5265170778589184,-0.7779418635800252,-1.4479094345278019,-2.233390773694623,-3.215617627491694,-4.257358026198217,8.600960369255116,6.368271806555972,5.941788995287154,2.6918732174785087,1.1544586900469378,0.772463138389298,0.597682307688634,0.47352079198876207,0.5025555158758513,0.7304691610233999,1.0762872285321603,1.509097334889178,1.9957746746329947
pilot_v1_00930,930,data\raw\audio\pilot_v1\pilot_v1_00930.wav,0.4061640202999115,0.35676348209381104,0.4225371778011322,0.5767581462860107,0.4198746681213379,0.24777527153491974,0.8756551742553711,0.3602520823478699,-147.9593138671616,16.611930393361114,5.419636804010004,0.4467888887604466,0.45989501235889235,-0.3929281858531992,-0.5054782307461018,-0.7496052139929479,-0.9288087940379007,-1.0707210745291944,-1.121352454426472,-1.2098432492798523,-1.3040381158148107,21.267129171979153,13.56450542352732,4.189248594713539,1.172252333552315,0.6500969323921445,0.4950574020409355,0.471357393628031,0.5937123406697681,0.6966298288539189,0.7801660579619822,0.8031793782581043,0.8512736095490535,0.9132306604419905
pilot_v1_00931,931,data\raw\audio\pilot_v1\pilot_v1_00931.wav,0.8874641060829163,0.7595621347427368,0.058101389557123184,0.30838263034820557,0.2481364905834198,0.43038615584373474,0.49428805708885193,0.15241673588752747,-125.78947284416056,8.973830540320787,-3.8495234994098864,-0.6808191636556297,-2.4338594403439378,-1.5012217095733718,-1.4820172689144002,-0.04405573326417522,0.1002578406341029,-0.030256223223286794,-1.0392543840234014,-0.621967606640298,0.23967469858871404,48.56304099722983,8.806622831718482,3.938408023892877,0.7160802958699136,2.3992304845742383,1.4717436917224642,1.4559049321109412,0.07664068812539922,0.1209153538547262,0.04149524218347447,1.0129195760505598,0.6074790090886156,0.23427346595840418
pilot_v1_00932,932,data\raw\audio\pilot_v1\pilot_v1_00932.wav,0.857854962348938,0.4208697974681854,0.25710591673851013,0.20637015998363495,0.1546233594417572,0.33440130949020386,0.9079097509384155,0.31760382652282715,-140.17086649281012,19.546766087557046,2.3393467264005467,0.17530300843224034,-0.742115734854535,-1.6233600445265939,-1.1908413392791792,-0.8365160650467003,-0.3931899600496532,-0.8152191636241293,-1.3477792666581434,-1.0833527555375728,-0.15127782015263258,29.043889153901638,16.31421672434367,2.4030362973698067,0.4981492832866196,0.7144385458182672,1.3582925171218008,0.9741150921132139,0.679970333490864,0.3488123805041771,0.6562947375029478,1.0864387773440032,0.8726460177144761,0.21327341903155334
pilot_v1_00933,933,data\raw\audio\pilot_v1\pilot_v1_00933.wav,0.3724198043346405,0.8323938250541687,0.6247014403343201,0.6912217736244202,0.375803142786026,0.1670110821723938,0.5144321918487549,0.1097664088010788,-128.72219253505833,6.452294393061531,-3.7762556585069844,-0.3628360936947185,-1.9476205798850628,-1.0948205714201118,-1.4773487311213471,-0.8886049436833893,-1.2044782334939625,-0.8590211371217626,-1.0224671870888336,-0.8811397700892543,-1.0383068641709254,46.720579949813896,6.3611877821454605,3.883229802275328,0.6300738991073944,1.9705027930370775,1.1053219049398832,1.4753500215458042,0.8925921931616779,1.194413651422344,0.856393415438378,1.014327145879456,0.8727707487029439,1.0284939033825884
pilot_v1_00934,934,data\raw\audio\pilot_v1\pilot_v1_00934.wav,0.22221478819847107,0.4871487617492676,0.16768640279769897,0.1732858419418335,0.2657288610935211,0.3182108402252197,0.7043289542198181,0.2030012309551239,-155.60182558641395,12.82843165390816,5.967725644937231,0.9943992252885172,1.471991023810535,1.1689158162095938,0.04567360136376928,-0.634080348178336,-0.667402678757946,-1.0322188982135305,-1.671715731862864,-2.341661715989051,-2.828988380410727,18.628756671528745,12.53244252371898,5.730205160979203,1.2136249736347917,1.430012440432818,1.1509139307140892,0.21070290252110266,0.6599173878559919,0.6538282545662909,1.004161514019419,1.604207677616834,2.249305544085241,2.7248394136917393
pilot_v1_00935,935,data\raw\audio\pilot_v1\pilot_v1_00935.wav,0.7350094318389893,0.6278343200683594,0.5001134276390076,0.4415926933288574,0.08813437819480896,0.48031380772590637,0.32337796688079834,0.38896429538726807,-124.59884733501192,18.71055728397606,-3.4567422945052617,-1.5994934174702644,-2.8348404889494545,-1.5151168693724977,-1.424676015437751,-0.7998633087493691,-1.1282722975490036,-1.1415194157780617,-1.1674017033017898,-0.5439913763781947,-0.0791888767039641,35.266584557731406,12.045490351741234,3.3907340490078433,1.5260699784716822,1.949010608074526,1.0234778213616917,0.933044220761112,0.5081602203324734,0.6882349053172557,0.6890043639588049,0.7214923629978646,0.3508734991540087,0.13136826171604413
pilot_v1_00936,936,data\raw\audio\pilot_v1\pilot_v1_00936.wav,0.6334414482116699,0.3111383318901062,0.1298368126153946,0.7063515186309814,0.321193665266037,0.4556448757648468,0.9930841326713562,0.27875784039497375,-151.82864417390434,12.511964269327464,2.4349974803135903,0.7603922007387786,1.779004597819295,0.2699016623879652,-0.5133312721058059,-1.0478919980870813,-0.9021832849029864,-0.7472322478489993,-0.9923612279426105,-1.714830174311681,-2.513390557824071,21.255475677473864,11.735653680370897,2.4713527612070973,0.7711179496200578,1.6528231366935981,0.3293119187274823,0.5942723801362052,1.0253645700670002,0.8369915991931846,0.666666070727211,0.8842344205472357,1.5132749577398559,2.227983577959637
pilot_v1_00937,937,data\raw\audio\pilot_v1\pilot_v1_00937.wav,0.15191252529621124,0.7353549003601074,0.5880576968193054,0.27107512950897217,0.14984562993049622,0.26638007164001465,0.5869238376617432,0.13650012016296387,-149.26231976474514,14.234435672321764,-0.22325035244507166,-1.4142804702040566,1.669203226750011,-0.09998032822841209,-0.7841530043208871,-0.08708520412761654,0.4233604007394494,0.12351562818409806,-0.9459164530657702,-2.26624166287954,-2.856732129896261,25.081219958761576,14.04153866981146,1.369894800269558,1.4740852375420819,1.7519619713012669,0.2745215796251991,0.8397065569108434,0.16168088911107106,0.451158124318613,0.17300148349338332,0.9401923097546911,2.241928771925074,2.8372939036478457
pilot_v1_00938,938,data\raw\audio\pilot_v1\pilot_v1_00938.wav,0.25522297620773315,0.5287300944328308,0.24495829641819,0.41103726625442505,0.20852144062519073,0.1970299929380417,0.7942888736724854,0.218605175614357,-149.8421173125549,16.696235815430942,4.749904912459468,-0.6755556647331525,-0.3087246251657017,-0.8675454614725833,-0.9588272420560142,-0.9600621450836406,-0.9718995307617945,-1.1827012978012854,-1.5036157660301614,-1.9202882548207916,-2.1599847983557847,23.904059122212086,16.019410790774867,4.5741871727720005,1.25279635405513,0.4789646948382626,0.864355557601091,0.9411056798252629,0.9324431688499872,0.9435166988527522,1.1296407608320707,1.4273743978908764,1.8179074367728092,2.046706953173565
pilot_v1_00939,939,data\raw\audio\pilot_v1\pilot_v1_00939.wav,0.7719238996505737,0.6565976142883301,0.686760663986206,0.09910567104816437,0.43595457077026367,0.38100770115852356,0.3756543695926666,0.3827385902404785,-126.38733304537529,16.28903590822334,-5.505109001872636,-2.9495327921176604,-2.621439028779489,-0.6693132913727208,-0.9526333179545343,-1.688863417329657,-2.790395351387667,-2.268127237157618,-1.1430440013011949,-0.00438999246656554,0.13047044998288887,35.54254304238348,10.88781978513782,4.563933631594566,2.2016715661508135,1.8726799887090504,0.6397507250003276,0.7186784957498892,1.1133530100939624,1.8274171290623271,1.428678190478525,0.7429888794180612,0.19549462929911246,0.21060908659050587
pilot_v1_00940,940,data\raw\audio\pilot_v1\pilot_v1_00940.wav,0.9890206456184387,0.4554886817932129,0.48460519313812256,0.04360165074467659,0.36753612756729126,0.4603646397590637,0.6144347786903381,0.2636471092700958,-145.02596682977978,16.755319126678348,1.9896434346846972,-0.6198843882919834,-1.5282155016127434,-2.2855023233218414,-1.7565248065559356,-1.042415473853759,-0.4148038445049857,-0.8298784648174163,-1.4402594419489019,-1.1258238050434293,-0.11376703727427831,28.44491385907128,15.842351798062023,2.5256292557847444,0.965933829990388,1.492055954958839,2.136790657723734,1.6217583438934733,0.9586183536923024,0.3970262958933037,0.7610028869393388,1.3202934411245233,1.0297306611422503,0.23077646739774849
pilot_v1_00941,941,data\raw\audio\pilot_v1\pilot_v1_00941.wav,0.47648537158966064,0.5918099284172058,0.04593885317444801,0.4789924621582031,0.18955053389072418,0.29434195160865784,0.20790711045265198,0.4277825653553009,-137.47491199104,15.7464647403937,-2.28508580026418,-1.3116236835433235,-0.17657065298876654,-1.0267400592503126,-1.2180086038638285,-1.7108138928142338,-1.2888975715405588,-1.1152674592670948,-1.4311304934125941,-2.0229977971420534,-3.0150045481710577,22.3413903761972,8.42748551188328,2.8704779695463363,1.2604918873831368,0.5080589231899993,0.9608340655121933,0.8855001786770412,1.0931620045847499,0.7499192617842568,0.6031083401255842,0.7311086699702674,0.9740177853322296,1.4593677128104932
pilot_v1_00942,942,data\raw\audio\pilot_v1\pilot_v1_00942.wav,0.11839340627193451,0.38384702801704407,0.7905774712562561,0.33898454904556274,0.056038856506347656,0.1922702193260193,0.8233784437179565,0.32395079731941223,-154.4631118723365,14.323072448384135,9.09106367004904,1.782105435365888,-0.25186495668405917,0.12796099084838264,0.6123990331243564,-0.2528571773269143,-0.8791317336481079,-0.9648932557654055,-1.0990276379141808,-2.165067570547653,-3.426284568617299,16.73638906771738,12.160563147890835,7.405334008708896,1.5189203573234573,0.7128955346218735,0.3109561785992681,0.5635914966527168,0.36144162799426516,0.7902475498162225,0.8124564504497364,0.9284450107424546,1.7479334788873413,2.761419114864276
pilot_v1_00943,943,data\raw\audio\pilot_v1\pilot_v1_00943.wav,0.6035997271537781,0.7996004819869995,0.32926708459854126,0.6508932709693909,0.27760955691337585,0.35300567746162415,0.40432843565940857,0.18168967962265015,-131.0059667814354,3.4332470834115836,-5.1423290704201765,1.3061421306808072,0.6486247372061755,0.9306794476972023,-0.6952523200667866,-0.3823049323744012,-0.20460075746384732,0.3634689097026783,-0.5125104766254234,-1.70039517098777,-3.127189979700321,43.30595263723511,3.61128574550515,5.15820936255206,1.3001251181278248,0.6398756050944326,0.9050509634345316,0.7037913809067701,0.3755415186798442,0.208236654583917,0.37918080508072316,0.4960184035184838,1.6541955986093089,3.0520292510064713
pilot_v1_00944,944,data\raw\audio\pilot_v1\pilot_v1_00944.wav,0.5879614353179932,0.40194621682167053,0.5597903728485107,0.14640727639198303,0.2319268435239792,0.2858969569206238,0.26843658089637756,0.3359953761100769,-155.93852080702877,10.24823663364591,4.154728029955653,0.8043114473990661,1.5267229217674458,0.9538745421294824,0.1253488969673736,-0.5258902185313138,-0.5078864338702286,-0.6616272366296068,-1.2968674684892139,-2.351803668450561,-3.4143523180814714,15.704013993769774,8.870854819947862,3.4271883429795267,0.9716731768368547,1.307713110119345,0.7909771336332041,0.36464856659701184,0.5790683669052974,0.45437677857204967,0.5483699904136836,1.0222868186699077,1.8485953921744562,2.6874660227227434
pilot_v1_00945,945,data\raw\audio\pilot_v1\pilot_v1_00945.wav,0.07150498032569885,0.7833979725837708,0.12035617232322693,0.4582015872001648,0.4095218777656555,0.46987390518188477,0.6624990701675415,0.17186693847179413,-148.24810244521743,15.680796680263317,-0.26066386729374097,-2.6088306280398177,1.7560061228914225,0.695524882683732,-0.5858374575594524,-0.321828236910981,-0.04756466266787737,-0.07847382973335136,-0.4934334957863656,-1.7875871667017265,-2.9907475764258127,27.17457280183475,16.12217892892345,2.0860616949593225,2.7749602551315866,2.072006954790073,0.8436398144928107,0.7721499445862869,0.4421435780419022,0.20138134053791368,0.19183867570612595,0.51266905659722,1.7666712396283375,2.9667858726465055
pilot_v1_00946,946,data\raw\audio\pilot_v1\pilot_v1_00946.wav,0.46087363362312317,0.4378533363342285,0.6649997234344482,0.2246285229921341,0.3445960581302643,0.36677679419517517,0.4687868654727936,0.2652745842933655,-148.5366667427671,15.352045340600101,2.7598972550614898,-0.032693426942090896,0.3871908167299809,-0.4971668479045352,-0.5971469388009859,-0.9432850957788662,-1.0339238841489486,-1.1756209908420294,-1.2306204330508377,-1.3930868313259215,-1.600703534765079,24.893317117169353,14.546539563049935,2.9000942141888313,0.7790444463257646,0.48232288195165035,0.5658599407613913,0.6001887000963438,0.8831179258415028,0.9497993706366126,1.0685196044707943,1.1093507838553893,1.2523024999592296,1.4366781607726296
pilot_v1_00947,947,data\raw\audio\pilot_v1\pilot_v1_00947.wav,0.9421590566635132,0.6086229085922241,0.204459547996521,0.6597669720649719,0.12341591715812683,0.17751257121562958,0.8503262996673584,0.4075273275375366,-116.34818337256124,20.8372492923016,-3.0337178939922222,-1.6254074712139224,-3.5698786904237148,-2.3598860619455784,-2.023599997007535,-0.12118752597950398,0.786378708639437,0.6690561846851288,-1.1265759718683037,-1.0731287579675617,0.43910537714682424,35.26609962219983,11.293564395378116,2.7741655405051464,1.2519051761272375,1.9985437808246023,1.253860764732135,1.0892166497271163,0.17873611618092564,0.4488515632974286,0.3910313570855657,0.6390421842224042,0.5753702789599443,0.29311788729472893
pilot_v1_00948,948,data\raw\audio\pilot_v1\pilot_v1_00948.wav,0.7875661253929138,0.5105785727500916,0.0054309433326125145,0.6035308837890625,0.0793435126543045,0.2811371088027954,0.5396652221679688,0.22245147824287415,-140.95021889854863,16.16414229326419,-0.13571681681320624,0.802798832059216,-0.09363901009568393,-0.27503994229115103,-0.7745613439059338,-1.4693335335835165,-1.571197648383841,-1.288199758852927,-0.4487186124355726,0.38354993652105057,0.872567153934146,32.344154199782295,15.351379166089089,1.1739739455781133,0.8211924371056227,0.2580671113877495,0.30363872997817287,0.7486734902810813,1.4146390224070053,1.4983989792796695,1.2299886733593177,0.42957211567117554,0.3749571391318916,0.837926069182799
pilot_v1_00949,949,data\raw\audio\pilot_v1\pilot_v1_00949.wav,0.3021151125431061,0.6728860139846802,0.46285954117774963,0.2918509542942047,0.2510822117328644,0.4418719708919525,0.9333114624023438,0.3647075295448303,-121.77628599670955,16.568158585252764,-5.579537592881441,-1.9293300461201226,-1.9636752411553104,-0.1226390526019137,-0.8924570721836715,-1.1748390682619712,-2.061050009251103,-2.019766769393155,-2.3599144991674432,-2.24368317612077,-2.156466106193012,39.250921003612824,11.596852485035619,4.666077702703202,1.6204019013989897,1.498323132348711,0.40645250992297766,0.7031426737086043,0.8302307180043473,1.4264064398629808,1.3864144399163412,1.6193550291360668,1.5271118583718624,1.4666750473884427
pilot_v1_00950,950,data\raw\audio\pilot_v1\pilot_v1_00950.wav,0.16752031445503235,0.328687846660614,0.31975287199020386,0.5253782272338867,0.3908438980579376,0.3714964687824249,0.3479008674621582,0.29405200481414795,-160.66652844315922,8.44862806171558,6.755160809842531,2.052019996069072,0.40069509253854635,0.1475411472848373,0.4194543040114356,-0.021646354639221946,-0.5261734588566436,-1.0620168178649616,-1.4348771424480744,-2.078349196340429,-2.916396704968244,12.859623662521663,8.439846479821785,6.242079950542805,1.8374560525055783,0.7514761113680917,0.3842556406068927,0.47755000276967335,0.3109453327536735,0.5768151962041451,0.9660415366622606,1.2869090082853627,1.8348126051713978,2.580168935781854
pilot_v1_00951,951,data\raw\audio\pilot_v1\pilot_v1_00951.wav,0.6802993416786194,0.7185943126678467,0.7623498439788818,0.09021696448326111,0.16302010416984558,0.20547454059123993,0.7290736436843872,0.12992161512374878,-127.59961762323006,10.322200517775201,-6.44477140886533,-0.8235183208746598,-0.41213850783345085,0.41091306834463087,-1.8508739357340915,-1.8934500897484616,-1.435894681476067,-0.6904776410659913,-1.031501668915006,-0.5985328905348087,-0.3861016117681032,46.40269602013938,10.276128557096705,6.459628206185134,0.898736611730558,0.6970800398429714,0.5986835172134708,1.8634927110090436,1.9075418956852532,1.4529141524136016,0.7044561800100553,1.0314968290517352,0.6013565619684167,0.4007828988697931
pilot_v1_00952,952,data\raw\audio\pilot_v1\pilot_v1_00952.wav,0.6881211400032043,0.5050296187400818,0.3826996982097626,0.35568657517433167,0.4463045001029968,0.15890923142433167,0.5624982118606567,0.19300226867198944,-144.91646957310263,15.23552121295563,0.6661826992460818,-0.2156050427547299,-0.6904325782904113,-0.8500732680997255,-0.8719111798565801,-0.991670328439254,-0.9893344797145077,-0.9667004345742771,-0.7144576086722395,-0.4192943486257277,-0.24178928122864557,31.017160987103857,15.417460700162454,2.1651272172172398,0.9776636760441523,0.8798004462934835,0.9035735727698659,0.8858920896449439,0.9863220904233398,0.9753096993945808,0.9475146665869524,0.6991616216694478,0.41631527603064306,0.24147213857279382
pilot_v1_00953,953,data\raw\audio\pilot_v1\pilot_v1_00953.wav,0.2065763622522354,0.6112794876098633,0.7495036125183105,0.6239244937896729,0.22473405301570892,0.3415193557739258,0.9684374928474426,0.4008433222770691,-139.18346790729524,21.562924856439135,2.2272151240443483,-3.1164070379644837,1.2691734110549684,1.326983659960486,0.24204073829657943,-0.3867214268127353,-0.36567307616708655,-0.4849354207135602,-1.4050717766337661,-3.002955465817622,-4.306832507421842,22.11555830002812,13.830899398015664,2.444687309946744,2.3467292806696998,1.2638718749070925,0.880938180041979,0.5404420386561406,0.47243502713361524,0.2629311746531364,0.3505516129466416,0.7934770581259277,1.7037460480926172,2.450427826991825
pilot_v1_00954,954,data\raw\audio\pilot_v1\pilot_v1_00954.wav,0.325558066368103,0.403586745262146,0.0924806073307991,0.012420132756233215,0.1332458108663559,0.49374446272850037,0.3503240644931793,0.2975248396396637,-149.53217749580963,15.346896637008646,3.528102773256553,-0.782068614982971,-0.3656848460124291,-1.204859805543022,-1.3406315788431014,-1.5457192332336753,-1.710275271100404,-1.9406457967023076,-2.0123895048745597,-1.9774684658715211,-1.8439842994872684,22.617294380064514,13.842603147135467,3.277140710845661,1.2249518352031339,0.591584151985334,1.1461179792619758,1.228180949150527,1.3720125816897637,1.4926698421284563,1.677535297417553,1.7317003705558673,1.6975162467498977,1.5747671251788824
pilot_v1_00955,955,data\raw\audio\pilot_v1\pilot_v1_00955.wav,0.8422433733940125,0.8494250774383545,0.4257029592990875,0.4969746470451355,0.31123098731040955,0.3058471381664276,0.7687891125679016,0.1115594357252121,-121.40512871552426,5.320694976763405,-3.54755672860712,0.4787159011613266,-2.6188446471094116,-1.1697443711939712,-1.018538536107219,-0.5152621399582884,-0.3951588418225332,-0.537418929747083,-1.0264569654076212,-0.19714273415363542,0.07746814791602463,53.39870384996922,5.349702412404988,3.6010998225791697,0.7658166603281799,2.6325509173118133,1.1805996652117283,1.016639731228907,0.5290257410594855,0.40894231185819707,0.5384424846751825,1.0189153767753278,0.20080352571606933,0.11986257233036889
pilot_v1_00956,956,data\raw\audio\pilot_v1\pilot_v1_00956.wav,0.9343563318252563,0.33893078565597534,0.6278336644172668,0.3942294120788574,0.2922593951225281,0.22934472560882568,0.2333110123872757,0.3420554995536804,-157.30772837443217,10.655462642608905,5.9875458229072915,0.6683807171168856,-0.9843373271757,-1.1941364150995237,-0.7341653754854381,-0.5923754248086962,-0.1403265626487539,-0.8598970270310112,-1.2785593312829366,-0.93153119571798,-0.5944968249014388,14.594509524758697,9.184231337578504,5.042631955100972,0.9513409149852698,1.1501244508809356,1.106264315672561,0.6762130987887125,0.5304856731517955,0.30570788189452086,0.6789666697510144,1.0055807077957586,0.7218024037959841,0.48256767023375646
pilot_v1_00957,957,data\raw\audio\pilot_v1\pilot_v1_00957.wav,0.4218061566352844,0.7760353088378906,0.29152482748031616,0.1261516958475113,0.06482648849487305,0.3914470970630646,0.6396656632423401,0.15608680248260498,-124.64706628765244,7.8263267426656675,-5.277900578122656,-0.31012635722834664,-1.7970101421810636,-1.0927889778631266,-1.6933080014459947,-0.9474336864511235,-1.3350029046780447,-1.0459252681635387,-1.2053962798825253,-1.020146034733995,-1.307876580585048,49.1321727160762,7.868830417775349,5.286654870829111,0.5324900897543557,1.8194440194223027,1.1165671255195677,1.682698262953781,0.9525273340396645,1.322554971209125,1.0351848502306353,1.189018541703349,1.0033605893962727,1.284825519734594
pilot_v1_00958,958,data\raw\audio\pilot_v1\pilot_v1_00958.wav,0.048073455691337585,0.5691529512405396,0.5469590425491333,0.7376102805137634,0.18115077912807465,0.4232688844203949,0.4290710687637329,0.23870646953582764,-150.4408233984059,14.930307317980398,1.6004354390165414,-2.470065659162337,1.483438164072994,1.175431464917917,-0.8429097889187465,-0.6495111475738364,0.16172985563410627,-0.13358343534827782,-0.6278938230793861,-1.7677442657436393,-3.2339943418098716,23.122563011008182,14.243971112829449,1.9894173387213052,2.494627144221107,1.5394281974829704,1.147053034203296,0.9018203453550104,0.6552260629160253,0.26817501021258927,0.2098070193463527,0.602074314316532,1.6590246389984669,3.051493218584209
pilot_v1_00959,959,data\raw\audio\pilot_v1\pilot_v1_00959.wav,0.5332651138305664,0.684127151966095,0.18329420685768127,0.2529871165752411,0.3524983823299408,0.2558794319629669,0.8479033708572388,0.44654950499534607,-107.93800901215972,12.622697991450373,-8.778068097751826,1.1197433091222513,1.2050278215293442,1.666724790403287,-0.9517181533591632,-0.7527178906289108,-0.3655482757869294,0.5373001023723276,-0.7925861728110848,-2.863794875950743,-5.287546021398416,30.57719064816692,3.8262680291894826,4.117098540997068,1.0405291592633847,0.5063473252358257,0.6515657177285124,0.6115285577332624,0.32903212319096253,0.19859585497180549,0.405972891858722,0.2746879319904931,0.9664645231392072,1.861487268465069
pilot_v1_00960,960,data\raw\audio\pilot_v1\pilot_v1_00960.wav,0.5406578183174133,0.4832632541656494,0.5201042294502258,0.630351722240448,0.3319539725780487,0.21331503987312317,0.9186959862709045,0.41100946068763733,-132.74460075925597,16.905075308878054,-1.54014947801061,1.6498677639895647,1.799906311772931,1.01983563913372,-0.5304184850456436,-0.8321962102290422,-0.36929915738514785,-0.04988003754002281,-1.0418248891997244,-2.8802183206548366,-4.7316732269980575,25.839715026843223,9.818803983448241,3.1013070874801327,1.6311267527021256,1.1206325747844514,0.5927169902346423,0.6248643173312929,0.5844197277329561,0.24709646055683618,0.3322415756430946,0.551491671664585,1.505670055764036,2.5130750502224464
pilot_v1_00961,961,data\raw\audio\pilot_v1\pilot_v1_00961.wav,0.05716001242399216,0.6324751377105713,0.1619066298007965,0.3595275282859802,0.10941003262996674,0.3754066526889801,0.512135922908783,0.26879939436912537,-150.48656791128687,16.19303214024616,3.785343497800699,-2.8450987827498393,0.09455407739718462,1.5406908035659281,-0.1394653012686244,-0.9535910339638449,0.009763811993257146,0.14543982202449357,-0.8016354710422346,-2.0861078708950975,-3.1508295724038065,22.199191654539636,14.910390601863417,3.4377909695298303,2.891135553786541,0.3857073273703953,1.476747796014986,0.41283701548231405,0.9595762879304539,0.2574335852788642,0.3045711856310201,0.7296758298537321,1.8851043038171236,2.8508603321208605
pilot_v1_00962,962,data\raw\audio\pilot_v1\pilot_v1_00962.wav,0.4105224609375,0.424789160490036,0.6046897768974304,0.499487966299057,0.2446727603673935,0.4393734335899353,0.7191256284713745,0.1752207726240158,-145.46962678036854,16.742354345392943,1.7047393756311837,-0.024462367557397672,0.022304061773075447,-0.6768974044225626,-0.46538631613169495,-0.7974241214386535,-0.8429537578390296,-0.9891648840618756,-1.0299015049008176,-1.0983068388115715,-1.2301651214555231,28.849167457250175,16.395762136142856,2.0425968215578947,0.48723811757995517,0.2657590344126576,0.7015274460857209,0.47000232732400066,0.7859701930309565,0.8208504597698907,0.9608086681885992,0.9978242298543094,1.0647270540454328,1.1908188792027836
pilot_v1_00963,963,data\raw\audio\pilot_v1\pilot_v1_00963.wav,0.9291607737541199,0.8276519775390625,0.2629106938838959,0.023104680702090263,0.4232529401779175,0.271973192691803,0.30009129643440247,0.339306503534317,-123.98307087724437,6.845459105896065,-4.966118346475278,-0.3429019912396973,-3.53373112647185,-2.467442091776227,-2.0372572172986625,-0.373674254441725,-0.19838103772375498,-0.4871846413246145,-1.7085021937643456,-1.0472370112470197,0.04297052874111693,43.63775653534933,5.14325224995502,4.185049887101753,0.46453422813891665,2.85660096841901,1.9075466071570482,1.6276262633663876,0.35395350158909034,0.39809290673356296,0.4353685257317967,1.3399418581232219,0.8153909991827556,0.21249117603643494
pilot_v1_00964,964,data\raw\audio\pilot_v1\pilot_v1_00964.wav,0.8337669372558594,0.3520718514919281,0.06543047726154327,0.11957855522632599,0.379456102848053,0.1756545752286911,0.6896072626113892,0.13071204721927643,-152.2015661206617,14.087480309940045,3.659679307911508,-0.18224573060914437,-0.06985125667241202,-0.8935459652371789,-0.8067650204959005,-0.5849020724218871,-0.574951578247447,-0.7995748896192415,-1.0021501548272256,-0.6932301110275142,-0.06234744309400474,23.12993242891971,14.458478565022064,3.7914136224434376,0.7855216053086969,0.39256881771875224,0.9316151636175207,0.8216820800632094,0.5985515012087756,0.5852096816372366,0.8013128575899762,1.0027865225150399,0.6904338958428504,0.1727809579560726
pilot_v1_00965,965,data\raw\audio\pilot_v1\pilot_v1_00965.wav,0.319263756275177,0.7633978128433228,0.4041200876235962,0.3905629515647888,0.15105584263801575,0.358254075050354,0.2834610044956207,0.2947997450828552,-133.61717599946175,9.688607984996057,-5.412068116365749,-0.29679583614980254,-1.4879770691479348,-0.973216405006796,-1.7857603247590124,-0.9681543908351817,-1.3875310447929121,-1.4818849870580637,-1.7470156414509306,-1.5214038544075,-1.6184355013643485,37.01289783808126,8.534037574946515,4.968942282603853,0.473239000026409,1.4287265378963028,0.9023355894479003,1.598373711207438,0.846437871743378,1.2075259446744069,1.2753136591830214,1.506389499815932,1.306328559591196,1.3929729447423094
pilot_v1_00966,966,data\raw\audio\pilot_v1\pilot_v1_00966.wav,0.2111617922782898,0.556512713432312,0.3597511351108551,0.25055670738220215,0.09100606292486191,0.47698840498924255,0.8977757692337036,0.3652842938899994,-145.52834242171122,18.216738641587618,4.65873288988946,-0.3541771094808051,1.5823130436756305,0.6723440939699925,-0.22326729943434506,-0.26693117938056965,-0.3027654787255282,-0.8755635298385107,-1.6740841456124267,-2.926957340293043,-3.774006991234048,21.41381879711918,13.706228367925824,3.3661529371485734,1.0683024073394913,1.3423947630861395,0.5355728582349997,0.558196104708469,0.4374220026194114,0.26644335953719933,0.639680847807468,1.1530167255751833,2.0128220940896053,2.614380336669731
pilot_v1_00967,967,data\raw\audio\pilot_v1\pilot_v1_00967.wav,0.6983064413070679,0.697270929813385,0.7210848331451416,0.7268713712692261,0.2629426121711731,0.2890804409980774,0.47910720109939575,0.2230709344148636,-131.15570451375788,12.031928538378555,-4.319061167833919,-0.845293789091239,-1.3476412746305264,0.4645969629280761,-0.7641904744679009,-1.567581897758475,-1.7184986779982188,-0.3039203737044018,0.09470153556556044,0.04827728736821287,-0.692054036008542,42.07215450605447,11.386457718641061,4.41516109968995,0.8645044201942927,1.3370981286920391,0.5956328767148604,0.7542032571776847,1.5255726871258721,1.6685479412184292,0.3192626916275552,0.2186930687360805,0.18484398964500093,0.6590222922382053
pilot_v1_00968,968,data\raw\audio\pilot_v1\pilot_v1_00968.wav,0.6748749017715454,0.38017940521240234,0.3475855886936188,0.4679478704929352,0.1464795470237732,0.253464937210083,0.6121350526809692,0.1162378266453743,-149.79169382349932,15.055965539065843,2.7122926009962227,-0.011175866831454233,0.6469841350045779,-0.38195426232924357,-0.5903147670484588,-0.9216357438500679,-1.1117719848206649,-1.0991176154415008,-0.966230202627734,-0.9016253051919445,-0.9880025578300563,24.593310475932284,14.78839652066305,2.723962812392903,0.5492515003618994,0.6583937772545647,0.41054327052499157,0.6005882547325115,0.9266156959361788,1.1125803284100495,1.0873567694327322,0.9527506684532803,0.8885004028875101,0.9734715922396064
pilot_v1_00969,969,data\raw\audio\pilot_v1\pilot_v1_00969.wav,0.15646548569202423,0.804594099521637,0.783149778842926,0.14692926406860352,0.32466962933540344,0.41418904066085815,0.21869687736034393,0.3022459149360657,-150.76041785375864,10.28100807328032,-0.44871068986124285,1.783542695703743,0.8882768304000057,-1.9152231611161428,0.5255393063891605,0.7685397594289303,-0.3946586965480303,0.001212001814863663,-0.7596506590263247,-2.7728243850368446,-3.1977917120350634,22.575683647929782,9.482541002333585,2.474463848421314,2.0859270412282243,1.016552425937027,2.006177166600834,0.6778202845785145,0.7861767636736787,0.5680847526664297,0.40587894005932296,0.6920105300403355,2.447582153910239,2.7831026926656572
pilot_v1_00970,970,data\raw\audio\pilot_v1\pilot_v1_00970.wav,0.31146106123924255,0.4590553045272827,0.027599593624472618,0.6648210883140564,0.4333697557449341,0.39920076727867126,0.8000890612602234,0.4057352542877197,-137.22001163433467,20.39078153604988,2.517384670070223,-0.6919272288931623,-0.9280132291183718,-1.4685308815328817,-1.2752532521456643,-1.519947924181751,-1.5054129116277517,-1.745496421299636,-1.84825574482447,-2.027693500346893,-2.174851583052731,24.58195818005059,13.14553512659492,2.936962136729229,1.312908068125399,0.897978654096793,0.9771978277162466,0.8001241173525657,0.9001487470377867,0.8680138905676852,0.9793461729985781,1.0183387909415793,1.0934453006708513,1.1529799450468687
pilot_v1_00971,971,data\raw\audio\pilot_v1\pilot_v1_00971.wav,0.7946994304656982,0.5868502855300903,0.4920578896999359,0.23277230560779572,0.21121615171432495,0.23316805064678192,0.41912785172462463,0.19785147905349731,-141.09281730160689,14.78810872062759,-1.9585358651937512,-0.7317294276470725,-1.519415872861206,-1.2346431553142452,-1.4646670189855386,-1.4775137094542634,-1.3101548728289691,-1.0212800711181431,-0.607450470488191,-0.04614929991032204,0.47990079027528754,32.77219970626733,14.270772820076768,2.3844111836143758,0.7799156345593089,1.5001427308001556,1.1928872832276567,1.4134336934846528,1.4265103800921322,1.2642194902114907,0.9871804310193779,0.587617026357377,0.08611437835115594,0.4739239204116125
pilot_v1_00972,972,data\raw\audio\pilot_v1\pilot_v1_00972.wav,0.9526037573814392,0.5237202048301697,0.6926371455192566,0.28200459480285645,0.19232457876205444,0.31287482380867004,0.983460545539856,0.4485361874103546,-117.49257762570619,27.267417112102088,0.02410991285308889,-2.1882491683230407,-4.79492069401754,-4.689002459676354,-4.121062866686701,-1.9834776312312314,-0.41038315863910557,-0.4638616656529234,-1.893991058240405,-1.7004806296950157,0.28950513404199574,24.266936012052557,10.493947276365729,3.0364802651996965,1.4019229710212187,1.6669655555504497,1.4630651286477265,1.2611955936367234,0.5782155576594113,0.2251259156402829,0.19928900354565154,0.6723564400300086,0.6197995212625971,0.13948627472798644
pilot_v1_00973,973,data\raw\audio\pilot_v1\pilot_v1_00973.wav,0.46519967913627625,0.6602479219436646,0.22506414353847504,0.6031376123428345,0.36465221643447876,0.4968412220478058,0.5896076560020447,0.2406504899263382,-130.07742111374898,11.064203998710852,-4.043431932467726,0.001412672202239835,-1.0072525271828074,-0.32804283529488465,-1.3663714214727614,-1.0205972337414733,-1.1026395901284818,-0.6539358158626337,-0.986390568565723,-1.2402497502130168,-1.8569180918227568,43.613111528288364,10.328382642470064,4.180738671837313,0.46264583846783275,1.0697585595387977,0.3725606376654203,1.3200223464745406,0.9760009345843227,1.0600118125021274,0.6237592843735268,0.9188462712790384,1.1511584445657101,1.7227163108784291
pilot_v1_00974,974,data\raw\audio\pilot_v1\pilot_v1_00974.wav,0.06498179584741592,0.3160482347011566,0.5821543335914612,0.08520001173019409,0.28116485476493835,0.339745432138443,0.7791046500205994,0.15820163488388062,-161.97445058055425,8.23126516814853,7.760569948392098,3.506222981080975,1.0255703740253985,-0.24533264539449084,-0.06667497372580218,-0.03776640044423202,-0.2959024644337722,-1.141237452172287,-1.8635957545627717,-2.3767693876031672,-2.688150084613386,12.637880437767885,8.238916905888397,7.646596399315904,3.4291206933339873,1.0869346000503688,0.5407551366101065,0.27561043904320204,0.2597795905359066,0.36772291832822496,1.1253987564781622,1.8350208091952813,2.344041283231041,2.6476218855437
pilot_v1_00975,975,data\raw\audio\pilot_v1\pilot_v1_00975.wav,0.5797138810157776,0.731737494468689,0.14974984526634216,0.5172259211540222,0.052373673766851425,0.15047061443328857,0.3977782726287842,0.3442130386829376,-129.00399156938914,7.187238978510597,-6.3316041854193195,1.3539284337408743,0.8694577595662353,1.1906237792649237,-0.8004264925993728,-0.4868931962628299,-0.24204201932580036,0.44379564852350917,-0.5972939643534015,-2.042137473262999,-3.783479775572601,36.29568845733994,5.590379329560946,5.243884232604457,1.1691107132402931,0.662240981349213,0.9157598740414541,0.7471721774151885,0.43810469116632755,0.2569475091904038,0.4059419922474306,0.4547711495589281,1.5634047472429604,2.922113923616027
pilot_v1_00976,976,data\raw\audio\pilot_v1\pilot_v1_00976.wav,0.595352292060852,0.33233872056007385,0.7674320936203003,0.2793422043323517,0.4066501557826996,0.4880688488483429,0.5368801951408386,0.15162630379199982,-158.3549047480984,9.209552461877745,3.749522100136945,1.2719101096755296,2.052670027283841,1.0618530080170148,0.0008788026554847002,-0.5716685016719936,-0.7053498390618946,-0.8924002838115594,-1.2549596402790397,-2.041378441732136,-2.796418310371111,17.08185176663519,9.939438580888506,3.8154988054623686,1.344355279924742,2.1505162557122346,1.0825556787780515,0.40725482981133393,0.6808857576673504,0.7272750764194367,0.9043563060918838,1.251852297236333,2.0359832594084892,2.8107060073903685
pilot_v1_00977,977,data\raw\audio\pilot_v1\pilot_v1_00977.wav,0.11187010258436203,0.7135838866233826,0.30065447092056274,0.7112537026405334,0.23471307754516602,0.322035551071167,0.9432192444801331,0.359504371881485,-131.4377468363546,20.00180298079212,-7.088809666859342,-0.676476656309631,2.9826938536755585,-0.40497113557119946,0.06310862025565928,-0.939026936170299,-0.12013353140467711,0.3824550787325517,-0.7342736981916138,-2.1927070976049863,-3.979505247137585,32.350090521610724,14.637983143732974,6.304121847278152,1.2083918776822125,2.25244483486646,0.7882874894361644,0.459056047305716,0.7752507372730065,0.20097709277543738,0.3923703098427826,0.5294563162714994,1.5441887450051526,2.8170073693165265
pilot_v1_00978,978,data\raw\audio\pilot_v1\pilot_v1_00978.wav,0.48081129789352417,0.5069617033004761,0.4577488601207733,0.09975095838308334,0.11976295709609985,0.1645979881286621,0.3254934251308441,0.430502325296402,-140.25670450332157,18.537185503353825,1.9853530972999962,-1.5720237191196365,-0.5108118867799403,-1.633555318110702,-1.7261397917520727,-1.924507384791878,-1.6353757705192928,-1.3863403482616088,-1.3637828885961452,-1.7496418707596972,-2.323991812826296,18.621556435161448,10.37359251040067,2.000189155805292,1.4220425047849827,0.7749059293843831,1.0317301657867206,1.0082602558435871,1.0543557053277048,0.8398845196485236,0.6790845894127061,0.6314763733845682,0.7638478753035103,0.9842430448752124
pilot_v1_00979,979,data\raw\audio\pilot_v1\pilot_v1_00979.wav,0.9994654655456543,0.6777952909469604,0.024552814662456512,0.4206315577030182,0.34816354513168335,0.32532283663749695,0.744358241558075,0.24449998140335083,-127.85221865254618,12.347708206720075,-3.257448635451034,-0.9553789229995225,-2.4818796848542046,-1.4689093758821499,-1.4357676381445124,-0.06535910628540996,0.2620968803623509,0.16892765541807028,-0.9743425361132567,-0.6833032068450473,0.31839156363809956,45.26455516477552,11.428286233641245,3.380898320461623,0.9580773512544606,2.3472437391849503,1.3664438828614858,1.3437143389026363,0.09641406020186104,0.26113136547698323,0.18192760008086287,0.9102048702778707,0.6380527983996881,0.29891825287396295
pilot_v1_00980,980,data\raw\audio\pilot_v1\pilot_v1_00980.wav,0.7790573239326477,0.44284647703170776,0.22200821340084076,0.47059664130210876,0.25454598665237427,0.4286136031150818,0.2581325173377991,0.38548219203948975,-144.1831912693924,17.818568761848894,4.193125238090373,0.307406893702294,0.30153320612580436,-0.5002925597170018,-0.9057335968268547,-1.5133232645856458,-1.7372257892668261,-1.6818656979007374,-1.092107941997838,-0.28201053067238147,0.3536362490223609,22.81010121095139,13.078411196952912,3.3683831600626877,1.0757520578694875,0.5006892655837625,0.5171104744492031,0.6607530854725622,1.0104574986021402,1.119182141692108,1.064174568729891,0.6849766150183775,0.32960614303253516,0.4614949388808629
pilot_v1_00981,981,data\raw\audio\pilot_v1\pilot_v1_00981.wav,0.2645688056945801,0.6049557328224182,0.6583433747291565,0.03879954665899277,0.07596523314714432,0.2393380105495453,0.6641056537628174,0.199476420879364,-145.64009922204912,16.25707431851991,0.08475809144712759,-2.6370817610560633,-2.058059688327076,-1.873320806963509,-0.5508296822433358,-0.2504021878753557,-0.4019222149665731,-1.2296432436998512,-2.1390703721637156,-2.4254538366657217,-1.9949407636900163,28.198313563919296,15.690351394714977,1.2819901434836782,2.774879384461529,2.071116633386542,1.8724045789861525,0.611792202385264,0.3558288476560776,0.413948914500436,1.1885692475786385,2.075998417884339,2.353755001780158,1.930864196633478
pilot_v1_00982,982,data\raw\audio\pilot_v1\pilot_v1_00982.wav,0.14085757732391357,0.39698606729507446,0.10278516262769699,0.6502565741539001,0.16570259630680084,0.22400794923305511,0.4546799063682556,0.10641258955001831,-157.43514446842198,11.142739176365218,4.794008878778337,-0.22633984125568563,0.47953811072602115,1.1124719924152366,0.2729223711463867,-0.7829044499073574,-0.5718306355724456,-0.26670140868312286,-0.835155662455254,-1.990261436046514,-2.9081444393288405,17.147923104221125,11.044869776159574,4.719520329960808,0.600585955797518,0.5114444951684319,1.1437671238299474,0.35056207107332565,0.8008751048841793,0.5804705273731555,0.3051998217286106,0.828297011729232,1.9861400434195786,2.9125641005015286
pilot_v1_00983,983,data\raw\audio\pilot_v1\pilot_v1_00983.wav,0.6280171275138855,0.786965012550354,0.5664763450622559,0.32935306429862976,0.3882468640804291,0.40797489881515503,0.873130738735199,0.31429269909858704,-120.17245920761435,6.139039759028258,-6.306400726954251,0.8984965520160215,-0.13864576534150622,-0.29381520407403305,-1.8409694209715997,-1.2188342706368485,-1.796812529741032,-1.232421789056517,-0.9791046966086858,-0.9953896998991316,-1.7821869735925417,47.801245113006864,4.958476275449178,5.434722946483352,0.8597457190350355,0.47288993699449405,0.3235235522146188,1.5996452102995953,1.0349999146858504,1.538105334877989,1.041000528207453,0.8144746557349815,0.8098641213581749,1.4505293854310102
pilot_v1_00984,984,data\raw\audio\pilot_v1\pilot_v1_00984.wav,0.7451948523521423,0.5729880332946777,0.1898535192012787,0.06967546790838242,0.22117872536182404,0.3505057692527771,0.2432214468717575,0.3807518482208252,-138.31791475703164,17.808155703320306,-0.7536048644692914,-1.4335296676114229,-1.4510291156549344,-1.628570036785605,-1.6016575407566147,-1.9824611665938037,-2.0391081007154046,-1.7866165274864532,-1.024586189682037,-0.1768925419951177,0.40134137801183545,27.137097491813677,12.284159432016695,2.4336228959279063,1.3959733915281483,1.1179915153612499,1.1444944762393727,1.0868777237135177,1.3257117552622328,1.333591372147551,1.1422743472034238,0.6584768114620563,0.2120041683408531,0.2992820427095378
pilot_v1_00985,985,data\raw\audio\pilot_v1\pilot_v1_00985.wav,0.2268000990152359,0.6794360876083374,0.5293132662773132,0.5459212064743042,0.44996964931488037,0.1831049621105194,0.6368780732154846,0.21666115522384644,-152.41516529147793,11.725771910520798,0.40693128822184504,-0.6521853465075923,1.9667988287217737,1.377547962487242,0.6414552667640653,-0.32231166362925023,-0.818150252628538,-1.0276049560869684,-1.3971398169066693,-2.0116472918137953,-2.652800248289162,23.08273992950636,12.243781648767358,2.127244518713516,1.0681963307303093,2.0870307589288584,1.378160068588019,0.7071450039320236,0.4648899744206342,0.8222196795426163,1.0079932679648547,1.3470124837465765,1.9414235726295028,2.579083749368642
pilot_v1_00986,986,data\raw\audio\pilot_v1\pilot_v1_00986.wav,0.3661253750324249,0.33499452471733093,0.2849371135234833,0.31234651803970337,0.3084569275379181,0.30218106508255005,0.44435909390449524,0.13438528776168823,-155.66481794298124,12.435151322265103,4.968281262808662,0.0448915136096126,0.004175258123408704,-0.3240162798074702,-0.6478666177273306,-0.8642511011434525,-0.8728480404022622,-0.9611258730565426,-0.9804576464415761,-0.9871901395554774,-0.89624737457811,19.17106671542406,12.497708944478454,4.936825109702664,0.7585473803239101,0.40671671291614947,0.3891014698925344,0.6496027909283894,0.8624177809881972,0.8702403023255837,0.9530614545651608,0.9675839566854427,0.9743062770345198,0.8918927696052347
pilot_v1_00987,987,data\raw\audio\pilot_v1\pilot_v1_00987.wav,0.8493786454200745,0.7807604074478149,0.6455028653144836,0.5830338597297668,0.1361297219991684,0.46427345275878906,0.8254926204681396,0.27660030126571655,-117.07888644838386,8.645652973819507,-5.648883770026232,0.16608776880366338,-1.66172305422573,-2.0634207931306814,-1.6241181851250592,0.7242094906378529,-0.7639194189561215,-1.2292754010119218,-0.5728490617766557,0.2737640839482568,-0.48765704489759587,51.947174130374535,7.84187880428817,5.111437194521353,0.5228507547056973,1.5291236571404434,1.8851830677173689,1.45546189584467,0.7682482951563049,0.7009949560472548,1.1421459841091712,0.5072910003926914,0.32959384471179515,0.43967435740857114
pilot_v1_00988,988,data\raw\audio\pilot_v1\pilot_v1_00988.wav,0.8822686672210693,0.4082280099391937,0.4448995888233185,0.6802397966384888,0.06741134822368622,0.3881208300590515,0.5641082525253296,0.17701128125190735,-149.4204407351143,15.811291593124134,3.6646439481434996,0.013192130548167534,0.12461282542864564,-0.9411735905096187,-0.8237777140014204,-0.43616792232395524,-0.07278112312577859,-0.33923671584907206,-0.8286145941548181,-0.8132784851581606,-0.06839710821637793,24.91811585378792,15.431473847704181,3.6231792049853695,0.6035786055493199,0.24029934346904547,0.980516028766334,0.8323161977503939,0.4463557360209374,0.12181216181438649,0.3398267772183326,0.8087245261138134,0.7922545599993125,0.11776571034010276
pilot_v1_00989,989,data\raw\audio\pilot_v1\pilot_v1_00989.wav,0.3948802053928375,0.8455391526222229,0.0874965712428093,0.20415428280830383,0.28956469893455505,0.20021210610866547,0.9581298828125,0.31922969222068787,-111.45900242975429,6.6982767452352805,-4.8089929533498585,-0.7309863443081379,-2.857109161547112,-1.5387684591709203,-2.0602633344103816,-1.444838951282474,-1.7383644986230002,-1.3733555746665957,-1.5706277699957802,-1.3451435169830395,-1.5905837577084134,53.16900819592591,5.424142240792435,4.045895089853996,0.6667462316547127,2.3685199694714116,1.2594724815027227,1.690766573862614,1.1713803430575238,1.4118135750697642,1.1101480027746724,1.265369888079873,1.0807785705580715,1.2785968129969707
pilot_v1_00990,990,data\raw\audio\pilot_v1\pilot_v1_00990.wav,0.01030210591852665,0.5002882480621338,0.7302846908569336,0.4376831650733948,0.3558644652366638,0.26452070474624634,0.37313124537467957,0.42289063334465027,-153.7749204835961,13.05533123723705,9.898089267598342,2.5671558784379003,-0.09422558466693245,-0.2895960412303829,0.47413855515162606,0.0974555360199153,-0.5481549198667565,-1.1212827000945944,-1.6846204520104624,-2.7441811189455403,-4.151232485868627,11.552668185934902,8.829013537891045,5.815893445222473,1.374863646922241,1.1245369738734599,0.6366135071626644,0.474767237947178,0.3146540345246912,0.5316042772986574,0.6404160234729294,0.8945341331292327,1.3430016599666137,2.057836609649567
pilot_v1_00991,991,data\raw\audio\pilot_v1\pilot_v1_00991.wav,0.5250500440597534,0.6151983737945557,0.3877132833003998,0.16692717373371124,0.17767482995986938,0.4471207857131958,0.7546793818473816,0.25879791378974915,-132.10907961194843,10.769823292946512,-4.894548901705105,0.4712216686869112,0.18165078033437057,0.7640204760649275,-0.6127434978078355,-0.26044140960190615,-0.10960112328162662,0.3497235639026367,-0.5513165226636283,-1.7584083608531123,-3.229169464783863,39.53036294338571,9.829647414320345,4.7898957901580275,0.6148621319096339,0.3727431834312591,0.7108783155279018,0.6225760979441368,0.25921574373986195,0.12839658582840272,0.3555301797727473,0.5034611718706544,1.602639732018619,2.9534850757791054
pilot_v1_00992,992,data\raw\audio\pilot_v1\pilot_v1_00992.wav,0.5127357840538025,0.4293668866157532,0.04282069951295853,0.3447646200656891,0.2693884074687958,0.45776912569999695,0.34046700596809387,0.2109653800725937,-149.42112774581966,11.878464882330588,0.03613068142514915,1.0558287238224484,1.8080698959126449,0.5215644551069022,-0.2744398575627432,-0.7190946094082276,-0.30631738973116596,-0.1573580045245585,-0.7536428515178902,-1.991943415457019,-3.180762654428023,25.028698343116606,11.542977484672269,1.7065285079880863,1.237097572150548,1.7646923246858983,0.5237772271336398,0.38413161994688266,0.7402568108858049,0.327454023925949,0.21920875804549936,0.7295520091714144,1.9140972544167154,3.0630965801299936
pilot_v1_00993,993,data\raw\audio\pilot_v1\pilot_v1_00993.wav,0.02942107617855072,0.8236362934112549,0.4752233326435089,0.6333958506584167,0.09706085920333862,0.2970442771911621,0.7341148853302002,0.3749973475933075,-143.6512184108839,19.392813223716807,3.391755795771066,-2.4188745168127483,1.0051398206255429,1.0195753611562124,-0.21526641802241053,-0.5393009032542436,-0.22863122053770074,-0.18467404665802123,-0.8703598940375309,-2.521497685313129,-4.078514628959861,21.936925349755896,13.976625671492373,2.5400735280559514,2.1539688555090204,1.225835458866,0.79397487714505,0.65916367199031,0.5693879368265493,0.2521351549132522,0.295048009824602,0.5900849954962097,1.6698417226315942,2.7156077029879357
pilot_v1_00994,994,data\raw\audio\pilot_v1\pilot_v1_00994.wav,0.37594354152679443,0.47925567626953125,0.3323867619037628,0.02628609910607338,0.15710987150669098,0.189589262008667,0.547147810459137,0.28229591250419617,-144.29414960902415,17.17776905436497,1.2707894133291422,-1.0791084173552146,-1.0411194989582848,-1.82011356250354,-1.4378176979878408,-1.568955007046518,-1.360211463958832,-1.2600779389252428,-1.0997418589325296,-0.9983655240632006,-0.9135569192123013,27.343680639608436,15.393730474733575,1.6449014173467968,1.1317255994662527,0.9915791676148095,1.6282634145909862,1.2705987803601972,1.3821168595579272,1.199621722738633,1.105695659159711,0.9607335307706529,0.876185934817104,0.8020890211563155
pilot_v1_00995,995,data\raw\audio\pilot_v1\pilot_v1_00995.wav,0.8943987488746643,0.637061595916748,0.799957811832428,0.48458781838417053,0.38590115308761597,0.3556225597858429,0.9283191561698914,0.1401396244764328,-133.1550402742357,13.416117190735111,-4.244856959031808,-2.438178638069993,-3.466860679951395,-1.6352685537165899,-0.6444536612911841,0.5311865010491756,-0.10035632762731096,-0.7341916107998223,-1.2318972013799907,-0.5376775665227903,0.052990289870542634,42.7841184531512,13.371858924426581,4.652597203143067,2.4943844329508043,3.491936259598688,1.6374041415736704,0.6917018249537914,0.6201771313559602,0.3493719455860434,0.7905687450579674,1.239538299509895,0.593037764051076,0.14072720738739639
pilot_v1_00996,996,data\raw\audio\pilot_v1\pilot_v1_00996.wav,0.8607774972915649,0.5433666706085205,0.5974273085594177,0.40528005361557007,0.4168081283569336,0.45292121171951294,0.46762704849243164,0.32441282272338867,-137.6003187919864,17.346586602864907,-0.5093922072530964,-1.3619709105711844,-2.6653114810314604,-2.663089586191811,-2.3397527624955154,-1.043827040179128,0.13729230265787132,0.3533677267558609,-0.49146685293795256,-0.7693212619563973,-0.039091961098971034,32.561834780383286,14.617983514275918,2.4597086825919607,1.5033303732509615,2.273039175060519,2.211821232603849,1.908023770718039,0.8453367477631193,0.2679169217126404,0.3486645179962549,0.4348263399280687,0.6972971822712126,0.1369310909964058
pilot_v1_00997,997,data\raw\audio\pilot_v1\pilot_v1_00997.wav,0.34596914052963257,0.7099053859710693,0.13296718895435333,0.11658015102148056,0.2386181801557541,0.26895424723625183,0.8616911768913269,0.1822531819343567,-126.17859178276589,10.88269244902787,-4.742444300511563,-1.0620828114633747,-2.1509465158582315,-1.0318235224588679,-1.681083512349382,-1.1612444084740456,-1.4507266859376007,-1.1727202494121967,-1.4224033598817494,-1.232971742487341,-1.373651607086385,47.657762794131955,10.541318849743687,4.836991130170722,1.0682099479638398,2.1371442773337734,1.0240485502701042,1.648515910097951,1.1301133160853793,1.4093360851051357,1.1358766685059938,1.3779056638865672,1.1941061924891532,1.3332252598020369
pilot_v1_00998,998,data\raw\audio\pilot_v1\pilot_v1_00998.wav,0.24665220081806183,0.3647153675556183,0.6773925423622131,0.7236441373825073,0.10335467010736465,0.19439174234867096,0.2695474624633789,0.2536149322986603,-162.89179355940183,6.361086836474122,5.814129032794256,2.4466274079716794,0.9091897605535346,-0.003894869060948139,-0.05639512463788246,-0.08031844826197171,-0.19348314259411012,-0.7930503287728669,-1.4994206891403798,-2.1097944660609307,-2.7074371780914133,11.525508318685734,6.273447368064053,5.474451975079443,2.278979709836961,0.885233173634744,0.2729399545450178,0.2107461681788335,0.2429552355524233,0.2666216198837668,0.7536577746259923,1.4110018195611336,1.983028817278225,2.5288017703783185
pilot_v1_00999,999,data\raw\audio\pilot_v1\pilot_v1_00999.wav,0.7341020107269287,0.7502593398094177,0.24182641506195068,0.2655026912689209,0.32550835609436035,0.38366732001304626,0.6510854363441467,0.41764891147613525,-106.43109763900085,13.903910919756024,-6.574557699297792,0.24588428408615767,-1.2445973049681147,-0.5082873798054991,-2.2405505284750498,-2.106600561138891,-2.7007685458537947,-1.9690531897306125,-1.1876246233563905,0.2161245719260539,0.5449998374012909,39.528395753789056,6.62489837349895,3.89173671455013,0.5976395293790909,0.9444656656651674,0.3639214144415922,1.1551724190901838,1.0211469377484308,1.3143987867031603,0.9332786471799118,0.5821714707925622,0.15757202459080022,0.2764477138608836
pilot_v1_01000,1000,data\raw\audio\pilot_v1\pilot_v1_01000.wav,0.6481733322143555,0.4636504054069519,0.6153210997581482,0.17940764129161835,0.058819472789764404,0.3318271338939667,0.43411290645599365,0.3538833558559418,-144.4839457188675,17.53586851429994,3.130388347581098,-0.05987684623190535,0.45223086302788995,-0.6559977526658914,-0.9351210150653733,-1.4766519481913851,-1.6547391890116774,-1.6845138652499303,-1.3474520908713639,-1.1593353922514158,-1.1165191288475094,23.558663577000466,13.701144838821941,2.6973297985979774,0.9549017241968836,0.49979924791708225,0.6552471399865978,0.7617341693217488,1.1279585764107967,1.227473106651797,1.2402121795400125,0.9843121520884546,0.8408117930837393,0.7986741618703934
pilot_v1_01001,1001,data\raw\audio\pilot_v1\pilot_v1_01001.wav,0.12945875525474548,0.5828512907028198,0.25398629903793335,0.42375072836875916,0.2872196435928345,0.16973477602005005,0.8404690027236938,0.14613881707191467,-147.79090876859277,17.268161880214432,1.1903729257032116,-3.166046950880657,1.5119005479076528,0.9846890061891148,-1.025207648142897,-0.45313854000752685,0.26544800298495025,-0.08057162633344335,-0.5118631379918567,-1.6367243410131567,-3.105648592006396,26.80250440331439,17.161645359208737,1.7862045497527095,3.34261341768756,1.6216444228116347,0.9954425615810994,1.138973197899957,0.5061857793294037,0.3536524347299651,0.1978259342748555,0.510953994285716,1.6146839811571807,3.0768910798523197
pilot_v1_01002,1002,data\raw\audio\pilot_v1\pilot_v1_01002.wav,0.2756616771221161,0.3761556148529053,0.5094953179359436,0.18871256709098816,0.3707062304019928,0.3155512511730194,0.22831811010837555,0.25012078881263733,-159.90141942599334,9.385079655620101,6.768846168813463,2.063310327315303,0.4016826666856768,-0.4115302383611309,-0.7586809390156973,-1.0213651191419648,-1.1820030986030865,-1.5514854199106844,-1.7730142012318355,-2.0119380160335854,-1.9398400377862537,14.808107088229747,9.957293796848111,6.463363058492302,2.1363026010682242,0.7186894340395539,0.6408169615389289,0.8035987902681396,1.0155462076482862,1.1408177978989873,1.4832232646362769,1.677714888987479,1.8802685009927724,1.8004732319152024
pilot_v1_01003,1003,data\raw\audio\pilot_v1\pilot_v1_01003.wav,0.7592052221298218,0.8091636896133423,0.17080450057983398,0.6971620917320251,0.19876961410045624,0.4829520583152771,0.6471487879753113,0.435989648103714,-97.17230338436316,11.809082292352777,-5.140328994390219,1.8453693031772793,-0.43961374499977707,0.35857182894573314,-1.8515333607712603,-2.466439313073329,-3.3666128161486037,-2.0874851826336247,-0.6361585863520958,1.3511667734210049,1.9063252260739982,38.10377591074658,4.606592333415053,2.498481730361366,0.7514680675389047,0.5241446409743198,0.20953287411668148,0.789011467168408,0.9646067542177008,1.311845628357932,0.7854984703650904,0.24963586510986602,0.5538724691591312,0.7263635635214344
pilot_v1_01004,1004,data\raw\audio\pilot_v1\pilot_v1_01004.wav,0.9803465008735657,0.3029179275035858,0.3702389895915985,0.5706135034561157,0.20477131009101868,0.4021745026111603,0.3616887629032135,0.20492660999298096,-156.9232813418875,11.735545819963118,5.452337684066033,0.18983351518951974,-0.4189587937335742,-0.7897761536313564,-0.5253672987845966,-0.024632081460482756,0.3799470530252304,-0.1729430936779694,-0.7517735927768744,-0.5378026928556698,0.15491552654132856,17.668126558308415,11.587178902028368,5.290929445968716,0.6553821489046432,0.6105719721196796,0.8359288167084015,0.5682877332984704,0.16522079911120555,0.40344130594364364,0.21607398516855827,0.7540229566583941,0.5401342205386973,0.23629864008080503
pilot_v1_01005,1005,data\raw\audio\pilot_v1\pilot_v1_01005.wav,0.4931255280971527,0.7443891167640686,0.7120169997215271,0.3262474834918976,0.4273151159286499,0.21957439184188843,0.7676295042037964,0.3907988667488098,-117.554873065476,9.32934073807311,-8.38165476067067,-0.06102024072873159,0.16934362491955166,0.47870317075287194,-2.414711514669981,-1.6291795319146385,-0.6956320806755518,-0.6254566035566781,-1.8586773472508193,-1.8674033761300868,-2.6126790030296085,39.58060558056676,5.538184120645076,5.604578452448374,0.5798088663848758,0.7635879933253028,0.3416711804827831,1.6571097849329377,1.053780332975636,0.5594527176501958,0.4121956845040982,1.1733209224115526,1.1241727859707857,1.5759309012818792
pilot_v1_01006,1006,data\raw\audio\pilot_v1\pilot_v1_01006.wav,0.09973999857902527,0.5363459587097168,0.05497106537222862,0.5612398386001587,0.31861424446105957,0.245158389210701,0.5510847568511963,0.30884265899658203,-149.0802110240998,16.131956298017634,2.715210209754143,-2.4427319339956575,1.2651776473902763,1.3961223566204142,-0.7010657385649351,-0.8211998958894077,0.14782265499509195,-0.09385458721255892,-0.8187046136130508,-1.9988961446368854,-3.489143510574816,22.224061082474154,14.188707777195443,2.4481215196790025,2.5219398653818605,1.319107267876674,1.270868936526508,0.8927655285836759,0.7991542454181069,0.33315796115778806,0.2211009387243149,0.6888007445430979,1.6677044966318846,2.9288972677215854
pilot_v1_01007,1007,data\raw\audio\pilot_v1\pilot_v1_01007.wav,0.6142889857292175,0.6470931768417358,0.41316747665405273,0.052904825657606125,0.14003393054008484,0.4330671429634094,0.9695481657981873,0.10109609365463257,-130.20775109742573,9.254874225393486,-5.451391286963373,0.24395859906222053,0.18389065931529688,0.9928517031177433,-0.41776105358465004,-0.2326943692790968,-0.26018441584655627,0.2472960369914517,-0.508336643413847,-1.5799926358153598,-3.007383008610623,43.81255724422084,9.299186748598862,5.5206923526228495,0.36333843450013525,0.2507559654622284,1.0052967051792392,0.437032223806439,0.23926511181456547,0.27511611582176854,0.3027563305099617,0.5050459352119164,1.5744681778697511,2.9999893294217648
pilot_v1_01008,1008,data\raw\audio\pilot_v1\pilot_v1_01008.wav,0.5674312114715576,0.5201414823532104,0.29464292526245117,0.7437320351600647,0.3943008780479431,0.22668512165546417,0.7086628079414368,0.30721521377563477,-141.8510918315222,12.31143578192495,-2.125812555548351,1.0439102470587285,1.0842466230265284,0.6936527217382227,-0.437291567835838,-0.6078982714498006,-0.19480367838046742,0.023601510174901568,-0.6819758616004361,-2.080545109818536,-3.4699695341270496,29.760253620471325,10.7050650072044,3.0597973431501435,1.3330101996343588,1.0247568244964738,0.6233255171315976,0.5425704531734402,0.5874698837055702,0.2065899191744751,0.2608299412426501,0.5744097555309652,1.748127896661007,2.9463804759979357
pilot_v1_01009,1009,data\raw\audio\pilot_v1\pilot_v1_01009.wav,0.084132120013237,0.6651942729949951,0.6372155547142029,0.23514512181282043,0.17214760184288025,0.3940853476524353,0.3151867091655731,0.12135130167007446,-154.54078179284437,12.992769459266603,3.085934299748378,-2.9727725825499025,-0.45794125077208137,1.3828888806478226,0.36485061936138424,-0.7654213473906665,-0.21526241128283882,0.15300123645776298,-0.669779179651103,-1.87568667831433,-2.7935972055531426,20.204751515897925,13.093120448532883,3.202631423806404,3.076114534056873,0.6608472825084621,1.4520796908688562,0.5549562515450058,0.8140116210557439,0.41598411870770513,0.2969450062033515,0.684149169168363,1.8667426617933118,2.7811198563097146
pilot_v1_01010,1010,data\raw\audio\pilot_v1\pilot_v1_01010.wav,0.446233332157135,0.31972888112068176,0.1801745742559433,0.37657177448272705,0.08241100609302521,0.4206947088241577,0.9035271406173706,0.19288203120231628,-149.46213357670578,15.367778450383167,3.2062061742150285,0.21941344370694663,0.8590631361414195,-0.227561835263796,-0.4065667842664551,-0.6551230668286024,-0.8245012983477937,-0.8810007678652768,-0.9135364160008844,-1.0129382714399677,-1.1834578620645888,24.653347359858095,14.897085596841206,3.144408682470591,0.6354973825281316,0.8332483279446176,0.36075414777331655,0.42551111484892995,0.6447890809276282,0.7992456229164318,0.8503972160828837,0.8862493177649333,0.9858500029827418,1.1451879537153942
pilot_v1_01011,1011,data\raw\audio\pilot_v1\pilot_v1_01011.wav,0.9647043943405151,0.7267557382583618,0.5375787019729614,0.13209199905395508,0.260600745677948,0.25860312581062317,0.5225745439529419,0.40062159299850464,-116.46759927083765,14.06920003753818,-7.970034466702263,-2.598488013019581,-3.1615592508830432,-1.85561234940489,-2.774141713838527,-1.0295603511296236,-0.19556880179723626,-0.24301313276524125,-1.8769023377086356,-1.3793827406751324,-0.017692339137622064,37.18381906921075,7.978704360361043,5.147353001693636,1.5987714918636307,2.0010449526922907,1.0927478940567812,1.6569345256021306,0.6068664058682862,0.3643543392774606,0.2764929043416174,1.0474099567450832,0.7759688836295395,0.24472676652677308
pilot_v1_01012,1012,data\raw\audio\pilot_v1\pilot_v1_01012.wav,0.8060669302940369,0.3924420177936554,0.7401339411735535,0.006275464780628681,0.34210819005966187,0.15629234910011292,0.8861653804779053,0.23482662439346313,-149.1088592450186,16.37123497824533,4.406633375308752,0.4524265455324634,0.37976862373360404,-0.6891581698348593,-0.7524246342209031,-0.8812331905267409,-1.1065448302736753,-1.4209798062143733,-1.5203072896972214,-1.2595930437074672,-0.7731856769884375,24.9798554437575,15.96175343748614,4.291754498730351,0.8773043438143231,0.4930641467519528,0.7286152411206375,0.7344203342151805,0.8404685513468471,1.0432743387609822,1.331341271970533,1.420792328608932,1.1783079680870339,0.7293307644377621
pilot_v1_01013,1013,data\raw\audio\pilot_v1\pilot_v1_01013.wav,0.29127323627471924,0.7910141348838806,0.3795693814754486,0.5148394703865051,0.11331736296415329,0.3442003130912781,0.49232277274131775,0.4425681531429291,-111.87849053101635,12.636065055632693,-7.143693134588661,0.7038618907014313,-1.7683415414453827,-1.4225605210567758,-1.8706145644053345,-1.125565025829132,-2.427083156100176,-2.5739375263710116,-3.145153309538075,-3.0486928547397327,-2.9350406489781347,30.275558610981484,5.2307346683845966,3.570748892158488,0.7467843139158845,1.2243353874952685,0.7875320113045591,0.9597097944584321,0.5271430062141094,1.0284087221117983,0.9874333959778825,1.2137976570854547,1.1237426635849805,1.0620482044782096
pilot_v1_01014,1014,data\raw\audio\pilot_v1\pilot_v1_01014.wav,0.1763470321893692,0.4468878507614136,0.43507111072540283,0.373367041349411,0.22826825082302094,0.49104219675064087,0.6764646768569946,0.3500370681285858,-151.52499060766414,16.34254113166242,8.511122493836181,0.3042758783247033,-0.3042273868228981,0.8522464884479966,0.7171373659330329,-0.6867999236668335,-0.9333319077962278,-0.5994243634985771,-0.9638507662239779,-2.4690294373551596,-3.9265906016576606,17.807696441845714,13.134839268647218,6.401503097721772,1.1973990503431464,0.6268816566164511,0.8024279297207881,0.5891465068834978,0.77404771519373,0.8101580259309776,0.5529368802738551,0.789824061716008,1.8132238928675024,2.920263059944554
pilot_v1_01015,1015,data\raw\audio\pilot_v1\pilot_v1_01015.wav,0.6638117432594299,0.6004027128219604,0.09561245143413544,0.6179612874984741,0.4005955457687378,0.3084426522254944,0.29509595036506653,0.16416984796524048,-140.5510606655163,12.611117888612926,-2.280155968798318,0.12321612430821961,-0.5319721008000136,-0.1729930934916417,-0.883065655640685,-1.0421566582430013,-1.1571078837721807,-0.8491320125082403,-0.6356624951775534,-0.46688629616838834,-0.7416810459447808,35.456411054572094,12.52046662550358,2.864865135082569,0.5749129607321518,0.7146837133509121,0.30860208260538013,0.9204395424500347,1.0526615949923093,1.1625943479128136,0.8454735433964214,0.6270777778621051,0.4658962402245038,0.7279006562275404
pilot_v1_01016,1016,data\raw\audio\pilot_v1\pilot_v1_01016.wav,0.7184942364692688,0.3481582999229431,0.4722398519515991,0.5311583280563354,0.18372884392738342,0.2784561216831207,0.8151877522468567,0.27369388937950134,-147.9494409181098,16.840459383141166,4.000201865641534,0.2704998651556793,0.7538122509590884,-0.30858914143327093,-0.4738596554135877,-0.8215790666580112,-1.0576972288701842,-1.1085196221538915,-0.8911770785229758,-0.665911950503858,-0.4871188594166145,24.359938741950046,15.34372274083553,3.6690969952109462,0.6827689706848195,0.6906585785553583,0.3701218910628235,0.4672535419127673,0.7564598625685828,0.9595203659655539,0.99521086303786,0.7966578049512957,0.5996942692681484,0.44051775486359107
pilot_v1_01017,1017,data\raw\audio\pilot_v1\pilot_v1_01017.wav,0.19979432225227356,0.7681424617767334,0.008550625294446945,0.07271956652402878,0.3623094856739044,0.44448885321617126,0.40866169333457947,0.41585588455200195,-139.3021165656678,16.02868506110591,-0.2385148312944036,1.1394915924319766,1.9952067651611358,0.4710958627865145,0.13491677199886704,-0.2778679743897865,-0.037951774463292606,-0.6476795680434428,-1.8867233783712984,-3.413408974864001,-4.38005931055236,22.56004612574943,10.130314066994577,3.245720383459111,1.411274294389636,1.3414073657331955,0.45055881646446605,0.43347619781566615,0.5348646418763717,0.1939728262174998,0.3944358247051025,0.9612152920283381,1.7504556340525952,2.279192797464971
pilot_v1_01018,1018,data\raw\audio\pilot_v1\pilot_v1_01018.wav,0.33032694458961487,0.5603956580162048,0.7529680132865906,0.5862153172492981,0.29601049423217773,0.36890095472335815,0.6225765347480774,0.3344118297100067,-135.12531367861283,18.630874328665833,-1.0722211295691368,-0.8096782930864567,-1.6500308858657196,-1.3593309991986644,-1.3761200187604081,-1.2505821378119188,-1.0541834271560362,-0.8917440539881566,-0.7115476732365194,-0.6067047930006381,-0.6485044237856242,32.70431950019691,14.960962929506366,2.530051693234283,1.0875626675982177,1.4269147121257657,1.123756930442549,1.1084209962572367,0.9926871860883432,0.8337491838887878,0.7122029106038219,0.5785818438678964,0.4970236282008399,0.5022668669596921
pilot_v1_01019,1019,data\raw\audio\pilot_v1\pilot_v1_01019.wav,0.8138853907585144,0.6926245093345642,0.3166347146034241,0.2974463105201721,0.07346612215042114,0.208176851272583,0.203525111079216,0.17037415504455566,-142.83075343518442,11.518667699338845,-4.0638104079898625,-1.124957551860986,-1.6301846881214546,-0.5957606781823656,-1.1140500354646152,-1.0626055658726665,-1.1640977469509073,-0.6829755093783089,-0.5899187709182399,-0.31626896692784606,-0.17114058001249907,31.33046559394895,11.28373841824076,4.206284863823957,1.1991604491565067,1.633448832610316,0.604142128490431,1.0987415590996965,1.0415274528223433,1.1418556707791092,0.6679418440803515,0.5776969734230082,0.31329255810704454,0.17876517619857885
pilot_v1_01020,1020,data\raw\audio\pilot_v1\pilot_v1_01020.wav,0.9100104570388794,0.4957265853881836,0.11722427606582642,0.2188713550567627,0.1300743818283081,0.28325870633125305,0.7923234105110168,0.2887088656425476,-136.44768326836484,18.277809922149178,-0.12727661059904213,-0.3436128755326545,-2.1944898815905307,-2.086044323455502,-1.7502476134187153,-0.5527292864988096,0.15185861115624555,-0.15314664268070405,-1.1329840529238244,-0.940520322611264,0.25207344548539373,34.007781239838984,16.00282241724441,1.4722512459458856,0.6292445145749391,1.9680341505587478,1.8204746631384108,1.527133254668552,0.47875964379560815,0.18995916408697153,0.1651563443009326,0.9869035184052407,0.8255563975480287,0.2505920807039775
pilot_v1_01021,1021,data\raw\audio\pilot_v1\pilot_v1_01021.wav,0.4228051006793976,0.619231104850769,0.5504222512245178,0.6772414445877075,0.3020113408565521,0.47253352403640747,0.38616475462913513,0.12466923892498016,-135.39141096083458,13.487891119858684,-2.8847700622252344,-0.18998177590993162,-1.4444521693170935,-0.6158953752671295,-1.1918329025148846,-0.7653615791784472,-0.9255607188406075,-0.6220442872275883,-0.7539141878714803,-0.6743229802576904,-0.9288708478511981,39.57242899954547,13.302401155480098,3.2666447469764526,0.4356019811989186,1.509124232910876,0.6250282859157437,1.1960926363823259,0.7667976883830112,0.9155165382163828,0.616940828829601,0.7454585933386718,0.6641419489652938,0.9134553649047116
pilot_v1_01022,1022,data\raw\audio\pilot_v1\pilot_v1_01022.wav,0.04505935311317444,0.4122852683067322,0.20758990943431854,0.1636999100446701,0.4435248374938965,0.3640531003475189,0.9950982928276062,0.22916197776794434,-159.2508745276812,10.65045048427898,7.802143291154325,2.108368092217719,0.03782821274919409,-0.18415125856641923,0.261985493651334,0.03500956490836499,-0.4840362425291491,-0.9654516529544469,-1.3167608727747941,-1.9593221252659938,-2.7517242361160448,15.49765247490153,11.35558637564903,7.723193308819534,2.0771649835891783,0.8797082019226837,0.44441688905768956,0.41627242094315364,0.2894922126528717,0.5741343863881342,0.9475257618260822,1.275742536620195,1.879240124774005,2.6361800084878046
pilot_v1_01023,1023,data\raw\audio\pilot_v1\pilot_v1_01023.wav,0.559624195098877,0.8410032391548157,0.6743693947792053,0.4526291489601135,0.21512413024902344,0.18008673191070557,0.5764623880386353,0.37132728099823,-116.42117332491986,1.8574229104318751,-6.924065842775753,2.596385071365459,0.8944426025921663,0.7263990356230199,-0.44774318292551574,-0.6785615833862737,-0.4719522538821066,0.7687734395919856,-0.7778899477244232,-2.2230453535902885,-3.991225564869383,41.91773408259913,2.680343540961562,4.868244398879489,1.7689428212578078,0.6127533119497655,0.5517015376840463,0.44167013222248874,0.49584960221151186,0.3276682863941213,0.6166133020145697,0.5177375592006495,1.5149515489543497,2.7498694711137173
