sample_id,sample_index,audio_path,sample_rate,channels,midi_note,velocity,note_duration_seconds,render_duration_seconds,wave_frame_sample_01,wave_frame_normalized,wave_frame_raw,wave_frame_display,filter_cutoff_sample_01,filter_cutoff_normalized,filter_cutoff_raw,filter_cutoff_display,filter_resonance_sample_01,filter_resonance_normalized,filter_resonance_raw,filter_resonance_display,filter_drive_sample_01,filter_drive_normalized,filter_drive_raw,filter_drive_display,amp_attack_sample_01,amp_attack_normalized,amp_attack_raw,amp_attack_display,amp_decay_sample_01,amp_decay_normalized,amp_decay_raw,amp_decay_display,amp_sustain_sample_01,amp_sustain_normalized,amp_sustain_raw,amp_sustain_display,amp_release_sample_01,amp_release_normalized,amp_release_raw,amp_release_display,peak,peak_dbfs,audio_rms,rms_dbfs,dc_offset,stereo_difference_rms,is_silent,is_clipped,dc_to_rms_ratio,has_large_dc_offset
pilot_v1_00000,0,data\raw\audio\pilot_v1\pilot_v1_00000.wav,44100,1,60,0.8,1.5,3.0,0.5593362934887409,0.5593363046646118,143.19009399414062,143.190094,0.35798334889113903,0.4968908429145813,71.6020278930664,11.602028 semitones,0.3310278169810772,0.26482224464416504,0.26482224464416504,26.482224%,0.6947665233165026,0.5210748910903931,10.421497344970703,10.421497dB,0.3448154656216502,0.18792618811130524,0.4469674229621887,0.039912 secs,0.30886679142713547,0.2581033706665039,0.6138782501220703,0.142013 secs,0.252347937785089,0.40187835693359375,0.40187835693359375,0.401878,0.2938344404101372,0.20284205675125122,0.482443630695343,0.054173 secs,0.2208702713251114,-13.117254706411606,0.026441400888545456,-31.55431078550704,2.067464223585342e-06,0.0,False,False,7.819041934653991e-05,False
pilot_v1_00001,1,data\raw\audio\pilot_v1\pilot_v1_00001.wav,44100,1,60,0.8,1.5,3.0,0.046786118298769,0.046786118298769,11.977246284484863,11.977246,0.5787458792328835,0.6183102130889893,87.14370727539062,27.143707 semitones,0.7543894024565816,0.6035115122795105,0.6035115122795105,60.351151%,0.11040114145725965,0.08280085772275925,1.6560171842575073,1.656017dB,0.7898440714925528,0.36593762040138245,0.8703534007072449,0.573829 secs,0.7714995518326759,0.4200248420238495,0.9989955425262451,0.995988 secs,0.7753963703289628,0.8203170895576477,0.8203170895576477,0.820317,0.8250333163887262,0.3887616693973541,0.924638569355011,0.730951 secs,0.12418770045042038,-18.118428291082644,0.048507244060351194,-26.28386798238367,1.3902244189396303e-08,0.0,False,False,2.866014027121303e-07,False
pilot_v1_00002,2,data\raw\audio\pilot_v1\pilot_v1_00002.wav,44100,1,60,0.8,1.5,3.0,0.42309348564594984,0.4230934977531433,108.31193542480469,108.311935,0.20699091162532568,0.4138450026512146,60.97216033935547,0.972160 semitones,0.20045457035303116,0.16036365926265717,0.16036365926265717,16.036366%,0.7989680962637067,0.5992260575294495,11.98452091217041,11.984521dB,0.5649668471887708,0.2759867310523987,0.6564123630523682,0.185655 secs,0.6991193881258368,0.3946917951107025,0.9387428760528564,0.776581 secs,0.01361905224621296,0.21089524030685425,0.21089524030685425,0.210895,0.6221818989142776,0.31776365637779236,0.7557754516601562,0.326266 secs,0.16276881098747253,-15.768576179807344,0.023444584604772802,-32.5991491552424,6.0414614527740186e-05,0.0,False,False,0.0025769112802041757,False
pilot_v1_00003,3,data\raw\audio\pilot_v1\pilot_v1_00003.wav,44100,1,60,0.8,1.5,3.0,0.9082851288840175,0.9082851409912109,232.52099609375,232.520996,0.9821949237957597,0.8402072191238403,115.54652404785156,55.546524 semitones,0.6521211499348283,0.521696925163269,0.521696925163269,52.169693%,0.37924453988671303,0.28443339467048645,5.6886677742004395,5.688668dB,0.011097058653831482,0.05443882569670677,0.12947839498519897,0.000281 secs,0.2203430375084281,0.227120041847229,0.540186882019043,0.085148 secs,0.5210756324231625,0.6168605089187622,0.6168605089187622,0.616861,0.028481115587055683,0.109968401491642,0.26155105233192444,0.004680 secs,0.19574157893657684,-14.16633825590302,0.026817165451336278,-31.431742571373956,-0.0013336621422796353,0.0,False,False,0.049731659548424796,False
pilot_v1_00004,4,data\raw\audio\pilot_v1\pilot_v1_00004.wav,44100,1,60,0.8,1.5,3.0,0.8131392719224095,0.8131392598152161,208.1636505126953,208.163651,0.08918046485632658,0.34904927015304565,52.678306579589844,-7.321693 semitones,0.8989389622583985,0.7191511988639832,0.7191511988639832,71.915123%,0.305239649489522,0.22892972826957703,4.57859468460083,4.578595dB,0.24579735193401575,0.14831894636154175,0.352764755487442,0.015486 secs,0.45161665324121714,0.30806583166122437,0.7327099442481995,0.288223 secs,0.2258121445775032,0.38064971566200256,0.38064971566200256,0.380650,0.7429985664784908,0.3600494861602783,0.8563489317893982,0.537778 secs,0.12870028614997864,-17.808409749834787,0.009096231983518941,-40.82276944512798,-0.00022149317865081809,0.0,False,False,0.024349992288249876,False
pilot_v1_00005,5,data\raw\audio\pilot_v1\pilot_v1_00005.wav,44100,1,60,0.8,1.5,3.0,0.3315944792702794,0.33159446716308594,84.88818359375,84.888184,0.8490140857174993,0.7669577598571777,106.17059326171875,46.170593 semitones,0.4511915370821953,0.3609532415866852,0.3609532415866852,36.095325%,0.8895745454356074,0.6671808958053589,13.343618392944336,13.343618dB,0.6742320246994495,0.31969282031059265,0.7603638172149658,0.334261 secs,0.9728429550305009,0.4904950261116028,1.1666032075881958,1.852220 secs,0.7493808623403311,0.7995046973228455,0.7995046973228455,0.799505,0.14930717460811138,0.1522575169801712,0.36213234066963196,0.017198 secs,0.1790437549352646,-14.940816452489097,0.07410532295545877,-22.603011914055582,0.0009837006947968378,0.0,False,False,0.01327435945982037,False
pilot_v1_00006,6,data\raw\audio\pilot_v1\pilot_v1_00006.wav,44100,1,60,0.8,1.5,3.0,0.20053995586931705,0.2005399614572525,51.33823013305664,51.338230,0.4748091194778681,0.561145007610321,79.8265609741211,19.826561 semitones,0.5070513309910893,0.4056410789489746,0.4056410789489746,40.564110%,0.2009465591982007,0.15070991218090057,3.0141983032226562,3.014198dB,0.9610735243186355,0.43442943692207336,1.033255696296692,1.139807 secs,0.5564841162413359,0.3447694480419159,0.8200066089630127,0.452136 secs,0.4772265674546361,0.581781268119812,0.581781268119812,0.581781,0.4152038423344493,0.2453213632106781,0.583477258682251,0.115903 secs,0.1551269292831421,-16.186256084489592,0.04093819553621175,-27.75742607955573,-3.217876069890165e-07,0.0,False,False,7.86032708022952e-06,False
pilot_v1_00007,7,data\raw\audio\pilot_v1\pilot_v1_00007.wav,44100,1,60,0.8,1.5,3.0,0.7172252628952265,0.7172252535820007,183.6096649169922,183.609665,0.7109592221677303,0.6910275816917419,96.45153045654297,36.451530 semitones,0.07982691749930382,0.06386153399944305,0.06386153399944305,6.386153%,0.6208226718008518,0.46561700105667114,9.312339782714844,9.312340dB,0.3925476688891649,0.20701906085014343,0.492378294467926,0.058775 secs,0.019113807007670403,0.1566898375749588,0.37267425656318665,0.019289 secs,0.9851414291188121,0.9881131649017334,0.9881131649017334,0.988113,0.9463971415534616,0.4312390089035034,1.0256675481796265,1.106691 secs,0.27502521872520447,-11.212549625137449,0.13108074085275945,-17.649222254039177,-0.02439741052575047,0.0,False,False,0.18612505824296205,True
pilot_v1_00008,8,data\raw\audio\pilot_v1\pilot_v1_00008.wav,44100,1,60,0.8,1.5,3.0,0.6625480279326439,0.6625480055809021,169.61228942871094,169.612289,0.17080427519977093,0.39394235610961914,58.42462158203125,-1.575378 semitones,0.6168666062876582,0.49349328875541687,0.49349328875541687,49.349327%,0.9738334845751524,0.7303751111030579,14.607501983642578,14.607502dB,0.818507238291204,0.3774029016494751,0.8976226449012756,0.649195 secs,0.16778260748833418,0.20872391760349274,0.49643316864967346,0.060736 secs,0.15039578638970852,0.3203166425228119,0.3203166425228119,0.320317,0.6392194470390677,0.3237268030643463,0.7699583172798157,0.351454 secs,0.12809908390045166,-17.849079521952696,0.018701130466829276,-34.56264279903824,-0.00019065377425368785,0.0,False,False,0.01019477269525796,False
pilot_v1_00009,9,data\raw\audio\pilot_v1\pilot_v1_00009.wav,44100,1,60,0.8,1.5,3.0,0.17709698528051376,0.17709699273109436,45.336830139160156,45.336830,0.89144416898489,0.7902942895889282,109.15766906738281,49.157669 semitones,0.03240087814629078,0.025920702144503593,0.025920702144503593,2.592070%,0.3313313415274024,0.24849848449230194,4.969969749450684,4.969970dB,0.2656152043491602,0.15624608099460602,0.3716188073158264,0.019072 secs,0.6265081940218806,0.36927786469459534,0.8782979249954224,0.595069 secs,0.6273484900593758,0.7018787860870361,0.7018787860870361,0.701879,0.2331273229792714,0.18159456551074982,0.43190816044807434,0.034799 secs,0.24937376379966736,-12.062984797133002,0.08167600936517885,-21.758109794774718,-3.268996402546832e-06,0.0,False,False,4.002394862279488e-05,False
pilot_v1_00010,10,data\raw\audio\pilot_v1\pilot_v1_00010.wav,44100,1,60,0.8,1.5,3.0,0.2925384333357215,0.29253843426704407,74.88983917236328,74.889839,0.2690470805391669,0.44797587394714355,65.34091186523438,5.340912 semitones,0.976626924239099,0.7813015580177307,0.7813015580177307,78.130157%,0.5159942442551255,0.38699567317962646,7.739913463592529,7.739913dB,0.0993314916267991,0.0897325947880745,0.2134218066930771,0.002075 secs,0.8402608074247837,0.4440912902355194,1.056235671043396,1.244639 secs,0.3960724202916026,0.516857922077179,0.516857922077179,0.516858,0.4682012349367142,0.2638704180717468,0.6275947093963623,0.155138 secs,0.1719827651977539,-15.290301451912214,0.04338662223910925,-27.25288319009482,0.0010130208664774726,0.0,False,False,0.023348691697975113,False
pilot_v1_00011,11,data\raw\audio\pilot_v1\pilot_v1_00011.wav,44100,1,60,0.8,1.5,3.0,0.8053174903616309,0.8053174614906311,206.16127014160156,206.161270,0.5446204924955964,0.5995412468910217,84.74127960205078,24.741280 semitones,0.4361217077821493,0.34889736771583557,0.34889736771583557,34.889736%,0.1622193530201912,0.12166450917720795,2.4332902431488037,2.433290dB,0.5433828197419643,0.2673531174659729,0.6358780264854431,0.163492 secs,0.36539169028401375,0.27788710594177246,0.6609323024749756,0.190822 secs,0.8886222364380956,0.9108977913856506,0.9108977913856506,0.910898,0.9367952663451433,0.42787835001945496,1.017674446105957,1.072594 secs,0.2589308023452759,-11.736325658519869,0.061352139532479914,-24.243405750525056,-0.004404915162218327,0.0,False,False,0.07179725427320034,False
pilot_v1_00012,12,data\raw\audio\pilot_v1\pilot_v1_00012.wav,44100,1,60,0.8,1.5,3.0,0.9629814336076379,0.9629814624786377,246.52325439453125,246.523254,0.4015135867521167,0.5208324790000916,74.66655731201172,14.666557 semitones,0.18536522053182125,0.1482921838760376,0.1482921838760376,14.829218%,0.02620227448642254,0.019651705399155617,0.39303410053253174,0.393034dB,0.7153463633731008,0.3361385464668274,0.7994787096977234,0.408533 secs,0.08787630684673786,0.18075670301914215,0.4299153685569763,0.034161 secs,0.37437977734953165,0.49950382113456726,0.49950382113456726,0.499504,0.338600049726665,0.21851001679897308,0.5197086334228516,0.072952 secs,0.1906048208475113,-14.39732238444754,0.017732155846106885,-35.02476920772158,-0.0015264493904485106,0.0,False,False,0.08608368907290223,False
pilot_v1_00013,13,data\raw\audio\pilot_v1\pilot_v1_00013.wav,44100,1,60,0.8,1.5,3.0,0.44652500841766596,0.4465250074863434,114.3104019165039,114.310402,0.6612226637080312,0.6636724472045898,92.9500732421875,32.950073 semitones,0.7298210030421615,0.5838568210601807,0.5838568210601807,58.385681%,0.6686128964647651,0.5014596581459045,10.029192924499512,10.029193dB,0.14584513753652573,0.10833805799484253,0.2576734125614166,0.004408 secs,0.6130078751593828,0.364552766084671,0.8670596480369568,0.565192 secs,0.8508132612332702,0.8806505799293518,0.8806505799293518,0.880651,0.8071846896782517,0.3825146555900574,0.9097805619239807,0.685088 secs,0.1894763559103012,-14.44889952799143,0.0835097211581662,-21.565259328744123,0.001789262014524215,0.0,False,False,0.021425793185626603,False
pilot_v1_00014,14,data\raw\audio\pilot_v1\pilot_v1_00014.wav,44100,1,60,0.8,1.5,3.0,0.08585361205041409,0.08585361391305923,21.978525161743164,21.978525,0.03735404647886753,0.3205447196960449,49.02972412109375,-10.970276 semitones,0.2836127746850252,0.2268902212381363,0.2268902212381363,22.689022%,0.48388894740492105,0.3629167079925537,7.258334159851074,7.258334dB,0.49909264873713255,0.24963705241680145,0.593741774559021,0.124277 secs,0.920281876809895,0.47209861874580383,1.1228488683700562,1.589591 secs,0.1101386807858944,0.2881109416484833,0.2881109416484833,0.288111,0.5110105164349079,0.2788536846637726,0.6632311940193176,0.193491 secs,0.06974232196807861,-23.130071950460778,0.014698621470655844,-36.654467884302846,1.4583696058420302e-07,0.0,False,False,9.921812115193946e-06,False
pilot_v1_00015,15,data\raw\audio\pilot_v1\pilot_v1_00015.wav,44100,1,60,0.8,1.5,3.0,0.5671390052884817,0.5671390295028687,145.18759155273438,145.187592,0.7738716416060925,0.7256293892860413,100.88056182861328,40.880562 semitones,0.8641860513016582,0.6913488507270813,0.6913488507270813,69.134888%,0.8378774300217628,0.6284080743789673,12.568161010742188,12.568161dB,0.928503168746829,0.4214012622833252,1.0022692680358887,1.009108 secs,0.3790062414482236,0.28265219926834106,0.6722656488418579,0.204251 secs,0.602229343727231,0.6817834973335266,0.6817834973335266,0.681783,0.10492396913468838,0.1367233842611313,0.3251856565475464,0.011182 secs,0.19413666427135468,-14.237848737154355,0.05895185416472198,-24.59005061685921,-1.4483674713180033e-06,0.0,False,False,2.4568649991415142e-05,False
pilot_v1_00016,16,data\raw\audio\pilot_v1\pilot_v1_00016.wav,44100,1,60,0.8,1.5,3.0,0.6140311267226934,0.6140311360359192,157.1919708251953,157.191971,0.007406845688819885,0.3040737509727478,46.92144012451172,-13.078560 semitones,0.02839304320514202,0.022714434191584587,0.022714434191584587,2.271443%,0.22530424781143665,0.16897818446159363,3.379563808441162,3.379564dB,0.033066400326788425,0.06322655826807022,0.15037931501865387,0.000511 secs,0.5863553388044238,0.3552243709564209,0.844872772693634,0.509525 secs,0.80736487172544,0.8458918929100037,0.8458918929100037,0.845892,0.5527549926191568,0.2934642434120178,0.6979812383651733,0.237342 secs,0.20199698209762573,-13.893102380190182,0.02470317458819314,-32.14494464529858,8.03241061607023e-05,0.0,False,False,0.0032515701928890195,False
pilot_v1_00017,17,data\raw\audio\pilot_v1\pilot_v1_00017.wav,44100,1,60,0.8,1.5,3.0,0.10149585269391537,0.10149585455656052,25.982938766479492,25.982939,0.8062906917184591,0.7434598803520203,103.1628646850586,43.162865 semitones,0.5738115897402167,0.4590492844581604,0.4590492844581604,45.904930%,0.5788963912054896,0.43417230248451233,8.683445930480957,8.683446dB,0.6015911810100079,0.29063647985458374,0.6912556290626526,0.228326 secs,0.11148789059370756,0.1890207678079605,0.44957080483436584,0.040850 secs,0.28403910249471664,0.4272312819957733,0.4272312819957733,0.427231,0.08417511731386185,0.12946128845214844,0.30791333317756653,0.008989 secs,0.1871660202741623,-14.555459879791808,0.028838804886601545,-30.8004548248973,-2.7250726926292362e-06,0.0,False,False,9.449326015223675e-05,False
pilot_v1_00018,18,data\raw\audio\pilot_v1\pilot_v1_00018.wav,44100,1,60,0.8,1.5,3.0,0.4933829167857766,0.49338293075561523,126.3060302734375,126.306030,0.4325710842385888,0.5379140973091125,76.8530044555664,16.853004 semitones,0.37759427167475224,0.30207541584968567,0.30207541584968567,30.207542%,0.2694186167791486,0.20206396281719208,4.041279315948486,4.041279dB,0.7522499253973365,0.35089996457099915,0.8345875144004822,0.485163 secs,0.42169154807925224,0.29759204387664795,0.7077988982200623,0.250980 secs,0.5519123552367091,0.6415298581123352,0.6415298581123352,0.641530,0.3515425967052579,0.2230398952960968,0.5304825901985168,0.079193 secs,0.21307121217250824,-13.429504467863339,0.055298439786200554,-25.145742437849087,0.00014531778764564844,0.0,False,False,0.0026278822369580086,False
pilot_v1_00019,19,data\raw\audio\pilot_v1\pilot_v1_00019.wav,44100,1,60,0.8,1.5,3.0,0.978589222766459,0.9785892367362976,250.5188446044922,250.518845,0.6296464120969176,0.646305501461029,90.72710418701172,30.727104 semitones,0.9572077048942447,0.7657661437988281,0.7657661437988281,76.576614%,0.9117370583117008,0.6838027834892273,13.676055908203125,13.676056dB,0.3238158468157053,0.17952634394168854,0.4269890785217285,0.033240 secs,0.8804149888455868,0.45814529061317444,1.089661955833435,1.409831 secs,0.04424473363906145,0.23539578914642334,0.23539578914642334,0.235396,0.7576205646619201,0.36516720056533813,0.8685210347175598,0.569012 secs,0.18632639944553375,-14.594512164418678,0.02252228243302406,-32.947751994141285,-0.0027304281140904238,0.0,False,False,0.12123230059875464,False
pilot_v1_00020,20,data\raw\audio\pilot_v1\pilot_v1_00020.wav,44100,1,60,0.8,1.5,3.0,0.7584290644153953,0.7584290504455566,194.1578369140625,194.157837,0.29915084410458803,0.4645329713821411,67.46022033691406,7.460220 semitones,0.7103598220273852,0.5682878494262695,0.5682878494262695,56.828785%,0.7747438866645098,0.5810579061508179,11.621158599853516,11.621159dB,0.4330794168636203,0.22323176264762878,0.5309389233589172,0.079465 secs,0.6663761679083109,0.38323166966438293,0.9114859104156494,0.690240 secs,0.7186352098360658,0.774908185005188,0.774908185005188,0.774908,0.470898000523448,0.2648142874240875,0.6298395991325378,0.157369 secs,0.15387342870235443,-16.256727377801482,0.05005550492730912,-26.01096306775512,-0.011699761321186516,0.0,False,False,0.23373575670002678,True
pilot_v1_00021,21,data\raw\audio\pilot_v1\pilot_v1_00021.wav,44100,1,60,0.8,1.5,3.0,0.2769001265987754,0.27690011262893677,70.88642883300781,70.886429,0.5121057657524943,0.5816581845283508,82.4522476196289,22.452248 semitones,0.1268873754888773,0.10150989890098572,0.10150989890098572,10.150990%,0.42106022220104933,0.3157951533794403,6.315903186798096,6.315903dB,0.9869481306523085,0.44477924704551697,1.05787193775177,1.252369 secs,0.12510267831385136,0.19378593564033508,0.4609043598175049,0.045128 secs,0.19485125597566366,0.355881005525589,0.355881005525589,0.355881,0.8769700936973095,0.4069395363330841,0.9678731560707092,0.877554 secs,0.20777985453605652,-13.647931242212882,0.0432693193623555,-27.276398726253422,8.594612989945813e-05,0.0,False,False,0.0019863064907425293,False
pilot_v1_00022,22,data\raw\audio\pilot_v1\pilot_v1_00022.wav,44100,1,60,0.8,1.5,3.0,0.13023538142442703,0.13023537397384644,33.34025573730469,33.340256,0.1398424245417118,0.3769133388996124,56.24490737915039,-3.755093 semitones,0.8211195906624198,0.6568956971168518,0.6568956971168518,65.689568%,0.7304769651964307,0.5478577017784119,10.957154273986816,10.957154dB,0.6493255915120244,0.3097302317619324,0.736668586730957,0.294502 secs,0.341785010881722,0.2696247398853302,0.6412808895111084,0.169119 secs,0.9535701386630535,0.962856113910675,0.962856113910675,0.962856,0.6755856582894921,0.33645498752593994,0.8002313375473022,0.410074 secs,0.12358857691287994,-18.16043337021319,0.05176322981245445,-25.719572666120737,-9.9029834794649e-08,0.0,False,False,1.9131309068898556e-06,False
pilot_v1_00023,23,data\raw\audio\pilot_v1\pilot_v1_00023.wav,44100,1,60,0.8,1.5,3.0,0.6469363048672676,0.646936297416687,165.61569213867188,165.615692,0.9228638280183077,0.8075751066207886,111.36961364746094,51.369614 semitones,0.2796240132302046,0.22369921207427979,0.22369921207427979,22.369921%,0.0883721150457859,0.0662790834903717,1.325581669807434,1.325582dB,0.20429757982492447,0.13171903789043427,0.31328320503234863,0.009633 secs,0.8669149102643132,0.4534201920032501,1.0784237384796143,1.352564 secs,0.4453823287039995,0.5563058853149414,0.5563058853149414,0.556306,0.20701547246426344,0.17245541512966156,0.41017141938209534,0.028305 secs,0.22222448885440826,-13.064161681232116,0.06049497572882752,-24.365613863596685,-0.00020464418775191745,0.0,False,False,0.003382829487679237,False
pilot_v1_00024,24,data\raw\audio\pilot_v1\pilot_v1_00024.wav,44100,1,60,0.8,1.5,3.0,0.7328673843294382,0.7328673601150513,187.61404418945312,187.614044,0.4451974332332611,0.5448585748672485,77.74189758300781,17.741898 semitones,0.8049317160621285,0.6439453959465027,0.6439453959465027,64.394539%,0.4423306416720152,0.33174797892570496,6.634959697723389,6.634960dB,0.5067659066990018,0.2527063488960266,0.601041853427887,0.130503 secs,0.9530227035284042,0.48355793952941895,1.1501039266586304,1.749638 secs,0.6590423351153731,0.72723388671875,0.72723388671875,0.727234,0.39492802042514086,0.2382248044013977,0.566598653793335,0.103063 secs,0.23462387919425964,-12.592555780084162,0.060639847736090866,-24.344837957367865,-0.004182615100991276,0.0,False,False,0.06897469662513547,False
pilot_v1_00025,25,data\raw\audio\pilot_v1\pilot_v1_00025.wav,44100,1,60,0.8,1.5,3.0,0.24743219651281834,0.24743220210075378,63.34264373779297,63.342644,0.7439584042876959,0.7091771364212036,98.77467346191406,38.774673 semitones,0.3581784665584564,0.28654277324676514,0.28654277324676514,28.654278%,0.8618709733709693,0.6464032530784607,12.928065299987793,12.928065dB,0.0773545503616333,0.0809418186545372,0.19251364469528198,0.001374 secs,0.4742480218410492,0.3159868121147156,0.7515493631362915,0.319029 secs,0.1823616111651063,0.34588930010795593,0.34588930010795593,0.345889,0.9886451652273536,0.4460258185863495,1.0608367919921875,1.266468 secs,0.18010294437408447,-14.889583743057972,0.023440134417756758,-32.600798043588625,2.350995681676163e-05,0.0,False,False,0.0010029787542068008,False
pilot_v1_00026,26,data\raw\audio\pilot_v1\pilot_v1_00026.wav,44100,1,60,0.8,1.5,3.0,0.34720238763839006,0.3472023904323578,88.8838119506836,88.883812,0.11965783033519983,0.3658117949962616,54.823909759521484,-5.176090 semitones,0.6640435354784131,0.5312348008155823,0.5312348008155823,53.123482%,0.0484848553314805,0.036363642662763596,0.7272728681564331,0.727273dB,0.2866068063303828,0.16464272141456604,0.39158955216407776,0.023514 secs,0.05495952721685171,0.16923584043979645,0.40251392126083374,0.026250 secs,0.9192453343421221,0.9353962540626526,0.9353962540626526,0.935396,0.6929614115506411,0.34253647923469543,0.8146956562995911,0.440536 secs,0.10802221298217773,-19.32973859699288,0.034196492764281564,-29.320368669067864,-0.00087188602774286,0.0,False,False,0.02549635817195704,False
pilot_v1_00027,27,data\raw\audio\pilot_v1\pilot_v1_00027.wav,44100,1,60,0.8,1.5,3.0,0.8599970610812306,0.859997034072876,220.15924072265625,220.159241,0.817102319560945,0.7494062781333923,103.92400360107422,43.924004 semitones,0.2358296550810337,0.18866372108459473,0.18866372108459473,18.866371%,0.6326679661870003,0.47450098395347595,9.490019798278809,9.490020dB,0.8561093416064978,0.3924437463283539,0.9333961009979248,0.759039 secs,0.5175901418551803,0.33115655183792114,0.7876294255256653,0.384847 secs,0.42691172286868095,0.5415293574333191,0.5415293574333191,0.541529,0.16174617409706116,0.15661115944385529,0.3724871277809143,0.019251 secs,0.27688834071159363,-11.15390662515534,0.03607621600437103,-28.85558042847984,-0.006292224318531973,0.0,False,False,0.17441475341453774,True
pilot_v1_00028,28,data\raw\audio\pilot_v1\pilot_v1_00028.wav,44100,1,60,0.8,1.5,3.0,0.8926467029377818,0.8926467299461365,228.51756286621094,228.517563,0.23645362723618746,0.43004950881004333,63.04633712768555,3.046337 semitones,0.48655517771840096,0.3892441391944885,0.3892441391944885,38.924416%,0.5576860439032316,0.4182645380496979,8.365290641784668,8.365291dB,0.9026209032163024,0.41104835271835327,0.9776456952095032,0.913537 secs,0.8103871950879693,0.43363550305366516,1.0313674211502075,1.131498 secs,0.8198539838194847,0.8558831810951233,0.8558831810951233,0.855883,0.5628602588549256,0.29700109362602234,0.7063933610916138,0.248993 secs,0.09770412743091583,-20.201741789573596,0.03162516327488647,-29.999344472560185,-0.007385701895541274,0.0,False,False,0.23353877516282284,True
pilot_v1_00029,29,data\raw\audio\pilot_v1\pilot_v1_00029.wav,44100,1,60,0.8,1.5,3.0,0.37620517890900373,0.376205176115036,96.30852508544922,96.308525,0.9492837665602565,0.8221060633659363,113.22957611083984,53.229576 semitones,0.9108804212883115,0.7287043333053589,0.7287043333053589,72.870430%,0.13811522629112005,0.10358642041683197,2.071728467941284,2.071728dB,0.45856873877346516,0.233427494764328,0.5551886558532715,0.095008 secs,0.27301903162151575,0.24555668234825134,0.5840369462966919,0.116349 secs,0.34363250993192196,0.47490599751472473,0.47490599751472473,0.474906,0.031650896184146404,0.11107782274484634,0.2641897201538086,0.004872 secs,0.20098987221717834,-13.936516518357301,0.013252341057927634,-37.55414791570197,0.00012529632019805137,0.0,False,False,0.009454655569937836,False
pilot_v1_00030,30,data\raw\audio\pilot_v1\pilot_v1_00030.wav,44100,1,60,0.8,1.5,3.0,0.031174514442682266,0.031174514442682266,7.98067569732666,7.980676,0.32741792872548103,0.48007988929748535,69.45022583007812,9.450226 semitones,0.10693560540676117,0.08554848283529282,0.08554848283529282,8.554849%,0.951440297998488,0.7135802507400513,14.271604537963867,14.271605dB,0.187352211214602,0.12494087964296341,0.29716190695762634,0.007798 secs,0.19770914874970913,0.21919818222522736,0.5213453769683838,0.073876 secs,0.5703833969309926,0.6563067436218262,0.6563067436218262,0.656307,0.2672190573066473,0.19352667033672333,0.4602877199649811,0.044887 secs,0.15674589574337006,-16.096076439526104,0.04358435550392114,-27.21338743369946,-3.37236829525693e-06,0.0,False,False,7.737566051546934e-05,False
pilot_v1_00031,31,data\raw\audio\pilot_v1\pilot_v1_00031.wav,44100,1,60,0.8,1.5,3.0,0.5124745704233646,0.5124745965003967,131.19349670410156,131.193497,0.6108065862208605,0.6359436511993408,89.40078735351562,29.400787 semitones,0.5576432356610894,0.44611459970474243,0.44611459970474243,44.611462%,0.36740974336862564,0.2755573093891144,5.511146068572998,5.511146dB,0.7402455545961857,0.3460982143878937,0.8231669664382935,0.459147 secs,0.7189337816089392,0.4016268253326416,0.9552373290061951,0.832617 secs,0.07856910210102797,0.26285529136657715,0.26285529136657715,0.262855,0.8609265126287937,0.4013242721557617,0.9545177221298218,0.830111 secs,0.21350346505641937,-13.411901443910686,0.04518956847317557,-26.899236116776475,1.3341407993302024e-07,0.0,False,False,2.9523202907373314e-06,False
pilot_v1_00032,32,data\raw\audio\pilot_v1\pilot_v1_00032.wav,44100,1,60,0.8,1.5,3.0,0.5238420944660902,0.5238420963287354,134.10357666015625,134.103577,0.19871261715888977,0.40929195284843445,60.38936996459961,0.389370 semitones,0.9976054793223739,0.7980843782424927,0.7980843782424927,79.808441%,0.07558054756373167,0.05668541043996811,1.1337082386016846,1.133708dB,0.3764360947534442,0.20057444274425507,0.4770502746105194,0.051791 secs,0.5010204333811998,0.3253571391105652,0.7738359570503235,0.358588 secs,0.5373727222904563,0.629898190498352,0.629898190498352,0.629898,0.9742793710902333,0.44099777936935425,1.0488779544830322,1.210319 secs,0.21961143612861633,-13.166900960374013,0.0511593006307201,-25.821508022841538,1.096770025176826e-06,0.0,False,False,2.1438331088487132e-05,False
pilot_v1_00033,33,data\raw\audio\pilot_v1\pilot_v1_00033.wav,44100,1,60,0.8,1.5,3.0,0.010986743494868279,0.010986743494868279,2.8126063346862793,2.812606,0.9895429518073797,0.8442486524581909,116.06382751464844,56.063828 semitones,0.41703071258962154,0.33362457156181335,0.33362457156181335,33.362457%,0.7452121321111917,0.5589091181755066,11.178182601928711,11.178183dB,0.9459375571459532,0.4283750355243683,1.0188558101654053,1.077583 secs,0.04229702241718769,0.16480395197868347,0.3919730484485626,0.023606 secs,0.060684056021273136,0.2485472410917282,0.2485472410917282,0.248547,0.3804859360679984,0.23317007720470428,0.5545763969421387,0.094590 secs,0.21544112265110016,-13.333427930149675,0.045212210217290605,-26.89488523568636,-2.5514279304256516e-06,0.0,False,False,5.643227610779141e-05,False
pilot_v1_00034,34,data\raw\audio\pilot_v1\pilot_v1_00034.wav,44100,1,60,0.8,1.5,3.0,0.39608674589544535,0.39608675241470337,101.39820861816406,101.398209,0.365345255471766,0.5009399056434631,72.12030792236328,12.120308 semitones,0.5959140090271831,0.47673121094703674,0.47673121094703674,47.673122%,0.42987319454550743,0.3224048912525177,6.4480977058410645,6.448098dB,0.6590941520407796,0.3136376738548279,0.7459621429443359,0.309647 secs,0.4908824013546109,0.3218088448047638,0.7653966546058655,0.343199 secs,0.7908337209373713,0.8326669931411743,0.8326669931411743,0.832667,0.1761124450713396,0.16163936257362366,0.38444632291793823,0.021845 secs,0.17601405084133148,-15.089053239252605,0.053111602354385265,-25.496211918079293,0.00406031321006,0.0,False,False,0.07644870480404085,False
pilot_v1_00035,35,data\raw\audio\pilot_v1\pilot_v1_00035.wav,44100,1,60,0.8,1.5,3.0,0.881583564914763,0.881583571434021,225.68539428710938,225.685394,0.5704841082915664,0.6137662529945374,86.56208038330078,26.562080 semitones,0.05145685561001301,0.041165485978126526,0.041165485978126526,4.116549%,0.7639644565060735,0.572973370552063,11.459466934204102,11.459467dB,0.22968386858701706,0.1418735533952713,0.33743491768836975,0.012965 secs,0.9657498793676496,0.4880124628543854,1.160698652267456,1.815005 secs,0.2985484339296818,0.43883875012397766,0.43883875012397766,0.438839,0.7074039727449417,0.3475914001464844,0.8267183899879456,0.467122 secs,0.18625079095363617,-14.598037485035514,0.03959259391415378,-28.047720889077873,-0.015181678072996965,0.0,False,False,0.3834474221596715,True
pilot_v1_00036,36,data\raw\audio\pilot_v1\pilot_v1_00036.wav,44100,1,60,0.8,1.5,3.0,0.847714371047914,0.847714364528656,217.01487731933594,217.014877,0.4987578736618161,0.5743168592453003,81.51255798339844,21.512558 semitones,0.3046561796218157,0.24372494220733643,0.24372494220733643,24.372494%,0.9243340892717242,0.6932505965232849,13.865012168884277,13.865012dB,0.027211987413465977,0.06088479235768318,0.14480961859226227,0.000440 secs,0.7375203846022487,0.4081321358680725,0.9707096815109253,0.887887 secs,0.9405259341001511,0.9524207711219788,0.9524207711219788,0.952421,0.048458331264555454,0.11696040630340576,0.2781809866428375,0.005988 secs,0.1521931290626526,-16.35209907713452,0.06666892679798836,-23.52153071733663,-0.02527833179125242,0.0,False,False,0.3791621225259495,True
pilot_v1_00037,37,data\raw\audio\pilot_v1\pilot_v1_00037.wav,44100,1,60,0.8,1.5,3.0,0.3663526838645339,0.3663526773452759,93.78628540039062,93.786285,0.6880323765799403,0.6784178018569946,94.83747863769531,34.837479 semitones,0.845159905962646,0.6761279106140137,0.6761279106140137,67.612793%,0.2548551205545664,0.19114133715629578,3.822826862335205,3.822827dB,0.5801042579114437,0.2820416986942291,0.6708136200904846,0.202492 secs,0.21239045541733503,0.2243366688489914,0.5335668325424194,0.081050 secs,0.4643546026200056,0.5714836716651917,0.5714836716651917,0.571484,0.5797439916059375,0.30291038751602173,0.7204481363296509,0.269408 secs,0.19231154024600983,-14.319893076043437,0.020153430182460633,-33.91302049663055,0.0005521492974913528,0.0,False,False,0.02739728634244526,False
pilot_v1_00038,38,data\raw\audio\pilot_v1\pilot_v1_00038.wav,44100,1,60,0.8,1.5,3.0,0.22846579551696777,0.22846579551696777,58.48724365234375,58.487244,0.0662694163620472,0.33644819259643555,51.06536865234375,-8.934631 semitones,0.16435540281236172,0.13148432970046997,0.13148432970046997,13.148433%,0.570133026689291,0.4275997579097748,8.551995277404785,8.551995dB,0.804979576729238,0.3719918429851532,0.8847528696060181,0.612756 secs,0.2544972188770771,0.23907402157783508,0.5686184763908386,0.104540 secs,0.6997542874887586,0.7598034143447876,0.7598034143447876,0.759803,0.8441186007112265,0.3954415023326874,0.940526008605957,0.782498 secs,0.07369258254766464,-22.651524468255847,0.020332829575643748,-33.83604358948444,-3.3966431937605434e-06,0.0,False,False,0.00016705216463473968,False
pilot_v1_00039,39,data\raw\audio\pilot_v1\pilot_v1_00039.wav,44100,1,60,0.8,1.5,3.0,0.7449679970741272,0.7449679970741272,190.71180725097656,190.711807,0.8729774374514818,0.7801375985145569,107.85761260986328,47.857613 semitones,0.7488197600468993,0.599055826663971,0.599055826663971,59.905582%,0.23601121921092272,0.17700842022895813,3.540168285369873,3.540168dB,0.36092848517000675,0.19437138736248016,0.46229681372642517,0.045676 secs,0.7957706786692142,0.42851972579956055,1.0191999673843384,1.079040 secs,0.207926238887012,0.3663409948348999,0.3663409948348999,0.366341,0.25033484771847725,0.1876171976327896,0.44623252749443054,0.039650 secs,0.24429230391979218,-12.241804292771478,0.03133918288629707,-30.078246623588846,-0.0006240271396341301,0.0,False,False,0.01991204243895534,False
pilot_v1_00040,40,data\raw\audio\pilot_v1\pilot_v1_00040.wav,44100,1,60,0.8,1.5,3.0,0.6277859974652529,0.6277859807014465,160.7132110595703,160.713211,0.2608000785112381,0.4434400796890259,64.76033020019531,4.760330 semitones,0.2117896005511284,0.1694316864013672,0.1694316864013672,16.943169%,0.358522511087358,0.2688918709754944,5.377837181091309,5.377837dB,0.9123915797099471,0.41495662927627563,0.9869412183761597,0.948779 secs,0.8969846898689866,0.4639446437358856,1.1034553050994873,1.482583 secs,0.9356810729950666,0.9485448598861694,0.9485448598861694,0.948545,0.0700839851051569,0.1245293840765953,0.29618319869041443,0.007696 secs,0.22415560483932495,-12.989007949226469,0.07649900087294877,-22.326884739593964,-0.00022595228424153834,0.0,False,False,0.0029536632068803735,False
pilot_v1_00041,41,data\raw\audio\pilot_v1\pilot_v1_00041.wav,44100,1,60,0.8,1.5,3.0,0.14251806028187275,0.1425180584192276,36.484622955322266,36.484623,0.5519971903413534,0.6035984754562378,85.26060485839844,25.260605 semitones,0.6390115702524781,0.51120924949646,0.51120924949646,51.120926%,0.9622673001140356,0.7217004895210266,14.434009552001953,14.434010dB,0.48395666666328907,0.24358265101909637,0.5793418884277344,0.112652 secs,0.43435404542833567,0.30202391743659973,0.718339741230011,0.266268 secs,0.41237573325634,0.5299006104469299,0.5299006104469299,0.529901,0.5390148088335991,0.28865519165992737,0.6865432858467102,0.222163 secs,0.18772554397583008,-14.529532570699736,0.041250020921186195,-27.691516536970376,6.691963438051944e-08,0.0,False,False,1.6222933440052928e-06,False
pilot_v1_00042,42,data\raw\audio\pilot_v1\pilot_v1_00042.wav,44100,1,60,0.8,1.5,3.0,0.2647994952276349,0.2647995054721832,67.7886734008789,67.788673,0.17813655827194452,0.3979751169681549,58.94081497192383,-1.059185 semitones,0.3197188042104244,0.2557750344276428,0.2557750344276428,25.577503%,0.15083633363246918,0.11312724649906158,2.262544870376587,2.262545dB,0.13070724997669458,0.10228289663791656,0.24327169358730316,0.003502 secs,0.09485351853072643,0.1831987351179123,0.43572354316711426,0.036045 secs,0.6735475910827518,0.7388380765914917,0.7388380765914917,0.738838,0.7717121737077832,0.3700992465019226,0.8802514672279358,0.600381 secs,0.12998279929161072,-17.72228228724525,0.034940071331218674,-29.133524254535693,3.798438694287288e-05,0.0,False,False,0.001087129633560139,False
pilot_v1_00043,43,data\raw\audio\pilot_v1\pilot_v1_00043.wav,44100,1,60,0.8,1.5,3.0,0.7773954467847943,0.7773954272270203,199.0132293701172,199.013229,0.8831501519307494,0.7857325673103333,108.57376861572266,48.573769 semitones,0.7674639048054814,0.6139711141586304,0.6139711141586304,61.397110%,0.5430022487416863,0.4072516858577728,8.145033836364746,8.145034dB,0.6992328651249409,0.32969313859939575,0.7841488122940063,0.378089 secs,0.5736281704157591,0.35076984763145447,0.8342780470848083,0.484444 secs,0.16583459544926882,0.33266767859458923,0.33266767859458923,0.332668,0.36528325732797384,0.22784912586212158,0.5419209599494934,0.086247 secs,0.24688933789730072,-12.149953299972289,0.029027089056071695,-30.743930292855154,-0.0011448277366188796,0.0,False,False,0.03943997740894422,False
pilot_v1_00044,44,data\raw\audio\pilot_v1\pilot_v1_00044.wav,44100,1,60,0.8,1.5,3.0,0.9987770123407245,0.9987770318984985,255.68692016601562,255.686920,0.061333139427006245,0.3337332308292389,50.71785354614258,-9.282146 semitones,0.5182070704177022,0.41456565260887146,0.41456565260887146,41.456566%,0.6413606470450759,0.4810205101966858,9.620409965515137,9.620410dB,0.5594977336004376,0.2737990915775299,0.65120929479599,0.179838 secs,0.8483282998204231,0.4469149112701416,1.0629514455795288,1.276597 secs,0.5893521020188928,0.6714816689491272,0.6714816689491272,0.671482,0.8944794367998838,0.4130678176879883,0.9824488162994385,0.931622 secs,0.06129765510559082,-24.25112277526983,0.014066525971693894,-37.036262951969086,-0.00704814871941498,0.0,False,False,0.5010582380893468,True
pilot_v1_00045,45,data\raw\audio\pilot_v1\pilot_v1_00045.wav,44100,1,60,0.8,1.5,3.0,0.48201541136950254,0.4820154011249542,123.39594268798828,123.395943,0.7509763268753886,0.7130369544029236,99.26873016357422,39.268730 semitones,0.06653804704546928,0.05323043838143349,0.05323043838143349,5.323044%,0.03782950900495052,0.028372133150696754,0.5674426555633545,0.567443dB,0.11446888744831085,0.09578755497932434,0.22782304883003235,0.002694 secs,0.3271036967635155,0.26448628306388855,0.6290594935417175,0.156591 secs,0.06552840676158667,0.2524227201938629,0.2524227201938629,0.252423,0.48805638775229454,0.2708197236061096,0.6441230773925781,0.172137 secs,0.20039118826389313,-13.962427589479594,0.01831576343053544,-34.74349949056594,-1.7878814587110422e-07,0.0,False,False,9.761435637077212e-06,False
pilot_v1_00046,46,data\raw\audio\pilot_v1\pilot_v1_00046.wav,44100,1,60,0.8,1.5,3.0,0.1125590018928051,0.1125590056180954,28.815105438232422,28.815105,0.3785719610750675,0.5082145929336548,73.05146789550781,13.051468 semitones,0.8878168696537614,0.7102534770965576,0.7102534770965576,71.025345%,0.8491994291543961,0.6368995904922485,12.737991333007812,12.737991dB,0.2807506946846843,0.16230027377605438,0.3860182464122772,0.022204 secs,0.1436244985088706,0.20026858150959015,0.47632282972335815,0.051476 secs,0.8329249359667301,0.866339921951294,0.866339921951294,0.866340,0.1895056525245309,0.16632698476314545,0.3955954313278198,0.024491 secs,0.1851193755865097,-14.6509624655767,0.078245863212379,-22.13077227857664,-1.8803126416329045e-06,0.0,False,False,2.403082494635227e-05,False
pilot_v1_00047,47,data\raw\audio\pilot_v1\pilot_v1_00047.wav,44100,1,60,0.8,1.5,3.0,0.5941495709121227,0.5941495895385742,152.102294921875,152.102295,0.6851566303521395,0.6768361330032349,94.63502502441406,34.635025 semitones,0.46445295959711075,0.3715623617172241,0.3715623617172241,37.156235%,0.45694193337112665,0.34270644187927246,6.854128837585449,6.854129dB,0.8346202429383993,0.38384810090065,0.9129520654678345,0.694691 secs,0.6809926917776465,0.38834744691848755,0.9236533641815186,0.727840 secs,0.3247555587440729,0.4598044455051422,0.4598044455051422,0.459804,0.6584267942234874,0.3304493725299835,0.7859474420547485,0.381570 secs,0.21831294894218445,-13.218410078547027,0.0602367268075375,-24.40277270428991,-2.2077222027703853e-07,0.0,False,False,3.665076639745522e-06,False
pilot_v1_00048,48,data\raw\audio\pilot_v1\pilot_v1_00048.wav,44100,1,60,0.8,1.5,3.0,0.5785378776490688,0.5785378813743591,148.10569763183594,148.105698,0.40868313424289227,0.5247757434844971,75.17129516601562,15.171295 semitones,0.67422363627702,0.5393788814544678,0.5393788814544678,53.937889%,0.6060875160619617,0.4545656144618988,9.091312408447266,9.091312dB,0.18915963266044855,0.1256638467311859,0.2988814115524292,0.007980 secs,0.34876100812107325,0.2720663547515869,0.6470881104469299,0.175329 secs,0.02990598790347576,0.22392478585243225,0.22392478585243225,0.223925,0.24932464864104986,0.187263622879982,0.44539156556129456,0.039352 secs,0.20029640197753906,-13.966537041620771,0.015943232015070332,-35.94847267507525,-3.5150518435068674e-06,0.0,False,False,0.0002204729781379501,False
pilot_v1_00049,49,data\raw\audio\pilot_v1\pilot_v1_00049.wav,44100,1,60,0.8,1.5,3.0,0.06569742783904076,0.06569743156433105,16.81854248046875,16.818542,0.6526345238089561,0.6589490175247192,92.34547424316406,32.345474 semitones,0.22351833060383797,0.17881466448307037,0.17881466448307037,17.881466%,0.21373813785612583,0.16030360758304596,3.2060720920562744,3.206072dB,0.6332120336592197,0.30328482389450073,0.7213387489318848,0.270743 secs,0.8275373289361596,0.43963807821273804,1.0456440448760986,1.195461 secs,0.5068104565143585,0.6054483652114868,0.6054483652114868,0.605448,0.6557372035458684,0.3295080065727234,0.7837084531784058,0.377240 secs,0.20290768146514893,-13.854030231853475,0.06550757997924493,-23.67416888483797,-2.8244300393604274e-07,0.0,False,False,4.31160797003233e-06,False
pilot_v1_00050,50,data\raw\audio\pilot_v1\pilot_v1_00050.wav,44100,1,60,0.8,1.5,3.0,0.4663771344348788,0.4663771390914917,119.39254760742188,119.392548,0.030378698371350765,0.3167082965373993,48.53866195678711,-11.461338 semitones,0.7947871098294854,0.6358296871185303,0.6358296871185303,63.582970%,0.9003539942204952,0.6752654910087585,13.50531005859375,13.505310dB,0.9708364820107818,0.438334584236145,1.0425437688827515,1.181346 secs,0.643081596121192,0.37507855892181396,0.8920943737030029,0.633349 secs,0.26664335560053587,0.41331467032432556,0.41331467032432556,0.413315,0.9205984175205231,0.4222094416618347,1.0041913986206055,1.016871 secs,0.058714549988508224,-24.625085267481627,0.013227741973342878,-37.57028570462891,-0.001090733201186587,0.0,False,False,0.08245800404821019,False
pilot_v1_00051,51,data\raw\audio\pilot_v1\pilot_v1_00051.wav,44100,1,60,0.8,1.5,3.0,0.9518886161968112,0.9518886208534241,243.68348693847656,243.683487,0.7823886061087251,0.7303137183189392,101.48015594482422,41.480156 semitones,0.3704643100500107,0.2963714599609375,0.2963714599609375,29.637146%,0.29642669577151537,0.22232003509998322,4.4464006423950195,4.446401dB,0.417943375185132,0.2171773463487625,0.5165389776229858,0.071189 secs,0.18044880591332912,0.2131570726633072,0.5069770812988281,0.066062 secs,0.7592012034729123,0.8073609471321106,0.8073609471321106,0.807361,0.4516839552670717,0.2580893933773041,0.6138449907302856,0.141983 secs,0.2862640619277954,-10.864663412332021,0.048430062763659326,-26.297699362454203,-0.0037332304834641204,0.0,False,False,0.07708498132002094,False
pilot_v1_00052,52,data\raw\audio\pilot_v1\pilot_v1_00052.wav,44100,1,60,0.8,1.5,3.0,0.793003206141293,0.7930032014846802,203.00881958007812,203.008820,0.14818150829523802,0.3814998269081116,56.83197784423828,-3.168022 semitones,0.11729499697685242,0.0938359946012497,0.0938359946012497,9.383599%,0.3938080472871661,0.29535603523254395,5.907120704650879,5.907121dB,0.33895139675587416,0.1855805516242981,0.4413885176181793,0.037956 secs,0.39753174781799316,0.2891361117362976,0.6876871585845947,0.223647 secs,0.49586342368274927,0.5966907143592834,0.5966907143592834,0.596691,0.7924519730731845,0.37735819816589355,0.8975163102149963,0.648888 secs,0.12116740643978119,-18.332283759669437,0.02059308237880956,-33.72557286373689,-0.006241562229543363,0.0,False,False,0.30309023752393566,True
pilot_v1_00053,53,data\raw\audio\pilot_v1\pilot_v1_00053.wav,44100,1,60,0.8,1.5,3.0,0.3116573737934232,0.3116573691368103,79.78428649902344,79.784286,0.9155770810320973,0.8035674095153809,110.85662841796875,50.856628 semitones,0.5455112019553781,0.43640896677970886,0.43640896677970886,43.640896%,0.7863710764795542,0.5897783041000366,11.79556655883789,11.795567dB,0.7683629896491766,0.35734519362449646,0.8499169945716858,0.521802 secs,0.934902086853981,0.4772157371044159,1.1350195407867432,1.659638 secs,0.9723105719313025,0.977848470211029,0.977848470211029,0.977848,0.32354689482599497,0.21324141323566437,0.5071776509284973,0.066167 secs,0.1694469153881073,-15.419326653040414,0.07541545983625346,-22.45079233105377,0.00048638411394807415,0.0,False,False,0.006449395322976752,False
pilot_v1_00054,54,data\raw\audio\pilot_v1\pilot_v1_00054.wav,44100,1,60,0.8,1.5,3.0,0.15816027112305164,0.1581602692604065,40.48902893066406,40.489029,0.29184972681105137,0.46051734685897827,66.94622039794922,6.946220 semitones,0.4762236513197422,0.38097891211509705,0.38097891211509705,38.097893%,0.09969418868422508,0.07477064430713654,1.495412826538086,1.495413dB,0.6177061544731259,0.29708245396614075,0.7065868973731995,0.249266 secs,0.5944249695166945,0.3580487370491028,0.8515903353691101,0.525924 secs,0.23861228302121162,0.39088982343673706,0.39088982343673706,0.390890,0.11965620890259743,0.14187967777252197,0.33744949102401733,0.012967 secs,0.1923651546239853,-14.317471881417747,0.034090927666512054,-29.34722361580605,6.46484067695039e-07,0.0,False,False,1.896352231946121e-05,False
pilot_v1_00055,55,data\raw\audio\pilot_v1\pilot_v1_00055.wav,44100,1,60,0.8,1.5,3.0,0.6746780890971422,0.6746780872344971,172.71759033203125,172.717590,0.5204288177192211,0.5862358212471008,83.0381851196289,23.038185 semitones,0.9229793446138501,0.7383834719657898,0.7383834719657898,73.838348%,0.7035299064591527,0.5276474356651306,10.552948951721191,10.552949dB,0.048203855752944946,0.06928154081106186,0.1647806167602539,0.000737 secs,0.07319869752973318,0.17561954259872437,0.4176970422267914,0.030440 secs,0.7306527141481638,0.7845221757888794,0.7845221757888794,0.784522,0.5260631944984198,0.284122109413147,0.6757617592811584,0.208533 secs,0.16489791870117188,-15.65569651746749,0.057536667004001424,-24.80110599236021,-0.004153808663716511,0.0,False,False,0.07219411342383861,False
pilot_v1_00056,56,data\raw\audio\pilot_v1\pilot_v1_00056.wav,44100,1,60,0.8,1.5,3.0,0.6981063038110733,0.6981062889099121,178.7152099609375,178.715210,0.09574001841247082,0.3526570200920105,53.140098571777344,-6.859901 semitones,0.3976620975881815,0.31812968850135803,0.31812968850135803,31.812969%,0.8270504241809249,0.6202878355979919,12.405756950378418,12.405757dB,0.725107622332871,0.3400430381298065,0.808765172958374,0.427848 secs,0.236973712220788,0.23294079303741455,0.5540310740470886,0.094219 secs,0.3818112900480628,0.5054490566253662,0.5054490566253662,0.505449,0.8409559801220894,0.3943345844745636,0.9378933310508728,0.773773 secs,0.10060647130012512,-19.94748166601038,0.014297744539933805,-36.89464933617745,-0.0020722616024520125,0.0,False,False,0.14493625876893773,False
pilot_v1_00057,57,data\raw\audio\pilot_v1\pilot_v1_00057.wav,44100,1,60,0.8,1.5,3.0,0.21285422146320343,0.21285422146320343,54.49068069458008,54.490681,0.8400584235787392,0.762032151222229,105.54011535644531,45.540115 semitones,0.9391590459272265,0.7513272166252136,0.7513272166252136,75.132721%,0.4927761759608984,0.3695821464061737,7.391643047332764,7.391643dB,0.17123866826295853,0.11849547177553177,0.2818320095539093,0.006309 secs,0.7118428591638803,0.3991450071334839,0.9493345022201538,0.812226 secs,0.904905186034739,0.9239241480827332,0.9239241480827332,0.923924,0.3096502963453531,0.20837759971618652,0.49560946226119995,0.060333 secs,0.1561158299446106,-16.13106115604434,0.061222934192073974,-24.261717201768217,-5.603500365739458e-06,0.0,False,False,9.152616482182419e-05,False
pilot_v1_00058,58,data\raw\audio\pilot_v1\pilot_v1_00058.wav,44100,1,60,0.8,1.5,3.0,0.3194644069299102,0.31946441531181335,81.78289031982422,81.782890,0.46820033993571997,0.5575101971626282,79.3613052368164,19.361305 semitones,0.008360771462321281,0.006688617169857025,0.006688617169857025,0.668862%,0.6832966655492783,0.5124725103378296,10.24945068359375,10.249451dB,0.44245710503309965,0.22698283195495605,0.5398605465888977,0.084943 secs,0.7549261571839452,0.41422414779663086,0.9851990342140198,0.942098 secs,0.13420417346060276,0.3073633313179016,0.3073633313179016,0.307363,0.012558928690850735,0.10439562797546387,0.24829666316509247,0.003801 secs,0.21281592547893524,-13.439917519190718,0.039428795709050286,-28.08372975140967,0.00017141902642408055,0.0,False,False,0.004347559273405195,False
pilot_v1_00059,59,data\raw\audio\pilot_v1\pilot_v1_00059.wav,44100,1,60,0.8,1.5,3.0,0.8320759749040008,0.8320759534835815,213.01144409179688,213.011444,0.7200852269306779,0.6960468888282776,97.09400177001953,37.094002 semitones,0.5918347081169486,0.47346776723861694,0.47346776723861694,47.346775%,0.013481141068041325,0.010110856033861637,0.20221711695194244,0.202217dB,0.8874848764389753,0.4049939513206482,0.9632457494735718,0.860891 secs,0.2962006004527211,0.25367021560668945,0.603334367275238,0.132505 secs,0.6416404135525227,0.7133123278617859,0.7133123278617859,0.713312,0.6063665198162198,0.3122282922267914,0.7426100373268127,0.304119 secs,0.25318390130996704,-11.931278247542458,0.02966260343108635,-30.555814688448354,-0.0007412274587385562,0.0,False,False,0.024988617754359056,False
pilot_v1_00060,60,data\raw\audio\pilot_v1\pilot_v1_00060.wav,44100,1,60,0.8,1.5,3.0,0.9284413242712617,0.9284413456916809,237.6809844970703,237.680984,0.33572619687765837,0.4846494197845459,70.03512573242188,10.035126 semitones,0.8411225667223334,0.6728980541229248,0.6728980541229248,67.289803%,0.17287469562143087,0.12965601682662964,2.5931203365325928,2.593120dB,0.8712449064478278,0.39849796891212463,0.947795569896698,0.806972 secs,0.0005882931873202324,0.15020589530467987,0.35725271701812744,0.016289 secs,0.09731188416481018,0.2778494954109192,0.2778494954109192,0.277849,0.13387254998087883,0.1468553990125656,0.3492838442325592,0.014884 secs,0.1378507912158966,-17.21181473701663,0.01779035488062314,-34.99630777113865,-0.0008155133672029917,0.0,False,False,0.04584019670631926,False
pilot_v1_00061,61,data\raw\audio\pilot_v1\pilot_v1_00061.wav,44100,1,60,0.8,1.5,3.0,0.4116946244612336,0.41169461607933044,105.3938217163086,105.393822,0.603490692563355,0.6319198608398438,88.8857421875,28.885742 semitones,0.26151050440967083,0.2092083990573883,0.2092083990573883,20.920839%,0.5073015596717596,0.380476176738739,7.609523773193359,7.609524dB,0.30271988548338413,0.17108795046806335,0.40691903233528137,0.027418 secs,0.5418638987466693,0.3396523594856262,0.8078359961509705,0.425885 secs,0.6208620797842741,0.6966896653175354,0.6966896653175354,0.696690,0.7276707570999861,0.3546847701072693,0.8435893654823303,0.506436 secs,0.20494502782821655,-13.767252272781533,0.05960312120311219,-24.494619944189907,0.001442304775915629,0.0,False,False,0.024198477307935323,False
pilot_v1_00062,62,data\raw\audio\pilot_v1\pilot_v1_00062.wav,44100,1,60,0.8,1.5,3.0,0.05787895433604717,0.05787895619869232,14.817012786865234,14.817013,0.22918261028826237,0.42605042457580566,62.534454345703125,2.534454 semitones,0.6903847707435489,0.5523078441619873,0.5523078441619873,55.230785%,0.31672002375125885,0.23754003643989563,4.750800609588623,4.750801dB,0.09346953872591257,0.087387815117836,0.20784494280815125,0.001866 secs,0.9914258681237698,0.496999055147171,1.1820725202560425,1.952435 secs,0.3556552277877927,0.4845241904258728,0.4845241904258728,0.484524,0.9618312893435359,0.4366409182548523,1.038515567779541,1.163194 secs,0.18649116158485413,-14.586834919559921,0.055400713055437006,-25.129692909745962,1.759561991049451e-05,0.0,False,False,0.00031760637977506465,False
pilot_v1_00063,63,data\raw\audio\pilot_v1\pilot_v1_00063.wav,44100,1,60,0.8,1.5,3.0,0.5394841860979795,0.5394842028617859,138.1079559326172,138.107956,0.9576385878026485,0.8267012238502502,113.81775665283203,53.817757 semitones,0.14496771432459354,0.11597417294979095,0.11597417294979095,11.597417%,0.9865050027146935,0.73987877368927,14.797574996948242,14.797575dB,0.5219033770263195,0.25876134634017944,0.6154431700706482,0.143467 secs,0.4662942700088024,0.31320300698280334,0.7449283599853516,0.307934 secs,0.8636097414419055,0.8908877968788147,0.8908877968788147,0.890888,0.43053117487579584,0.2506859004497528,0.5962364077568054,0.126379 secs,0.2101895809173584,-13.547776314418769,0.11417354560665391,-18.84869023843548,-6.07450484612531e-07,0.0,False,False,5.320413598306694e-06,False
pilot_v1_00064,64,data\raw\audio\pilot_v1\pilot_v1_00064.wav,44100,1,60,0.8,1.5,3.0,0.5350209223106503,0.5350209474563599,136.96536254882812,136.965363,0.07275413442403078,0.340014785528183,51.52189254760742,-8.478107 semitones,0.7259080493822694,0.5807264447212219,0.5807264447212219,58.072643%,0.49208396952599287,0.36906298995018005,7.381259918212891,7.381260dB,0.9392312988638878,0.4256925582885742,1.0124757289886475,1.050845 secs,0.07960603386163712,0.17786210775375366,0.423030823469162,0.032025 secs,0.967684461735189,0.9741475582122803,0.9741475582122803,0.974148,0.43831717036664486,0.2534109950065613,0.6027178168296814,0.131964 secs,0.08634456247091293,-21.275300136622572,0.02758570027137485,-31.186319737381115,3.265252702442182e-07,0.0,False,False,1.183675843034687e-05,False
pilot_v1_00065,65,data\raw\audio\pilot_v1\pilot_v1_00065.wav,44100,1,60,0.8,1.5,3.0,0.047815595753490925,0.04781559482216835,12.240792274475098,12.240792,0.8639598218724132,0.7751778960227966,107.22277069091797,47.222771 semitones,0.17365317791700363,0.1389225423336029,0.1389225423336029,13.892254%,0.814059304073453,0.6105445027351379,12.21088981628418,12.210890dB,0.3829286964610219,0.2031714767217636,0.4832271337509155,0.054526 secs,0.6208509132266045,0.36729782819747925,0.8735885620117188,0.582409 secs,0.4439022848382592,0.5551218390464783,0.5551218390464783,0.555122,0.9071095027029514,0.41748833656311035,0.992962658405304,0.972146 secs,0.229493647813797,-12.78458661713964,0.059721054709081615,-24.477450619647083,1.2922007997907435e-06,0.0,False,False,2.163727358944721e-05,False
pilot_v1_00066,66,data\raw\audio\pilot_v1\pilot_v1_00066.wav,44100,1,60,0.8,1.5,3.0,0.4200488645583391,0.42004886269569397,107.53250885009766,107.532509,0.4920894540846348,0.5706492066383362,81.04309844970703,21.043098 semitones,0.8681009234860539,0.6944807171821594,0.6944807171821594,69.448074%,0.002626616507768631,0.0019699623808264732,0.039399247616529465,0.039399dB,0.22102446667850018,0.1384097933769226,0.32919663190841675,0.011744 secs,0.9122557481750846,0.46928954124450684,1.116167664527893,1.552093 secs,0.7045820448547602,0.7636656165122986,0.7636656165122986,0.763666,0.6417602384462953,0.32461607456207275,0.7720733880996704,0.355332 secs,0.1828279197216034,-14.759149645222553,0.04786962528112937,-26.398799442412304,0.0010310152038708715,0.0,False,False,0.021537983592223916,False
pilot_v1_00067,67,data\raw\audio\pilot_v1\pilot_v1_00067.wav,44100,1,60,0.8,1.5,3.0,0.9346136767417192,0.9346137046813965,239.2611083984375,239.261108,0.6971116233617067,0.6834114193916321,95.4766616821289,35.476662 semitones,0.2953229211270809,0.2362583428621292,0.2362583428621292,23.625834%,0.6765616284683347,0.5074211955070496,10.14842414855957,10.148424dB,0.6675398452207446,0.31701594591140747,0.7539970874786377,0.323205 secs,0.38709342386573553,0.2854827046394348,0.678997814655304,0.212556 secs,0.1963922120630741,0.357113778591156,0.357113778591156,0.357114,0.2354698134586215,0.18241442739963531,0.43385815620422363,0.035432 secs,0.2613181173801422,-11.65660958536476,0.020803223058695298,-33.63738748519866,-0.003754587115694555,0.0,False,False,0.18048102955494766,False
pilot_v1_00068,68,data\raw\audio\pilot_v1\pilot_v1_00068.wav,44100,1,60,0.8,1.5,3.0,0.8434818647801876,0.8434818387031555,215.9313507080078,215.931351,0.37427233159542084,0.5058497786521912,72.74877166748047,12.748772 semitones,0.044128190726041794,0.035302553325891495,0.035302553325891495,3.530255%,0.5078296987339854,0.38087227940559387,7.617445468902588,7.617445dB,0.589236656203866,0.2856946587562561,0.6795019507408142,0.213188 secs,0.15987857524305582,0.20595750212669373,0.48985347151756287,0.057579 secs,0.5583062022924423,0.6466449499130249,0.6466449499130249,0.646645,0.5203867722302675,0.28213536739349365,0.671036422252655,0.202761 secs,0.1430109292268753,-16.892615429503042,0.030915490759755016,-30.19647710035736,-0.008304861453356583,0.0,False,False,0.26863107294313554,True
pilot_v1_00069,69,data\raw\audio\pilot_v1\pilot_v1_00069.wav,44100,1,60,0.8,1.5,3.0,0.32478192076087,0.3247819244861603,83.14417266845703,83.144173,0.5639069434255362,0.6101488471031189,86.09905242919922,26.099052 semitones,0.6207643123343587,0.49661144614219666,0.49661144614219666,49.661144%,0.18600698001682758,0.13950523734092712,2.790104866027832,2.790105dB,0.018293245695531368,0.05731729790568352,0.13632461428642273,0.000345 secs,0.6347174132242799,0.37215110659599304,0.8851316571235657,0.613807 secs,0.0349822323769331,0.22798578441143036,0.22798578441143036,0.227986,0.11410191655158997,0.1399356722831726,0.33282580971717834,0.012271 secs,0.1561671644449234,-16.128205503854694,0.015099989520314373,-36.42046708231041,0.00015569279186348301,0.0,False,False,0.010310788073993417,False
pilot_v1_00070,70,data\raw\audio\pilot_v1\pilot_v1_00070.wav,44100,1,60,0.8,1.5,3.0,0.20533933769911528,0.20533934235572815,52.566871643066406,52.566872,0.18960374686867,0.4042820632457733,59.748104095458984,-0.251896 semitones,0.424396313726902,0.3395170569419861,0.3395170569419861,33.951706%,0.9973786361515522,0.7480340003967285,14.96068000793457,14.960680dB,0.36810779199004173,0.1972431242465973,0.46912699937820435,0.048435 secs,0.8321126382797956,0.4412393867969513,1.0494526624679565,1.212974 secs,0.8009101049974561,0.8407281041145325,0.8407281041145325,0.840728,0.3175045670941472,0.21112659573554993,0.5021477341651917,0.063581 secs,0.12786266207695007,-17.86512515754652,0.04833768161203796,-26.31428366410489,-3.893411648624248e-06,0.0,False,False,8.054609817394795e-05,False
pilot_v1_00071,71,data\raw\audio\pilot_v1\pilot_v1_00071.wav,44100,1,60,0.8,1.5,3.0,0.6888978136703372,0.6888977885246277,176.3578338623047,176.357834,0.9961798405274749,0.8478989005088806,116.53105926513672,56.531059 semitones,0.9727273220196366,0.7781818509101868,0.7781818509101868,77.818184%,0.3234130786731839,0.24255982041358948,4.8511962890625,4.851196dB,0.7980139786377549,0.3692055940628052,0.8781260251998901,0.594603 secs,0.3733567725867033,0.28067487478256226,0.6675627827644348,0.198595 secs,0.29324045311659575,0.4345923662185669,0.4345923662185669,0.434592,0.786287515424192,0.37520062923431396,0.8923847079277039,0.634174 secs,0.23556014895439148,-12.55796359459961,0.02702162893852968,-31.365769481045728,-0.00034887840581858994,0.0,False,False,0.012911079735875219,False
pilot_v1_00072,72,data\raw\audio\pilot_v1\pilot_v1_00072.wav,44100,1,60,0.8,1.5,3.0,0.6810793364420533,0.6810793280601501,174.35630798339844,174.356308,0.3856980847194791,0.5121339559555054,73.55314636230469,13.553146 semitones,0.4394813384860754,0.3515850603580475,0.3515850603580475,35.158504%,0.2086206516250968,0.15646548569202423,3.12930965423584,3.129310dB,0.4755414314568043,0.24021656811237335,0.5713359117507935,0.106553 secs,0.4434074340388179,0.30519258975982666,0.7258762121200562,0.277620 secs,0.5689031165093184,0.6551225185394287,0.6551225185394287,0.655123,0.5964176962152123,0.30874618887901306,0.7343281507492065,0.290777 secs,0.22660933434963226,-12.894444098362905,0.044362206600995005,-27.059737198698333,-0.0028768042753976306,0.0,False,False,0.06484808795180866,False
pilot_v1_00073,73,data\raw\audio\pilot_v1\pilot_v1_00073.wav,44100,1,60,0.8,1.5,3.0,0.1662856424227357,0.1662856489419937,42.56912612915039,42.569126,0.6765350876376033,0.6720942854881287,94.02806854248047,34.028069 semitones,0.8950241571292281,0.716019332408905,0.716019332408905,71.601936%,0.5975216906517744,0.44814127683639526,8.962825775146484,8.962826dB,0.9210814395919442,0.4184325635433197,0.9952084422111511,0.980971 secs,0.9807469872757792,0.493261456489563,1.1731829643249512,1.894362 secs,0.09268365800380707,0.2741469144821167,0.2741469144821167,0.274147,0.0024879751726984978,0.10087078809738159,0.23991310596466064,0.003313 secs,0.15780773758888245,-16.037434127757496,0.04792134573028831,-26.38941989124298,5.216149106591189e-07,0.0,False,False,1.088481349407173e-05,False
pilot_v1_00074,74,data\raw\audio\pilot_v1\pilot_v1_00074.wav,44100,1,60,0.8,1.5,3.0,0.30133463256061077,0.3013346195220947,77.14166259765625,77.141663,0.054268646985292435,0.3298477530479431,50.22051239013672,-9.779488 semitones,0.09153901226818562,0.07323121279478073,0.07323121279478073,7.323121%,0.282184474170208,0.21163836121559143,4.232767105102539,4.232767dB,0.6927707213908434,0.3271082937717438,0.7780009508132935,0.366370 secs,0.5485190339386463,0.3419816493988037,0.8133760094642639,0.437689 secs,0.8213951839134097,0.857116162776947,0.857116162776947,0.857116,0.3000678699463606,0.20502375066280365,0.4876326024532318,0.056542 secs,0.058121245354413986,-24.713301774350384,0.01997544964347388,-33.990068720397886,-0.0002782513055634176,0.0,False,False,0.013929664189277673,False
pilot_v1_00075,75,data\raw\audio\pilot_v1\pilot_v1_00075.wav,44100,1,60,0.8,1.5,3.0,0.7887993585318327,0.7887993454933167,201.93263244628906,201.932632,0.7594141680747271,0.7176777720451355,99.86275482177734,39.862755 semitones,0.510964217595756,0.4087713658809662,0.4087713658809662,40.877136%,0.8970066392794251,0.6727550029754639,13.455100059509277,13.455100dB,0.1374439662322402,0.10497758537530899,0.2496808022260666,0.003886 secs,0.027261976152658463,0.15954169631004333,0.37945717573165894,0.020732 secs,0.3295791046693921,0.4636632800102234,0.4636632800102234,0.463663,0.8314956836402416,0.3910234868526459,0.9300181269645691,0.748110 secs,0.1420137584209442,-16.953391574755102,0.021995467188755755,-33.153336181499746,-0.004474502916984594,0.0,False,False,0.20342840998039782,True
pilot_v1_00076,76,data\raw\audio\pilot_v1\pilot_v1_00076.wav,44100,1,60,0.8,1.5,3.0,0.942420706152916,0.9424207210540771,241.25970458984375,241.259705,0.18672657012939453,0.40269961953163147,59.54555130004883,-0.454449 semitones,0.7582889376208186,0.6066311597824097,0.6066311597824097,60.663116%,0.7912634750828147,0.5934476256370544,11.868952751159668,11.868953dB,0.12140402756631374,0.0985616147518158,0.23442092537879944,0.003020 secs,0.3010237533599138,0.2553583085536957,0.6073493361473083,0.136067 secs,0.9099835464730859,0.9279868602752686,0.9279868602752686,0.927987,0.4282727288082242,0.24989545345306396,0.5943563580513,0.124792 secs,0.10993699729442596,-19.177122581582637,0.042496342976263715,-27.43296883125931,-0.013638263173694057,0.0,False,False,0.3209279250525555,True
pilot_v1_00077,77,data\raw\audio\pilot_v1\pilot_v1_00077.wav,44100,1,60,0.8,1.5,3.0,0.45912162959575653,0.4591216444969177,117.53514099121094,117.535141,0.8759944047778845,0.781796932220459,108.07000732421875,48.070007 semitones,0.3427532631903887,0.2742026150226593,0.2742026150226593,27.420261%,0.4025760870426893,0.30193206667900085,6.038641452789307,6.038641dB,0.5522879688069224,0.2709151804447174,0.6443501114845276,0.172380 secs,0.7797698248177767,0.42291945219039917,1.0058801174163818,1.023729 secs,0.4333048602566123,0.5466439127922058,0.5466439127922058,0.546644,0.959694973193109,0.4358932077884674,1.0367372035980225,1.155247 secs,0.22405333817005157,-12.992971623009556,0.062157089974448104,-24.130186524304666,0.000213157796709936,0.0,False,False,0.0034293400285882454,False
pilot_v1_00078,78,data\raw\audio\pilot_v1\pilot_v1_00078.wav,44100,1,60,0.8,1.5,3.0,0.07124381419271231,0.07124381512403488,18.23841667175293,18.238417,0.25226979050785303,0.4387483596801758,64.1597900390625,4.159790 semitones,0.6482235109433532,0.518578827381134,0.518578827381134,51.857883%,0.7178522571921349,0.5383892059326172,10.767784118652344,10.767784dB,0.8435085266828537,0.3874033987522125,0.9214080572128296,0.720789 secs,0.6910322057083249,0.3918612599372864,0.9320107102394104,0.754542 secs,0.6682429648935795,0.7345943450927734,0.7345943450927734,0.734594,0.7260229531675577,0.3541080355644226,0.8422176837921143,0.503150 secs,0.1845872551202774,-14.675965765228739,0.05520584549058818,-25.16029868820659,1.3434300049608152e-07,0.0,False,False,2.433492310501523e-06,False
pilot_v1_00079,79,data\raw\audio\pilot_v1\pilot_v1_00079.wav,44100,1,60,0.8,1.5,3.0,0.5897148763760924,0.5897148847579956,150.96701049804688,150.967010,0.5589711433276534,0.6074341535568237,85.75157165527344,25.751572 semitones,0.18872720561921597,0.15098176896572113,0.15098176896572113,15.098177%,0.10293851140886545,0.07720388472080231,1.5440776348114014,1.544078dB,0.27158783841878176,0.15863513946533203,0.37730100750923157,0.020265 secs,0.22836916614323854,0.22992920875549316,0.5468682646751404,0.089440 secs,0.1759075615555048,0.3407260477542877,0.3407260477542877,0.340726,0.1321026161313057,0.14623591303825378,0.34781044721603394,0.014634 secs,0.2166433334350586,-13.285093411328644,0.02095487505643441,-33.57429848611632,3.660268516051587e-06,0.0,False,False,0.0001746738411082849,False
pilot_v1_00080,80,data\raw\audio\pilot_v1\pilot_v1_00080.wav,44100,1,60,0.8,1.5,3.0,0.6053264504298568,0.6053264737129211,154.9635772705078,154.963577,0.28469290863722563,0.45658111572265625,66.4423828125,6.442383 semitones,0.9147933227941394,0.7318346500396729,0.7318346500396729,73.183464%,0.9591143755242229,0.7193357944488525,14.38671588897705,14.386716dB,0.6260328162461519,0.3004131317138672,0.7145086526870728,0.260633 secs,0.8024221314117312,0.430847704410553,1.0247368812561035,1.102680 secs,0.47480024211108685,0.5798401832580566,0.5798401832580566,0.579840,0.713080395013094,0.3495781421661377,0.8314436674118042,0.477894 secs,0.17885033786296844,-14.950204701926262,0.04806881852373002,-26.362731043980133,5.296062500593145e-08,0.0,False,False,1.1017667301264438e-06,False
pilot_v1_00081,81,data\raw\audio\pilot_v1\pilot_v1_00081.wav,44100,1,60,0.8,1.5,3.0,0.1181055074557662,0.11810550838708878,30.235010147094727,30.235010,0.5290199043229222,0.5909609198570251,83.64299774169922,23.642998 semitones,0.49826728738844395,0.398613840341568,0.398613840341568,39.861385%,0.34410874731838703,0.2580815553665161,5.161631107330322,5.161631dB,0.19612532015889883,0.12845012545585632,0.3055083751678467,0.008711 secs,0.2811672193929553,0.24840852618217468,0.5908198356628418,0.121849 secs,0.9983709752559662,0.9986968040466309,0.9986968040466309,0.998697,0.18166673742234707,0.16358335316181183,0.38906994462013245,0.022915 secs,0.21179208159446716,-13.48180562339165,0.11041004285897206,-19.139828430711546,3.539262724386001e-06,0.0,False,False,3.205562313662661e-05,False
pilot_v1_00082,82,data\raw\audio\pilot_v1\pilot_v1_00082.wav,44100,1,60,0.8,1.5,3.0,0.4747600257396698,0.4747600257396698,121.53856658935547,121.538567,0.1551543865352869,0.38533490896224976,57.32286834716797,-2.677132 semitones,0.5537284454330802,0.4429827630519867,0.4429827630519867,44.298275%,0.5346308536827564,0.4009731411933899,8.019462585449219,8.019463dB,0.4088110066950321,0.21352438628673553,0.507850706577301,0.066519 secs,0.18949994072318077,0.21632498502731323,0.5145117044448853,0.070078 secs,0.2281773192808032,0.38254186511039734,0.38254186511039734,0.382542,0.3865282637998462,0.23528489470481873,0.5596063137054443,0.098069 secs,0.14990444481372833,-16.483709794074237,0.013977435249628113,-37.09145021861612,-8.774442190961101e-05,0.0,False,False,0.00627757670434893,False
pilot_v1_00083,83,data\raw\audio\pilot_v1\pilot_v1_00083.wav,44100,1,60,0.8,1.5,3.0,0.9893089830875397,0.9893089532852173,253.26309204101562,253.263092,0.9070478640496731,0.7988763451576233,110.25617218017578,50.256172 semitones,0.09522542171180248,0.0761803388595581,0.0761803388595581,7.618034%,0.14554730523377657,0.10916046798229218,2.1832094192504883,2.183209dB,0.9797552535310388,0.4419021010398865,1.051028847694397,1.220277 secs,0.7268378250300884,0.4043932259082794,0.9618169665336609,0.855795 secs,0.7360903965309262,0.7888723015785217,0.7888723015785217,0.788872,0.9804438287392259,0.44315531849861145,1.0540095567703247,1.234179 secs,0.33628928661346436,-9.46573936133543,0.05301821574721292,-25.511497838425363,-0.003558061590265837,0.0,False,False,0.06711017223269869,False
pilot_v1_00084,84,data\raw\audio\pilot_v1\pilot_v1_00084.wav,44100,1,60,0.8,1.5,3.0,0.7731914799660444,0.7731914520263672,197.93701171875,197.937012,0.02175798825919628,0.3119668960571289,47.9317626953125,-12.068237 semitones,0.3464511167258024,0.2771608829498291,0.2771608829498291,27.716087%,0.04078021924942732,0.030585164204239845,0.6117032766342163,0.611703dB,0.7770223021507263,0.3608089089393616,0.8581551909446716,0.542330 secs,0.9449355397373438,0.4807274341583252,1.143371820449829,1.709031 secs,0.0033501842990517616,0.20268014073371887,0.20268014073371887,0.202680,0.2637016326189041,0.19229556620121002,0.45735964179039,0.043755 secs,0.046366121619939804,-26.675984599014065,0.008731709730837341,-41.17801420041907,-0.0010448355322908319,0.0,False,False,0.1196599021839719,False
pilot_v1_00085,85,data\raw\audio\pilot_v1\pilot_v1_00085.wav,44100,1,60,0.8,1.5,3.0,0.25447687320411205,0.2544768750667572,65.14608001708984,65.146080,0.7895138934254646,0.7342326641082764,101.98178100585938,41.981781 semitones,0.8010340919718146,0.6408272981643677,0.6408272981643677,64.082733%,0.6559994984418154,0.49199962615966797,9.83999252319336,9.839993dB,0.330505614168942,0.18220224976539612,0.4333534836769104,0.035267 secs,0.48227416910231113,0.31879594922065735,0.7582306861877441,0.330526 secs,0.5264006545767188,0.6211205124855042,0.6211205124855042,0.621121,0.8576075155287981,0.40016263723373413,0.9517548680305481,0.820541 secs,0.16869069635868073,-15.458177379812758,0.03314957994852733,-29.590439406838755,3.1162556419562685e-06,0.0,False,False,9.400588625240507e-05,False
pilot_v1_00086,86,data\raw\audio\pilot_v1\pilot_v1_00086.wav,44100,1,60,0.8,1.5,3.0,0.15064355079084635,0.15064355731010437,38.56475067138672,38.564751,0.4171218117699027,0.5294169783592224,75.76537322998047,15.765373 semitones,0.24755511619150639,0.198044091463089,0.198044091463089,19.804409%,0.4654163606464863,0.3490622639656067,6.981245040893555,6.981245dB,0.05491008423268795,0.07196403294801712,0.17116069793701172,0.000858 secs,0.047116500325500965,0.16649077832698822,0.3959850072860718,0.024588 secs,0.26267771795392036,0.410142183303833,0.410142183303833,0.410142,0.5937209567055106,0.30780234932899475,0.7320833206176758,0.287238 secs,0.1812984049320221,-14.832120336431622,0.022152559250660488,-33.09152186355044,5.2083998312464314e-05,0.0,False,False,0.0023511503895836056,False
pilot_v1_00087,87,data\raw\audio\pilot_v1\pilot_v1_00087.wav,44100,1,60,0.8,1.5,3.0,0.6341871256008744,0.6341871023178101,162.35189819335938,162.351898,0.6455691987648606,0.6550630331039429,91.84806823730469,31.848068 semitones,0.6679430855438113,0.5343544483184814,0.5343544483184814,53.435444%,0.8544083284214139,0.640806257724762,12.81612491607666,12.816125dB,0.6112135229632258,0.2944854199886322,0.7004100680351257,0.240663 secs,0.5258604260161519,0.3340511620044708,0.794514000415802,0.398480 secs,0.7701325062662363,0.8161060214042664,0.8161060214042664,0.816106,0.062313166446983814,0.12180960923433304,0.28971442580223083,0.007045 secs,0.2010554075241089,-13.933684835076237,0.08312113699434533,-21.605770495977904,-0.0004022292692995423,0.0,False,False,0.0048390732350894776,False
pilot_v1_00088,88,data\raw\audio\pilot_v1\pilot_v1_00088.wav,44100,1,60,0.8,1.5,3.0,0.7357593877241015,0.7357593774795532,188.35440063476562,188.354401,0.22260652016848326,0.4224335849285126,62.07149887084961,2.071499 semitones,0.1385975070297718,0.11087800562381744,0.11087800562381744,11.087801%,0.7386720022186637,0.5540040135383606,11.080080032348633,11.080080dB,0.1623504739254713,0.11494018137454987,0.2733760476112366,0.005585 secs,0.658350020647049,0.3804225027561188,0.904804527759552,0.670223 secs,0.12336799409240484,0.2986944019794464,0.2986944019794464,0.298694,0.3675417033955455,0.22863958775997162,0.5438010096549988,0.087450 secs,0.17309124767780304,-15.23449783155427,0.02187366721916239,-33.20156798851022,-0.0064490858734585635,0.0,False,False,0.2948333175613485,True
pilot_v1_00089,89,data\raw\audio\pilot_v1\pilot_v1_00089.wav,44100,1,60,0.8,1.5,3.0,0.22095103096216917,0.22095103561878204,56.5634651184082,56.563465,0.9665645929053426,0.8316105008125305,114.4461441040039,54.446144 semitones,0.7142746793106198,0.5714197158813477,0.5714197158813477,57.141972%,0.0645540039986372,0.04841550439596176,0.9683101177215576,0.968310dB,0.7342705680057406,0.34370821714401245,0.8174825310707092,0.446595 secs,0.1331898421049118,0.19661644101142883,0.46763649582862854,0.047823 secs,0.5998032549396157,0.6798425912857056,0.6798425912857056,0.679843,0.7738484898582101,0.3708469569683075,0.8820298910140991,0.605248 secs,0.1216898187994957,-18.294915111514005,0.026110570009107926,-31.66367294338938,-5.364777268117007e-07,0.0,False,False,2.054638127871455e-05,False
pilot_v1_00090,90,data\raw\audio\pilot_v1\pilot_v1_00090.wav,44100,1,60,0.8,1.5,3.0,0.37167031690478325,0.37167030572891235,95.14759826660156,95.147598,0.34236415661871433,0.4883003234863281,70.50244140625,10.502441 semitones,0.26791195571422577,0.2143295705318451,0.2143295705318451,21.432957%,0.7511682435870171,0.5633761882781982,11.267523765563965,11.267524dB,0.8805497661232948,0.40221989154815674,0.9566478729248047,0.837546 secs,0.33351472672075033,0.2667301595211029,0.6343963742256165,0.161973 secs,0.36108955182135105,0.48887163400650024,0.48887163400650024,0.488872,0.5406626127660275,0.28923192620277405,0.687915027141571,0.223944 secs,0.1908094584941864,-14.38800201926125,0.03461061368186963,-29.215814002972238,0.002240490363065538,0.0,False,False,0.0647341992736521,False
pilot_v1_00091,91,data\raw\audio\pilot_v1\pilot_v1_00091.wav,44100,1,60,0.8,1.5,3.0,0.8591201417148113,0.8591201305389404,219.93475341796875,219.934753,0.5943807475268841,0.6269094347953796,88.2444076538086,28.244408 semitones,0.8172066221013665,0.6537653207778931,0.6537653207778931,65.376534%,0.4290089691057801,0.3217567205429077,6.435134410858154,6.435134dB,0.44966689962893724,0.22986675798892975,0.5467197299003601,0.089343 secs,0.874757937155664,0.45616528391838074,1.084952712059021,1.385617 secs,0.8531781919300556,0.8825425505638123,0.8825425505638123,0.882543,0.07185391895473003,0.12514887750148773,0.2976565957069397,0.007850 secs,0.2492387592792511,-12.067688386952167,0.05172527406750287,-25.725943990745247,-0.004753973712445301,0.0,False,False,0.09190813965028466,False
pilot_v1_00092,92,data\raw\audio\pilot_v1\pilot_v1_00092.wav,44100,1,60,0.8,1.5,3.0,0.887755798175931,0.887755811214447,227.26548767089844,227.265488,0.4591818880289793,0.5525500178337097,78.72640228271484,18.726402 semitones,0.5699119726195931,0.45592957735061646,0.45592957735061646,45.592957%,0.2612540861591697,0.19594056904315948,3.918811321258545,3.918811dB,0.30918193981051445,0.17367278039455414,0.4130668342113495,0.029113 secs,0.5782071510329843,0.35237249732017517,0.8380898237228394,0.493358 secs,0.4013981521129608,0.5211185216903687,0.5211185216903687,0.521119,0.6683756178244948,0.33393147587776184,0.7942293286323547,0.397909 secs,0.1747608333826065,-15.151117858717873,0.021781017991285,-33.238436524969416,-0.0021833404433079335,0.0,False,False,0.10024051420284992,False
pilot_v1_00093,93,data\raw\audio\pilot_v1\pilot_v1_00093.wav,44100,1,60,0.8,1.5,3.0,0.4044411052018404,0.40444111824035645,103.53692626953125,103.536926,0.7265707775950432,0.6996139287948608,97.55058288574219,37.550583 semitones,0.01666763424873352,0.013334107585251331,0.013334107585251331,1.333411%,0.9355247002094984,0.7016435265541077,14.032870292663574,14.032870dB,0.864508100785315,0.3958032429218292,0.9413864016532898,0.785365 secs,0.11945295426994562,0.1918085366487503,0.4562012851238251,0.043314 secs,0.8783526550978422,0.9026821255683899,0.9026821255683899,0.902682,0.19957660604268312,0.16985180974006653,0.40397897362709045,0.026634 secs,0.21822965145111084,-13.22172481952636,0.08566691742848524,-21.343737202635523,0.00026154713741971276,0.0,False,False,0.0030530704882436367,False
pilot_v1_00094,94,data\raw\audio\pilot_v1\pilot_v1_00094.wav,44100,1,60,0.8,1.5,3.0,0.0009235041216015816,0.0009235041216015816,0.23641705513000488,0.236417,0.10481843259185553,0.35765013098716736,53.77921676635742,-6.220783 semitones,0.961105396039784,0.7688843011856079,0.7688843011856079,76.888428%,0.24884941428899765,0.1866370588541031,3.732741117477417,3.732741dB,0.5303185824304819,0.26212742924690247,0.6234491467475891,0.151079 secs,0.413787504658103,0.29482561349868774,0.7012191414833069,0.241777 secs,0.14513120520859957,0.3161049783229828,0.3161049783229828,0.316105,0.4976388141512871,0.2741735875606537,0.6520999670028687,0.180824 secs,0.09370050579309464,-20.565161295892864,0.011060136212408988,-39.12479048787177,1.8021895963902155e-07,0.0,False,False,1.629446113302147e-05,False
pilot_v1_00095,95,data\raw\audio\pilot_v1\pilot_v1_00095.wav,44100,1,60,0.8,1.5,3.0,0.5193787114694715,0.5193787217140198,132.96095275878906,132.960953,0.8333908403292298,0.7583649754524231,105.07071685791016,45.070717 semitones,0.38932156935334206,0.31145724654197693,0.31145724654197693,31.145725%,0.5709781432524323,0.4282335638999939,8.564671516418457,8.564672dB,0.08477964904159307,0.08391185849905014,0.19957765936851501,0.001587 secs,0.8886241968721151,0.46101847290992737,1.0964956283569336,1.445532 secs,0.6376789910718799,0.7101432085037231,0.7101432085037231,0.710143,0.9039397332817316,0.416378915309906,0.9903239607810974,0.961854 secs,0.22095587849617004,-13.113888792240846,0.09917735826896282,-20.071749278932423,2.916436178309981e-05,0.0,False,False,0.00029406270031923895,False
pilot_v1_00096,96,data\raw\audio\pilot_v1\pilot_v1_00096.wav,44100,1,60,0.8,1.5,3.0,0.507279141806066,0.5072791576385498,129.86346435546875,129.863464,0.4837968749925494,0.5660882592201233,80.45929718017578,20.459297 semitones,0.07043764181435108,0.056350111961364746,0.056350111961364746,5.635011%,0.872988710179925,0.6547415256500244,13.094830513000488,13.094831dB,0.7828784137964249,0.3631513714790344,0.8637265563011169,0.556551 secs,0.8562323618680239,0.4496813118457794,1.0695310831069946,1.308500 secs,0.24491446372121572,0.39593157172203064,0.39593157172203064,0.395932,0.7593904314562678,0.3657866418361664,0.8699942827224731,0.572883 secs,0.22700800001621246,-12.879176750263072,0.06748795759080976,-23.415474296992297,-1.9445174767345824e-08,0.0,False,False,2.881280670137481e-07,False
pilot_v1_00097,97,data\raw\audio\pilot_v1\pilot_v1_00097.wav,44100,1,60,0.8,1.5,3.0,0.019890709780156612,0.019890710711479187,5.092021942138672,5.092022,0.7044434519484639,0.6874439120292664,95.9928207397461,35.992821 semitones,0.5299324570223689,0.42394596338272095,0.42394596338272095,42.394596%,0.44877957832068205,0.3365846872329712,6.731693744659424,6.731694dB,0.3519947128370404,0.19079788029193878,0.45379751920700073,0.042408 secs,0.31889444775879383,0.26161307096481323,0.6222257614135742,0.149897 secs,0.7213598126545548,0.7770878672599792,0.7770878672599792,0.777088,0.35319045279175043,0.22361664474010468,0.5318543314933777,0.080015 secs,0.18137472867965698,-14.828464484387084,0.059553703918635924,-24.50182445141547,2.0825668134080264e-07,0.0,False,False,3.4969559848927153e-06,False
pilot_v1_00098,98,data\raw\audio\pilot_v1\pilot_v1_00098.wav,44100,1,60,0.8,1.5,3.0,0.38529161363840103,0.38529160618782043,98.63465118408203,98.634651,0.080132270231843,0.34407275915145874,52.04131317138672,-7.958687 semitones,0.46055526100099087,0.36844420433044434,0.36844420433044434,36.844421%,0.6334402831271291,0.4750801920890808,9.501604080200195,9.501604dB,0.002178257331252098,0.05087130144238472,0.12099332362413406,0.000214 secs,0.15177269745618105,0.20312044024467468,0.48310574889183044,0.054471 secs,0.4896221626549959,0.5916977524757385,0.5916977524757385,0.591698,0.08631150051951408,0.1302090287208557,0.30969178676605225,0.009199 secs,0.12949982285499573,-17.754616513222228,0.013409216237256742,-37.45193211452949,-0.0018180751308013666,0.0,False,False,0.13558399675515326,False
pilot_v1_00099,99,data\raw\audio\pilot_v1\pilot_v1_00099.wav,44100,1,60,0.8,1.5,3.0,0.9000395312905312,0.900039553642273,230.41012573242188,230.410126,0.8557123653590679,0.7706418037414551,106.64215087890625,46.642151 semitones,0.876089564524591,0.7008716464042664,0.7008716464042664,70.087166%,0.06137297675013542,0.04602973163127899,0.9205946326255798,0.920595dB,0.5740991858765483,0.27963966131210327,0.6651005744934082,0.195681 secs,0.6730275796726346,0.38555964827537537,0.9170228242874146,0.707165 secs,0.9816646240651608,0.9853317141532898,0.9853317141532898,0.985332,0.5550133865326643,0.29425469040870667,0.6998612880706787,0.239910 secs,0.2537934184074402,-11.910392891980981,0.04951862745584799,-26.10462802960223,-0.0008522379926202302,0.0,False,False,0.017210452639869842,False
pilot_v1_00100,100,data\raw\audio\pilot_v1\pilot_v1_00100.wav,44100,1,60,0.8,1.5,3.0,0.8701824750751257,0.870182454586029,222.76670837402344,222.766708,0.21353630535304546,0.41744497418403625,61.43295669555664,1.432957 semitones,0.627301431261003,0.501841127872467,0.501841127872467,50.184113%,0.12701652385294437,0.09526239335536957,1.9052479267120361,1.905248dB,0.6826777774840593,0.32307112216949463,0.7683988809585571,0.348616 secs,0.905254933051765,0.4668391942977905,1.1103397607803345,1.519930 secs,0.2808491066098213,0.4246792793273926,0.4246792793273926,0.424679,0.21647583600133657,0.17576654255390167,0.4180466830730438,0.030542 secs,0.11274995654821396,-18.95767233638355,0.026499566570212144,-31.535224587455957,-0.0018174071663881177,0.0,False,False,0.06858252423007719,False
pilot_v1_00101,101,data\raw\audio\pilot_v1\pilot_v1_00101.wav,44100,1,60,0.8,1.5,3.0,0.35178770683705807,0.3517877161502838,90.05765533447266,90.057655,0.9732386991381645,0.8352813124656677,114.91600799560547,54.916008 semitones,0.2078747358173132,0.16629979014396667,0.16629979014396667,16.629978%,0.5511951697990298,0.413396418094635,8.267928123474121,8.267928dB,0.23713800963014364,0.14485520124435425,0.3445265293121338,0.014089 secs,0.4265110371634364,0.2992788553237915,0.711810827255249,0.256719 secs,0.7577517982572317,0.8062014579772949,0.8062014579772949,0.806201,0.6851680325344205,0.3398088216781616,0.8082081079483032,0.426671 secs,0.1974569708108902,-14.090550595726194,0.07079125439361995,-23.00040784145785,0.0003782895813814804,0.0,False,False,0.00534373327075235,False
pilot_v1_00102,102,data\raw\audio\pilot_v1\pilot_v1_00102.wav,44100,1,60,0.8,1.5,3.0,0.2411377588286996,0.24113775789737701,61.731266021728516,61.731266,0.3513756087049842,0.4932565689086914,71.1368408203125,11.136841 semitones,0.7791759399697185,0.6233407258987427,0.6233407258987427,62.334072%,0.3664734335616231,0.2748550772666931,5.497101783752441,5.497102dB,0.3990403302013874,0.20961612462997437,0.4985552132129669,0.061781 secs,0.10287961736321449,0.18600787222385406,0.4424048662185669,0.038307 secs,0.015639078803360462,0.21251125633716583,0.21251125633716583,0.212511,0.8870409801602364,0.410464346408844,0.9762566685676575,0.908356 secs,0.1557416319847107,-16.151905574659374,0.009781894322741342,-40.19154066652088,1.7063345720422076e-06,0.0,False,False,0.0001744380501101154,False
pilot_v1_00103,103,data\raw\audio\pilot_v1\pilot_v1_00103.wav,44100,1,60,0.8,1.5,3.0,0.7243910590186715,0.7243910431861877,185.44410705566406,185.444107,0.5878865206614137,0.6233375668525696,87.7872085571289,27.787209 semitones,0.3236317504197359,0.25890541076660156,0.25890541076660156,25.890541%,0.9386932961642742,0.7040199637413025,14.080399513244629,14.080400dB,0.9543673256412148,0.4317469298839569,1.026875615119934,1.111914 secs,0.5655410178005695,0.3479393422603607,0.8275459408760071,0.468995 secs,0.508198949508369,0.606559157371521,0.606559157371521,0.606559,0.48084687627851963,0.26829642057418823,0.6381216049194336,0.165811 secs,0.2164154350757599,-13.294235358446384,0.05348988866410342,-25.434566121223178,-0.011391412820876645,0.0,False,False,0.21296385364363862,True
pilot_v1_00104,104,data\raw\audio\pilot_v1\pilot_v1_00104.wav,44100,1,60,0.8,1.5,3.0,0.6540697244927287,0.654069721698761,167.4418487548828,167.441849,0.04600545298308134,0.32530298829078674,49.6387825012207,-10.361217 semitones,0.8568872781470418,0.6855098009109497,0.6855098009109497,68.550980%,0.59346286021173,0.4450971484184265,8.90194320678711,8.901943dB,0.2564522884786129,0.15258091688156128,0.362901508808136,0.017344 secs,0.7453633928671479,0.41087719798088074,0.9772385954856873,0.912016 secs,0.3463630434125662,0.477090448141098,0.477090448141098,0.477090,0.16791057959198952,0.1587686985731125,0.377618670463562,0.020334 secs,0.11790208518505096,-18.569570280396203,0.01462986260113528,-36.69519505213353,0.0007757838941898776,0.0,False,False,0.05302742174281777,False
pilot_v1_00105,105,data\raw\audio\pilot_v1\pilot_v1_00105.wav,44100,1,60,0.8,1.5,3.0,0.13958120625466108,0.13958120346069336,35.7327880859375,35.732788,0.766776573844254,0.7217271327972412,100.38107299804688,40.381073 semitones,0.3085538260638714,0.24684305489063263,0.24684305489063263,24.684305%,0.22830446716398,0.1712283492088318,3.4245669841766357,3.424567dB,0.8273954624310136,0.3809581995010376,0.9060786366462708,0.674006 secs,0.20412021223455667,0.2214420586824417,0.5266822576522827,0.076948 secs,0.8699112012982368,0.8959289789199829,0.8959289789199829,0.895929,0.6990038063377142,0.34465134143829346,0.8197256922721863,0.451517 secs,0.1889176219701767,-14.474550596199585,0.07790627181260484,-22.168551564401568,2.187325459160517e-08,0.0,False,False,2.807637187955667e-07,False
pilot_v1_00106,106,data\raw\audio\pilot_v1\pilot_v1_00106.wav,44100,1,60,0.8,1.5,3.0,0.2658451832830906,0.2658451795578003,68.05636596679688,68.056366,0.3930446896702051,0.5161745548248291,74.07034301757812,14.070343 semitones,0.7370943063870072,0.5896754264831543,0.5896754264831543,58.967545%,0.9168736198917031,0.6876552104949951,13.753104209899902,13.753104dB,0.5361729953438044,0.2644692063331604,0.6290189027786255,0.156551 secs,0.26258437149226665,0.24190452694892883,0.5753505825996399,0.109580 secs,0.10666522663086653,0.28533217310905457,0.28533217310905457,0.285332,0.9941995097324252,0.44796982407569885,1.065460443496704,1.288693 secs,0.17226262390613556,-15.276178837825213,0.01762144244845101,-35.07917088356197,0.00025781941499608964,0.0,False,False,0.01463100513764995,False
pilot_v1_00107,107,data\raw\audio\pilot_v1\pilot_v1_00107.wav,44100,1,60,0.8,1.5,3.0,0.7530047334730625,0.7530047297477722,192.7692108154297,192.769211,0.6682572923600674,0.66754150390625,93.4453125,33.445312 semitones,0.1604558601975441,0.1283646821975708,0.1283646821975708,12.836468%,0.2779424786567688,0.2084568440914154,4.169137001037598,4.169137dB,0.10626657214015722,0.09250663220882416,0.2200196385383606,0.002343 secs,0.7877445798367262,0.4257105886936188,1.0125186443328857,1.051023 secs,0.6146215321496129,0.6916972398757935,0.6916972398757935,0.691697,0.4006043756380677,0.24021153151988983,0.5713239312171936,0.106544 secs,0.2825984060764313,-10.976605840135802,0.07226984994026563,-22.8208569408363,-0.00624690378553169,0.0,False,False,0.08643858802384459,True
pilot_v1_00108,108,data\raw\audio\pilot_v1\pilot_v1_00108.wav,44100,1,60,0.8,1.5,3.0,0.9703417960554361,0.9703418016433716,248.40750122070312,248.407501,0.276234595105052,0.4519290328025818,65.84691619873047,5.846916 semitones,0.41311781853437424,0.3304942548274994,0.3304942548274994,33.049427%,0.40657383762300014,0.3049303889274597,6.098608016967773,6.098608dB,0.15258191339671612,0.11103277653455734,0.26408258080482483,0.004864 secs,0.5092296823859215,0.3282303810119629,0.7806697487831116,0.371424 secs,0.1327545279636979,0.3062036335468292,0.3062036335468292,0.306204,0.8747813999652863,0.4061734974384308,0.9660512208938599,0.870965 secs,0.08631286770105362,-21.27848907874826,0.010475879834729706,-39.59618983726355,-0.0016850895250291643,0.0,False,False,0.16085422433376378,False
pilot_v1_00109,109,data\raw\audio\pilot_v1\pilot_v1_00109.wav,44100,1,60,0.8,1.5,3.0,0.4868596140295267,0.48685961961746216,124.63606262207031,124.636063,0.5360596254467964,0.5948327779769897,84.13859558105469,24.138596 semitones,0.9858933771029115,0.7887147068977356,0.7887147068977356,78.871468%,0.7716407096013427,0.5787305235862732,11.574610710144043,11.574611dB,0.708884279243648,0.3335537016391754,0.7933308482170105,0.396111 secs,0.034392960369586945,0.16203753650188446,0.38539332151412964,0.022061 secs,0.6558464085683227,0.7246771454811096,0.7246771454811096,0.724677,0.28119595535099506,0.19841858744621277,0.47192275524139404,0.049600 secs,0.18959501385688782,-14.443461766426761,0.05407092502900482,-25.340724011647858,0.0003116726441398577,0.0,False,False,0.0057641448518343215,False
pilot_v1_00110,110,data\raw\audio\pilot_v1\pilot_v1_00110.wav,44100,1,60,0.8,1.5,3.0,0.10582178551703691,0.10582178831100464,27.090377807617188,27.090378,0.16380117740482092,0.3900906443595886,57.931602478027344,-2.068398 semitones,0.05537166818976402,0.04429733380675316,0.04429733380675316,4.429733%,0.08301051054149866,0.062257878482341766,1.2451575994491577,1.245158dB,0.9371930882334709,0.42487722635269165,1.010536551475525,1.042817 secs,0.49884751345962286,0.324596643447876,0.7720271944999695,0.355247 secs,0.3832000158727169,0.5065600275993347,0.5065600275993347,0.506560,0.045139758847653866,0.11579891294240952,0.2754184603691101,0.005754 secs,0.14511381089687347,-16.76582505091861,0.03206434153925665,-29.879553483126706,3.241231999915888e-06,0.0,False,False,0.00010108525060299834,False
pilot_v1_00111,111,data\raw\audio\pilot_v1\pilot_v1_00111.wav,44100,1,60,0.8,1.5,3.0,0.624475953169167,0.6244759559631348,159.8658447265625,159.865845,0.8999426895752549,0.7949684858322144,109.75596618652344,49.755966 semitones,0.6076242150738835,0.48609936237335205,0.48609936237335205,48.609936%,0.7221552431583405,0.5416164398193359,10.832328796386719,10.832329dB,0.49067747313529253,0.24627098441123962,0.5857358574867249,0.117708 secs,0.9576016804203391,0.48516061902046204,1.1539157629013062,1.772950 secs,0.8906380403786898,0.9125104546546936,0.9125104546546936,0.912510,0.5762271108105779,0.30167949199676514,0.7175205945968628,0.265056 secs,0.21272745728492737,-13.443529019271914,0.11886092092149685,-18.499218183966594,-6.556133072961715e-05,0.0,False,False,0.0005515802016452315,False
pilot_v1_00112,112,data\raw\audio\pilot_v1\pilot_v1_00112.wav,44100,1,60,0.8,1.5,3.0,0.5775837125256658,0.5775837302207947,147.86143493652344,147.861435,0.13128263223916292,0.3722054362297058,55.642295837402344,-4.357704 semitones,0.257610946893692,0.20608875155448914,0.20608875155448914,20.608875%,0.34004987217485905,0.255037397146225,5.100748062133789,5.100748dB,0.5950986091047525,0.2880394458770752,0.6850787997245789,0.220273 secs,0.008675427176058292,0.15303640067577362,0.3639848530292511,0.017552 secs,0.6895160581916571,0.7516128420829773,0.7516128420829773,0.751613,0.019020752049982548,0.10665726661682129,0.25367578864097595,0.004141 secs,0.14198142290115356,-16.955369515058155,0.03730550632772378,-28.56454122374408,9.752657937757923e-06,0.0,False,False,0.0002614267677291967,False
pilot_v1_00113,113,data\raw\audio\pilot_v1\pilot_v1_00113.wav,44100,1,60,0.8,1.5,3.0,0.09017966408282518,0.09017966687679291,23.085994720458984,23.085995,0.930050271563232,0.811527669429779,111.87554168701172,51.875542 semitones,0.8293970981612802,0.6635176539421082,0.6635176539421082,66.351768%,0.978798265568912,0.7340986728668213,14.681973457336426,14.681973dB,0.039772688411176205,0.06590907275676727,0.15675947070121765,0.000604 secs,0.5338377812877297,0.33684322237968445,0.8011546730995178,0.411970 secs,0.21334268897771835,0.37067416310310364,0.37067416310310364,0.370674,0.6125995246693492,0.3144098222255707,0.7477986216545105,0.312708 secs,0.17786934971809387,-14.99797765384997,0.02884478250745795,-30.798654626345566,4.19958426389806e-05,0.0,False,False,0.0014559250924538044,False
pilot_v1_00114,114,data\raw\audio\pilot_v1\pilot_v1_00114.wav,44100,1,60,0.8,1.5,3.0,0.4400018248707056,0.44000181555747986,112.64046478271484,112.640465,0.3076504357159138,0.469207763671875,68.05859375,8.058594 semitones,0.14886534586548805,0.11909227818250656,0.11909227818250656,11.909227%,0.16541424114257097,0.12406067550182343,2.4812135696411133,2.481214dB,0.3153701238334179,0.17614805698394775,0.418954074382782,0.030808 secs,0.9992688652127981,0.49974411725997925,1.1886014938354492,1.995929 secs,0.9507032511755824,0.9605625867843628,0.9605625867843628,0.960563,0.8149624299257994,0.38523685932159424,0.9162551164627075,0.704800 secs,0.19810429215431213,-14.062122297533994,0.09733212693244683,-20.234875723608777,0.0012877172796792872,0.0,False,False,0.013230136032812935,False
pilot_v1_00115,115,data\raw\audio\pilot_v1\pilot_v1_00115.wav,44100,1,60,0.8,1.5,3.0,0.9547338876873255,0.9547339081764221,244.41188049316406,244.411880,0.5051015932112932,0.5778058767318726,81.95915222167969,21.959152 semitones,0.7021121280267835,0.5616896748542786,0.5616896748542786,56.168968%,0.5303889326751232,0.39779171347618103,7.95583438873291,7.955834dB,0.760909297503531,0.35436370968818665,0.8428257703781128,0.504605 secs,0.45802401565015316,0.31030839681625366,0.7380437254905701,0.296707 secs,0.4588769944384694,0.5671015977859497,0.5671015977859497,0.567102,0.28388556465506554,0.1993599534034729,0.47416171431541443,0.050548 secs,0.21895036101341248,-13.193086687810835,0.02478643142206793,-32.11571990858425,-0.0032055436624731175,0.0,False,False,0.12932654999376586,False
pilot_v1_00116,116,data\raw\audio\pilot_v1\pilot_v1_00116.wav,44100,1,60,0.8,1.5,3.0,0.7998930402100086,0.7998930215835571,204.77261352539062,204.772614,0.42547518014907837,0.5340113639831543,76.35345458984375,16.353455 semitones,0.9508692370727658,0.7606953978538513,0.7606953978538513,76.069542%,0.6599973235279322,0.4949979782104492,9.899959564208984,9.899960dB,0.9958668425679207,0.44834673404693604,1.066356897354126,1.293035 secs,0.24493880569934845,0.23572859168052673,0.5606616139411926,0.098811 secs,0.7883769953623414,0.8307015895843506,0.8307015895843506,0.830702,0.9446272747591138,0.4306195080280304,1.0241941213607788,1.100345 secs,0.19310249388217926,-14.284242347066165,0.04025505302125154,-27.90359193995539,-0.0024011835134688923,0.0,False,False,0.059649244833965415,False
pilot_v1_00117,117,data\raw\audio\pilot_v1\pilot_v1_00117.wav,44100,1,60,0.8,1.5,3.0,0.28148360922932625,0.28148362040519714,72.05980682373047,72.059807,0.6382986512035131,0.6510642766952515,91.33622741699219,31.336227 semitones,0.4015768952667713,0.32126152515411377,0.32126152515411377,32.126152%,0.02115740906447172,0.015868056565523148,0.31736111640930176,0.317361dB,0.4239469887688756,0.2195788025856018,0.5222506523132324,0.074390 secs,0.7036946415901184,0.39629313349723816,0.9425515532493591,0.789261 secs,0.3116863137111068,0.449349045753479,0.449349045753479,0.449349,0.41355598624795675,0.24474458396434784,0.5821054577827454,0.114817 secs,0.13116110861301422,-17.64389842399979,0.02344871239584452,-32.59762000118057,1.3992112919579487e-05,0.0,False,False,0.0005967113538421457,False
pilot_v1_00118,118,data\raw\audio\pilot_v1\pilot_v1_00118.wav,44100,1,60,0.8,1.5,3.0,0.18644292932003736,0.18644292652606964,47.72938919067383,47.729389,0.014440641738474369,0.30794236063957214,47.416622161865234,-12.583378 semitones,0.580122590996325,0.4640980660915375,0.4640980660915375,46.409805%,0.8344804020598531,0.6258602738380432,12.517205238342285,12.517205dB,0.21126320771872997,0.1345052868127823,0.31991007924079895,0.010474 secs,0.7631353950127959,0.41709738969802856,0.9920328259468079,0.968510 secs,0.5398905985057354,0.6319124698638916,0.6319124698638916,0.631912,0.14717079140245914,0.15150977671146393,0.36035388708114624,0.016862 secs,0.10089452564716339,-19.9226479429975,0.014094297938228216,-37.01913104451328,4.479277443873693e-07,0.0,False,False,3.178077732928058e-05,False
pilot_v1_00119,119,data\raw\audio\pilot_v1\pilot_v1_00119.wav,44100,1,60,0.8,1.5,3.0,0.6696813283488154,0.6696813106536865,171.43841552734375,171.438416,0.7978226309642196,0.738802433013916,102.56671142578125,42.566711 semitones,0.004447862505912781,0.003558289958164096,0.003558289958164096,0.355829%,0.4697193019092083,0.35228946805000305,7.0457892417907715,7.045789dB,0.6421463144943118,0.30685853958129883,0.7298385500907898,0.283731 secs,0.2882965272292495,0.25090378522872925,0.5967546105384827,0.126819 secs,0.047607095912098885,0.23808567225933075,0.23808567225933075,0.238086,0.7407401725649834,0.35925906896591187,0.8544690012931824,0.533071 secs,0.2896678149700165,-10.761995132682067,0.036963594331219145,-28.6445160941054,-0.0006317270472588453,0.0,False,False,0.017090519974820032,False
pilot_v1_00120,120,data\raw\audio\pilot_v1\pilot_v1_00120.wav,44100,1,60,0.8,1.5,3.0,0.7087488183751702,0.7087488174438477,181.439697265625,181.439697,0.31846063304692507,0.4751533269882202,68.81962585449219,8.819626 semitones,0.5337839117273688,0.4270271360874176,0.4270271360874176,42.702713%,0.1234834548085928,0.09261259436607361,1.8522518873214722,1.852252dB,0.06866472028195858,0.07746589183807373,0.18424643576145172,0.001152 secs,0.4056799653917551,0.29198798537254333,0.6944701075553894,0.232602 secs,0.8383421069011092,0.870673656463623,0.870673656463623,0.870674,0.9229403790086508,0.4230291247367859,1.006140947341919,1.024791 secs,0.18170185387134552,-14.812812832816943,0.06655840299561294,-23.53594214135193,-0.005116688348305105,0.0,False,False,0.07687516704152833,True
pilot_v1_00121,121,data\raw\audio\pilot_v1\pilot_v1_00121.wav,44100,1,60,0.8,1.5,3.0,0.19424563739448786,0.19424563646316528,49.72688293457031,49.726883,0.6173530546948314,0.6395441889762878,89.86165618896484,29.861656 semitones,0.11339731328189373,0.0907178521156311,0.0907178521156311,9.071785%,0.6953675365075469,0.5215256810188293,10.430513381958008,10.430513dB,0.515181171707809,0.256072461605072,0.6090478897094727,0.137596 secs,0.9269369933754206,0.4744279682636261,1.1283890008926392,1.621196 secs,0.31451661232858896,0.45161327719688416,0.45161327719688416,0.451613,0.4542243368923664,0.2589785158634186,0.6159597039222717,0.143949 secs,0.23830164968967438,-12.457459023096682,0.06954365268981587,-23.154850046029004,-2.415297144171525e-06,0.0,False,False,3.4730662695335044e-05,False
pilot_v1_00122,122,data\raw\audio\pilot_v1\pilot_v1_00122.wav,44100,1,60,0.8,1.5,3.0,0.33617991767823696,0.3361799120903015,86.06205749511719,86.062057,0.24559319391846657,0.4350762665271759,63.689762115478516,3.689762 semitones,0.934704746119678,0.7477638125419617,0.7477638125419617,74.776382%,0.3858876684680581,0.28941574692726135,5.7883148193359375,5.788315dB,0.8493725955486298,0.38974905014038086,0.9269869923591614,0.738405 secs,0.6023290427401662,0.360815167427063,0.8581700325012207,0.542367 secs,0.5838737804442644,0.6670989990234375,0.6670989990234375,0.667099,0.21963846031576395,0.17687346041202545,0.42067939043045044,0.031319 secs,0.17272579669952393,-15.252855909033178,0.04560663081047108,-26.819440201516365,0.0018810751529972393,0.0,False,False,0.04124565045847133,False
pilot_v1_00123,123,data\raw\audio\pilot_v1\pilot_v1_00123.wav,44100,1,60,0.8,1.5,3.0,0.823324566707015,0.8233245611190796,210.77108764648438,210.771088,0.9426770973950624,0.8184723854064941,112.76446533203125,52.764465 semitones,0.4801232609897852,0.384098619222641,0.384098619222641,38.409863%,0.8099145293235779,0.6074358820915222,12.148717880249023,12.148718dB,0.2930689202621579,0.16722756624221802,0.39773741364479065,0.025026 secs,0.06498945970088243,0.17274631559848785,0.41086331009864807,0.028496 secs,0.07570643350481987,0.2605651617050171,0.2605651617050171,0.260565,0.6258525950834155,0.3190484046936035,0.7588311433792114,0.331574 secs,0.19937929511070251,-14.006398874955675,0.008564132887170773,-41.346332050071304,-0.0011793492706558694,0.0,False,False,0.13770796018620357,False
pilot_v1_00124,124,data\raw\audio\pilot_v1\pilot_v1_00124.wav,44100,1,60,0.8,1.5,3.0,0.9156778380274773,0.9156778454780579,234.4135284423828,234.413528,0.11314289271831512,0.3622286021709442,54.36526107788086,-5.634739 semitones,0.22743129171431065,0.18194502592086792,0.18194502592086792,18.194502%,0.8765341695398092,0.6574006080627441,13.148012161254883,13.148012dB,0.465778473764658,0.2363113909959793,0.5620477795600891,0.099791 secs,0.3567871255800128,0.2748754918575287,0.6537693738937378,0.182683 secs,0.6866852268576622,0.7493481636047363,0.7493481636047363,0.749348,0.09875956363976002,0.13456584513187408,0.3200541138648987,0.010493 secs,0.09499653428792953,-20.445844771503758,0.0251840938234366,-31.97747342704568,-0.015711836506994415,0.0,False,False,0.6238793667601732,True
pilot_v1_00125,125,data\raw\audio\pilot_v1\pilot_v1_00125.wav,44100,1,60,0.8,1.5,3.0,0.4321800395846367,0.4321800470352173,110.63809204101562,110.638092,0.8260892387479544,0.7543490529060364,104.55667877197266,44.556679 semitones,0.6859356863424182,0.5487485527992249,0.5487485527992249,54.874855%,0.30461960192769766,0.22846469283103943,4.569293975830078,4.569294dB,0.8956857332959771,0.4082742929458618,0.9710478186607361,0.889124 secs,0.8194501949474216,0.4368075728416443,1.0389119386672974,1.164971 secs,0.16337811015546322,0.3307024836540222,0.3307024836540222,0.330702,0.5049681216478348,0.27673885226249695,0.658201277256012,0.187687 secs,0.20968566834926605,-13.568625035855796,0.04009441035553369,-27.938323380990195,0.00031402159276790886,0.0,False,False,0.007832054143790861,False
pilot_v1_00126,126,data\raw\audio\pilot_v1\pilot_v1_00126.wav,44100,1,60,0.8,1.5,3.0,0.035502432845532894,0.03550243377685547,9.088623046875,9.088623,0.4518965492025018,0.5485430955886841,78.21351623535156,18.213516 semitones,0.3665494602173567,0.293239563703537,0.293239563703537,29.323956%,0.6140384236350656,0.46052879095077515,9.210576057434082,9.210576dB,0.7494084406644106,0.3497633635997772,0.8318842053413391,0.478907 secs,0.6513518504798412,0.37797313928604126,0.8989788889884949,0.653127 secs,0.9226043494418263,0.9380834698677063,0.9380834698677063,0.938083,0.8016303451731801,0.3805706202983856,0.9051567912101746,0.671267 secs,0.21590256690979004,-13.314843884382515,0.09643224142514828,-20.315554771737965,1.0058877496626582e-07,0.0,False,False,1.0431031518057567e-06,False
pilot_v1_00127,127,data\raw\audio\pilot_v1\pilot_v1_00127.wav,44100,1,60,0.8,1.5,3.0,0.5541407456621528,0.5541407465934753,141.8600311279297,141.860031,0.7349093770608306,0.7042001485824585,98.13761901855469,38.137619 semitones,0.7830769857391715,0.6264615654945374,0.6264615654945374,62.646156%,0.19016411900520325,0.14262309670448303,2.852461814880371,2.852462dB,0.17846395727247,0.12138558179140091,0.2887059152126312,0.006947 secs,0.17260580882430077,0.21041204035282135,0.5004482269287109,0.062724 secs,0.4148933766409755,0.5319147109985352,0.5319147109985352,0.531915,0.33292369451373816,0.21652328968048096,0.5149833559989929,0.070335 secs,0.18737095594406128,-14.545954549731928,0.027599860237095476,-31.181862343052092,-8.11208752244082e-06,0.0,False,False,0.00029391770294321285,False
