sample_id,architecture,purpose,background,bend_amount,raw_path,audio_sha256,wave_frame,filter_cutoff,filter_resonance,filter_drive,amp_attack,amp_decay,amp_sustain,amp_release,filter_env_amount,filter_env_attack,filter_env_decay,filter_env_sustain,wave_frame_actual_normalized,filter_cutoff_actual_normalized,filter_resonance_actual_normalized,filter_drive_actual_normalized,amp_attack_actual_normalized,amp_decay_actual_normalized,amp_sustain_actual_normalized,amp_release_actual_normalized,filter_env_amount_actual_normalized,filter_env_attack_actual_normalized,filter_env_decay_actual_normalized,filter_env_sustain_actual_normalized,bend_actual_normalized,bend_raw,peak,rms,rms_dbfs,held_rms,dc_offset,dc_to_rms,is_silent,is_clipped,has_dc_warning,final_50ms_peak,centroid_window_0_hz,centroid_window_1_hz,centroid_window_2_hz,native_gain,rms_matched_gain
A_clean_held_w0p000_c0p300_s0p000_b0p500,A,main,clean_held,0.5,generation/test_renders/architecture_ab_v1/raw/A_clean_held_w0p000_c0p300_s0p000_b0p500.wav,b5a670d14b755d5361a475837483e144cbd981bb1ac4c0d306cd693a60f53bd2,0.0,0.3,0.2,0.0,0.1,0.3,0.8,0.3,0.53125,0.2,0.3,0.0,0.0,0.30000001192092896,0.20000000298023224,0.0,0.10000000149011612,0.30000001192092896,0.800000011920929,0.30000001192092896,0.53125,0.20000000298023224,0.30000001192092896,0.0,0.5,0.5,0.1262189894914627,0.016963749595343042,-35.409562937124875,0.02387778659010473,-5.9712737642370685e-06,0.00035200199877250763,False,False,False,0.0,261.17555612679433,261.60635060612725,261.6285467582326,1.0,1.7360441560961863
A_clean_held_w0p000_c0p300_s0p400_b0p500,A,main,clean_held,0.5,generation/test_renders/architecture_ab_v1/raw/A_clean_held_w0p000_c0p300_s0p400_b0p500.wav,f30101cef108570131c5f1ca7e68c073b946ef15736a1d468819b761dfbe6a23,0.0,0.3,0.2,0.0,0.1,0.3,0.8,0.3,0.53125,0.2,0.3,0.4,0.0,0.30000001192092896,0.20000000298023224,0.0,0.10000000149011612,0.30000001192092896,0.800000011920929,0.30000001192092896,0.53125,0.20000000298023224,0.30000001192092896,0.4000000059604645,0.5,0.5,0.1262189894914627,0.021229489558529723,-33.46120895754569,0.029855114419950396,-5.965731104642212e-06,0.00028101151882124563,False,False,False,0.0,261.29452474597076,261.6135296667505,261.63030474490597,1.0,1.388468698768835
A_clean_held_w0p000_c0p300_s1p000_b0p500,A,main,clean_held,0.5,generation/test_renders/architecture_ab_v1/raw/A_clean_held_w0p000_c0p300_s1p000_b0p500.wav,00844bddf755e1975e3b7033657b7a7fb89fb81a564fe543c9c58d11baa0ddbf,0.0,0.3,0.2,0.0,0.1,0.3,0.8,0.3,0.53125,0.2,0.3,1.0,0.0,0.30000001192092896,0.20000000298023224,0.0,0.10000000149011612,0.30000001192092896,0.800000011920929,0.30000001192092896,0.53125,0.20000000298023224,0.30000001192092896,1.0,0.5,0.5,0.1262189894914627,0.03146584196010742,-30.04321285898368,0.04421752818886742,-5.954196370142345e-06,0.0001892273017099339,False,False,False,0.0,261.5245101035199,261.63607875943893,261.63645752447695,1.0,0.9374764616693282
B_clean_held_w0p000_c0p300_s0p000_b0p250,B,main,clean_held,0.25,generation/test_renders/architecture_ab_v1/raw/B_clean_held_w0p000_c0p300_s0p000_b0p250.wav,948dcc5d6f7247ed896347de415b5e4912d4c11d96dbebc0c48ad9694f2353f4,0.0,0.3,0.2,0.0,0.1,0.3,0.8,0.3,0.53125,0.2,0.3,0.0,0.0,0.30000001192092896,0.20000000298023224,0.0,0.10000000149011612,0.30000001192092896,0.800000011920929,0.30000001192092896,0.53125,0.20000000298023224,0.30000001192092896,0.0,0.25,0.25,0.14662203192710876,0.022155457827758497,-33.09038542267691,0.031130486415511784,-0.011559742914915194,0.5217559937051732,False,False,True,0.0,262.35072684562584,262.7356227839908,262.75984853658355,1.0,1.3315851001161338
B_clean_held_w0p000_c0p300_s0p000_b0p500,B,main,clean_held,0.5,generation/test_renders/architecture_ab_v1/raw/B_clean_held_w0p000_c0p300_s0p000_b0p500.wav,9dfc800d092fcdd7296a07f63f36c92c22703c43c6d72f01b5c0a2470f588ec1,0.0,0.3,0.2,0.0,0.1,0.3,0.8,0.3,0.53125,0.2,0.3,0.0,0.0,0.30000001192092896,0.20000000298023224,0.0,0.10000000149011612,0.30000001192092896,0.800000011920929,0.30000001192092896,0.53125,0.20000000298023224,0.30000001192092896,0.0,0.5,0.5,0.1262189745903015,0.01696374980384987,-35.40956283036385,0.023877786883565795,-5.971257687079775e-06,0.00035200104670988586,False,False,False,0.0,261.1755561465131,261.6063505802389,261.6285467565907,1.0,1.7360441347599809
B_clean_held_w0p000_c0p300_s0p000_b0p750,B,main,clean_held,0.75,generation/test_renders/architecture_ab_v1/raw/B_clean_held_w0p000_c0p300_s0p000_b0p750.wav,38e81e753cc90e196ba791324db41e199fb8cfa09358bf37e87dc4df85b943db,0.0,0.3,0.2,0.0,0.1,0.3,0.8,0.3,0.53125,0.2,0.3,0.0,0.0,0.30000001192092896,0.20000000298023224,0.0,0.10000000149011612,0.30000001192092896,0.800000011920929,0.30000001192092896,0.53125,0.20000000298023224,0.30000001192092896,0.0,0.75,0.75,0.13268418610095978,0.022399579507723432,-32.99520268616448,0.03145973161986737,0.011828928541025527,0.5280870802483986,False,False,True,0.0,262.4687722494195,262.8404305947609,262.86379043705375,1.0,1.317649253056087
A_clean_held_w0p000_c0p575_s0p000_b0p500,A,main,clean_held,0.5,generation/test_renders/architecture_ab_v1/raw/A_clean_held_w0p000_c0p575_s0p000_b0p500.wav,c74a9544d6b06059e573d92402063dff0e53f7ec8d94c885f0bdfb7cc8873e5a,0.0,0.575,0.2,0.0,0.1,0.3,0.8,0.3,0.53125,0.2,0.3,0.0,0.0,0.574999988079071,0.20000000298023224,0.0,0.10000000149011612,0.30000001192092896,0.800000011920929,0.30000001192092896,0.53125,0.20000000298023224,0.30000001192092896,0.0,0.5,0.5,0.1786351054906845,0.059469375174990985,-24.514132489297822,0.08339921544074502,-1.41195122751911e-05,0.00023742493062427303,False,False,False,0.0,262.1507120648081,261.7270815714532,261.73608340943196,1.0,0.4970417485487667
A_clean_held_w0p000_c0p575_s0p400_b0p500,A,main,clean_held,0.5,generation/test_renders/architecture_ab_v1/raw/A_clean_held_w0p000_c0p575_s0p400_b0p500.wav,6204e16676cfea951bb70448e7a5e09f5aab138f671b73b0b97a1395c8c240c3,0.0,0.575,0.2,0.0,0.1,0.3,0.8,0.3,0.53125,0.2,0.3,0.4,0.0,0.574999988079071,0.20000000298023224,0.0,0.10000000149011612,0.30000001192092896,0.800000011920929,0.30000001192092896,0.53125,0.20000000298023224,0.30000001192092896,0.4000000059604645,0.5,0.5,0.1786351054906845,0.05912549804161675,-24.56450375947928,0.0829168328029656,-1.4131279182831056e-05,0.00023900482280731828,False,False,False,0.0,262.1840091358577,261.7261355818334,261.73066098332237,1.0,0.49993337262130205
A_clean_held_w0p000_c0p575_s1p000_b0p500,A,main,clean_held,0.5,generation/test_renders/architecture_ab_v1/raw/A_clean_held_w0p000_c0p575_s1p000_b0p500.wav,43dde4be38c0d35077b3acf975cbc39a729d35f6fbed3231c273ce0b645589c4,0.0,0.575,0.2,0.0,0.1,0.3,0.8,0.3,0.53125,0.2,0.3,1.0,0.0,0.574999988079071,0.20000000298023224,0.0,0.10000000149011612,0.30000001192092896,0.800000011920929,0.30000001192092896,0.53125,0.20000000298023224,0.30000001192092896,1.0,0.5,0.5,0.1786351054906845,0.05877105911872208,-24.616729655076636,0.0824199696813581,-1.4140865108699065e-05,0.00024060932916205278,False,False,False,0.0,262.22442299116034,261.71404203087195,261.7139499751523,1.0,0.502947186592318
B_clean_held_w0p000_c0p575_s0p000_b0p250,B,main,clean_held,0.25,generation/test_renders/architecture_ab_v1/raw/B_clean_held_w0p000_c0p575_s0p000_b0p250.wav,2be83e963ad5c066ef9b2896bf3677d7facf3a401f228f614fddc000a8bce857,0.0,0.575,0.2,0.0,0.1,0.3,0.8,0.3,0.53125,0.2,0.3,0.0,0.0,0.574999988079071,0.20000000298023224,0.0,0.10000000149011612,0.30000001192092896,0.800000011920929,0.30000001192092896,0.53125,0.20000000298023224,0.30000001192092896,0.0,0.25,0.25,0.17931851744651794,0.05785961316283508,-24.75248948559194,0.08113850044823431,-0.01207294195455002,0.2086592234996971,False,False,True,0.0,288.1912691621535,287.4850295469727,287.44243966991434,1.0,0.5108905345953467
B_clean_held_w0p000_c0p575_s0p000_b0p500,B,main,clean_held,0.5,generation/test_renders/architecture_ab_v1/raw/B_clean_held_w0p000_c0p575_s0p000_b0p500.wav,30ea8869ff72a62f28d177a1b87fafcc06e155d16d4f08863f69695f9afd02c1,0.0,0.575,0.2,0.0,0.1,0.3,0.8,0.3,0.53125,0.2,0.3,0.0,0.0,0.574999988079071,0.20000000298023224,0.0,0.10000000149011612,0.30000001192092896,0.800000011920929,0.30000001192092896,0.53125,0.20000000298023224,0.30000001192092896,0.0,0.5,0.5,0.1786351054906845,0.05946937518649956,-24.51413248761692,0.08339921544971225,-1.4119455651920174e-05,0.0002374239784366442,False,False,False,0.0,262.1507121445665,261.7270814904049,261.7360834499489,1.0,0.49704174849532384
B_clean_held_w0p000_c0p575_s0p000_b0p750,B,main,clean_held,0.75,generation/test_renders/architecture_ab_v1/raw/B_clean_held_w0p000_c0p575_s0p000_b0p750.wav,90de6c87f80ec0450dcf7bfdde1d804ef2028f8f20c0f3c69015b66152b1a24b,0.0,0.575,0.2,0.0,0.1,0.3,0.8,0.3,0.53125,0.2,0.3,0.0,0.0,0.574999988079071,0.20000000298023224,0.0,0.10000000149011612,0.30000001192092896,0.800000011920929,0.30000001192092896,0.53125,0.20000000298023224,0.30000001192092896,0.0,0.75,0.75,0.18342934548854828,0.057664215501587464,-24.781872239942096,0.08086618191720284,0.011998186095739577,0.20806987472862218,False,False,True,0.0,286.8706831463247,286.1332217081171,286.0899303883958,1.0,0.512610968979665
A_clean_held_w0p000_c0p850_s0p000_b0p500,A,main,clean_held,0.5,generation/test_renders/architecture_ab_v1/raw/A_clean_held_w0p000_c0p850_s0p000_b0p500.wav,6d1ef3353d034bd62eaa235264078dd71752bc27c20c1e406854937f97b8a830,0.0,0.85,0.2,0.0,0.1,0.3,0.8,0.3,0.53125,0.2,0.3,0.0,0.0,0.8500000238418579,0.20000000298023224,0.0,0.10000000149011612,0.30000001192092896,0.800000011920929,0.30000001192092896,0.53125,0.20000000298023224,0.30000001192092896,0.0,0.5,0.5,0.18200625479221344,0.05827802186087032,-24.689903959416544,0.08172868589626654,-1.5141417863581176e-05,0.00025981351768817663,False,False,False,0.0,261.8822711565504,261.67360365744355,261.6746577863595,1.0,0.5072012527263309
A_clean_held_w0p000_c0p850_s0p400_b0p500,A,main,clean_held,0.5,generation/test_renders/architecture_ab_v1/raw/A_clean_held_w0p000_c0p850_s0p400_b0p500.wav,b0acef1b22302772d50ca905faca7b85bf3220ff608c127ceb6d2e7a6c2f27ef,0.0,0.85,0.2,0.0,0.1,0.3,0.8,0.3,0.53125,0.2,0.3,0.4,0.0,0.8500000238418579,0.20000000298023224,0.0,0.10000000149011612,0.30000001192092896,0.800000011920929,0.30000001192092896,0.53125,0.20000000298023224,0.30000001192092896,0.4000000059604645,0.5,0.5,0.18200625479221344,0.05829402609535801,-24.68751897917793,0.08175109977351563,-1.514236517223074e-05,0.00025975843815386314,False,False,False,0.0,261.88586504508606,261.6721141193159,261.672639235037,1.0,0.5070621922531301
A_clean_held_w0p000_c0p850_s1p000_b0p500,A,main,clean_held,0.5,generation/test_renders/architecture_ab_v1/raw/A_clean_held_w0p000_c0p850_s1p000_b0p500.wav,08382176382a22e44308ec4c6005a8702ce5697574117c394b4bc2b4f5fcf3e8,0.0,0.85,0.2,0.0,0.1,0.3,0.8,0.3,0.53125,0.2,0.3,1.0,0.0,0.8500000238418579,0.20000000298023224,0.0,0.10000000149011612,0.30000001192092896,0.800000011920929,0.30000001192092896,0.53125,0.20000000298023224,0.30000001192092896,1.0,0.5,0.5,0.18200625479221344,0.05832044289874855,-24.683583730923665,0.08178811456766381,-1.5143069085952346e-05,0.0002596528478400374,False,False,False,0.0,261.89045045687783,261.6700186985694,261.6699898160048,1.0,0.5068327114445091
B_clean_held_w0p000_c0p850_s0p000_b0p250,B,main,clean_held,0.25,generation/test_renders/architecture_ab_v1/raw/B_clean_held_w0p000_c0p850_s0p000_b0p250.wav,d8ed6c074c4b89c953ef6bdf1a11cfe4c12bcd3e1db48f974dc09bcdacc92157,0.0,0.85,0.2,0.0,0.1,0.3,0.8,0.3,0.53125,0.2,0.3,0.0,0.0,0.8500000238418579,0.20000000298023224,0.0,0.10000000149011612,0.30000001192092896,0.800000011920929,0.30000001192092896,0.53125,0.20000000298023224,0.30000001192092896,0.0,0.25,0.25,0.17636141180992126,0.056732094106656444,-24.92342370745437,0.07956299650272748,-0.01197414162323053,0.21106468590281757,False,False,True,0.0,287.9554018440469,287.6001629076366,287.60424807948016,1.0,0.5210071728362087
B_clean_held_w0p000_c0p850_s0p000_b0p500,B,main,clean_held,0.5,generation/test_renders/architecture_ab_v1/raw/B_clean_held_w0p000_c0p850_s0p000_b0p500.wav,2a2437c37b6086f9f657cb66d467fb995400ebf0e5eb4f9093ac042eb45c5485,0.0,0.85,0.2,0.0,0.1,0.3,0.8,0.3,0.53125,0.2,0.3,0.0,0.0,0.8500000238418579,0.20000000298023224,0.0,0.10000000149011612,0.30000001192092896,0.800000011920929,0.30000001192092896,0.53125,0.20000000298023224,0.30000001192092896,0.0,0.5,0.5,0.18200619518756866,0.05827802167496268,-24.68990398712464,0.08172868564120753,-1.5141422751892993e-05,0.00025981360239615045,False,False,False,0.0,261.8822711598742,261.6736036443787,261.67465778245224,1.0,0.5072012543092054
B_clean_held_w0p000_c0p850_s0p000_b0p750,B,main,clean_held,0.75,generation/test_renders/architecture_ab_v1/raw/B_clean_held_w0p000_c0p850_s0p000_b0p750.wav,9943c2aa647a1778c69931ad210b0e8a498e6294acf3db8072608ad48011affc,0.0,0.85,0.2,0.0,0.1,0.3,0.8,0.3,0.53125,0.2,0.3,0.0,0.0,0.8500000238418579,0.20000000298023224,0.0,0.10000000149011612,0.30000001192092896,0.800000011920929,0.30000001192092896,0.53125,0.20000000298023224,0.30000001192092896,0.0,0.75,0.75,0.18419751524925232,0.056722874913821636,-24.924835314057106,0.07954393730384254,0.011952193786110848,0.21071205936352255,False,False,True,0.0,287.71250581637446,287.42820874208286,287.4309834353948,1.0,0.5211320092431574
A_clean_held_w0p500_c0p300_s0p000_b0p500,A,main,clean_held,0.5,generation/test_renders/architecture_ab_v1/raw/A_clean_held_w0p500_c0p300_s0p000_b0p500.wav,b5b7e91a6fa92813fed0d384c19ac26e1085ce66f0e658fe811db4718041e63b,0.5,0.3,0.2,0.0,0.1,0.3,0.8,0.3,0.53125,0.2,0.3,0.0,0.5,0.30000001192092896,0.20000000298023224,0.0,0.10000000149011612,0.30000001192092896,0.800000011920929,0.30000001192092896,0.53125,0.20000000298023224,0.30000001192092896,0.0,0.5,0.5,0.16004911065101624,0.020927259270742897,-33.58575290243968,0.02945387205939762,-5.266513262297004e-06,0.0002516580501136042,False,False,False,0.0,262.0294728148571,262.3134621156899,262.33727603051926,1.0,1.4073834430552281
A_clean_held_w0p500_c0p300_s0p400_b0p500,A,main,clean_held,0.5,generation/test_renders/architecture_ab_v1/raw/A_clean_held_w0p500_c0p300_s0p400_b0p500.wav,782556350b22d140fa16462e31455e08b193f59788a762499aa4268280e94c86,0.5,0.3,0.2,0.0,0.1,0.3,0.8,0.3,0.53125,0.2,0.3,0.4,0.5,0.30000001192092896,0.20000000298023224,0.0,0.10000000149011612,0.30000001192092896,0.800000011920929,0.30000001192092896,0.53125,0.20000000298023224,0.30000001192092896,0.4000000059604645,0.5,0.5,0.16004911065101624,0.026165346518148298,-31.64547018701437,0.03679367983168092,-5.265938959518424e-06,0.00020125622857186188,False,False,False,0.0,262.1509907823721,262.3257067428971,262.3423993222509,1.0,1.1266307708252248
A_clean_held_w0p500_c0p300_s1p000_b0p500,A,main,clean_held,0.5,generation/test_renders/architecture_ab_v1/raw/A_clean_held_w0p500_c0p300_s1p000_b0p500.wav,ef1a828b602fa9979b5d1ed73acd8cc729af22ac4308d58501ab70b48eeb1a50,0.5,0.3,0.2,0.0,0.1,0.3,0.8,0.3,0.53125,0.2,0.3,1.0,0.5,0.30000001192092896,0.20000000298023224,0.0,0.10000000149011612,0.30000001192092896,0.800000011920929,0.30000001192092896,0.53125,0.20000000298023224,0.30000001192092896,1.0,0.5,0.5,0.16004911065101624,0.038499256250275886,-28.2909532069838,0.0540987369371431,-5.260028508971e-06,0.00013662675649567404,False,False,False,0.0,262.4066230261582,262.4597978458387,262.4601389749102,1.0,0.7662450958592064
B_clean_held_w0p500_c0p300_s0p000_b0p250,B,main,clean_held,0.25,generation/test_renders/architecture_ab_v1/raw/B_clean_held_w0p500_c0p300_s0p000_b0p250.wav,7ef4819370f46fd8127f749b1da080c46515dc43f0ed25747f75c304cd79a568,0.5,0.3,0.2,0.0,0.1,0.3,0.8,0.3,0.53125,0.2,0.3,0.0,0.5,0.30000001192092896,0.20000000298023224,0.0,0.10000000149011612,0.30000001192092896,0.800000011920929,0.30000001192092896,0.53125,0.20000000298023224,0.30000001192092896,0.0,0.25,0.25,0.18680952489376068,0.033319340813329976,-29.546071984419765,0.04678456756277346,-0.020130797317460862,0.6041775385126223,False,False,True,0.0,265.9131692056813,265.8063053678052,265.83228162899394,1.0,0.8860377263216883
B_clean_held_w0p500_c0p300_s0p000_b0p500,B,main,clean_held,0.5,generation/test_renders/architecture_ab_v1/raw/B_clean_held_w0p500_c0p300_s0p000_b0p500.wav,37bbbf6202ad3f70a2a0db0f3118885e0a9595819f35bc48daab1de4706d5ef5,0.5,0.3,0.2,0.0,0.1,0.3,0.8,0.3,0.53125,0.2,0.3,0.0,0.5,0.30000001192092896,0.20000000298023224,0.0,0.10000000149011612,0.30000001192092896,0.800000011920929,0.30000001192092896,0.53125,0.20000000298023224,0.30000001192092896,0.0,0.5,0.5,0.16004908084869385,0.020927259021470822,-33.585753005900415,0.02945387170185216,-5.266752324309885e-06,0.0002516694765858412,False,False,False,0.0,262.0294722137327,262.31346206150647,262.3372761221889,1.0,1.4073834601396904
B_clean_held_w0p500_c0p300_s0p000_b0p750,B,main,clean_held,0.75,generation/test_renders/architecture_ab_v1/raw/B_clean_held_w0p500_c0p300_s0p000_b0p750.wav,8731926d11eddffb924bf94bf9d6efa862fdf3c631bd8c4bf2a0d2e1bf36eb83,0.5,0.3,0.2,0.0,0.1,0.3,0.8,0.3,0.53125,0.2,0.3,0.0,0.5,0.30000001192092896,0.20000000298023224,0.0,0.10000000149011612,0.30000001192092896,0.800000011920929,0.30000001192092896,0.53125,0.20000000298023224,0.30000001192092896,0.0,0.75,0.75,0.18178489804267883,0.03323828270512244,-29.567228452846024,0.046652809708172864,0.020090824602492032,0.6044483338904805,False,False,True,0.0,265.89448145000404,265.79480921839973,265.82070718405396,1.0,0.8885400928596436
A_clean_held_w0p500_c0p575_s0p000_b0p500,A,main,clean_held,0.5,generation/test_renders/architecture_ab_v1/raw/A_clean_held_w0p500_c0p575_s0p000_b0p500.wav,21c10d58612b4f9ed1b7c8e861b02f6efd7f4a11d44281b33af167431eb0d065,0.5,0.575,0.2,0.0,0.1,0.3,0.8,0.3,0.53125,0.2,0.3,0.0,0.5,0.574999988079071,0.20000000298023224,0.0,0.10000000149011612,0.30000001192092896,0.800000011920929,0.30000001192092896,0.53125,0.20000000298023224,0.30000001192092896,0.0,0.5,0.5,0.20259137451648712,0.07793053552041611,-22.165846787608864,0.1092824049500616,-1.666402690940261e-05,0.00021383180287574177,False,False,False,0.0,328.72777266701985,316.45844761404084,315.84501246285026,1.0,0.3793189936587302
A_clean_held_w0p500_c0p575_s0p400_b0p500,A,main,clean_held,0.5,generation/test_renders/architecture_ab_v1/raw/A_clean_held_w0p500_c0p575_s0p400_b0p500.wav,e46a8d4233c11d55b061918289336f02a21bdc6da62273c2c215ccf990295264,0.5,0.575,0.2,0.0,0.1,0.3,0.8,0.3,0.53125,0.2,0.3,0.4,0.5,0.574999988079071,0.20000000298023224,0.0,0.10000000149011612,0.30000001192092896,0.800000011920929,0.30000001192092896,0.53125,0.20000000298023224,0.30000001192092896,0.4000000059604645,0.5,0.5,0.20259137451648712,0.07844235241881276,-22.108987813805044,0.10999984694686157,-1.668620376064816e-05,0.00021271931866039147,False,False,False,0.0,333.57059995756345,332.635305398763,332.27538433014627,1.0,0.37684499588702297
A_clean_held_w0p500_c0p575_s1p000_b0p500,A,main,clean_held,0.5,generation/test_renders/architecture_ab_v1/raw/A_clean_held_w0p500_c0p575_s1p000_b0p500.wav,d14f2cfce9c686ed48e5db113ab1dd73a681d34eb211efa714e5493add50d459,0.5,0.575,0.2,0.0,0.1,0.3,0.8,0.3,0.53125,0.2,0.3,1.0,0.5,0.574999988079071,0.20000000298023224,0.0,0.10000000149011612,0.30000001192092896,0.800000011920929,0.30000001192092896,0.53125,0.20000000298023224,0.30000001192092896,1.0,0.5,0.5,0.20259137451648712,0.07903324037300255,-22.043804231324412,0.11082797211036124,-1.6705233993224055e-05,0.0002113697213271607,False,False,False,0.0,341.0447079880789,357.4209925411893,357.42417962400316,1.0,0.37402914698272094
B_clean_held_w0p500_c0p575_s0p000_b0p250,B,main,clean_held,0.25,generation/test_renders/architecture_ab_v1/raw/B_clean_held_w0p500_c0p575_s0p000_b0p250.wav,1b893b7d90704da6975ba00b0c816afbcda777e8b2ca729fb1e7c41e81a80dfd,0.5,0.575,0.2,0.0,0.1,0.3,0.8,0.3,0.53125,0.2,0.3,0.0,0.5,0.574999988079071,0.20000000298023224,0.0,0.10000000149011612,0.30000001192092896,0.800000011920929,0.30000001192092896,0.53125,0.20000000298023224,0.30000001192092896,0.0,0.25,0.25,0.2001216858625412,0.07799641612558547,-22.158507046867445,0.10937238984334828,-0.020284780269524037,0.2600732351197088,False,False,True,0.0,357.4511169622345,343.44118043713803,342.8486971499367,1.0,0.3790069132587785
B_clean_held_w0p500_c0p575_s0p000_b0p500,B,main,clean_held,0.5,generation/test_renders/architecture_ab_v1/raw/B_clean_held_w0p500_c0p575_s0p000_b0p500.wav,a6be3d98287d58899d1b540493e9bd350634f80d1e6e93348226a7d568de12c7,0.5,0.575,0.2,0.0,0.1,0.3,0.8,0.3,0.53125,0.2,0.3,0.0,0.5,0.574999988079071,0.20000000298023224,0.0,0.10000000149011612,0.30000001192092896,0.800000011920929,0.30000001192092896,0.53125,0.20000000298023224,0.30000001192092896,0.0,0.5,0.5,0.20259134471416473,0.07793053511483976,-22.165846832813113,0.10928240436206457,-1.6664021006380187e-05,0.0002138317282413601,False,False,False,0.0,328.7277718204401,316.45844847102717,315.8450111950753,1.0,0.3793189956996667
B_clean_held_w0p500_c0p575_s0p000_b0p750,B,main,clean_held,0.75,generation/test_renders/architecture_ab_v1/raw/B_clean_held_w0p500_c0p575_s0p000_b0p750.wav,314cf0b1afefa5e2f5f665fedf8ab8ddc21cd2cf916c8ac477792c28da1440c3,0.5,0.575,0.2,0.0,0.1,0.3,0.8,0.3,0.53125,0.2,0.3,0.0,0.5,0.574999988079071,0.20000000298023224,0.0,0.10000000149011612,0.30000001192092896,0.800000011920929,0.30000001192092896,0.53125,0.20000000298023224,0.30000001192092896,0.0,0.75,0.75,0.20072801411151886,0.07797771911226052,-22.160589445911775,0.10934783080466297,0.02021536315663016,0.25924537658670344,False,False,True,0.0,357.28336450146446,343.28144585152916,342.68868157443836,1.0,0.37909203653352685
A_clean_held_w0p500_c0p850_s0p000_b0p500,A,main,clean_held,0.5,generation/test_renders/architecture_ab_v1/raw/A_clean_held_w0p500_c0p850_s0p000_b0p500.wav,6b5fc2c3862bc2822b93083cfde2735a9406394afd4b2186dec62f84151efa11,0.5,0.85,0.2,0.0,0.1,0.3,0.8,0.3,0.53125,0.2,0.3,0.0,0.5,0.8500000238418579,0.20000000298023224,0.0,0.10000000149011612,0.30000001192092896,0.800000011920929,0.30000001192092896,0.53125,0.20000000298023224,0.30000001192092896,0.0,0.5,0.5,0.20072312653064728,0.08105636312614228,-21.824257725600194,0.11366117326745885,-1.8304684003402573e-05,0.00022582661369738842,False,False,False,0.0,499.7998229070025,510.16452931332356,509.5381324084452,1.0,0.3647058241491085
A_clean_held_w0p500_c0p850_s0p400_b0p500,A,main,clean_held,0.5,generation/test_renders/architecture_ab_v1/raw/A_clean_held_w0p500_c0p850_s0p400_b0p500.wav,cdb7558c41f1ae73593d5b13e2f2a98093e63e98c45c013876f4077a206239bc,0.5,0.85,0.2,0.0,0.1,0.3,0.8,0.3,0.53125,0.2,0.3,0.4,0.5,0.8500000238418579,0.20000000298023224,0.0,0.10000000149011612,0.30000001192092896,0.800000011920929,0.30000001192092896,0.53125,0.20000000298023224,0.30000001192092896,0.4000000059604645,0.5,0.5,0.20072312653064728,0.08115247371988654,-21.8139647462011,0.11379600015579915,-1.83061046014273e-05,0.00022557666775031848,False,False,False,0.0,504.60723394203484,526.8506372872737,526.4955964433536,1.0,0.3642737162423079
A_clean_held_w0p500_c0p850_s1p000_b0p500,A,main,clean_held,0.5,generation/test_renders/architecture_ab_v1/raw/A_clean_held_w0p500_c0p850_s1p000_b0p500.wav,f68181b1762e8d946b32ad1ece20c5a10f83ff6f19d9bc9f4509c240ddd8ec9d,0.5,0.85,0.2,0.0,0.1,0.3,0.8,0.3,0.53125,0.2,0.3,1.0,0.5,0.8500000238418579,0.20000000298023224,0.0,0.10000000149011612,0.30000001192092896,0.800000011920929,0.30000001192092896,0.53125,0.20000000298023224,0.30000001192092896,1.0,0.5,0.5,0.20072312653064728,0.08127622027535517,-21.800730026332253,0.11396953952370213,-1.8307271620158978e-05,0.00022524757620538818,False,False,False,0.0,511.5266911836772,550.1425618860255,550.155761240118,1.0,0.36371904320664805
B_clean_held_w0p500_c0p850_s0p000_b0p250,B,main,clean_held,0.25,generation/test_renders/architecture_ab_v1/raw/B_clean_held_w0p500_c0p850_s0p000_b0p250.wav,383b52da5c4e410a87b9baaff4b6623afa11a2d62b5ffde0d0139c7cbcfcd01c,0.5,0.85,0.2,0.0,0.1,0.3,0.8,0.3,0.53125,0.2,0.3,0.0,0.5,0.8500000238418579,0.20000000298023224,0.0,0.10000000149011612,0.30000001192092896,0.800000011920929,0.30000001192092896,0.53125,0.20000000298023224,0.30000001192092896,0.0,0.25,0.25,0.20045726001262665,0.08106688695425522,-21.823130079693243,0.11367590251576928,-0.02038610120769847,0.2514726045814739,False,False,True,0.0,550.235795052856,562.2111315784414,561.5028068184498,1.0,0.3646585683761147
B_clean_held_w0p500_c0p850_s0p000_b0p500,B,main,clean_held,0.5,generation/test_renders/architecture_ab_v1/raw/B_clean_held_w0p500_c0p850_s0p000_b0p500.wav,d5039055d09e2ca355f5c53fcc0ccc17ab8e82995df2d976f0b5e73fbeea3d06,0.5,0.85,0.2,0.0,0.1,0.3,0.8,0.3,0.53125,0.2,0.3,0.0,0.5,0.8500000238418579,0.20000000298023224,0.0,0.10000000149011612,0.30000001192092896,0.800000011920929,0.30000001192092896,0.53125,0.20000000298023224,0.30000001192092896,0.0,0.5,0.5,0.20072314143180847,0.08105636297961168,-21.824257741302215,0.11366117306357772,-1.830470730029591e-05,0.000225826901521601,False,False,False,0.0,499.7998277784428,510.1645294982013,509.53813272469307,1.0,0.36470582480330416
B_clean_held_w0p500_c0p850_s0p000_b0p750,B,main,clean_held,0.75,generation/test_renders/architecture_ab_v1/raw/B_clean_held_w0p500_c0p850_s0p000_b0p750.wav,4ecb421408b78a271774bf2e396472888a266fb5d9027ce5c49297808c4db908,0.5,0.85,0.2,0.0,0.1,0.3,0.8,0.3,0.53125,0.2,0.3,0.0,0.5,0.8500000238418579,0.20000000298023224,0.0,0.10000000149011612,0.30000001192092896,0.800000011920929,0.30000001192092896,0.53125,0.20000000298023224,0.30000001192092896,0.0,0.75,0.75,0.20313264429569244,0.08105251664092922,-21.824669919504803,0.11365584592895099,0.02028851859190053,0.25031324667907234,False,False,True,0.0,547.6065711748458,559.850120399019,559.1975741743008,1.0,0.36472291883847674
A_clean_held_w1p000_c0p300_s0p000_b0p500,A,main,clean_held,0.5,generation/test_renders/architecture_ab_v1/raw/A_clean_held_w1p000_c0p300_s0p000_b0p500.wav,1a10d6829c5f348faa28fe30f3d94d50c7882c47a42ee4c2abc98aa15ad9296a,1.0,0.3,0.2,0.0,0.1,0.3,0.8,0.3,0.53125,0.2,0.3,0.0,1.0,0.30000001192092896,0.20000000298023224,0.0,0.10000000149011612,0.30000001192092896,0.800000011920929,0.30000001192092896,0.53125,0.20000000298023224,0.30000001192092896,0.0,0.5,0.5,0.062236763536930084,0.008438028588379663,-41.475180150890054,0.011875554554537576,-0.0018743014896816497,0.22212552020300372,False,False,True,0.0,277.90311093630606,278.30327607449846,278.35376259987606,1.0,3.4906068327078095
A_clean_held_w1p000_c0p300_s0p400_b0p500,A,main,clean_held,0.5,generation/test_renders/architecture_ab_v1/raw/A_clean_held_w1p000_c0p300_s0p400_b0p500.wav,7086b15ee5095b4bfe674946cd41e63b73b3447d7a2114a6730b18823e3eab22,1.0,0.3,0.2,0.0,0.1,0.3,0.8,0.3,0.53125,0.2,0.3,0.4,1.0,0.30000001192092896,0.20000000298023224,0.0,0.10000000149011612,0.30000001192092896,0.800000011920929,0.30000001192092896,0.53125,0.20000000298023224,0.30000001192092896,0.4000000059604645,0.5,0.5,0.062236763536930084,0.01041529988260925,-39.64656442217402,0.014647263810065519,-0.0020226798042484286,0.19420274279627414,False,False,False,0.0,278.0218792801331,277.8797136715448,277.90916745094785,1.0,2.830077508522582
A_clean_held_w1p000_c0p300_s1p000_b0p500,A,main,clean_held,0.5,generation/test_renders/architecture_ab_v1/raw/A_clean_held_w1p000_c0p300_s1p000_b0p500.wav,3a617033b714ee0d7177375e602a7885cb9b4625433ea127bb13ed8f7433fff7,1.0,0.3,0.2,0.0,0.1,0.3,0.8,0.3,0.53125,0.2,0.3,1.0,1.0,0.30000001192092896,0.20000000298023224,0.0,0.10000000149011612,0.30000001192092896,0.800000011920929,0.30000001192092896,0.53125,0.20000000298023224,0.30000001192092896,1.0,0.5,0.5,0.062236763536930084,0.015310281818622791,-36.30033630210751,0.021518430745485064,-0.00237541762998172,0.1551517900272979,False,False,False,0.0,278.4744497061369,278.17269300343855,278.172990455626,1.0,1.9263900960324782
B_clean_held_w1p000_c0p300_s0p000_b0p250,B,main,clean_held,0.25,generation/test_renders/architecture_ab_v1/raw/B_clean_held_w1p000_c0p300_s0p000_b0p250.wav,5251bb1b2c480e507d8d601fcc774a0987781c22319d4d9f7b4e7daca52d27f0,1.0,0.3,0.2,0.0,0.1,0.3,0.8,0.3,0.53125,0.2,0.3,0.0,1.0,0.30000001192092896,0.20000000298023224,0.0,0.10000000149011612,0.30000001192092896,0.800000011920929,0.30000001192092896,0.53125,0.20000000298023224,0.30000001192092896,0.0,0.25,0.25,0.056833066046237946,0.0093151005121963,-40.61624909199093,0.013089712493327113,-0.004942850740317169,0.5306277408220634,False,False,True,0.0,280.2980040979296,280.7702565340855,280.82576581404436,1.0,3.166829820853216
B_clean_held_w1p000_c0p300_s0p000_b0p500,B,main,clean_held,0.5,generation/test_renders/architecture_ab_v1/raw/B_clean_held_w1p000_c0p300_s0p000_b0p500.wav,1d9b2447d3abfb103a3de35ecbd956cf23c4a1ded7222f2bf9431189fc78986b,1.0,0.3,0.2,0.0,0.1,0.3,0.8,0.3,0.53125,0.2,0.3,0.0,1.0,0.30000001192092896,0.20000000298023224,0.0,0.10000000149011612,0.30000001192092896,0.800000011920929,0.30000001192092896,0.53125,0.20000000298023224,0.30000001192092896,0.0,0.5,0.5,0.06223678216338158,0.008438028648474831,-41.475180089029635,0.011875554640464863,-0.0018743017751710355,0.2221255524546974,False,False,True,0.0,277.9031094172773,278.30327799694425,278.353762641982,1.0,3.49060680745102
B_clean_held_w1p000_c0p300_s0p000_b0p750,B,main,clean_held,0.75,generation/test_renders/architecture_ab_v1/raw/B_clean_held_w1p000_c0p300_s0p000_b0p750.wav,4bc9d3c55d7a89a56f2f80e35c43f71a70119d51ca841b238e3248086937759f,1.0,0.3,0.2,0.0,0.1,0.3,0.8,0.3,0.53125,0.2,0.3,0.0,1.0,0.30000001192092896,0.20000000298023224,0.0,0.10000000149011612,0.30000001192092896,0.800000011920929,0.30000001192092896,0.53125,0.20000000298023224,0.30000001192092896,0.0,0.75,0.75,0.056921884417533875,0.008558585099209322,-41.35196053448517,0.012034673814742243,-0.003343271930179054,0.3906337194085877,False,False,True,0.0,279.04153541052546,279.48766737056627,279.54038797395543,1.0,3.4444549564346487
A_clean_held_w1p000_c0p575_s0p000_b0p500,A,main,clean_held,0.5,generation/test_renders/architecture_ab_v1/raw/A_clean_held_w1p000_c0p575_s0p000_b0p500.wav,58e4c00f1c14e4febd541754b428ba7349c064260865c5c034d5aa9809170d28,1.0,0.575,0.2,0.0,0.1,0.3,0.8,0.3,0.53125,0.2,0.3,0.0,1.0,0.574999988079071,0.20000000298023224,0.0,0.10000000149011612,0.30000001192092896,0.800000011920929,0.30000001192092896,0.53125,0.20000000298023224,0.30000001192092896,0.0,0.5,0.5,0.24420811235904694,0.04128796085229845,-27.683531314394152,0.05791099078693109,-0.0029320368346680216,0.07101432897490259,False,False,False,0.0,592.6105960038049,556.2790125126226,554.4729848971695,1.0,0.7158035341301391
A_clean_held_w1p000_c0p575_s0p400_b0p500,A,main,clean_held,0.5,generation/test_renders/architecture_ab_v1/raw/A_clean_held_w1p000_c0p575_s0p400_b0p500.wav,cde0588a6d59f115fc218cfc31ec3f36678317ed47b6eb9de8817813c8d0bc45,1.0,0.575,0.2,0.0,0.1,0.3,0.8,0.3,0.53125,0.2,0.3,0.4,1.0,0.574999988079071,0.20000000298023224,0.0,0.10000000149011612,0.30000001192092896,0.800000011920929,0.30000001192092896,0.53125,0.20000000298023224,0.30000001192092896,0.4000000059604645,0.5,0.5,0.24420811235904694,0.04305572540448814,-27.319381787228785,0.06039120759108038,-0.00277476928003328,0.06444600001429861,False,False,False,0.0,605.5441585626693,601.5128740666182,600.5473768414254,1.0,0.6864060767081875
A_clean_held_w1p000_c0p575_s1p000_b0p500,A,main,clean_held,0.5,generation/test_renders/architecture_ab_v1/raw/A_clean_held_w1p000_c0p575_s1p000_b0p500.wav,9db0b951b8898ef60a564b8b13dcbdb60176325a415d72b29d60c316d50792de,1.0,0.575,0.2,0.0,0.1,0.3,0.8,0.3,0.53125,0.2,0.3,1.0,1.0,0.574999988079071,0.20000000298023224,0.0,0.10000000149011612,0.30000001192092896,0.800000011920929,0.30000001192092896,0.53125,0.20000000298023224,0.30000001192092896,1.0,0.5,0.5,0.24420811235904694,0.04512602705432333,-26.911458011332677,0.06329376693814143,-0.00251242927480034,0.05567583584913964,False,False,False,0.0,623.6432237657918,658.8670176044334,658.8735650829516,1.0,0.6549285004758233
B_clean_held_w1p000_c0p575_s0p000_b0p250,B,main,clean_held,0.25,generation/test_renders/architecture_ab_v1/raw/B_clean_held_w1p000_c0p575_s0p000_b0p250.wav,f52aa61cb0dd2160c977e7559913c07d00e77cd2453b8a3628b72acfc162721c,1.0,0.575,0.2,0.0,0.1,0.3,0.8,0.3,0.53125,0.2,0.3,0.0,1.0,0.574999988079071,0.20000000298023224,0.0,0.10000000149011612,0.30000001192092896,0.800000011920929,0.30000001192092896,0.53125,0.20000000298023224,0.30000001192092896,0.0,0.25,0.25,0.21839293837547302,0.0347058166620707,-29.191954635284034,0.048680549076229776,-0.005942185609872364,0.17121584164784867,False,False,True,0.0,663.3437386375502,609.6516420247517,607.1608179994116,1.0,0.8515288479049682
B_clean_held_w1p000_c0p575_s0p000_b0p500,B,main,clean_held,0.5,generation/test_renders/architecture_ab_v1/raw/B_clean_held_w1p000_c0p575_s0p000_b0p500.wav,d5109bc126f9634a1dfc76ba9c55322f60d7964cb406218f3ead404270d0116a,1.0,0.575,0.2,0.0,0.1,0.3,0.8,0.3,0.53125,0.2,0.3,0.0,1.0,0.574999988079071,0.20000000298023224,0.0,0.10000000149011612,0.30000001192092896,0.800000011920929,0.30000001192092896,0.53125,0.20000000298023224,0.30000001192092896,0.0,0.5,0.5,0.24420814216136932,0.041287961072945654,-27.683531267975845,0.05791099110023621,-0.002932036780311064,0.07101432727886169,False,False,False,0.0,592.6105941056928,556.2790088179405,554.4729885693035,1.0,0.7158035302575598
B_clean_held_w1p000_c0p575_s0p000_b0p750,B,main,clean_held,0.75,generation/test_renders/architecture_ab_v1/raw/B_clean_held_w1p000_c0p575_s0p000_b0p750.wav,8abf532f8856cffecfda483423a7a5daf10d9b841f25fd9b74048cab7b3509fb,1.0,0.575,0.2,0.0,0.1,0.3,0.8,0.3,0.53125,0.2,0.3,0.0,1.0,0.574999988079071,0.20000000298023224,0.0,0.10000000149011612,0.30000001192092896,0.800000011920929,0.30000001192092896,0.53125,0.20000000298023224,0.30000001192092896,0.0,0.75,0.75,0.23429375886917114,0.03817051322812061,-28.36544001262805,0.05353008029935801,-0.004391430536750073,0.11504772048794097,False,False,False,0.0,625.3964381966616,581.444652339279,579.3298712744447,1.0,0.7743850119118979
A_clean_held_w1p000_c0p850_s0p000_b0p500,A,main,clean_held,0.5,generation/test_renders/architecture_ab_v1/raw/A_clean_held_w1p000_c0p850_s0p000_b0p500.wav,55aeb94bdc75553b042377f7da4b4c2b137ae713c02980a6d522c440e78b21b3,1.0,0.85,0.2,0.0,0.1,0.3,0.8,0.3,0.53125,0.2,0.3,0.0,1.0,0.8500000238418579,0.20000000298023224,0.0,0.10000000149011612,0.30000001192092896,0.800000011920929,0.30000001192092896,0.53125,0.20000000298023224,0.30000001192092896,0.0,0.5,0.5,0.2814207673072815,0.04983721110416336,-26.048925376721446,0.06989074527448058,-0.00154639592590193,0.031028941861731614,False,False,False,0.0,935.1319501593457,953.1050757959749,951.766991768018,1.0,0.5931098846845324
A_clean_held_w1p000_c0p850_s0p400_b0p500,A,main,clean_held,0.5,generation/test_renders/architecture_ab_v1/raw/A_clean_held_w1p000_c0p850_s0p400_b0p500.wav,a55082cfe8174c250c13dca4d2aded53cb150a2a7462e352050a7abbc46c55a0,1.0,0.85,0.2,0.0,0.1,0.3,0.8,0.3,0.53125,0.2,0.3,0.4,1.0,0.8500000238418579,0.20000000298023224,0.0,0.10000000149011612,0.30000001192092896,0.800000011920929,0.30000001192092896,0.53125,0.20000000298023224,0.30000001192092896,0.4000000059604645,0.5,0.5,0.2814207673072815,0.05002226095512251,-26.01673364989429,0.07015037988873213,-0.0014973236622006277,0.029933146435423066,False,False,False,0.0,945.6984397198522,988.8317071993214,988.0670467379426,1.0,0.5909147168698591
A_clean_held_w1p000_c0p850_s1p000_b0p500,A,main,clean_held,0.5,generation/test_renders/architecture_ab_v1/raw/A_clean_held_w1p000_c0p850_s1p000_b0p500.wav,ac0b6ed61133c484b341f7620121c5f4b9562af0683d06ff2415743cd7d3959c,1.0,0.85,0.2,0.0,0.1,0.3,0.8,0.3,0.53125,0.2,0.3,1.0,1.0,0.8500000238418579,0.20000000298023224,0.0,0.10000000149011612,0.30000001192092896,0.800000011920929,0.30000001192092896,0.53125,0.20000000298023224,0.30000001192092896,1.0,0.5,0.5,0.2814207673072815,0.050256800061334185,-25.9761033431008,0.07047933305348511,-0.001434397716141845,0.02854136583290786,False,False,False,0.0,961.0248625858383,1039.2702690581943,1039.2994020088374,1.0,0.588156698912085
B_clean_held_w1p000_c0p850_s0p000_b0p250,B,main,clean_held,0.25,generation/test_renders/architecture_ab_v1/raw/B_clean_held_w1p000_c0p850_s0p000_b0p250.wav,34e34c7c06a5e779426a15a1087be79b85cbfc67c6d4414f56424ddd83fc06f2,1.0,0.85,0.2,0.0,0.1,0.3,0.8,0.3,0.53125,0.2,0.3,0.0,1.0,0.8500000238418579,0.20000000298023224,0.0,0.10000000149011612,0.30000001192092896,0.800000011920929,0.30000001192092896,0.53125,0.20000000298023224,0.30000001192092896,0.0,0.25,0.25,0.2775459587574005,0.04447633048156349,-27.03742102804718,0.06238043194310218,-0.00480666136044511,0.10807234563646356,False,False,False,0.0,1116.2345596595878,1136.3066289282733,1134.6345412443566,1.0,0.6645175510819291
B_clean_held_w1p000_c0p850_s0p000_b0p500,B,main,clean_held,0.5,generation/test_renders/architecture_ab_v1/raw/B_clean_held_w1p000_c0p850_s0p000_b0p500.wav,8b8b5f1b481d73845eb26d7a83c965a4188299771bfa1b8fb9741ea321e37026,1.0,0.85,0.2,0.0,0.1,0.3,0.8,0.3,0.53125,0.2,0.3,0.0,1.0,0.8500000238418579,0.20000000298023224,0.0,0.10000000149011612,0.30000001192092896,0.800000011920929,0.30000001192092896,0.53125,0.20000000298023224,0.30000001192092896,0.0,0.5,0.5,0.2814207375049591,0.04983721100343486,-26.048925394276935,0.06989074515133387,-0.0015463959068830926,0.031028941542826552,False,False,False,0.0,935.131971353918,953.1050873864831,951.7669899909272,1.0,0.5931098857295853
B_clean_held_w1p000_c0p850_s0p000_b0p750,B,main,clean_held,0.75,generation/test_renders/architecture_ab_v1/raw/B_clean_held_w1p000_c0p850_s0p000_b0p750.wav,2940bb43b6c774b1fd935501e4029292523e8d4bf3e5d35a8539bc272343b8da,1.0,0.85,0.2,0.0,0.1,0.3,0.8,0.3,0.53125,0.2,0.3,0.0,1.0,0.8500000238418579,0.20000000298023224,0.0,0.10000000149011612,0.30000001192092896,0.800000011920929,0.30000001192092896,0.53125,0.20000000298023224,0.30000001192092896,0.0,0.75,0.75,0.279209703207016,0.047331786338226454,-26.496942092260745,0.06636487462498135,-0.0031093658932027186,0.06569297577284779,False,False,False,0.0,1011.5547926222124,1030.5307190764668,1029.0540289177743,1.0,0.6246209625876296
A_resonant_held_w0p000_c0p300_s0p000_b0p500,A,main,resonant_held,0.5,generation/test_renders/architecture_ab_v1/raw/A_resonant_held_w0p000_c0p300_s0p000_b0p500.wav,1d609ab39045d1cfbf88ed3764997d34cbb3ef32e4b317994f7d9427cd7fc8e1,0.0,0.3,0.75,0.0,0.1,0.3,0.8,0.3,0.53125,0.2,0.3,0.0,0.0,0.30000001192092896,0.75,0.0,0.10000000149011612,0.30000001192092896,0.800000011920929,0.30000001192092896,0.53125,0.20000000298023224,0.30000001192092896,0.0,0.5,0.5,0.15909692645072937,0.015436580851992295,-36.228977760772956,0.021774520021109463,-1.4023342050448388e-05,0.0009084487157425467,False,False,False,0.0,260.9938360530082,261.6205677676322,261.6262459721834,1.0,1.903733897696776
A_resonant_held_w0p000_c0p300_s0p400_b0p500,A,main,resonant_held,0.5,generation/test_renders/architecture_ab_v1/raw/A_resonant_held_w0p000_c0p300_s0p400_b0p500.wav,0ac2d1882437d0c3e97265fafa0e2a8903ad844774bd142a2468239314dbe866,0.0,0.3,0.75,0.0,0.1,0.3,0.8,0.3,0.53125,0.2,0.3,0.4,0.0,0.30000001192092896,0.75,0.0,0.10000000149011612,0.30000001192092896,0.800000011920929,0.30000001192092896,0.53125,0.20000000298023224,0.30000001192092896,0.4000000059604645,0.5,0.5,0.15909692645072937,0.01883756562365994,-34.49950443481365,0.026539710176965343,-1.4022719191289793e-05,0.0007444018760936545,False,False,False,0.0,261.12824161664423,261.62022604157903,261.6271602918013,1.0,1.5619195384522881
A_resonant_held_w0p000_c0p300_s1p000_b0p500,A,main,resonant_held,0.5,generation/test_renders/architecture_ab_v1/raw/A_resonant_held_w0p000_c0p300_s1p000_b0p500.wav,0df25b581e5cb24df6ba4dc32dbe19eb7e62f178d69da600e22a8fe2ef6b6cf0,0.0,0.3,0.75,0.0,0.1,0.3,0.8,0.3,0.53125,0.2,0.3,1.0,0.0,0.30000001192092896,0.75,0.0,0.10000000149011612,0.30000001192092896,0.800000011920929,0.30000001192092896,0.53125,0.20000000298023224,0.30000001192092896,1.0,0.5,0.5,0.15909692645072937,0.03238408657364144,-29.793366963167767,0.04556235828220419,-1.3991248546394903e-05,0.00043204085792504266,False,False,False,0.0,261.41362005974423,261.63713480011546,261.63759474914445,1.0,0.909805669265674
B_resonant_held_w0p000_c0p300_s0p000_b0p250,B,main,resonant_held,0.25,generation/test_renders/architecture_ab_v1/raw/B_resonant_held_w0p000_c0p300_s0p000_b0p250.wav,03f25b8de4e0d673400a72f888b5b3ae35e7736f0e97ba480188f4f0fa2b8a68,0.0,0.3,0.75,0.0,0.1,0.3,0.8,0.3,0.53125,0.2,0.3,0.0,0.0,0.30000001192092896,0.75,0.0,0.10000000149011612,0.30000001192092896,0.800000011920929,0.30000001192092896,0.53125,0.20000000298023224,0.30000001192092896,0.0,0.25,0.25,0.15843768417835236,0.01671893369234822,-35.53582849284017,0.02354500962767934,-0.00649001772620346,0.388183711092398,False,False,True,0.0,261.3293697422621,262.4723659727268,262.4851553669611,1.0,1.7605807993185736
B_resonant_held_w0p000_c0p300_s0p000_b0p500,B,main,resonant_held,0.5,generation/test_renders/architecture_ab_v1/raw/B_resonant_held_w0p000_c0p300_s0p000_b0p500.wav,77e7f0f886fd4b91753d5becbe7a7014f3d3ed2a7da3aabb6f5b6441ec873461,0.0,0.3,0.75,0.0,0.1,0.3,0.8,0.3,0.53125,0.2,0.3,0.0,0.0,0.30000001192092896,0.75,0.0,0.10000000149011612,0.30000001192092896,0.800000011920929,0.30000001192092896,0.53125,0.20000000298023224,0.30000001192092896,0.0,0.5,0.5,0.15909691154956818,0.015436580682343434,-36.22897785623135,0.021774519788566052,-1.402342450361408e-05,0.0009084540671402871,False,False,False,0.0,260.9938356073682,261.62056775588485,261.6262459850419,1.0,1.9037339180279145
B_resonant_held_w0p000_c0p300_s0p000_b0p750,B,main,resonant_held,0.75,generation/test_renders/architecture_ab_v1/raw/B_resonant_held_w0p000_c0p300_s0p000_b0p750.wav,4c2b2dff90f1cc41d98c72546facef33f942bb08c497ae7d9a1f8dec7a8ab0f9,0.0,0.3,0.75,0.0,0.1,0.3,0.8,0.3,0.53125,0.2,0.3,0.0,0.0,0.30000001192092896,0.75,0.0,0.10000000149011612,0.30000001192092896,0.800000011920929,0.30000001192092896,0.53125,0.20000000298023224,0.30000001192092896,0.0,0.75,0.75,0.16064013540744781,0.01691401224120571,-35.43506718863971,0.02381325340588305,0.006715894194616997,0.39706097517511646,False,False,True,0.0,261.4573274953223,262.5382291352403,262.55047690100633,1.0,1.7407487823575714
A_resonant_held_w0p000_c0p575_s0p000_b0p500,A,main,resonant_held,0.5,generation/test_renders/architecture_ab_v1/raw/A_resonant_held_w0p000_c0p575_s0p000_b0p500.wav,9de2ca7de7a3cd18812fec4d270164546f56382cbee1b27ac2155183b5d7eaf5,0.0,0.575,0.75,0.0,0.1,0.3,0.8,0.3,0.53125,0.2,0.3,0.0,0.0,0.574999988079071,0.75,0.0,0.10000000149011612,0.30000001192092896,0.800000011920929,0.30000001192092896,0.53125,0.20000000298023224,0.30000001192092896,0.0,0.5,0.5,0.18960677087306976,0.036313357540175416,-28.7986718855494,0.05093210260586991,-1.5081839740473802e-05,0.0004153248490941096,False,False,False,0.0,261.82417188548044,261.7773564164723,261.78668563898367,1.0,0.8138853443974209
A_resonant_held_w0p000_c0p575_s0p400_b0p500,A,main,resonant_held,0.5,generation/test_renders/architecture_ab_v1/raw/A_resonant_held_w0p000_c0p575_s0p400_b0p500.wav,17a110f06c47eaf4182e26c66cd3ccc6f2a080d0a9bee7dbd94dcb4ca0aceedf,0.0,0.575,0.75,0.0,0.1,0.3,0.8,0.3,0.53125,0.2,0.3,0.4,0.0,0.574999988079071,0.75,0.0,0.10000000149011612,0.30000001192092896,0.800000011920929,0.30000001192092896,0.53125,0.20000000298023224,0.30000001192092896,0.4000000059604645,0.5,0.5,0.18960677087306976,0.0355594006212642,-28.980911359588415,0.0498748444155771,-1.5080366541594668e-05,0.0004240894469007654,False,False,False,0.0,261.8236930081105,261.66941892850394,261.67091852704624,1.0,0.8311382693219285
A_resonant_held_w0p000_c0p575_s1p000_b0p500,A,main,resonant_held,0.5,generation/test_renders/architecture_ab_v1/raw/A_resonant_held_w0p000_c0p575_s1p000_b0p500.wav,6838d287839ba9cc44306f2d70cf1f931b29258c0395e1ebadeae8d880eabce8,0.0,0.575,0.75,0.0,0.1,0.3,0.8,0.3,0.53125,0.2,0.3,1.0,0.0,0.574999988079071,0.75,0.0,0.10000000149011612,0.30000001192092896,0.800000011920929,0.30000001192092896,0.53125,0.20000000298023224,0.30000001192092896,1.0,0.5,0.5,0.18960677087306976,0.03486996910970908,-29.15096874705393,0.04890921255924898,-1.507875089923866e-05,0.00043242799704804383,False,False,False,0.0,261.82685263984973,261.6430782133875,261.6430626509813,1.0,0.8475477256978297
B_resonant_held_w0p000_c0p575_s0p000_b0p250,B,main,resonant_held,0.25,generation/test_renders/architecture_ab_v1/raw/B_resonant_held_w0p000_c0p575_s0p000_b0p250.wav,87396ea253d97a4446c3434ea877bb505235bd99a35925199c98f73af9c29ddd,0.0,0.575,0.75,0.0,0.1,0.3,0.8,0.3,0.53125,0.2,0.3,0.0,0.0,0.574999988079071,0.75,0.0,0.10000000149011612,0.30000001192092896,0.800000011920929,0.30000001192092896,0.53125,0.20000000298023224,0.30000001192092896,0.0,0.25,0.25,0.18503086268901825,0.036973281803035773,-28.642239981941827,0.051857447281361504,-0.006794523596315988,0.18376847455716275,False,False,True,0.0,336.5452753029734,334.9911963665222,335.3315646182521,1.0,0.7993623682506662
B_resonant_held_w0p000_c0p575_s0p000_b0p500,B,main,resonant_held,0.5,generation/test_renders/architecture_ab_v1/raw/B_resonant_held_w0p000_c0p575_s0p000_b0p500.wav,de6e07b695b4163ae1879f5324d9b6e54bfd8cc61f2b444c7641c81c55075df7,0.0,0.575,0.75,0.0,0.1,0.3,0.8,0.3,0.53125,0.2,0.3,0.0,0.0,0.574999988079071,0.75,0.0,0.10000000149011612,0.30000001192092896,0.800000011920929,0.30000001192092896,0.53125,0.20000000298023224,0.30000001192092896,0.0,0.5,0.5,0.18960675597190857,0.03631335702378112,-28.798672009067143,0.050932101907575314,-1.508179355486683e-05,0.0004153235831374656,False,False,False,0.0,261.82417235900806,261.77735603368285,261.7866850670682,1.0,0.8138853555560362
B_resonant_held_w0p000_c0p575_s0p000_b0p750,B,main,resonant_held,0.75,generation/test_renders/architecture_ab_v1/raw/B_resonant_held_w0p000_c0p575_s0p000_b0p750.wav,a6f68ab2f48d2bc450c25b791a177264262076ef2af14ed8d9abc46f19180e43,0.0,0.575,0.75,0.0,0.1,0.3,0.8,0.3,0.53125,0.2,0.3,0.0,0.0,0.574999988079071,0.75,0.0,0.10000000149011612,0.30000001192092896,0.800000011920929,0.30000001192092896,0.53125,0.20000000298023224,0.30000001192092896,0.0,0.75,0.75,0.20273734629154205,0.03663453456199913,-28.722186435134702,0.05137563005895141,0.006903169625114857,0.18843339236184783,False,False,True,0.0,326.851559488867,328.0163635384303,328.6550707337424,1.0,0.80685904625788
A_resonant_held_w0p000_c0p850_s0p000_b0p500,A,main,resonant_held,0.5,generation/test_renders/architecture_ab_v1/raw/A_resonant_held_w0p000_c0p850_s0p000_b0p500.wav,aa716666149e58e50a38b4e3db86abe5c6a03267cb937441ccac7d00ebc10480,0.0,0.85,0.75,0.0,0.1,0.3,0.8,0.3,0.53125,0.2,0.3,0.0,0.0,0.8500000238418579,0.75,0.0,0.10000000149011612,0.30000001192092896,0.800000011920929,0.30000001192092896,0.53125,0.20000000298023224,0.30000001192092896,0.0,0.5,0.5,0.12283919751644135,0.03340082282718911,-29.524856684783014,0.046842111637804704,-9.046864301368788e-06,0.0002708575279170791,False,False,False,0.0,261.65974792687274,261.62948394933784,261.62960179251144,1.0,0.884949256574675
A_resonant_held_w0p000_c0p850_s0p400_b0p500,A,main,resonant_held,0.5,generation/test_renders/architecture_ab_v1/raw/A_resonant_held_w0p000_c0p850_s0p400_b0p500.wav,7b681b9f8a8df05c6a65ffe09602a15750b4a933d2ee759040b1b41ffb74e3ec,0.0,0.85,0.75,0.0,0.1,0.3,0.8,0.3,0.53125,0.2,0.3,0.4,0.0,0.8500000238418579,0.75,0.0,0.10000000149011612,0.30000001192092896,0.800000011920929,0.30000001192092896,0.53125,0.20000000298023224,0.30000001192092896,0.4000000059604645,0.5,0.5,0.12283919751644135,0.03339602148375012,-29.526105364708766,0.0468353794854223,-9.04690930067501e-06,0.00027089781652814743,False,False,False,0.0,261.6600987674875,261.6291462185487,261.6292070099119,1.0,0.8850764598409111
A_resonant_held_w0p000_c0p850_s1p000_b0p500,A,main,resonant_held,0.5,generation/test_renders/architecture_ab_v1/raw/A_resonant_held_w0p000_c0p850_s1p000_b0p500.wav,735091f38069624d78a396216fdb8dcba2aaa98de2eb6b3181322ca66e2f300b,0.0,0.85,0.75,0.0,0.1,0.3,0.8,0.3,0.53125,0.2,0.3,1.0,0.0,0.8500000238418579,0.75,0.0,0.10000000149011612,0.30000001192092896,0.800000011920929,0.30000001192092896,0.53125,0.20000000298023224,0.30000001192092896,1.0,0.5,0.5,0.12283919751644135,0.0333945612650103,-29.52648515773651,0.04683334832894041,-9.046956106970371e-06,0.00027091106348654044,False,False,False,0.0,261.66056725997396,261.62870860553744,261.6287051589325,1.0,0.8851148454966995
B_resonant_held_w0p000_c0p850_s0p000_b0p250,B,main,resonant_held,0.25,generation/test_renders/architecture_ab_v1/raw/B_resonant_held_w0p000_c0p850_s0p000_b0p250.wav,091b9ce764d82dea26052637ab92b3ce0e978151bd0146f2dc10f8ba34f2d266,0.0,0.85,0.75,0.0,0.1,0.3,0.8,0.3,0.53125,0.2,0.3,0.0,0.0,0.8500000238418579,0.75,0.0,0.10000000149011612,0.30000001192092896,0.800000011920929,0.30000001192092896,0.53125,0.20000000298023224,0.30000001192092896,0.0,0.25,0.25,0.15313720703125,0.0325865817914342,-29.73922385972141,0.045703481256959354,-0.0068235108499977186,0.2093963366170356,False,False,True,0.0,290.9908281299394,288.8843017568545,288.90584967130786,1.0,0.9069963759916232
B_resonant_held_w0p000_c0p850_s0p000_b0p500,B,main,resonant_held,0.5,generation/test_renders/architecture_ab_v1/raw/B_resonant_held_w0p000_c0p850_s0p000_b0p500.wav,a07b37007fced1f8e37d922c6827b89e10a5d72b9c4437904796c999026b6f8b,0.0,0.85,0.75,0.0,0.1,0.3,0.8,0.3,0.53125,0.2,0.3,0.0,0.0,0.8500000238418579,0.75,0.0,0.10000000149011612,0.30000001192092896,0.800000011920929,0.30000001192092896,0.53125,0.20000000298023224,0.30000001192092896,0.0,0.5,0.5,0.12283919751644135,0.03340082275531215,-29.524856703474626,0.04684211153987833,-9.046854130337812e-06,0.0002708572239855672,False,False,False,0.0,261.65974791682623,261.62948394438814,261.6296017936607,1.0,0.884949258424717
B_resonant_held_w0p000_c0p850_s0p000_b0p750,B,main,resonant_held,0.75,generation/test_renders/architecture_ab_v1/raw/B_resonant_held_w0p000_c0p850_s0p000_b0p750.wav,d2e9515f2a30e2b4458d72dcf0039394baf86b59d8367edd5e9ab50b30c5e9ea,0.0,0.85,0.75,0.0,0.1,0.3,0.8,0.3,0.53125,0.2,0.3,0.0,0.0,0.8500000238418579,0.75,0.0,0.10000000149011612,0.30000001192092896,0.800000011920929,0.30000001192092896,0.53125,0.20000000298023224,0.30000001192092896,0.0,0.75,0.75,0.1484781801700592,0.03255354219852736,-29.748034966139592,0.04565253993717127,0.006812422830499098,0.20926825071611638,False,False,True,0.0,290.2644358277156,288.6961658104738,288.7145619970638,1.0,0.9080084465686296
A_resonant_held_w0p500_c0p300_s0p000_b0p500,A,main,resonant_held,0.5,generation/test_renders/architecture_ab_v1/raw/A_resonant_held_w0p500_c0p300_s0p000_b0p500.wav,1649711fb59b84ea624aa198e0d785ddc0477d1384ba9f9d4c633d86b6afc1d4,0.5,0.3,0.75,0.0,0.1,0.3,0.8,0.3,0.53125,0.2,0.3,0.0,0.5,0.30000001192092896,0.75,0.0,0.10000000149011612,0.30000001192092896,0.800000011920929,0.30000001192092896,0.53125,0.20000000298023224,0.30000001192092896,0.0,0.5,0.5,0.1892370581626892,0.018396782443219288,-34.70516254996815,0.025942693855233012,-1.6725674931141835e-05,0.0009091630551573222,False,False,False,0.0,261.1121449125883,262.0677542828841,262.08215429932864,1.0,1.5978638186759297
A_resonant_held_w0p500_c0p300_s0p400_b0p500,A,main,resonant_held,0.5,generation/test_renders/architecture_ab_v1/raw/A_resonant_held_w0p500_c0p300_s0p400_b0p500.wav,babc159a8a87986df67fd4c261d1a60e7d7004906174933f6e6533d7b31570a6,0.5,0.3,0.75,0.0,0.1,0.3,0.8,0.3,0.53125,0.2,0.3,0.4,0.5,0.30000001192092896,0.75,0.0,0.10000000149011612,0.30000001192092896,0.800000011920929,0.30000001192092896,0.53125,0.20000000298023224,0.30000001192092896,0.4000000059604645,0.5,0.5,0.1892370581626892,0.022672949590316193,-32.88983955117881,0.03193416478012277,-1.672248355183002e-05,0.0007375521868126206,False,False,False,0.0,261.24777140812637,261.9374285448766,261.9516732287648,1.0,1.298073463191538
A_resonant_held_w0p500_c0p300_s1p000_b0p500,A,main,resonant_held,0.5,generation/test_renders/architecture_ab_v1/raw/A_resonant_held_w0p500_c0p300_s1p000_b0p500.wav,f82e5ffce9ccbdfb73b7aa7a4945d690c572dfb5e889e99d3800e1ae5adbdea1,0.5,0.3,0.75,0.0,0.1,0.3,0.8,0.3,0.53125,0.2,0.3,1.0,0.5,0.30000001192092896,0.75,0.0,0.10000000149011612,0.30000001192092896,0.800000011920929,0.30000001192092896,0.53125,0.20000000298023224,0.30000001192092896,1.0,0.5,0.5,0.1892370581626892,0.03839124575546099,-28.315355905115002,0.05400166460666902,-1.668097343044637e-05,0.0004344994048043771,False,False,False,0.0,261.547574383404,261.7611296258545,261.76170806777645,1.0,0.767622482977014
B_resonant_held_w0p500_c0p300_s0p000_b0p250,B,main,resonant_held,0.25,generation/test_renders/architecture_ab_v1/raw/B_resonant_held_w0p500_c0p300_s0p000_b0p250.wav,869a9d065c85edb10f767c4841df4f65aeac98aa191719893a23486d7ef36e2d,0.5,0.3,0.75,0.0,0.1,0.3,0.8,0.3,0.53125,0.2,0.3,0.0,0.5,0.30000001192092896,0.75,0.0,0.10000000149011612,0.30000001192092896,0.800000011920929,0.30000001192092896,0.53125,0.20000000298023224,0.30000001192092896,0.0,0.25,0.25,0.18639662861824036,0.022615309361743482,-32.91194934060386,0.031810035519250504,-0.011309258683709791,0.5000709255315677,False,False,True,0.0,262.3519495664112,264.61149764540926,264.64605523958335,1.0,1.303138811183569
B_resonant_held_w0p500_c0p300_s0p000_b0p500,B,main,resonant_held,0.5,generation/test_renders/architecture_ab_v1/raw/B_resonant_held_w0p500_c0p300_s0p000_b0p500.wav,56186274d806a97f7f703d28ea6e686ac19afeafcc02938463cf6670579d0321,0.5,0.3,0.75,0.0,0.1,0.3,0.8,0.3,0.53125,0.2,0.3,0.0,0.5,0.30000001192092896,0.75,0.0,0.10000000149011612,0.30000001192092896,0.800000011920929,0.30000001192092896,0.53125,0.20000000298023224,0.30000001192092896,0.0,0.5,0.5,0.1892370730638504,0.018396782870972087,-34.70516234800819,0.0259426944585074,-1.672544291872149e-05,0.0009091504224421886,False,False,False,0.0,261.112145232911,262.0677542327112,262.08215405915786,1.0,1.5978637815190218
B_resonant_held_w0p500_c0p300_s0p000_b0p750,B,main,resonant_held,0.75,generation/test_renders/architecture_ab_v1/raw/B_resonant_held_w0p500_c0p300_s0p000_b0p750.wav,d7c4eb3c382299e432f2a16151882196c66423b5044228050fd89c033e3344a1,0.5,0.3,0.75,0.0,0.1,0.3,0.8,0.3,0.53125,0.2,0.3,0.0,0.5,0.30000001192092896,0.75,0.0,0.10000000149011612,0.30000001192092896,0.800000011920929,0.30000001192092896,0.53125,0.20000000298023224,0.30000001192092896,0.0,0.75,0.75,0.19167035818099976,0.022570967510623045,-32.928996487457624,0.031738091344597666,0.011270511626997359,0.4993366643097104,False,False,True,0.0,262.3580030201782,264.6023210323581,264.6367391943993,1.0,1.3060927772935895
A_resonant_held_w0p500_c0p575_s0p000_b0p500,A,main,resonant_held,0.5,generation/test_renders/architecture_ab_v1/raw/A_resonant_held_w0p500_c0p575_s0p000_b0p500.wav,c5efd59be0d27c45bc468d5d1eacc822e137f26d96a67b45f7a04659e3163765,0.5,0.575,0.75,0.0,0.1,0.3,0.8,0.3,0.53125,0.2,0.3,0.0,0.5,0.574999988079071,0.75,0.0,0.10000000149011612,0.30000001192092896,0.800000011920929,0.30000001192092896,0.53125,0.20000000298023224,0.30000001192092896,0.0,0.5,0.5,0.2097441405057907,0.05542945959819229,-25.12518710961105,0.07770959216587826,-1.876136438312848e-05,0.0003384727998275549,False,False,False,0.0,476.1328529473131,476.4210756933949,478.81594896429937,1.0,0.5334333988238955
A_resonant_held_w0p500_c0p575_s0p400_b0p500,A,main,resonant_held,0.5,generation/test_renders/architecture_ab_v1/raw/A_resonant_held_w0p500_c0p575_s0p400_b0p500.wav,a2596b721b1c5a0795668a4dd9dbddf93d405d3cbfc9ca385df15a3a73625622,0.5,0.575,0.75,0.0,0.1,0.3,0.8,0.3,0.53125,0.2,0.3,0.4,0.5,0.574999988079071,0.75,0.0,0.10000000149011612,0.30000001192092896,0.800000011920929,0.30000001192092896,0.53125,0.20000000298023224,0.30000001192092896,0.4000000059604645,0.5,0.5,0.2097441405057907,0.0517039525839938,-25.729525107249714,0.07250196501339348,-1.8773793755930417e-05,0.0003631017130737176,False,False,False,0.0,517.1429507705845,461.8381740478278,459.7300245186541,1.0,0.5717485293344188
A_resonant_held_w0p500_c0p575_s1p000_b0p500,A,main,resonant_held,0.5,generation/test_renders/architecture_ab_v1/raw/A_resonant_held_w0p500_c0p575_s1p000_b0p500.wav,352a0fb9e7524d64675e3274e3184a597f28aa6807e58ed968d4f5a9b918c8d8,0.5,0.575,0.75,0.0,0.1,0.3,0.8,0.3,0.53125,0.2,0.3,1.0,0.5,0.574999988079071,0.75,0.0,0.10000000149011612,0.30000001192092896,0.800000011920929,0.30000001192092896,0.53125,0.20000000298023224,0.30000001192092896,1.0,0.5,0.5,0.2097441405057907,0.052809836859014955,-25.545703482776595,0.07405217073338732,-1.8769312763191247e-05,0.0003554131934415778,False,False,False,0.0,548.0694225515895,584.5144242051288,584.4941568003564,1.0,0.5597795643223955
B_resonant_held_w0p500_c0p575_s0p000_b0p250,B,main,resonant_held,0.25,generation/test_renders/architecture_ab_v1/raw/B_resonant_held_w0p500_c0p575_s0p000_b0p250.wav,661c3a2ad4fb242a1d43d9ed438d6593fc603b5c1aa7f44b099624b3bd86cddf,0.5,0.575,0.75,0.0,0.1,0.3,0.8,0.3,0.53125,0.2,0.3,0.0,0.5,0.574999988079071,0.75,0.0,0.10000000149011612,0.30000001192092896,0.800000011920929,0.30000001192092896,0.53125,0.20000000298023224,0.30000001192092896,0.0,0.25,0.25,0.21277979016304016,0.05173643172889655,-25.724070559119237,0.07257176813428533,-0.011958248941868215,0.2311378760044854,False,False,True,0.0,544.8196951496703,458.1415147037111,451.8605929988027,1.0,0.5711985932816135
B_resonant_held_w0p500_c0p575_s0p000_b0p500,B,main,resonant_held,0.5,generation/test_renders/architecture_ab_v1/raw/B_resonant_held_w0p500_c0p575_s0p000_b0p500.wav,42bd559107d5c140feab1abe658bb38f9dec45ed101399cbf68b28137a0e27d9,0.5,0.575,0.75,0.0,0.1,0.3,0.8,0.3,0.53125,0.2,0.3,0.0,0.5,0.574999988079071,0.75,0.0,0.10000000149011612,0.30000001192092896,0.800000011920929,0.30000001192092896,0.53125,0.20000000298023224,0.30000001192092896,0.0,0.5,0.5,0.2097441852092743,0.05542945945005394,-25.12518713282458,0.0777095919559138,-1.876143199104069e-05,0.0003384740204429764,False,False,False,0.0,476.13285378356983,476.421073321739,478.8159434696464,1.0,0.5334334002651855
B_resonant_held_w0p500_c0p575_s0p000_b0p750,B,main,resonant_held,0.75,generation/test_renders/architecture_ab_v1/raw/B_resonant_held_w0p500_c0p575_s0p000_b0p750.wav,9037c6bd2702466315372766470f28fb09c6ccee0bcd5a907e292da6c14fdc3c,0.5,0.575,0.75,0.0,0.1,0.3,0.8,0.3,0.53125,0.2,0.3,0.0,0.5,0.574999988079071,0.75,0.0,0.10000000149011612,0.30000001192092896,0.800000011920929,0.30000001192092896,0.53125,0.20000000298023224,0.30000001192092896,0.0,0.75,0.75,0.21890032291412354,0.0517373204505418,-25.723921355326635,0.07256524279726059,0.011905438202483257,0.23011315813821936,False,False,True,0.0,544.8088658134064,458.1247561152155,451.8228307532564,1.0,0.57124995758752
A_resonant_held_w0p500_c0p850_s0p000_b0p500,A,main,resonant_held,0.5,generation/test_renders/architecture_ab_v1/raw/A_resonant_held_w0p500_c0p850_s0p000_b0p500.wav,1514a04fd35da28d92e93c83bdd2843b97d8eee05be95fdf06e267e635a9175b,0.5,0.85,0.75,0.0,0.1,0.3,0.8,0.3,0.53125,0.2,0.3,0.0,0.5,0.8500000238418579,0.75,0.0,0.10000000149011612,0.30000001192092896,0.800000011920929,0.30000001192092896,0.53125,0.20000000298023224,0.30000001192092896,0.0,0.5,0.5,0.20539744198322296,0.048336192859617544,-26.314551184969112,0.06778288213220254,-1.133007684482775e-05,0.00023440151519035874,False,False,False,0.0,839.9993661074575,868.6697266079767,868.1316921261346,1.0,0.6115539877666195
A_resonant_held_w0p500_c0p850_s0p400_b0p500,A,main,resonant_held,0.5,generation/test_renders/architecture_ab_v1/raw/A_resonant_held_w0p500_c0p850_s0p400_b0p500.wav,6f20add9cb7142f0867ea4862e709b6f5b50709e2036cc2fba46c81c32f09b76,0.5,0.85,0.75,0.0,0.1,0.3,0.8,0.3,0.53125,0.2,0.3,0.4,0.5,0.8500000238418579,0.75,0.0,0.10000000149011612,0.30000001192092896,0.800000011920929,0.30000001192092896,0.53125,0.20000000298023224,0.30000001192092896,0.4000000059604645,0.5,0.5,0.20539744198322296,0.048149537290310504,-26.348157640458894,0.06752111314052994,-1.1330628127317478e-05,0.00023532164097447362,False,False,False,0.0,843.2875182150198,881.0711254877855,880.8157611140539,1.0,0.6139248887083419
A_resonant_held_w0p500_c0p850_s1p000_b0p500,A,main,resonant_held,0.5,generation/test_renders/architecture_ab_v1/raw/A_resonant_held_w0p500_c0p850_s1p000_b0p500.wav,a303d508925d67f9a8c6b6a43e78260bf84bea5d1ebe9a4927aaa188dfe02465,0.5,0.85,0.75,0.0,0.1,0.3,0.8,0.3,0.53125,0.2,0.3,1.0,0.5,0.8500000238418579,0.75,0.0,0.10000000149011612,0.30000001192092896,0.800000011920929,0.30000001192092896,0.53125,0.20000000298023224,0.30000001192092896,1.0,0.5,0.5,0.20539744198322296,0.04792899618211575,-26.38803333426113,0.06721201903789922,-1.1331064924772188e-05,0.00023641356647065078,False,False,False,0.0,847.2848521654738,895.3981361427342,895.4047932932137,1.0,0.6167482016406757
B_resonant_held_w0p500_c0p850_s0p000_b0p250,B,main,resonant_held,0.25,generation/test_renders/architecture_ab_v1/raw/B_resonant_held_w0p500_c0p850_s0p000_b0p250.wav,aa87fdb1b5b79d4b7fb2cec3ca48725786ffb6f216d381bc7c23b67a85569891,0.5,0.85,0.75,0.0,0.1,0.3,0.8,0.3,0.53125,0.2,0.3,0.0,0.5,0.8500000238418579,0.75,0.0,0.10000000149011612,0.30000001192092896,0.800000011920929,0.30000001192092896,0.53125,0.20000000298023224,0.30000001192092896,0.0,0.25,0.25,0.20904038846492767,0.04845954495549047,-26.292413365772713,0.06795691026588208,-0.011731829739550453,0.24209533437274333,False,False,True,0.0,953.2069785065618,990.2180858905549,989.3057921120749,1.0,0.6099878836174034
B_resonant_held_w0p500_c0p850_s0p000_b0p500,B,main,resonant_held,0.5,generation/test_renders/architecture_ab_v1/raw/B_resonant_held_w0p500_c0p850_s0p000_b0p500.wav,008c8ed226c50c28fc1d9a79463ef185eb8cb8ae76c91466251f7fb3a7d21ef3,0.5,0.85,0.75,0.0,0.1,0.3,0.8,0.3,0.53125,0.2,0.3,0.0,0.5,0.8500000238418579,0.75,0.0,0.10000000149011612,0.30000001192092896,0.800000011920929,0.30000001192092896,0.53125,0.20000000298023224,0.30000001192092896,0.0,0.5,0.5,0.20539745688438416,0.04833619273769696,-26.31455120687793,0.06778288194518782,-1.133012045412396e-05,0.00023440241798952655,False,False,False,0.0,839.9994232794782,868.6697437450011,868.1317013542948,1.0,0.6115539894539128
B_resonant_held_w0p500_c0p850_s0p000_b0p750,B,main,resonant_held,0.75,generation/test_renders/architecture_ab_v1/raw/B_resonant_held_w0p500_c0p850_s0p000_b0p750.wav,85607c99170666e34cb34b01c815bf6e15e04a6fd46e77430eb2a7d0d6427ebc,0.5,0.85,0.75,0.0,0.1,0.3,0.8,0.3,0.53125,0.2,0.3,0.0,0.5,0.8500000238418579,0.75,0.0,0.10000000149011612,0.30000001192092896,0.800000011920929,0.30000001192092896,0.53125,0.20000000298023224,0.30000001192092896,0.0,0.75,0.75,0.2045428454875946,0.048401401443010535,-26.30284126704785,0.06787447141201505,0.011675394778964662,0.24122018021960936,False,False,True,0.0,932.8556206794921,970.3053864006808,969.8065305862402,1.0,0.6107287616080833
A_resonant_held_w1p000_c0p300_s0p000_b0p500,A,main,resonant_held,0.5,generation/test_renders/architecture_ab_v1/raw/A_resonant_held_w1p000_c0p300_s0p000_b0p500.wav,aeb57f88f208f14ec20a6de9f8c014fb4eab4de97d758de0146cde463cba7719,1.0,0.3,0.75,0.0,0.1,0.3,0.8,0.3,0.53125,0.2,0.3,0.0,1.0,0.30000001192092896,0.75,0.0,0.10000000149011612,0.30000001192092896,0.800000011920929,0.30000001192092896,0.53125,0.20000000298023224,0.30000001192092896,0.0,0.5,0.5,0.11023174226284027,0.008555840872982029,-41.35474602625629,0.01207521658626014,-0.0003502126724082945,0.04093258367090602,False,False,False,0.0,266.0577616996157,274.6128740461728,274.71619724788485,1.0,3.432890132789057
A_resonant_held_w1p000_c0p300_s0p400_b0p500,A,main,resonant_held,0.5,generation/test_renders/architecture_ab_v1/raw/A_resonant_held_w1p000_c0p300_s0p400_b0p500.wav,8c359b5f1f8e6ea299911e28bb8feaa98f338a7cc9efffde24b194171826f89e,1.0,0.3,0.75,0.0,0.1,0.3,0.8,0.3,0.53125,0.2,0.3,0.4,1.0,0.30000001192092896,0.75,0.0,0.10000000149011612,0.30000001192092896,0.800000011920929,0.30000001192092896,0.53125,0.20000000298023224,0.30000001192092896,0.4000000059604645,0.5,0.5,0.11023174226284027,0.010122030076117785,-39.89464753166775,0.014268982654273945,-0.00035765895666155467,0.03533470598012011,False,False,False,0.0,266.18676228530484,272.25728747312974,272.336148572652,1.0,2.905104931068575
A_resonant_held_w1p000_c0p300_s1p000_b0p500,A,main,resonant_held,0.5,generation/test_renders/architecture_ab_v1/raw/A_resonant_held_w1p000_c0p300_s1p000_b0p500.wav,d57f5ae1ea118101b41fe9ddc5ae17f4b760306da813faee6e24f8e996ccbdf0,1.0,0.3,0.75,0.0,0.1,0.3,0.8,0.3,0.53125,0.2,0.3,1.0,1.0,0.30000001192092896,0.75,0.0,0.10000000149011612,0.30000001192092896,0.800000011920929,0.30000001192092896,0.53125,0.20000000298023224,0.30000001192092896,1.0,0.5,0.5,0.11023174226284027,0.017336998283370018,-35.22052187631596,0.024402435877051966,-0.00044368037983937865,0.025591533931509088,False,False,False,0.0,266.02144537937886,267.4047633622506,267.4055901366647,1.0,1.698719426171937
B_resonant_held_w1p000_c0p300_s0p000_b0p250,B,main,resonant_held,0.25,generation/test_renders/architecture_ab_v1/raw/B_resonant_held_w1p000_c0p300_s0p000_b0p250.wav,43ccc6c2a7972a8611e91ff75df719c77bc394b312e9f853c295c9bf885444fd,1.0,0.3,0.75,0.0,0.1,0.3,0.8,0.3,0.53125,0.2,0.3,0.0,1.0,0.30000001192092896,0.75,0.0,0.10000000149011612,0.30000001192092896,0.800000011920929,0.30000001192092896,0.53125,0.20000000298023224,0.30000001192092896,0.0,0.25,0.25,0.09567402303218842,0.007470356330638751,-42.533173643104895,0.01053369444992615,-0.0022519528042951476,0.30145185913810285,False,False,True,0.0,266.47168217383006,276.52114682053696,276.63928966014623,1.0,3.9352662133230782
B_resonant_held_w1p000_c0p300_s0p000_b0p500,B,main,resonant_held,0.5,generation/test_renders/architecture_ab_v1/raw/B_resonant_held_w1p000_c0p300_s0p000_b0p500.wav,5d25dc82cfdc341bae15b70e0fb6d8581b3d737fe60687d112091bc9e3e36f3d,1.0,0.3,0.75,0.0,0.1,0.3,0.8,0.3,0.53125,0.2,0.3,0.0,1.0,0.30000001192092896,0.75,0.0,0.10000000149011612,0.30000001192092896,0.800000011920929,0.30000001192092896,0.53125,0.20000000298023224,0.30000001192092896,0.0,0.5,0.5,0.11023174971342087,0.008555841511763829,-41.35474537776503,0.012075217501610386,-0.00035021278136645605,0.04093259334981042,False,False,False,0.0,266.05775885820225,274.61287330563647,274.716196672439,1.0,3.432889872562124
B_resonant_held_w1p000_c0p300_s0p000_b0p750,B,main,resonant_held,0.75,generation/test_renders/architecture_ab_v1/raw/B_resonant_held_w1p000_c0p300_s0p000_b0p750.wav,9ac34751bbecc7e74b741489255377d330e9bdd507cfdda43e6e4b27d5be273c,1.0,0.3,0.75,0.0,0.1,0.3,0.8,0.3,0.53125,0.2,0.3,0.0,1.0,0.30000001192092896,0.75,0.0,0.10000000149011612,0.30000001192092896,0.800000011920929,0.30000001192092896,0.53125,0.20000000298023224,0.30000001192092896,0.0,0.75,0.75,0.0982893779873848,0.007838310042748606,-42.11555124177732,0.011059255054033651,-0.0012500307662976992,0.1594770759870784,False,False,False,0.0,266.1220048474084,275.5289995893439,275.63932575594544,1.0,3.7482535367645813
A_resonant_held_w1p000_c0p575_s0p000_b0p500,A,main,resonant_held,0.5,generation/test_renders/architecture_ab_v1/raw/A_resonant_held_w1p000_c0p575_s0p000_b0p500.wav,311eca9a46ec80cbde3c18020c982e604e3d0eb8398307be3068fc5f9ad12911,1.0,0.575,0.75,0.0,0.1,0.3,0.8,0.3,0.53125,0.2,0.3,0.0,1.0,0.574999988079071,0.75,0.0,0.10000000149011612,0.30000001192092896,0.800000011920929,0.30000001192092896,0.53125,0.20000000298023224,0.30000001192092896,0.0,0.5,0.5,0.21574851870536804,0.042440989366405876,-27.444290011265778,0.059521042112761074,-0.0003481064083496901,0.00820212755514209,False,False,False,0.0,814.5590334792553,723.3003348059021,716.9846321846181,1.0,0.6964409627057903
A_resonant_held_w1p000_c0p575_s0p400_b0p500,A,main,resonant_held,0.5,generation/test_renders/architecture_ab_v1/raw/A_resonant_held_w1p000_c0p575_s0p400_b0p500.wav,ae06fba6886394db58f2e051807f115770ec0fdacdacca5c6d15a725ff19c180,1.0,0.575,0.75,0.0,0.1,0.3,0.8,0.3,0.53125,0.2,0.3,0.4,1.0,0.574999988079071,0.75,0.0,0.10000000149011612,0.30000001192092896,0.800000011920929,0.30000001192092896,0.53125,0.20000000298023224,0.30000001192092896,0.4000000059604645,0.5,0.5,0.21574851870536804,0.043121402388984945,-27.306142470390263,0.0604772637829262,-0.000672522810419522,0.015596032901548517,False,False,False,0.0,833.3603161375081,852.3486514687452,853.025433825536,1.0,0.6854293543942722
A_resonant_held_w1p000_c0p575_s1p000_b0p500,A,main,resonant_held,0.5,generation/test_renders/architecture_ab_v1/raw/A_resonant_held_w1p000_c0p575_s1p000_b0p500.wav,c23a583b3a14d91b970bba912230392383df37e97fb386841ae83877eab0c247,1.0,0.575,0.75,0.0,0.1,0.3,0.8,0.3,0.53125,0.2,0.3,1.0,1.0,0.574999988079071,0.75,0.0,0.10000000149011612,0.30000001192092896,0.800000011920929,0.30000001192092896,0.53125,0.20000000298023224,0.30000001192092896,1.0,0.5,0.5,0.21574851870536804,0.040420590612918944,-27.867946900007723,0.05667134574106897,-0.0005585285409031794,0.013817921322620814,False,False,False,0.0,875.0383509504711,948.2312997064763,948.2292382239103,1.0,0.7314612230960813
B_resonant_held_w1p000_c0p575_s0p000_b0p250,B,main,resonant_held,0.25,generation/test_renders/architecture_ab_v1/raw/B_resonant_held_w1p000_c0p575_s0p000_b0p250.wav,14526c2ffef119cbe4c8d8d4fc2e2c75198ae3c02361a4d4c0153f3fe0a0126d,1.0,0.575,0.75,0.0,0.1,0.3,0.8,0.3,0.53125,0.2,0.3,0.0,1.0,0.574999988079071,0.75,0.0,0.10000000149011612,0.30000001192092896,0.800000011920929,0.30000001192092896,0.53125,0.20000000298023224,0.30000001192092896,0.0,0.25,0.25,0.20058248937129974,0.03713238897914483,-28.604942175140767,0.052077106461491426,-0.002369950703353267,0.06382435303810738,False,False,False,0.0,884.2748465938492,775.1223877899454,766.7332859971063,1.0,0.7959906893236411
B_resonant_held_w1p000_c0p575_s0p000_b0p500,B,main,resonant_held,0.5,generation/test_renders/architecture_ab_v1/raw/B_resonant_held_w1p000_c0p575_s0p000_b0p500.wav,d0247ff192a5acca96b6101c9591cdbe0426bb8933c89f52fab91f1d8e0cbcb7,1.0,0.575,0.75,0.0,0.1,0.3,0.8,0.3,0.53125,0.2,0.3,0.0,1.0,0.574999988079071,0.75,0.0,0.10000000149011612,0.30000001192092896,0.800000011920929,0.30000001192092896,0.53125,0.20000000298023224,0.30000001192092896,0.0,0.5,0.5,0.21574848890304565,0.04244098946813246,-27.444289990446613,0.05952104229988144,-0.00034810627149105315,0.008202124310801816,False,False,False,0.0,814.5590368500311,723.3003265039515,716.9846359994044,1.0,0.6964409605163412
B_resonant_held_w1p000_c0p575_s0p000_b0p750,B,main,resonant_held,0.75,generation/test_renders/architecture_ab_v1/raw/B_resonant_held_w1p000_c0p575_s0p000_b0p750.wav,6e1c90ecf9f357c0676ac5e5efeb41bea614bf78497aeeb7a32c10d924a5f7a0,1.0,0.575,0.75,0.0,0.1,0.3,0.8,0.3,0.53125,0.2,0.3,0.0,1.0,0.574999988079071,0.75,0.0,0.10000000149011612,0.30000001192092896,0.800000011920929,0.30000001192092896,0.53125,0.20000000298023224,0.30000001192092896,0.0,0.75,0.75,0.21097016334533691,0.04005970222864155,-27.94584566447265,0.056179416754706425,-0.0013159844001035695,0.03285057868359985,False,False,False,0.0,848.1379966974014,748.579816525792,741.2034220723028,1.0,0.7378661841801782
A_resonant_held_w1p000_c0p850_s0p000_b0p500,A,main,resonant_held,0.5,generation/test_renders/architecture_ab_v1/raw/A_resonant_held_w1p000_c0p850_s0p000_b0p500.wav,cba9712b4c0bd9430fc3293b8cf9cedf38ce8bbe2a3162a1287b982110982f71,1.0,0.85,0.75,0.0,0.1,0.3,0.8,0.3,0.53125,0.2,0.3,0.0,1.0,0.8500000238418579,0.75,0.0,0.10000000149011612,0.30000001192092896,0.800000011920929,0.30000001192092896,0.53125,0.20000000298023224,0.30000001192092896,0.0,0.5,0.5,0.2387346774339676,0.03257284244809594,-29.74288682706948,0.04569011832032773,-0.000363495606070877,0.011159468402246403,False,False,False,0.0,1600.6808635387965,1683.3959182981605,1678.697320954251,1.0,0.9072616441840256
A_resonant_held_w1p000_c0p850_s0p400_b0p500,A,main,resonant_held,0.5,generation/test_renders/architecture_ab_v1/raw/A_resonant_held_w1p000_c0p850_s0p400_b0p500.wav,2e245b01ca78fff618b70bb6181670e6e3d22546e38314db4ca509d4f510fc64,1.0,0.85,0.75,0.0,0.1,0.3,0.8,0.3,0.53125,0.2,0.3,0.4,1.0,0.8500000238418579,0.75,0.0,0.10000000149011612,0.30000001192092896,0.800000011920929,0.30000001192092896,0.53125,0.20000000298023224,0.30000001192092896,0.4000000059604645,0.5,0.5,0.2387346774339676,0.03230439791977558,-29.814766976120147,0.04531242335911822,-0.0003352242530724372,0.010377046924227772,False,False,False,0.0,1606.6423817723612,1715.7805773795928,1715.5785889648055,1.0,0.9148239885943252
A_resonant_held_w1p000_c0p850_s1p000_b0p500,A,main,resonant_held,0.5,generation/test_renders/architecture_ab_v1/raw/A_resonant_held_w1p000_c0p850_s1p000_b0p500.wav,0d077fa0d7cd80c427bc8b0e68c51b85be0f79f066abace4d5113f48acd548e5,1.0,0.85,0.75,0.0,0.1,0.3,0.8,0.3,0.53125,0.2,0.3,1.0,1.0,0.8500000238418579,0.75,0.0,0.10000000149011612,0.30000001192092896,0.800000011920929,0.30000001192092896,0.53125,0.20000000298023224,0.30000001192092896,1.0,0.5,0.5,0.2387346774339676,0.031998721949316036,-29.897347347004406,0.04488416045073611,-0.0002962549319472922,0.009258336392826607,False,False,False,0.0,1620.821242157972,1766.3629218862693,1766.399046682765,1.0,0.9235527957743804
B_resonant_held_w1p000_c0p850_s0p000_b0p250,B,main,resonant_held,0.25,generation/test_renders/architecture_ab_v1/raw/B_resonant_held_w1p000_c0p850_s0p000_b0p250.wav,209737cfeff2ac2c7f8f558478ae99c69933507b16743bbd4bd520232044c050,1.0,0.85,0.75,0.0,0.1,0.3,0.8,0.3,0.53125,0.2,0.3,0.0,1.0,0.8500000238418579,0.75,0.0,0.10000000149011612,0.30000001192092896,0.800000011920929,0.30000001192092896,0.53125,0.20000000298023224,0.30000001192092896,0.0,0.25,0.25,0.23409393429756165,0.029706774157722014,-30.54289010870161,0.041675629875168575,-0.0023031809294556016,0.07753049581308746,False,False,False,0.0,1881.0428954035917,2066.5227521753804,2064.5655287295376,1.0,0.994655437588525
B_resonant_held_w1p000_c0p850_s0p000_b0p500,B,main,resonant_held,0.5,generation/test_renders/architecture_ab_v1/raw/B_resonant_held_w1p000_c0p850_s0p000_b0p500.wav,12026355908532a28443e686fdf3512bb90bc2366826081a062fc5908e17fd63,1.0,0.85,0.75,0.0,0.1,0.3,0.8,0.3,0.53125,0.2,0.3,0.0,1.0,0.8500000238418579,0.75,0.0,0.10000000149011612,0.30000001192092896,0.800000011920929,0.30000001192092896,0.53125,0.20000000298023224,0.30000001192092896,0.0,0.5,0.5,0.2387346774339676,0.03257284237971587,-29.742886845303737,0.045690118255809105,-0.00036349560562100157,0.011159468411862076,False,False,False,0.0,1600.680888608969,1683.3960035501873,1678.6973733189498,1.0,0.9072616454651621
B_resonant_held_w1p000_c0p850_s0p000_b0p750,B,main,resonant_held,0.75,generation/test_renders/architecture_ab_v1/raw/B_resonant_held_w1p000_c0p850_s0p000_b0p750.wav,4a926352c099f9420dec4e5f1e43f240280088377444bea4e7d728de19723079,1.0,0.85,0.75,0.0,0.1,0.3,0.8,0.3,0.53125,0.2,0.3,0.0,1.0,0.8500000238418579,0.75,0.0,0.10000000149011612,0.30000001192092896,0.800000011920929,0.30000001192092896,0.53125,0.20000000298023224,0.30000001192092896,0.0,0.75,0.75,0.23412054777145386,0.031104422572969692,-30.143557131049697,0.04362146252472502,-0.001298356929531386,0.041741875338964875,False,False,False,0.0,1729.077963116899,1802.1957590272627,1802.464162008415,1.0,0.9502866128518124
A_driven_pluck_w0p000_c0p300_s0p000_b0p500,A,main,driven_pluck,0.5,generation/test_renders/architecture_ab_v1/raw/A_driven_pluck_w0p000_c0p300_s0p000_b0p500.wav,0158f375e20b296a6537c9e118cca1f95c8f302038ff3dd99ec39c207102969e,0.0,0.3,0.2,0.75,0.05,0.2,0.2,0.15,0.5625,0.05,0.2,0.0,0.0,0.30000001192092896,0.20000000298023224,0.75,0.05000000074505806,0.20000000298023224,0.20000000298023224,0.15000000596046448,0.5625,0.05000000074505806,0.20000000298023224,0.0,0.5,0.5,0.17380233108997345,0.006133615770129638,-44.24566866273086,0.008674105289126533,4.763988601953352e-05,0.007767015053589935,False,False,False,0.0,255.9741978240682,261.9839137713956,261.9840943742743,1.0,4.778924221985947
A_driven_pluck_w0p000_c0p300_s0p400_b0p500,A,main,driven_pluck,0.5,generation/test_renders/architecture_ab_v1/raw/A_driven_pluck_w0p000_c0p300_s0p400_b0p500.wav,18021f68f3fce92d8687ae82e7be49a6f16e862d137a8809752439fe525e24d7,0.0,0.3,0.2,0.75,0.05,0.2,0.2,0.15,0.5625,0.05,0.2,0.4,0.0,0.30000001192092896,0.20000000298023224,0.75,0.05000000074505806,0.20000000298023224,0.20000000298023224,0.15000000596046448,0.5625,0.05000000074505806,0.20000000298023224,0.4000000059604645,0.5,0.5,0.17413559556007385,0.006509059879993412,-43.72963466309045,0.009204762301284192,4.726392836747959e-05,0.007261252659965916,False,False,False,0.0,258.6718884036531,262.1849087830395,262.18516662824766,1.0,4.503417960557216
A_driven_pluck_w0p000_c0p300_s1p000_b0p500,A,main,driven_pluck,0.5,generation/test_renders/architecture_ab_v1/raw/A_driven_pluck_w0p000_c0p300_s1p000_b0p500.wav,73ac5ba6d5b6c889fcdb6fdfeb900c47a246f96783ce2b033e105827e81658e6,0.0,0.3,0.2,0.75,0.05,0.2,0.2,0.15,0.5625,0.05,0.2,1.0,0.0,0.30000001192092896,0.20000000298023224,0.75,0.05000000074505806,0.20000000298023224,0.20000000298023224,0.15000000596046448,0.5625,0.05000000074505806,0.20000000298023224,1.0,0.5,0.5,0.17463672161102295,0.0072875876804631605,-42.748324139925145,0.010304865028896635,4.668225116980954e-05,0.006405720687924905,False,False,False,0.0,262.5982574435121,263.0146327813072,263.01489514385844,1.0,4.0226525775953474
B_driven_pluck_w0p000_c0p300_s0p000_b0p250,B,main,driven_pluck,0.25,generation/test_renders/architecture_ab_v1/raw/B_driven_pluck_w0p000_c0p300_s0p000_b0p250.wav,a88bd1c4591092129e22d5723a38aa6edba45a52a3a71c1b5160172e393e5cda,0.0,0.3,0.2,0.75,0.05,0.2,0.2,0.15,0.5625,0.05,0.2,0.0,0.0,0.30000001192092896,0.20000000298023224,0.75,0.05000000074505806,0.20000000298023224,0.20000000298023224,0.15000000596046448,0.5625,0.05000000074505806,0.20000000298023224,0.0,0.25,0.25,0.14909864962100983,0.005902840956069771,-44.57877836177226,0.008347623149147212,-0.0010725634753679307,0.18170292632821752,False,False,False,0.0,258.83283378248615,263.42468070049085,263.4248706973344,1.0,4.965831725944409
B_driven_pluck_w0p000_c0p300_s0p000_b0p500,B,main,driven_pluck,0.5,generation/test_renders/architecture_ab_v1/raw/B_driven_pluck_w0p000_c0p300_s0p000_b0p500.wav,c746df01c82d3b4837cae4e50df88a4b41c5187a58c672ee87b9d766f47750b4,0.0,0.3,0.2,0.75,0.05,0.2,0.2,0.15,0.5625,0.05,0.2,0.0,0.0,0.30000001192092896,0.20000000298023224,0.75,0.05000000074505806,0.20000000298023224,0.20000000298023224,0.15000000596046448,0.5625,0.05000000074505806,0.20000000298023224,0.0,0.5,0.5,0.17380233108997345,0.006133615605479969,-44.2456688958933,0.008674105056249461,4.763987363135903e-05,0.007767013242368177,False,False,False,0.0,255.97419804013398,261.98391377671595,261.9840943935646,1.0,4.778924350287584
B_driven_pluck_w0p000_c0p300_s0p000_b0p750,B,main,driven_pluck,0.75,generation/test_renders/architecture_ab_v1/raw/B_driven_pluck_w0p000_c0p300_s0p000_b0p750.wav,0256d1a374fb45f83f8c55840d929dc3052e1be3b7609a140933a29aff618153,0.0,0.3,0.2,0.75,0.05,0.2,0.2,0.15,0.5625,0.05,0.2,0.0,0.0,0.30000001192092896,0.20000000298023224,0.75,0.05000000074505806,0.20000000298023224,0.20000000298023224,0.15000000596046448,0.5625,0.05000000074505806,0.20000000298023224,0.0,0.75,0.75,0.16704849898815155,0.0061217468175202,-44.26249271734026,0.00865682670775792,0.0012138439992900709,0.19828392703469813,False,False,False,0.0,258.65056818701424,264.1898537257594,264.19000046846156,1.0,4.788462709218228
A_driven_pluck_w0p000_c0p575_s0p000_b0p500,A,main,driven_pluck,0.5,generation/test_renders/architecture_ab_v1/raw/A_driven_pluck_w0p000_c0p575_s0p000_b0p500.wav,2f9fa4c7341a8a02d9302971f494811b4afe4e7af2f74ad37dcd966281d3b51c,0.0,0.575,0.2,0.75,0.05,0.2,0.2,0.15,0.5625,0.05,0.2,0.0,0.0,0.574999988079071,0.20000000298023224,0.75,0.05000000074505806,0.20000000298023224,0.20000000298023224,0.15000000596046448,0.5625,0.05000000074505806,0.20000000298023224,0.0,0.5,0.5,0.18371734023094177,0.008810917670221489,-41.09957713628014,0.012458196142205233,4.661182782668678e-05,0.005290235316148977,False,False,False,0.0,269.5423960313503,271.89636150677404,271.896597377483,1.0,3.3273590652366787
A_driven_pluck_w0p000_c0p575_s0p400_b0p500,A,main,driven_pluck,0.5,generation/test_renders/architecture_ab_v1/raw/A_driven_pluck_w0p000_c0p575_s0p400_b0p500.wav,088f142cc45dc03770d35c396fc1379c6390c18fa7ebe5859740dbfd12344d56,0.0,0.575,0.2,0.75,0.05,0.2,0.2,0.15,0.5625,0.05,0.2,0.4,0.0,0.574999988079071,0.20000000298023224,0.75,0.05000000074505806,0.20000000298023224,0.20000000298023224,0.15000000596046448,0.5625,0.05000000074505806,0.20000000298023224,0.4000000059604645,0.5,0.5,0.18388086557388306,0.008989305534661535,-40.925477164477044,0.01271035955900973,4.6283902711532156e-05,0.005148774010747298,False,False,False,0.0,273.27074892555714,276.1397170253015,276.13988014811014,1.0,3.2613469098031413
A_driven_pluck_w0p000_c0p575_s1p000_b0p500,A,main,driven_pluck,0.5,generation/test_renders/architecture_ab_v1/raw/A_driven_pluck_w0p000_c0p575_s1p000_b0p500.wav,78c06d84fee617be3b5aedc2e19cacc43986399e38081aaaa8d64d0823d82197,0.0,0.575,0.2,0.75,0.05,0.2,0.2,0.15,0.5625,0.05,0.2,1.0,0.0,0.574999988079071,0.20000000298023224,0.75,0.05000000074505806,0.20000000298023224,0.20000000298023224,0.15000000596046448,0.5625,0.05000000074505806,0.20000000298023224,1.0,0.5,0.5,0.18413253128528595,0.009137907589607202,-40.78306476436004,0.012920457689992323,4.583256559018437e-05,0.005015652121751705,False,False,False,0.0,277.18347180465577,278.4009581370753,278.40091104155965,1.0,3.2083145090418106
B_driven_pluck_w0p000_c0p575_s0p000_b0p250,B,main,driven_pluck,0.25,generation/test_renders/architecture_ab_v1/raw/B_driven_pluck_w0p000_c0p575_s0p000_b0p250.wav,723fca7980a4502e5fdd58b23716fb1e7ddcf2a614fe7a63161a795db5a6f82f,0.0,0.575,0.2,0.75,0.05,0.2,0.2,0.15,0.5625,0.05,0.2,0.0,0.0,0.574999988079071,0.20000000298023224,0.75,0.05000000074505806,0.20000000298023224,0.20000000298023224,0.15000000596046448,0.5625,0.05000000074505806,0.20000000298023224,0.0,0.25,0.25,0.17065563797950745,0.008449345048167828,-41.4635390825224,0.011946742208198188,-0.0013293701833076012,0.15733411000842773,False,False,False,0.0,288.31762777574403,293.2341612054628,293.23473572017997,1.0,3.469807178212741
B_driven_pluck_w0p000_c0p575_s0p000_b0p500,B,main,driven_pluck,0.5,generation/test_renders/architecture_ab_v1/raw/B_driven_pluck_w0p000_c0p575_s0p000_b0p500.wav,546b47f0b6d24f19bbf64d5fef34804a351a4f56cce0845ec1950379967499fd,0.0,0.575,0.2,0.75,0.05,0.2,0.2,0.15,0.5625,0.05,0.2,0.0,0.0,0.574999988079071,0.20000000298023224,0.75,0.05000000074505806,0.20000000298023224,0.20000000298023224,0.15000000596046448,0.5625,0.05000000074505806,0.20000000298023224,0.0,0.5,0.5,0.18371735513210297,0.008810917673271848,-41.09957713327306,0.012458196146458659,4.661181992281228e-05,0.005290234417262855,False,False,False,0.0,269.5423955749655,271.89636132124946,271.8965974825919,1.0,3.327359064100666
B_driven_pluck_w0p000_c0p575_s0p000_b0p750,B,main,driven_pluck,0.75,generation/test_renders/architecture_ab_v1/raw/B_driven_pluck_w0p000_c0p575_s0p000_b0p750.wav,fb472055702c94e88424cc48acf9c9f7f8f23e33c6045723348f464b8de286f4,0.0,0.575,0.2,0.75,0.05,0.2,0.2,0.15,0.5625,0.05,0.2,0.0,0.0,0.574999988079071,0.20000000298023224,0.75,0.05000000074505806,0.20000000298023224,0.20000000298023224,0.15000000596046448,0.5625,0.05000000074505806,0.20000000298023224,0.0,0.75,0.75,0.17980782687664032,0.00847316347947345,-41.43908828647746,0.011980833491025153,0.0012390812246135421,0.14623596341735434,False,False,False,0.0,280.14488490023376,284.2116596376874,284.21216009581167,1.0,3.4599338936907507
A_driven_pluck_w0p000_c0p850_s0p000_b0p500,A,main,driven_pluck,0.5,generation/test_renders/architecture_ab_v1/raw/A_driven_pluck_w0p000_c0p850_s0p000_b0p500.wav,b1879a2e956b4bd326b45f46d30d0fcba872a96ba223da83811004b56538c103,0.0,0.85,0.2,0.75,0.05,0.2,0.2,0.15,0.5625,0.05,0.2,0.0,0.0,0.8500000238418579,0.20000000298023224,0.75,0.05000000074505806,0.20000000298023224,0.20000000298023224,0.15000000596046448,0.5625,0.05000000074505806,0.20000000298023224,0.0,0.5,0.5,0.18894915282726288,0.009429862938768865,-40.50989239205927,0.013333336402700718,4.67096249827696e-05,0.004953372629705249,False,False,False,0.0,278.89809009912557,278.3890447848258,278.3890248924437,1.0,3.1089661745777875
A_driven_pluck_w0p000_c0p850_s0p400_b0p500,A,main,driven_pluck,0.5,generation/test_renders/architecture_ab_v1/raw/A_driven_pluck_w0p000_c0p850_s0p400_b0p500.wav,f5e0be15d85f588fa16645b146a42facfcb46fd54067b8e5cd504c88a8756c97,0.0,0.85,0.2,0.75,0.05,0.2,0.2,0.15,0.5625,0.05,0.2,0.4,0.0,0.8500000238418579,0.20000000298023224,0.75,0.05000000074505806,0.20000000298023224,0.20000000298023224,0.15000000596046448,0.5625,0.05000000074505806,0.20000000298023224,0.4000000059604645,0.5,0.5,0.18903063237667084,0.009458809111661408,-40.483270778921465,0.01337425647877764,4.652446807490379e-05,0.004918639072390787,False,False,False,0.0,279.0138228088341,278.4726686444071,278.47267703101494,1.0,3.099453934956379
A_driven_pluck_w0p000_c0p850_s1p000_b0p500,A,main,driven_pluck,0.5,generation/test_renders/architecture_ab_v1/raw/A_driven_pluck_w0p000_c0p850_s1p000_b0p500.wav,8fc394f2e40592789a613e99cc3e4d93b9ac2842fed7168851812a4d85e24ac3,0.0,0.85,0.2,0.75,0.05,0.2,0.2,0.15,0.5625,0.05,0.2,1.0,0.0,0.8500000238418579,0.20000000298023224,0.75,0.05000000074505806,0.20000000298023224,0.20000000298023224,0.15000000596046448,0.5625,0.05000000074505806,0.20000000298023224,1.0,0.5,0.5,0.1891513168811798,0.009492812485560068,-40.45210195588189,0.013422327780152715,4.6251836714610786e-05,0.004872300678536153,False,False,False,0.0,279.0412919565493,278.5982662601644,278.598270334376,1.0,3.0883534174719407
B_driven_pluck_w0p000_c0p850_s0p000_b0p250,B,main,driven_pluck,0.25,generation/test_renders/architecture_ab_v1/raw/B_driven_pluck_w0p000_c0p850_s0p000_b0p250.wav,f06c3d52c33a923760a3ac1444a14fecbee21b94647199173a328d0f6813f497,0.0,0.85,0.2,0.75,0.05,0.2,0.2,0.15,0.5625,0.05,0.2,0.0,0.0,0.8500000238418579,0.20000000298023224,0.75,0.05000000074505806,0.20000000298023224,0.20000000298023224,0.15000000596046448,0.5625,0.05000000074505806,0.20000000298023224,0.0,0.25,0.25,0.18104106187820435,0.009056659059505676,-40.860639621764754,0.012805640547674945,-0.0012488633136549729,0.13789448244098276,False,False,False,0.0,306.14996458556766,305.2854220064448,305.28502550258264,1.0,3.2370807001754858
B_driven_pluck_w0p000_c0p850_s0p000_b0p500,B,main,driven_pluck,0.5,generation/test_renders/architecture_ab_v1/raw/B_driven_pluck_w0p000_c0p850_s0p000_b0p500.wav,58e867b3cbc6a7da1453444f4aad1cf02450414b08c2347b4d3988ad759e84d4,0.0,0.85,0.2,0.75,0.05,0.2,0.2,0.15,0.5625,0.05,0.2,0.0,0.0,0.8500000238418579,0.20000000298023224,0.75,0.05000000074505806,0.20000000298023224,0.20000000298023224,0.15000000596046448,0.5625,0.05000000074505806,0.20000000298023224,0.0,0.5,0.5,0.18894915282726288,0.009429862905242182,-40.50989242294086,0.013333336355366796,4.6709627997447945e-05,0.00495337296701116,False,False,False,0.0,278.8980903885755,278.3890445776361,278.3890248457843,1.0,3.1089661856147517
B_driven_pluck_w0p000_c0p850_s0p000_b0p750,B,main,driven_pluck,0.75,generation/test_renders/architecture_ab_v1/raw/B_driven_pluck_w0p000_c0p850_s0p000_b0p750.wav,d2d3f969cb6b32334e971a09366ff32e44665ef76b41fcabdb5a359055350781,0.0,0.85,0.2,0.75,0.05,0.2,0.2,0.15,0.5625,0.05,0.2,0.0,0.0,0.8500000238418579,0.20000000298023224,0.75,0.05000000074505806,0.20000000298023224,0.20000000298023224,0.15000000596046448,0.5625,0.05000000074505806,0.20000000298023224,0.0,0.75,0.75,0.18841223418712616,0.009147517523013803,-40.77393499809321,0.012934033955445649,0.0012918454356193622,0.14122360874076162,False,False,False,0.0,299.3237507877077,302.6297145872968,302.62979617448826,1.0,3.204946887649865
A_driven_pluck_w0p500_c0p300_s0p000_b0p500,A,main,driven_pluck,0.5,generation/test_renders/architecture_ab_v1/raw/A_driven_pluck_w0p500_c0p300_s0p000_b0p500.wav,bf4424e5aabb6ef63fd7b3cfba7f8ce792954d63870997688b0f3202a505039f,0.5,0.3,0.2,0.75,0.05,0.2,0.2,0.15,0.5625,0.05,0.2,0.0,0.5,0.30000001192092896,0.20000000298023224,0.75,0.05000000074505806,0.20000000298023224,0.20000000298023224,0.15000000596046448,0.5625,0.05000000074505806,0.20000000298023224,0.0,0.5,0.5,0.17989514768123627,0.006593462320805842,-43.61772942601655,0.009324411436185408,6.003934227213048e-05,0.00910588994839248,False,False,False,0.0,259.03788213584517,262.7067238751824,262.70689769806575,1.0,4.44563092844619
A_driven_pluck_w0p500_c0p300_s0p400_b0p500,A,main,driven_pluck,0.5,generation/test_renders/architecture_ab_v1/raw/A_driven_pluck_w0p500_c0p300_s0p400_b0p500.wav,2345e7ff877d0bbe76b258480a55d99934e9bc46bf8787179158ddbc6f6048e9,0.5,0.3,0.2,0.75,0.05,0.2,0.2,0.15,0.5625,0.05,0.2,0.4,0.5,0.30000001192092896,0.20000000298023224,0.75,0.05000000074505806,0.20000000298023224,0.20000000298023224,0.15000000596046448,0.5625,0.05000000074505806,0.20000000298023224,0.4000000059604645,0.5,0.5,0.1801174283027649,0.006993650199756961,-43.105921870373756,0.00989004763890095,5.954669064746052e-05,0.008514393620877672,False,False,False,0.0,261.7237612575053,263.0903235317171,263.09052234482687,1.0,4.191374337492042
A_driven_pluck_w0p500_c0p300_s1p000_b0p500,A,main,driven_pluck,0.5,generation/test_renders/architecture_ab_v1/raw/A_driven_pluck_w0p500_c0p300_s1p000_b0p500.wav,dbc27442d09f7ac90efe9a513279792f75c679e3ead099c1b42ac56959ef7b83,0.5,0.3,0.2,0.75,0.05,0.2,0.2,0.15,0.5625,0.05,0.2,1.0,0.5,0.30000001192092896,0.20000000298023224,0.75,0.05000000074505806,0.20000000298023224,0.20000000298023224,0.15000000596046448,0.5625,0.05000000074505806,0.20000000298023224,1.0,0.5,0.5,0.18043656647205353,0.007820331844233358,-42.13549635808274,0.011058211962633695,5.880994171598031e-05,0.007520133785543413,False,False,False,0.0,266.58981338239965,264.90463000230756,264.9047305691869,1.0,3.7486070994420078
B_driven_pluck_w0p500_c0p300_s0p000_b0p250,B,main,driven_pluck,0.25,generation/test_renders/architecture_ab_v1/raw/B_driven_pluck_w0p500_c0p300_s0p000_b0p250.wav,478da82b995e64a56e8f03ffc44b684a07187a8f8153550d11af0d14bd4923bf,0.5,0.3,0.2,0.75,0.05,0.2,0.2,0.15,0.5625,0.05,0.2,0.0,0.5,0.30000001192092896,0.20000000298023224,0.75,0.05000000074505806,0.20000000298023224,0.20000000298023224,0.15000000596046448,0.5625,0.05000000074505806,0.20000000298023224,0.0,0.25,0.25,0.15776172280311584,0.006569334338795663,-43.64957269292631,0.009289923733026336,-0.0016483683523727953,0.25091862696624234,False,False,True,0.0,266.8136465615974,267.43544346315423,267.435603522887,1.0,4.462134788350871
B_driven_pluck_w0p500_c0p300_s0p000_b0p500,B,main,driven_pluck,0.5,generation/test_renders/architecture_ab_v1/raw/B_driven_pluck_w0p500_c0p300_s0p000_b0p500.wav,0649834af75e0dc23146259235e77aa5bb810f771c22b19623d490c6cdd0d625,0.5,0.3,0.2,0.75,0.05,0.2,0.2,0.15,0.5625,0.05,0.2,0.0,0.5,0.30000001192092896,0.20000000298023224,0.75,0.05000000074505806,0.20000000298023224,0.20000000298023224,0.15000000596046448,0.5625,0.05000000074505806,0.20000000298023224,0.0,0.5,0.5,0.17989514768123627,0.006593462194505849,-43.617729592397694,0.009324411257624123,6.0039333179446576e-05,0.009105888743773445,False,False,False,0.0,259.0378830248008,262.7067239918596,262.7068976225879,1.0,4.445631013579455
B_driven_pluck_w0p500_c0p300_s0p000_b0p750,B,main,driven_pluck,0.75,generation/test_renders/architecture_ab_v1/raw/B_driven_pluck_w0p500_c0p300_s0p000_b0p750.wav,211b60e3fd7f923721cc4c81877e4699e81169dfe37ddd9f6aacd4170714ac10,0.5,0.3,0.2,0.75,0.05,0.2,0.2,0.15,0.5625,0.05,0.2,0.0,0.5,0.30000001192092896,0.20000000298023224,0.75,0.05000000074505806,0.20000000298023224,0.20000000298023224,0.15000000596046448,0.5625,0.05000000074505806,0.20000000298023224,0.0,0.75,0.75,0.17988944053649902,0.006935805436313229,-43.17806196438751,0.00980779269903993,0.0017078031458360827,0.24622996730771562,False,False,True,0.0,266.75636662471584,267.46367400336175,267.46372216009706,1.0,4.226526104525126
A_driven_pluck_w0p500_c0p575_s0p000_b0p500,A,main,driven_pluck,0.5,generation/test_renders/architecture_ab_v1/raw/A_driven_pluck_w0p500_c0p575_s0p000_b0p500.wav,835562befeb225290726f11380bd0b422ade1cfb110527df287aebee2ee0e43a,0.5,0.575,0.2,0.75,0.05,0.2,0.2,0.15,0.5625,0.05,0.2,0.0,0.5,0.574999988079071,0.20000000298023224,0.75,0.05000000074505806,0.20000000298023224,0.20000000298023224,0.15000000596046448,0.5625,0.05000000074505806,0.20000000298023224,0.0,0.5,0.5,0.18687358498573303,0.009559011614289174,-40.391740214418014,0.01351582847654494,5.879622076889725e-05,0.006150868221669113,False,False,False,0.0,283.29684627511784,290.88454648510265,290.88597607837414,1.0,3.0669886009725267
A_driven_pluck_w0p500_c0p575_s0p400_b0p500,A,main,driven_pluck,0.5,generation/test_renders/architecture_ab_v1/raw/A_driven_pluck_w0p500_c0p575_s0p400_b0p500.wav,01423823f76f0f85bef254174c1fba9751afc7c5310b5235856554d30042d142,0.5,0.575,0.2,0.75,0.05,0.2,0.2,0.15,0.5625,0.05,0.2,0.4,0.5,0.574999988079071,0.20000000298023224,0.75,0.05000000074505806,0.20000000298023224,0.20000000298023224,0.15000000596046448,0.5625,0.05000000074505806,0.20000000298023224,0.4000000059604645,0.5,0.5,0.18699224293231964,0.009828267112646205,-40.150460975520296,0.013896377453871647,5.838084357289892e-05,0.0059400953294990585,False,False,False,0.0,295.8479980561157,311.69081005576845,311.69279596740694,1.0,2.9829998507067095
A_driven_pluck_w0p500_c0p575_s1p000_b0p500,A,main,driven_pluck,0.5,generation/test_renders/architecture_ab_v1/raw/A_driven_pluck_w0p500_c0p575_s1p000_b0p500.wav,d3219cdee5a42b4305508d37c6f680428a51895ec0428026b443863f93c999fd,0.5,0.575,0.2,0.75,0.05,0.2,0.2,0.15,0.5625,0.05,0.2,1.0,0.5,0.574999988079071,0.20000000298023224,0.75,0.05000000074505806,0.20000000298023224,0.20000000298023224,0.15000000596046448,0.5625,0.05000000074505806,0.20000000298023224,1.0,0.5,0.5,0.18716423213481903,0.010120966321660716,-39.895560405794,0.014310067362875671,5.779891686156136e-05,0.005710810116802891,False,False,False,0.0,319.817708541769,351.10703321157314,351.1095507727002,1.0,2.8967642722495937
B_driven_pluck_w0p500_c0p575_s0p000_b0p250,B,main,driven_pluck,0.25,generation/test_renders/architecture_ab_v1/raw/B_driven_pluck_w0p500_c0p575_s0p000_b0p250.wav,117da2540717db1030c27ac2b2c876ca7007b4cb1383180540037ae687b3db6d,0.5,0.575,0.2,0.75,0.05,0.2,0.2,0.15,0.5625,0.05,0.2,0.0,0.5,0.574999988079071,0.20000000298023224,0.75,0.05000000074505806,0.20000000298023224,0.20000000298023224,0.15000000596046448,0.5625,0.05000000074505806,0.20000000298023224,0.0,0.25,0.25,0.17704305052757263,0.009280917792286035,-40.64818148334631,0.013122385108027509,-0.0016672021301202484,0.17963763578489692,False,False,False,0.0,307.59494126490364,317.2761508216012,317.2776345788554,1.0,3.158944927237713
B_driven_pluck_w0p500_c0p575_s0p000_b0p500,B,main,driven_pluck,0.5,generation/test_renders/architecture_ab_v1/raw/B_driven_pluck_w0p500_c0p575_s0p000_b0p500.wav,af0f48f0361076f809dd0af18d3cf3b8d1481bedf743f52dd9748e151b362cc6,0.5,0.575,0.2,0.75,0.05,0.2,0.2,0.15,0.5625,0.05,0.2,0.0,0.5,0.574999988079071,0.20000000298023224,0.75,0.05000000074505806,0.20000000298023224,0.20000000298023224,0.15000000596046448,0.5625,0.05000000074505806,0.20000000298023224,0.0,0.5,0.5,0.18687359988689423,0.009559011720965105,-40.39174011748588,0.013515828627706061,5.879620657612186e-05,0.006150866668273698,False,False,False,0.0,283.2968461026636,290.8845466433527,290.88597604307415,1.0,3.066988566671305
B_driven_pluck_w0p500_c0p575_s0p000_b0p750,B,main,driven_pluck,0.75,generation/test_renders/architecture_ab_v1/raw/B_driven_pluck_w0p500_c0p575_s0p000_b0p750.wav,864efcbcc6364db2e9e16cc118e7c0cee86677c5cc551ed282fe2c6648d548b3,0.5,0.575,0.2,0.75,0.05,0.2,0.2,0.15,0.5625,0.05,0.2,0.0,0.5,0.574999988079071,0.20000000298023224,0.75,0.05000000074505806,0.20000000298023224,0.20000000298023224,0.15000000596046448,0.5625,0.05000000074505806,0.20000000298023224,0.0,0.75,0.75,0.1868741810321808,0.0095080091093207,-40.43820821719894,0.013443829605871505,0.0017166998646066438,0.1805530311202335,False,False,False,0.0,307.4187250574236,317.08590932563567,317.0869817637992,1.0,3.0834139590819363
A_driven_pluck_w0p500_c0p850_s0p000_b0p500,A,main,driven_pluck,0.5,generation/test_renders/architecture_ab_v1/raw/A_driven_pluck_w0p500_c0p850_s0p000_b0p500.wav,8e0defca49868c066c9aaf4e46899123130eeb98161f8cc50f74b9cbb4ac3942,0.5,0.85,0.2,0.75,0.05,0.2,0.2,0.15,0.5625,0.05,0.2,0.0,0.5,0.8500000238418579,0.20000000298023224,0.75,0.05000000074505806,0.20000000298023224,0.20000000298023224,0.15000000596046448,0.5625,0.05000000074505806,0.20000000298023224,0.0,0.5,0.5,0.19197510182857513,0.010672693162531804,-39.43451952520972,0.015090142832225727,5.8120806602901596e-05,0.005445748858118022,False,False,False,0.0,368.77751593790975,445.63232335481416,445.6468762555232,1.0,2.747017860012468
A_driven_pluck_w0p500_c0p850_s0p400_b0p500,A,main,driven_pluck,0.5,generation/test_renders/architecture_ab_v1/raw/A_driven_pluck_w0p500_c0p850_s0p400_b0p500.wav,1dc3f5dcf0da757cd848994f36c7c19f90fbc8ae92da0e58db59c32eadfbbc4e,0.5,0.85,0.2,0.75,0.05,0.2,0.2,0.15,0.5625,0.05,0.2,0.4,0.5,0.8500000238418579,0.20000000298023224,0.75,0.05000000074505806,0.20000000298023224,0.20000000298023224,0.15000000596046448,0.5625,0.05000000074505806,0.20000000298023224,0.4000000059604645,0.5,0.5,0.19203239679336548,0.010752789232428747,-39.3695773361221,0.015203377262104687,5.786820757175358e-05,0.005381692723710424,False,False,False,0.0,389.9701985394338,478.5498824042291,478.56415104609795,1.0,2.726558129527376
A_driven_pluck_w0p500_c0p850_s1p000_b0p500,A,main,driven_pluck,0.5,generation/test_renders/architecture_ab_v1/raw/A_driven_pluck_w0p500_c0p850_s1p000_b0p500.wav,c8516370cef1be4b1c0590e9cdc14a5c990a227b5af147ab6c566578de3670c2,0.5,0.85,0.2,0.75,0.05,0.2,0.2,0.15,0.5625,0.05,0.2,1.0,0.5,0.8500000238418579,0.20000000298023224,0.75,0.05000000074505806,0.20000000298023224,0.20000000298023224,0.15000000596046448,0.5625,0.05000000074505806,0.20000000298023224,1.0,0.5,0.5,0.19212384521961212,0.010849220782063676,-39.292029056036924,0.015339719291509474,5.749753396013241e-05,0.005299692495445333,False,False,False,0.0,422.152042045575,523.6003209327267,523.6119591715966,1.0,2.702324017963442
B_driven_pluck_w0p500_c0p850_s0p000_b0p250,B,main,driven_pluck,0.25,generation/test_renders/architecture_ab_v1/raw/B_driven_pluck_w0p500_c0p850_s0p000_b0p250.wav,fb75b105eaa652d0d2dfdb41e887e136abb4d0e42be447d2ff7ddb6779840c94,0.5,0.85,0.2,0.75,0.05,0.2,0.2,0.15,0.5625,0.05,0.2,0.0,0.5,0.8500000238418579,0.20000000298023224,0.75,0.05000000074505806,0.20000000298023224,0.20000000298023224,0.15000000596046448,0.5625,0.05000000074505806,0.20000000298023224,0.0,0.25,0.25,0.18404334783554077,0.010481983498432964,-39.59113056667184,0.014820364601727483,-0.0016860636546430763,0.16085349255655093,False,False,False,0.0,403.4608813660756,489.56184502868024,489.57901072713327,1.0,2.7970224069542393
B_driven_pluck_w0p500_c0p850_s0p000_b0p500,B,main,driven_pluck,0.5,generation/test_renders/architecture_ab_v1/raw/B_driven_pluck_w0p500_c0p850_s0p000_b0p500.wav,33385823e207663b07d3e8dbaf076a5c0daa5c2dbc46e6cd71338f8e9a65ba30,0.5,0.85,0.2,0.75,0.05,0.2,0.2,0.15,0.5625,0.05,0.2,0.0,0.5,0.8500000238418579,0.20000000298023224,0.75,0.05000000074505806,0.20000000298023224,0.20000000298023224,0.15000000596046448,0.5625,0.05000000074505806,0.20000000298023224,0.0,0.5,0.5,0.19197513163089752,0.010672693258279664,-39.43451944728606,0.015090142967701906,5.812078835825534e-05,0.005445747099792865,False,False,False,0.0,368.7775137578516,445.6323231155898,445.6468775274415,1.0,2.7470178353503107
B_driven_pluck_w0p500_c0p850_s0p000_b0p750,B,main,driven_pluck,0.75,generation/test_renders/architecture_ab_v1/raw/B_driven_pluck_w0p500_c0p850_s0p000_b0p750.wav,6bdf91137de355426a31acaba49f485445575ad2f92f2c3c4780764dcde44b6d,0.5,0.85,0.2,0.75,0.05,0.2,0.2,0.15,0.5625,0.05,0.2,0.0,0.5,0.8500000238418579,0.20000000298023224,0.75,0.05000000074505806,0.20000000298023224,0.20000000298023224,0.15000000596046448,0.5625,0.05000000074505806,0.20000000298023224,0.0,0.75,0.75,0.19197465479373932,0.010639021376092616,-39.46196637034841,0.015042536451560666,0.0017313578181462246,0.16273656729714167,False,False,False,0.0,402.75741567164926,487.615220974637,487.6332962092846,1.0,2.755711578545815
A_driven_pluck_w1p000_c0p300_s0p000_b0p500,A,main,driven_pluck,0.5,generation/test_renders/architecture_ab_v1/raw/A_driven_pluck_w1p000_c0p300_s0p000_b0p500.wav,84c4bf681b5bf93d03eb50025c038c9de0862076af89f6e82e73248e9daf419b,1.0,0.3,0.2,0.75,0.05,0.2,0.2,0.15,0.5625,0.05,0.2,0.0,1.0,0.30000001192092896,0.20000000298023224,0.75,0.05000000074505806,0.20000000298023224,0.20000000298023224,0.15000000596046448,0.5625,0.05000000074505806,0.20000000298023224,0.0,0.5,0.5,0.09966985136270523,0.0043421433802933,-47.24591679938187,0.006140012817477714,-0.0014442461289000015,0.3326113401631723,False,False,True,0.0,280.84007160154107,278.5739391244531,278.574275592154,1.0,6.751271227360702
A_driven_pluck_w1p000_c0p300_s0p400_b0p500,A,main,driven_pluck,0.5,generation/test_renders/architecture_ab_v1/raw/A_driven_pluck_w1p000_c0p300_s0p400_b0p500.wav,559172dd48431cd708df6c9845002355c7854cf39b940cc6a0cb12ed625fcde2,1.0,0.3,0.2,0.75,0.05,0.2,0.2,0.15,0.5625,0.05,0.2,0.4,1.0,0.30000001192092896,0.20000000298023224,0.75,0.05000000074505806,0.20000000298023224,0.20000000298023224,0.15000000596046448,0.5625,0.05000000074505806,0.20000000298023224,0.4000000059604645,0.5,0.5,0.09983325749635696,0.0044564164500672954,-47.0202846263669,0.006301499200130875,-0.001484222955783816,0.3330530197108044,False,False,True,0.0,297.16084502432693,279.22155340278704,279.2218434995358,1.0,6.578258689519832
A_driven_pluck_w1p000_c0p300_s1p000_b0p500,A,main,driven_pluck,0.5,generation/test_renders/architecture_ab_v1/raw/A_driven_pluck_w1p000_c0p300_s1p000_b0p500.wav,c74ef9350825dd85c7f45a3b3a9afb8b8947fde53d3ecc75b93f766e03e5fe6f,1.0,0.3,0.2,0.75,0.05,0.2,0.2,0.15,0.5625,0.05,0.2,1.0,1.0,0.30000001192092896,0.20000000298023224,0.75,0.05000000074505806,0.20000000298023224,0.20000000298023224,0.15000000596046448,0.5625,0.05000000074505806,0.20000000298023224,1.0,0.5,0.5,0.10002604871988297,0.004691381381280243,-46.573985201415425,0.006633247177878725,-0.0015485670164680917,0.3300876417012806,False,False,True,0.0,339.1331198009163,298.4503925454106,298.4485646361317,1.0,6.249260845955631
B_driven_pluck_w1p000_c0p300_s0p000_b0p250,B,main,driven_pluck,0.25,generation/test_renders/architecture_ab_v1/raw/B_driven_pluck_w1p000_c0p300_s0p000_b0p250.wav,417109616dd94f970fe7994a7b58b800e8dc38f2572fbbf96a3a11781da38ace,1.0,0.3,0.2,0.75,0.05,0.2,0.2,0.15,0.5625,0.05,0.2,0.0,1.0,0.30000001192092896,0.20000000298023224,0.75,0.05000000074505806,0.20000000298023224,0.20000000298023224,0.15000000596046448,0.5625,0.05000000074505806,0.20000000298023224,0.0,0.25,0.25,0.0928230881690979,0.004284511298553406,-47.36197415134033,0.0060583491795573536,-0.0016476232850253351,0.3845533761532214,False,False,True,0.0,279.23837443196084,281.25177138148877,281.2523362849034,1.0,6.842275121767067
B_driven_pluck_w1p000_c0p300_s0p000_b0p500,B,main,driven_pluck,0.5,generation/test_renders/architecture_ab_v1/raw/B_driven_pluck_w1p000_c0p300_s0p000_b0p500.wav,42156584079ce6ecee8796592d9669ae4214540b79e6fd1a52fcf3fd1b929dba,1.0,0.3,0.2,0.75,0.05,0.2,0.2,0.15,0.5625,0.05,0.2,0.0,1.0,0.30000001192092896,0.20000000298023224,0.75,0.05000000074505806,0.20000000298023224,0.20000000298023224,0.15000000596046448,0.5625,0.05000000074505806,0.20000000298023224,0.0,0.5,0.5,0.09966984391212463,0.004342143377486399,-47.24591680499671,0.006140012813190012,-0.0014442461310978539,0.33261134088435057,False,False,True,0.0,280.84007337544944,278.573941897295,278.5742743539653,1.0,6.751271232075258
B_driven_pluck_w1p000_c0p300_s0p000_b0p750,B,main,driven_pluck,0.75,generation/test_renders/architecture_ab_v1/raw/B_driven_pluck_w1p000_c0p300_s0p000_b0p750.wav,8fe5cb30c84d053e4c1f22cb1fb632ccfe22750668e077de716c759cf9bf5511,1.0,0.3,0.2,0.75,0.05,0.2,0.2,0.15,0.5625,0.05,0.2,0.0,1.0,0.30000001192092896,0.20000000298023224,0.75,0.05000000074505806,0.20000000298023224,0.20000000298023224,0.15000000596046448,0.5625,0.05000000074505806,0.20000000298023224,0.0,0.75,0.75,0.09874950349330902,0.004423147748979297,-47.08537106793369,0.006254381164039547,-0.0015671784670031469,0.354312936384455,False,False,True,0.0,280.5428666212843,279.85605107564203,279.856099215371,1.0,6.627816690898612
A_driven_pluck_w1p000_c0p575_s0p000_b0p500,A,main,driven_pluck,0.5,generation/test_renders/architecture_ab_v1/raw/A_driven_pluck_w1p000_c0p575_s0p000_b0p500.wav,7b7b2ab3baa5044b6a674e3e3a5e1a9e7279f3dd2259c8a6b23afed998b8378a,1.0,0.575,0.2,0.75,0.05,0.2,0.2,0.15,0.5625,0.05,0.2,0.0,1.0,0.574999988079071,0.20000000298023224,0.75,0.05000000074505806,0.20000000298023224,0.20000000298023224,0.15000000596046448,0.5625,0.05000000074505806,0.20000000298023224,0.0,0.5,0.5,0.13134048879146576,0.005260676162980405,-45.57916863411704,0.00743818455447744,-0.0015587842893240104,0.2963087331421842,False,False,True,0.0,472.8723650772573,513.8047433321864,513.8130060453958,1.0,5.572985123810957
A_driven_pluck_w1p000_c0p575_s0p400_b0p500,A,main,driven_pluck,0.5,generation/test_renders/architecture_ab_v1/raw/A_driven_pluck_w1p000_c0p575_s0p400_b0p500.wav,be7fff766b26c0b7353cbf0d269c3fa5bf3e8d1ef3b122286efe904b6f28fbce,1.0,0.575,0.2,0.75,0.05,0.2,0.2,0.15,0.5625,0.05,0.2,0.4,1.0,0.574999988079071,0.20000000298023224,0.75,0.05000000074505806,0.20000000298023224,0.20000000298023224,0.15000000596046448,0.5625,0.05000000074505806,0.20000000298023224,0.4000000059604645,0.5,0.5,0.13149675726890564,0.005405892469651805,-45.3426519448558,0.00764347994674524,-0.0015308636796315112,0.283184263879765,False,False,True,0.0,529.2481981692555,588.2984957651305,588.3064285775514,1.0,5.42330092563594
A_driven_pluck_w1p000_c0p575_s1p000_b0p500,A,main,driven_pluck,0.5,generation/test_renders/architecture_ab_v1/raw/A_driven_pluck_w1p000_c0p575_s1p000_b0p500.wav,57b2524a64e8dc055af2aaf5daec873169888dfed3ec80c4a3d75ecc75162898,1.0,0.575,0.2,0.75,0.05,0.2,0.2,0.15,0.5625,0.05,0.2,1.0,1.0,0.574999988079071,0.20000000298023224,0.75,0.05000000074505806,0.20000000298023224,0.20000000298023224,0.15000000596046448,0.5625,0.05000000074505806,0.20000000298023224,1.0,0.5,0.5,0.13173097372055054,0.005602136525608883,-45.032926230148746,0.00792092113365457,-0.0014884251340776518,0.2656888362633894,False,False,True,0.0,605.2346109848656,681.0196323874998,681.0274887392347,1.0,5.233342331125773
B_driven_pluck_w1p000_c0p575_s0p000_b0p250,B,main,driven_pluck,0.25,generation/test_renders/architecture_ab_v1/raw/B_driven_pluck_w1p000_c0p575_s0p000_b0p250.wav,5ce8813bb417a1d50f530bd247fac033de7161ba15154fa571606aec1a39802a,1.0,0.575,0.2,0.75,0.05,0.2,0.2,0.15,0.5625,0.05,0.2,0.0,1.0,0.574999988079071,0.20000000298023224,0.75,0.05000000074505806,0.20000000298023224,0.20000000298023224,0.15000000596046448,0.5625,0.05000000074505806,0.20000000298023224,0.0,0.25,0.25,0.09828674048185349,0.005007272637387896,-46.00797522738594,0.007079671629797116,-0.0017575726002143728,0.3510039751163283,False,False,True,0.0,509.48872463994263,566.734158054354,566.7460686046131,1.0,5.855199794266606
B_driven_pluck_w1p000_c0p575_s0p000_b0p500,B,main,driven_pluck,0.5,generation/test_renders/architecture_ab_v1/raw/B_driven_pluck_w1p000_c0p575_s0p000_b0p500.wav,3c40810e9c9a4075e0567f0dd8146ed57c1b0691c606cf4ba9588ed8ad4ec107,1.0,0.575,0.2,0.75,0.05,0.2,0.2,0.15,0.5625,0.05,0.2,0.0,1.0,0.574999988079071,0.20000000298023224,0.75,0.05000000074505806,0.20000000298023224,0.20000000298023224,0.15000000596046448,0.5625,0.05000000074505806,0.20000000298023224,0.0,0.5,0.5,0.13134050369262695,0.005260676145320364,-45.57916866327548,0.007438184529590362,-0.0015587842604018731,0.2963087286390914,False,False,True,0.0,472.8723495075271,513.8047445480339,513.813007788628,1.0,5.572985142457351
B_driven_pluck_w1p000_c0p575_s0p000_b0p750,B,main,driven_pluck,0.75,generation/test_renders/architecture_ab_v1/raw/B_driven_pluck_w1p000_c0p575_s0p000_b0p750.wav,cdc2222e76c6fae896b7d75457b49854871b1fbab83da59cd3c7ff0530f5cc62,1.0,0.575,0.2,0.75,0.05,0.2,0.2,0.15,0.5625,0.05,0.2,0.0,1.0,0.574999988079071,0.20000000298023224,0.75,0.05000000074505806,0.20000000298023224,0.20000000298023224,0.15000000596046448,0.5625,0.05000000074505806,0.20000000298023224,0.0,0.75,0.75,0.10129567235708237,0.005172740938139031,-45.7255854287408,0.007313854404758591,-0.0016804087943986699,0.32485848692109864,False,False,True,0.0,490.48711239436176,538.3488475873537,538.3555350352772,1.0,5.667721775168622
A_driven_pluck_w1p000_c0p850_s0p000_b0p500,A,main,driven_pluck,0.5,generation/test_renders/architecture_ab_v1/raw/A_driven_pluck_w1p000_c0p850_s0p000_b0p500.wav,a4052a2e5856b178421e8991c8c15e84b7f98631160339ad9089e36e808b7bca,1.0,0.85,0.2,0.75,0.05,0.2,0.2,0.15,0.5625,0.05,0.2,0.0,1.0,0.8500000238418579,0.20000000298023224,0.75,0.05000000074505806,0.20000000298023224,0.20000000298023224,0.15000000596046448,0.5625,0.05000000074505806,0.20000000298023224,0.0,0.5,0.5,0.1641433835029602,0.006002936018919051,-44.4327257091893,0.008487680914806941,-0.0014471369995524561,0.24107153482755964,False,False,True,0.0,715.7535662224099,866.2818287123263,866.3196603833137,1.0,4.883889048885868
A_driven_pluck_w1p000_c0p850_s0p400_b0p500,A,main,driven_pluck,0.5,generation/test_renders/architecture_ab_v1/raw/A_driven_pluck_w1p000_c0p850_s0p400_b0p500.wav,83d791386cc872a63e8a34fcc1280de290786ea9eec4bab430ef8cde1fe31de7,1.0,0.85,0.2,0.75,0.05,0.2,0.2,0.15,0.5625,0.05,0.2,0.4,1.0,0.8500000238418579,0.20000000298023224,0.75,0.05000000074505806,0.20000000298023224,0.20000000298023224,0.15000000596046448,0.5625,0.05000000074505806,0.20000000298023224,0.4000000059604645,0.5,0.5,0.16427172720432281,0.006064203181860834,-44.344525120862045,0.00857431326330808,-0.001441668858703998,0.2377342604575485,False,False,True,0.0,758.102196683663,931.9372559704266,931.9794826236548,1.0,4.834543665164636
A_driven_pluck_w1p000_c0p850_s1p000_b0p500,A,main,driven_pluck,0.5,generation/test_renders/architecture_ab_v1/raw/A_driven_pluck_w1p000_c0p850_s1p000_b0p500.wav,3c053ea3fca841f5d6ea9c74b0ee909c6d16cf901adc2d72b209867e1dee5751,1.0,0.85,0.2,0.75,0.05,0.2,0.2,0.15,0.5625,0.05,0.2,1.0,1.0,0.8500000238418579,0.20000000298023224,0.75,0.05000000074505806,0.20000000298023224,0.20000000298023224,0.15000000596046448,0.5625,0.05000000074505806,0.20000000298023224,1.0,0.5,0.5,0.16446401178836823,0.006138091853533758,-44.2393323370335,0.008678798704328434,-0.0014355071868312013,0.23386863883517256,False,False,True,0.0,820.6088087836475,1016.0922940407461,1016.1461969845813,1.0,4.776339823343193
B_driven_pluck_w1p000_c0p850_s0p000_b0p250,B,main,driven_pluck,0.25,generation/test_renders/architecture_ab_v1/raw/B_driven_pluck_w1p000_c0p850_s0p000_b0p250.wav,0d306fad4186b09bed7af4aed469e4e7ce2a66a3dde54417ee358c8a8b2c4af1,1.0,0.85,0.2,0.75,0.05,0.2,0.2,0.15,0.5625,0.05,0.2,0.0,1.0,0.8500000238418579,0.20000000298023224,0.75,0.05000000074505806,0.20000000298023224,0.20000000298023224,0.15000000596046448,0.5625,0.05000000074505806,0.20000000298023224,0.0,0.25,0.25,0.13424545526504517,0.005683232250913187,-44.90809191437195,0.008035630430328167,-0.0016747381476236965,0.29468057501162265,False,False,True,0.0,849.0566231244021,1035.208123447331,1035.2542028217108,1.0,5.158635931514624
B_driven_pluck_w1p000_c0p850_s0p000_b0p500,B,main,driven_pluck,0.5,generation/test_renders/architecture_ab_v1/raw/B_driven_pluck_w1p000_c0p850_s0p000_b0p500.wav,b4ed2ef49e73afdc148069988b4ec11e122501b29658dde92b44105600d35722,1.0,0.85,0.2,0.75,0.05,0.2,0.2,0.15,0.5625,0.05,0.2,0.0,1.0,0.8500000238418579,0.20000000298023224,0.75,0.05000000074505806,0.20000000298023224,0.20000000298023224,0.15000000596046448,0.5625,0.05000000074505806,0.20000000298023224,0.0,0.5,0.5,0.1641434133052826,0.006002936155296659,-44.43272551185906,0.008487681107782835,-0.0014471369870988687,0.24107152727619718,False,False,True,0.0,715.7535702763455,866.2818221417286,866.3196622976511,1.0,4.8838889378457795
B_driven_pluck_w1p000_c0p850_s0p000_b0p750,B,main,driven_pluck,0.75,generation/test_renders/architecture_ab_v1/raw/B_driven_pluck_w1p000_c0p850_s0p000_b0p750.wav,97a79afcf570c2f37d251d50a2ac3eccadb46bdf762d2adbe409700a1ec00403,1.0,0.85,0.2,0.75,0.05,0.2,0.2,0.15,0.5625,0.05,0.2,0.0,1.0,0.8500000238418579,0.20000000298023224,0.75,0.05000000074505806,0.20000000298023224,0.20000000298023224,0.15000000596046448,0.5625,0.05000000074505806,0.20000000298023224,0.0,0.75,0.75,0.13553109765052795,0.0058254833813918844,-44.69336064668701,0.008236565988047203,-0.0015808112404555178,0.2713613853066755,False,False,True,0.0,772.8158934124287,937.005332308174,937.0247914326505,1.0,5.0327881705093
A_resonant_driven_swell_w0p000_c0p300_s0p000_b0p500,A,main,resonant_driven_swell,0.5,generation/test_renders/architecture_ab_v1/raw/A_resonant_driven_swell_w0p000_c0p300_s0p000_b0p500.wav,420856ec20d4d230eb7ca44a552c85014d238ff992297acd0b4c718cc1bf653f,0.0,0.3,0.75,0.75,0.35,0.4,0.8,0.45,0.5625,0.35,0.4,0.0,0.0,0.30000001192092896,0.75,0.75,0.3499999940395355,0.4000000059604645,0.800000011920929,0.44999998807907104,0.5625,0.3499999940395355,0.4000000059604645,0.0,0.5,0.5,0.14344917237758636,0.02881538913612028,-30.80751022265641,0.0404206525688186,-5.12631887938865e-08,1.7790212220187496e-06,False,False,False,0.0,262.3410025884391,262.46164877380915,261.74859458802496,1.0,1.025537422971763
A_resonant_driven_swell_w0p000_c0p300_s0p400_b0p500,A,main,resonant_driven_swell,0.5,generation/test_renders/architecture_ab_v1/raw/A_resonant_driven_swell_w0p000_c0p300_s0p400_b0p500.wav,e44fa948cfde91ea25a165cd51cd19fb2c9d170091b5970f6a07de34e6cdeefc,0.0,0.3,0.75,0.75,0.35,0.4,0.8,0.45,0.5625,0.35,0.4,0.4,0.0,0.30000001192092896,0.75,0.75,0.3499999940395355,0.4000000059604645,0.800000011920929,0.44999998807907104,0.5625,0.3499999940395355,0.4000000059604645,0.4000000059604645,0.5,0.5,0.1434820145368576,0.0344664120906947,-29.252078474755955,0.048204573427394516,-4.811735116228978e-08,1.3960649874339716e-06,False,False,False,0.0,262.3410025884391,262.6604978321599,262.0398016053146,1.0,0.8599369089470181
A_resonant_driven_swell_w0p000_c0p300_s1p000_b0p500,A,main,resonant_driven_swell,0.5,generation/test_renders/architecture_ab_v1/raw/A_resonant_driven_swell_w0p000_c0p300_s1p000_b0p500.wav,c4329a7400978f19ea1c74dd4b6db79b690d066081536310cfd6fc8c0f9fba50,0.0,0.3,0.75,0.75,0.35,0.4,0.8,0.45,0.5625,0.35,0.4,1.0,0.0,0.30000001192092896,0.75,0.75,0.3499999940395355,0.4000000059604645,0.800000011920929,0.44999998807907104,0.5625,0.3499999940395355,0.4000000059604645,1.0,0.5,0.5,0.14353083074092865,0.046634964616628034,-26.625766968269787,0.06489441345970992,-1.0482109301913966e-07,2.247693203604682e-06,False,False,False,0.0,262.3410025884391,263.07995054382695,262.96547107271533,1.0,0.6387744284952891
B_resonant_driven_swell_w0p000_c0p300_s0p000_b0p250,B,main,resonant_driven_swell,0.25,generation/test_renders/architecture_ab_v1/raw/B_resonant_driven_swell_w0p000_c0p300_s0p000_b0p250.wav,478a4af0a99d541c1139ec41b0393564602ce76a447141ab5a37f300c3445bb7,0.0,0.3,0.75,0.75,0.35,0.4,0.8,0.45,0.5625,0.35,0.4,0.0,0.0,0.30000001192092896,0.75,0.75,0.3499999940395355,0.4000000059604645,0.800000011920929,0.44999998807907104,0.5625,0.3499999940395355,0.4000000059604645,0.0,0.25,0.25,0.16099251806735992,0.030228093495009663,-30.391784863725984,0.04220603898896132,-0.008954081268026203,0.29621720170689647,False,False,True,0.0,262.6555235952737,263.66192619592687,262.1268356789669,1.0,0.9821554655035245
B_resonant_driven_swell_w0p000_c0p300_s0p000_b0p500,B,main,resonant_driven_swell,0.5,generation/test_renders/architecture_ab_v1/raw/B_resonant_driven_swell_w0p000_c0p300_s0p000_b0p500.wav,68f91ab1bbe56826160c67ad59dd7b0a46c292f099d6e693a95a66c78f375c31,0.0,0.3,0.75,0.75,0.35,0.4,0.8,0.45,0.5625,0.35,0.4,0.0,0.0,0.30000001192092896,0.75,0.75,0.3499999940395355,0.4000000059604645,0.800000011920929,0.44999998807907104,0.5625,0.3499999940395355,0.4000000059604645,0.0,0.5,0.5,0.14344920217990875,0.028815389144527425,-30.807510220122225,0.04042065258454579,-5.1194936338937285e-08,1.776652610248026e-06,False,False,False,0.0,262.3410027446887,262.4616488945185,261.7485945563757,1.0,1.025537422572739
B_resonant_driven_swell_w0p000_c0p300_s0p000_b0p750,B,main,resonant_driven_swell,0.75,generation/test_renders/architecture_ab_v1/raw/B_resonant_driven_swell_w0p000_c0p300_s0p000_b0p750.wav,ae7caaea967c50fa632a507255f3d5b0c7a3349a4229a65cb5641aba4fffb1d8,0.0,0.3,0.75,0.75,0.35,0.4,0.8,0.45,0.5625,0.35,0.4,0.0,0.0,0.30000001192092896,0.75,0.75,0.3499999940395355,0.4000000059604645,0.800000011920929,0.44999998807907104,0.5625,0.3499999940395355,0.4000000059604645,0.0,0.75,0.75,0.1506500393152237,0.03164450584133462,-29.99403363705033,0.04395718861812774,0.011802277353600493,0.3729645017298436,False,False,True,0.0,263.5499632964195,263.69798091029367,263.0463571270662,1.0,0.9430287325784121
A_resonant_driven_swell_w0p000_c0p575_s0p000_b0p500,A,main,resonant_driven_swell,0.5,generation/test_renders/architecture_ab_v1/raw/A_resonant_driven_swell_w0p000_c0p575_s0p000_b0p500.wav,ad84b373a33ea8de1bc3c145d2562100701fc9e63aea52d5269590b7c135eb11,0.0,0.575,0.75,0.75,0.35,0.4,0.8,0.45,0.5625,0.35,0.4,0.0,0.0,0.574999988079071,0.75,0.75,0.3499999940395355,0.4000000059604645,0.800000011920929,0.44999998807907104,0.5625,0.3499999940395355,0.4000000059604645,0.0,0.5,0.5,0.17474685609340668,0.06581308846929305,-23.633754563973124,0.08922837365454224,-1.2365812088951638e-07,1.8789290058498402e-06,False,False,False,0.0,274.3738756428213,268.1362434809117,273.9992236141119,1.0,0.46457074327895714
A_resonant_driven_swell_w0p000_c0p575_s0p400_b0p500,A,main,resonant_driven_swell,0.5,generation/test_renders/architecture_ab_v1/raw/A_resonant_driven_swell_w0p000_c0p575_s0p400_b0p500.wav,ed71a832ce0770609b32de28eeb11a340a13712f2ff668ed0b21b9904926179e,0.0,0.575,0.75,0.75,0.35,0.4,0.8,0.45,0.5625,0.35,0.4,0.4,0.0,0.574999988079071,0.75,0.75,0.3499999940395355,0.4000000059604645,0.800000011920929,0.44999998807907104,0.5625,0.3499999940395355,0.4000000059604645,0.4000000059604645,0.5,0.5,0.1747482270002365,0.06520315547576215,-23.71462772568347,0.08840162680309899,-1.2603677205123562e-07,1.9329857754827073e-06,False,False,False,0.0,274.3738756428213,267.40474425882576,272.1836574955941,1.0,0.46891548684497786
A_resonant_driven_swell_w0p000_c0p575_s1p000_b0p500,A,main,resonant_driven_swell,0.5,generation/test_renders/architecture_ab_v1/raw/A_resonant_driven_swell_w0p000_c0p575_s1p000_b0p500.wav,3ce2a1c45b58a12b63b169b1d630b58cfb2a45737d24462479fba6967d15151d,0.0,0.575,0.75,0.75,0.35,0.4,0.8,0.45,0.5625,0.35,0.4,1.0,0.0,0.574999988079071,0.75,0.75,0.3499999940395355,0.4000000059604645,0.800000011920929,0.44999998807907104,0.5625,0.3499999940395355,0.4000000059604645,1.0,0.5,0.5,0.17475029826164246,0.06514074406362956,-23.7229457011512,0.08837306880380028,-1.2527103523569608e-07,1.923082657964901e-06,False,False,False,0.0,274.3738756428213,266.69667735696504,266.1669967896391,1.0,0.46906701816923463
B_resonant_driven_swell_w0p000_c0p575_s0p000_b0p250,B,main,resonant_driven_swell,0.25,generation/test_renders/architecture_ab_v1/raw/B_resonant_driven_swell_w0p000_c0p575_s0p000_b0p250.wav,7ab9b67bf25d0b4b30dccdf7f04b9ae0201505d1869eba72bb4d88cd84210c20,0.0,0.575,0.75,0.75,0.35,0.4,0.8,0.45,0.5625,0.35,0.4,0.0,0.0,0.574999988079071,0.75,0.75,0.3499999940395355,0.4000000059604645,0.800000011920929,0.44999998807907104,0.5625,0.3499999940395355,0.4000000059604645,0.0,0.25,0.25,0.17448845505714417,0.06441725964039367,-23.819955086870937,0.08738394016705844,-0.013653061951321472,0.21194726425090185,False,False,True,0.0,323.71419671845734,335.3765024078097,316.9610747891298,1.0,0.47437654780746435
B_resonant_driven_swell_w0p000_c0p575_s0p000_b0p500,B,main,resonant_driven_swell,0.5,generation/test_renders/architecture_ab_v1/raw/B_resonant_driven_swell_w0p000_c0p575_s0p000_b0p500.wav,dfd293ea9db56d4094d2477f0bbb764c139acf1b202fc9401c2b448487530638,0.0,0.575,0.75,0.75,0.35,0.4,0.8,0.45,0.5625,0.35,0.4,0.0,0.0,0.574999988079071,0.75,0.75,0.3499999940395355,0.4000000059604645,0.800000011920929,0.44999998807907104,0.5625,0.3499999940395355,0.4000000059604645,0.0,0.5,0.5,0.1747468262910843,0.06581308853568742,-23.63375455521052,0.08922837381035653,-1.2354041049548694e-07,1.877140447959628e-06,False,False,False,0.0,274.3738789154321,268.1362436003051,273.99922389041376,1.0,0.4645707424677044
B_resonant_driven_swell_w0p000_c0p575_s0p000_b0p750,B,main,resonant_driven_swell,0.75,generation/test_renders/architecture_ab_v1/raw/B_resonant_driven_swell_w0p000_c0p575_s0p000_b0p750.wav,3733c05640234d24da9051867a124de483f0518aea0a4cb23783b0d625351e90,0.0,0.575,0.75,0.75,0.35,0.4,0.8,0.45,0.5625,0.35,0.4,0.0,0.0,0.574999988079071,0.75,0.75,0.3499999940395355,0.4000000059604645,0.800000011920929,0.44999998807907104,0.5625,0.3499999940395355,0.4000000059604645,0.0,0.75,0.75,0.17481093108654022,0.06290596697753849,-24.026163147530475,0.08544073615331449,0.01427140083614334,0.22686879356356063,False,False,True,0.0,297.9587948376907,295.5223459569872,294.8439954501116,1.0,0.48516543438811566
A_resonant_driven_swell_w0p000_c0p850_s0p000_b0p500,A,main,resonant_driven_swell,0.5,generation/test_renders/architecture_ab_v1/raw/A_resonant_driven_swell_w0p000_c0p850_s0p000_b0p500.wav,a48526f5cf488a36410420e0236d257fb12b9cf29198c9a207d6def0d2af858a,0.0,0.85,0.75,0.75,0.35,0.4,0.8,0.45,0.5625,0.35,0.4,0.0,0.0,0.8500000238418579,0.75,0.75,0.3499999940395355,0.4000000059604645,0.800000011920929,0.44999998807907104,0.5625,0.3499999940395355,0.4000000059604645,0.0,0.5,0.5,0.18574342131614685,0.06759531667910104,-23.40166785953481,0.09185405667909617,-1.30576235676553e-07,1.931734949870044e-06,False,False,False,0.0,264.17243947854536,263.920093224057,264.23325684232606,1.0,0.45129081250144626
A_resonant_driven_swell_w0p000_c0p850_s0p400_b0p500,A,main,resonant_driven_swell,0.5,generation/test_renders/architecture_ab_v1/raw/A_resonant_driven_swell_w0p000_c0p850_s0p400_b0p500.wav,0c5c98d07a4a40efca193d802f86213fef29f75e06979863182818fc468e4d92,0.0,0.85,0.75,0.75,0.35,0.4,0.8,0.45,0.5625,0.35,0.4,0.4,0.0,0.8500000238418579,0.75,0.75,0.3499999940395355,0.4000000059604645,0.800000011920929,0.44999998807907104,0.5625,0.3499999940395355,0.4000000059604645,0.4000000059604645,0.5,0.5,0.18574486672878265,0.06801010305040166,-23.34853134201571,0.0924256990685372,-1.3178401323097387e-07,1.937712300381459e-06,False,False,False,0.0,264.17243947854536,263.89771115335066,264.04775266261277,1.0,0.44849963038444857
A_resonant_driven_swell_w0p000_c0p850_s1p000_b0p500,A,main,resonant_driven_swell,0.5,generation/test_renders/architecture_ab_v1/raw/A_resonant_driven_swell_w0p000_c0p850_s1p000_b0p500.wav,2735b2b1bb4dc3e0459ee8004b01a17fbc9f0a08108d698378d287a1578eaf70,0.0,0.85,0.75,0.75,0.35,0.4,0.8,0.45,0.5625,0.35,0.4,1.0,0.0,0.8500000238418579,0.75,0.75,0.3499999940395355,0.4000000059604645,0.800000011920929,0.44999998807907104,0.5625,0.3499999940395355,0.4000000059604645,1.0,0.5,0.5,0.18574708700180054,0.06850865785765613,-23.285090811843666,0.09310457707989918,-1.32053949508903e-07,1.9275512561241257e-06,False,False,False,0.0,264.17243947854536,263.87141751968005,263.8528918051874,1.0,0.44522936648635164
B_resonant_driven_swell_w0p000_c0p850_s0p000_b0p250,B,main,resonant_driven_swell,0.25,generation/test_renders/architecture_ab_v1/raw/B_resonant_driven_swell_w0p000_c0p850_s0p000_b0p250.wav,9e77b17e9ba2160722e6ceb144df4bcc24bf8687da0ea1b2cb69b2c4bc8a3d6a,0.0,0.85,0.75,0.75,0.35,0.4,0.8,0.45,0.5625,0.35,0.4,0.0,0.0,0.8500000238418579,0.75,0.75,0.3499999940395355,0.4000000059604645,0.800000011920929,0.44999998807907104,0.5625,0.3499999940395355,0.4000000059604645,0.0,0.25,0.25,0.1856163740158081,0.06597912426852523,-23.611869061618624,0.08965744316960758,-0.01445017576407812,0.2190113300878025,False,False,True,0.0,316.09278162771574,305.0545400601972,316.1300822741229,1.0,0.46234746837298907
B_resonant_driven_swell_w0p000_c0p850_s0p000_b0p500,B,main,resonant_driven_swell,0.5,generation/test_renders/architecture_ab_v1/raw/B_resonant_driven_swell_w0p000_c0p850_s0p000_b0p500.wav,6385f2b4163f684ae29c24499088234542b42229be155aa19bffe3a6aafea51c,0.0,0.85,0.75,0.75,0.35,0.4,0.8,0.45,0.5625,0.35,0.4,0.0,0.0,0.8500000238418579,0.75,0.75,0.3499999940395355,0.4000000059604645,0.800000011920929,0.44999998807907104,0.5625,0.3499999940395355,0.4000000059604645,0.0,0.5,0.5,0.18574342131614685,0.06759531653396614,-23.401667878184412,0.09185405646498541,-1.3057020527296602e-07,1.9316457406831653e-06,False,False,False,0.0,264.1724396705719,263.92009321574693,264.2332568508257,1.0,0.4512908135534
B_resonant_driven_swell_w0p000_c0p850_s0p000_b0p750,B,main,resonant_driven_swell,0.75,generation/test_renders/architecture_ab_v1/raw/B_resonant_driven_swell_w0p000_c0p850_s0p000_b0p750.wav,70b8d99957e96f562557b87c0c2ce909d5193d5f41a85bfc8e16df2aef203ad5,0.0,0.85,0.75,0.75,0.35,0.4,0.8,0.45,0.5625,0.35,0.4,0.0,0.0,0.8500000238418579,0.75,0.75,0.3499999940395355,0.4000000059604645,0.800000011920929,0.44999998807907104,0.5625,0.3499999940395355,0.4000000059604645,0.0,0.75,0.75,0.18584829568862915,0.06594852433495893,-23.615898355757782,0.08961167231056534,0.014528077127901039,0.2202941957292559,False,False,True,0.0,290.3481144948295,289.49717969130313,290.50614258713176,1.0,0.46258362110017054
A_resonant_driven_swell_w0p500_c0p300_s0p000_b0p500,A,main,resonant_driven_swell,0.5,generation/test_renders/architecture_ab_v1/raw/A_resonant_driven_swell_w0p500_c0p300_s0p000_b0p500.wav,f2b6dad4af3fa6961d5a2e7cc3f3814f1350eef222c27271a5c467956e3ee434,0.5,0.3,0.75,0.75,0.35,0.4,0.8,0.45,0.5625,0.35,0.4,0.0,0.5,0.30000001192092896,0.75,0.75,0.3499999940395355,0.4000000059604645,0.800000011920929,0.44999998807907104,0.5625,0.3499999940395355,0.4000000059604645,0.0,0.5,0.5,0.15584169328212738,0.030606099594539592,-30.2838402571222,0.04290385960780233,-8.074414861332134e-08,2.638171791995568e-06,False,False,False,0.0,262.9041804815794,263.81312430859344,262.3635534501837,1.0,0.966180950832795
A_resonant_driven_swell_w0p500_c0p300_s0p400_b0p500,A,main,resonant_driven_swell,0.5,generation/test_renders/architecture_ab_v1/raw/A_resonant_driven_swell_w0p500_c0p300_s0p400_b0p500.wav,6477c5d52160b3e08a3e4b08c07485dc6c3a0de91fbe585aa694d558717b6daf,0.5,0.3,0.75,0.75,0.35,0.4,0.8,0.45,0.5625,0.35,0.4,0.4,0.5,0.30000001192092896,0.75,0.75,0.3499999940395355,0.4000000059604645,0.800000011920929,0.44999998807907104,0.5625,0.3499999940395355,0.4000000059604645,0.4000000059604645,0.5,0.5,0.15590089559555054,0.03650037156887512,-28.75405428923174,0.05102043728851361,-9.035031217388993e-08,2.4753258197221794e-06,False,False,False,0.0,262.9041804815794,264.0391890473365,262.88866686527103,1.0,0.8124762168511562
A_resonant_driven_swell_w0p500_c0p300_s1p000_b0p500,A,main,resonant_driven_swell,0.5,generation/test_renders/architecture_ab_v1/raw/A_resonant_driven_swell_w0p500_c0p300_s1p000_b0p500.wav,d146764370c27d5838bff04f083e82676e430e0c801806ed3e2f021e5f906faa,0.5,0.3,0.75,0.75,0.35,0.4,0.8,0.45,0.5625,0.35,0.4,1.0,0.5,0.30000001192092896,0.75,0.75,0.3499999940395355,0.4000000059604645,0.800000011920929,0.44999998807907104,0.5625,0.3499999940395355,0.4000000059604645,1.0,0.5,0.5,0.15598943829536438,0.04911388814487179,-26.17591366392824,0.0683302685891532,-1.434766089316548e-07,2.9213042247528894e-06,False,False,False,0.0,262.9041804815794,264.5625047490615,264.6184638206019,1.0,0.6066548943266333
B_resonant_driven_swell_w0p500_c0p300_s0p000_b0p250,B,main,resonant_driven_swell,0.25,generation/test_renders/architecture_ab_v1/raw/B_resonant_driven_swell_w0p500_c0p300_s0p000_b0p250.wav,7ec66d972d172099037b88b48ebbbd98b3599aed65bfaa7af965ac2c64a626f0,0.5,0.3,0.75,0.75,0.35,0.4,0.8,0.45,0.5625,0.35,0.4,0.0,0.5,0.30000001192092896,0.75,0.75,0.3499999940395355,0.4000000059604645,0.800000011920929,0.44999998807907104,0.5625,0.3499999940395355,0.4000000059604645,0.0,0.25,0.25,0.17626351118087769,0.038418796970779844,-28.309124771335526,0.05312093247632217,-0.01971785966314126,0.5132346980603807,False,False,True,0.0,266.01939661053837,270.4219495435759,265.56870900195173,1.0,0.7803494768985877
B_resonant_driven_swell_w0p500_c0p300_s0p000_b0p500,B,main,resonant_driven_swell,0.5,generation/test_renders/architecture_ab_v1/raw/B_resonant_driven_swell_w0p500_c0p300_s0p000_b0p500.wav,36762d5089afe28f159f61a04c2d6f4ec86fe197c3975e486dc81633f17bee72,0.5,0.3,0.75,0.75,0.35,0.4,0.8,0.45,0.5625,0.35,0.4,0.0,0.5,0.30000001192092896,0.75,0.75,0.3499999940395355,0.4000000059604645,0.800000011920929,0.44999998807907104,0.5625,0.3499999940395355,0.4000000059604645,0.0,0.5,0.5,0.155841663479805,0.030606099607277188,-30.283840253507318,0.04290385963826891,-8.091736887757474e-08,2.643831455685882e-06,False,False,False,0.0,262.9041804724785,263.81312409765593,262.36355349256894,1.0,0.9661809501466975
B_resonant_driven_swell_w0p500_c0p300_s0p000_b0p750,B,main,resonant_driven_swell,0.75,generation/test_renders/architecture_ab_v1/raw/B_resonant_driven_swell_w0p500_c0p300_s0p000_b0p750.wav,0812ee6a41be26ffb7e2d9c4d3a76b812bc9b60b4fbba8b94f05909faed7ce9e,0.5,0.3,0.75,0.75,0.35,0.4,0.8,0.45,0.5625,0.35,0.4,0.0,0.5,0.30000001192092896,0.75,0.75,0.3499999940395355,0.4000000059604645,0.800000011920929,0.44999998807907104,0.5625,0.3499999940395355,0.4000000059604645,0.0,0.75,0.75,0.17623117566108704,0.03848400406455565,-28.294394963103162,0.05319305603338166,0.01980905515214962,0.514734774451239,False,False,True,0.0,266.0510990881744,270.45631964160185,265.5968593235539,1.0,0.7792914143577154
A_resonant_driven_swell_w0p500_c0p575_s0p000_b0p500,A,main,resonant_driven_swell,0.5,generation/test_renders/architecture_ab_v1/raw/A_resonant_driven_swell_w0p500_c0p575_s0p000_b0p500.wav,da365a3f0ea9907e54828d6f8a0eb53025ba2ce9e2c631fb535d7b9bdde301ee,0.5,0.575,0.75,0.75,0.35,0.4,0.8,0.45,0.5625,0.35,0.4,0.0,0.5,0.574999988079071,0.75,0.75,0.3499999940395355,0.4000000059604645,0.800000011920929,0.44999998807907104,0.5625,0.3499999940395355,0.4000000059604645,0.0,0.5,0.5,0.18185818195343018,0.07842504475133906,-22.11090449621185,0.10676752297683952,-1.2290729890460255e-07,1.56719450137775e-06,False,False,False,0.0,315.234806322715,350.573268038114,306.925407007584,1.0,0.38825375652159083
A_resonant_driven_swell_w0p500_c0p575_s0p400_b0p500,A,main,resonant_driven_swell,0.5,generation/test_renders/architecture_ab_v1/raw/A_resonant_driven_swell_w0p500_c0p575_s0p400_b0p500.wav,445c3e0f6f2b13fea9954bd44962f5932c6f23b4b02049328948285ddef7d265,0.5,0.575,0.75,0.75,0.35,0.4,0.8,0.45,0.5625,0.35,0.4,0.4,0.5,0.574999988079071,0.75,0.75,0.3499999940395355,0.4000000059604645,0.800000011920929,0.44999998807907104,0.5625,0.3499999940395355,0.4000000059604645,0.4000000059604645,0.5,0.5,0.18185816705226898,0.07983147904134312,-21.956516489226736,0.1086852383100582,-1.4511379512019658e-07,1.8177515544343737e-06,False,False,False,0.0,315.234806322715,354.85065330581983,328.9536561692697,1.0,0.38140314650648355
A_resonant_driven_swell_w0p500_c0p575_s1p000_b0p500,A,main,resonant_driven_swell,0.5,generation/test_renders/architecture_ab_v1/raw/A_resonant_driven_swell_w0p500_c0p575_s1p000_b0p500.wav,45220dafa0fb1a271806d783d52d9cc178d614001f9470926bf511320ab1c0e5,0.5,0.575,0.75,0.75,0.35,0.4,0.8,0.45,0.5625,0.35,0.4,1.0,0.5,0.574999988079071,0.75,0.75,0.3499999940395355,0.4000000059604645,0.800000011920929,0.44999998807907104,0.5625,0.3499999940395355,0.4000000059604645,1.0,0.5,0.5,0.18185818195343018,0.08147959240214113,-21.779023044086394,0.11092946391977108,-1.5372003690155289e-07,1.8866078286556747e-06,False,False,False,0.0,315.234806322715,361.5564522757538,365.7475011634671,1.0,0.3736869394793407
B_resonant_driven_swell_w0p500_c0p575_s0p000_b0p250,B,main,resonant_driven_swell,0.25,generation/test_renders/architecture_ab_v1/raw/B_resonant_driven_swell_w0p500_c0p575_s0p000_b0p250.wav,69a541a1ab447d9ec6b442584db126149fbe28e71a67dfcde62dc8c0d4486009,0.5,0.575,0.75,0.75,0.35,0.4,0.8,0.45,0.5625,0.35,0.4,0.0,0.5,0.574999988079071,0.75,0.75,0.3499999940395355,0.4000000059604645,0.800000011920929,0.44999998807907104,0.5625,0.3499999940395355,0.4000000059604645,0.0,0.25,0.25,0.18172678351402283,0.0784407018467711,-22.109170582895832,0.10678271454136243,-0.021485137710204036,0.2739029254502832,False,False,True,0.0,343.6723836205943,382.85381666963394,335.1460410537592,1.0,0.38819852115865033
B_resonant_driven_swell_w0p500_c0p575_s0p000_b0p500,B,main,resonant_driven_swell,0.5,generation/test_renders/architecture_ab_v1/raw/B_resonant_driven_swell_w0p500_c0p575_s0p000_b0p500.wav,010ef51c6f8f5113c995f1059860cb5fc25eef209676e1c50855cddf383a01ff,0.5,0.575,0.75,0.75,0.35,0.4,0.8,0.45,0.5625,0.35,0.4,0.0,0.5,0.574999988079071,0.75,0.75,0.3499999940395355,0.4000000059604645,0.800000011920929,0.44999998807907104,0.5625,0.3499999940395355,0.4000000059604645,0.0,0.5,0.5,0.18185818195343018,0.07842504457990175,-22.110904515199227,0.10676752272516063,-1.2296908794304e-07,1.567982378610642e-06,False,False,False,0.0,315.23480703379914,350.57326785436044,306.9254066604156,1.0,0.3882537574368061
B_resonant_driven_swell_w0p500_c0p575_s0p000_b0p750,B,main,resonant_driven_swell,0.75,generation/test_renders/architecture_ab_v1/raw/B_resonant_driven_swell_w0p500_c0p575_s0p000_b0p750.wav,64dbcba5c0a807c23cdd8a0e187e88f5c25d1b9ec0685f57ea35a59e3ff27b30,0.5,0.575,0.75,0.75,0.35,0.4,0.8,0.45,0.5625,0.35,0.4,0.0,0.5,0.574999988079071,0.75,0.75,0.3499999940395355,0.4000000059604645,0.800000011920929,0.44999998807907104,0.5625,0.3499999940395355,0.4000000059604645,0.0,0.75,0.75,0.18191489577293396,0.07843560993386371,-22.109734438497405,0.10678109633285834,0.021385795646487904,0.27265416389979297,False,False,True,0.0,343.3551394387009,382.3603326686916,334.84862280972015,1.0,0.3882044040927069
A_resonant_driven_swell_w0p500_c0p850_s0p000_b0p500,A,main,resonant_driven_swell,0.5,generation/test_renders/architecture_ab_v1/raw/A_resonant_driven_swell_w0p500_c0p850_s0p000_b0p500.wav,c299514b60480281fdc8a605cc84bcb83bcef3ea5eedc6d0b55c0acc379bfd30,0.5,0.85,0.75,0.75,0.35,0.4,0.8,0.45,0.5625,0.35,0.4,0.0,0.5,0.8500000238418579,0.75,0.75,0.3499999940395355,0.4000000059604645,0.800000011920929,0.44999998807907104,0.5625,0.3499999940395355,0.4000000059604645,0.0,0.5,0.5,0.24380534887313843,0.08814842942634518,-21.095708425670544,0.11982594115802843,-1.5331038687725435e-07,1.7392299315480943e-06,False,False,False,0.0,484.93990801515355,523.8505020572323,476.4128578555852,1.0,0.3459425519186571
A_resonant_driven_swell_w0p500_c0p850_s0p400_b0p500,A,main,resonant_driven_swell,0.5,generation/test_renders/architecture_ab_v1/raw/A_resonant_driven_swell_w0p500_c0p850_s0p400_b0p500.wav,a59a7865bb17b22990eb5127293feef2c7d932ef9e7206c0da9b209f73de6f97,0.5,0.85,0.75,0.75,0.35,0.4,0.8,0.45,0.5625,0.35,0.4,0.4,0.5,0.8500000238418579,0.75,0.75,0.3499999940395355,0.4000000059604645,0.800000011920929,0.44999998807907104,0.5625,0.3499999940395355,0.4000000059604645,0.4000000059604645,0.5,0.5,0.24380533397197723,0.08892706804421573,-21.019320525711723,0.12089590489715292,-1.5572327320004058e-07,1.75113468401559e-06,False,False,False,0.0,484.93990801515355,527.831660993777,502.6605018238754,1.0,0.3428808602369741
A_resonant_driven_swell_w0p500_c0p850_s1p000_b0p500,A,main,resonant_driven_swell,0.5,generation/test_renders/architecture_ab_v1/raw/A_resonant_driven_swell_w0p500_c0p850_s1p000_b0p500.wav,487976f7887e8f248142dcc641d3ee43ada5d6ebaf2eb774e21c52038ec20661,0.5,0.85,0.75,0.75,0.35,0.4,0.8,0.45,0.5625,0.35,0.4,1.0,0.5,0.8500000238418579,0.75,0.75,0.3499999940395355,0.4000000059604645,0.800000011920929,0.44999998807907104,0.5625,0.3499999940395355,0.4000000059604645,1.0,0.5,0.5,0.24380533397197723,0.08983152521988004,-20.931424530267915,0.12212488409534243,-1.5547215350474294e-07,1.7307081575671208e-06,False,False,False,0.0,484.93990801515355,533.3929768575659,537.0472862305443,1.0,0.3394303476914753
B_resonant_driven_swell_w0p500_c0p850_s0p000_b0p250,B,main,resonant_driven_swell,0.25,generation/test_renders/architecture_ab_v1/raw/B_resonant_driven_swell_w0p500_c0p850_s0p000_b0p250.wav,d3afa5bb8eb36c9dc38ab80d58a692503b54a455eb43ddecf6a1d56a4b4146ea,0.5,0.85,0.75,0.75,0.35,0.4,0.8,0.45,0.5625,0.35,0.4,0.0,0.5,0.8500000238418579,0.75,0.75,0.3499999940395355,0.4000000059604645,0.800000011920929,0.44999998807907104,0.5625,0.3499999940395355,0.4000000059604645,0.0,0.25,0.25,0.24416673183441162,0.0881465998064822,-21.095888712956906,0.11982522900788972,-0.02268034692337706,0.25730257290887776,False,False,True,0.0,534.3863007411423,580.3677034949493,524.5596838691926,1.0,0.3459446079383984
B_resonant_driven_swell_w0p500_c0p850_s0p000_b0p500,B,main,resonant_driven_swell,0.5,generation/test_renders/architecture_ab_v1/raw/B_resonant_driven_swell_w0p500_c0p850_s0p000_b0p500.wav,73274e0031a5397efbd4cc15c1d090ee8208829c7eec273bbe6b221c2472428a,0.5,0.85,0.75,0.75,0.35,0.4,0.8,0.45,0.5625,0.35,0.4,0.0,0.5,0.8500000238418579,0.75,0.75,0.3499999940395355,0.4000000059604645,0.800000011920929,0.44999998807907104,0.5625,0.3499999940395355,0.4000000059604645,0.0,0.5,0.5,0.2438054382801056,0.0881484293043506,-21.095708437691535,0.11982594099885462,-1.5338116318129382e-07,1.7400328558517337e-06,False,False,False,0.0,484.9399165536909,523.8505036261829,476.4128599237018,1.0,0.34594255237819865
B_resonant_driven_swell_w0p500_c0p850_s0p000_b0p750,B,main,resonant_driven_swell,0.75,generation/test_renders/architecture_ab_v1/raw/B_resonant_driven_swell_w0p500_c0p850_s0p000_b0p750.wav,c5157a75563cf680003180bc5f5a6eeb4b36ee7557415b144d660dddde73c450,0.5,0.85,0.75,0.75,0.35,0.4,0.8,0.45,0.5625,0.35,0.4,0.0,0.5,0.8500000238418579,0.75,0.75,0.3499999940395355,0.4000000059604645,0.800000011920929,0.44999998807907104,0.5625,0.3499999940395355,0.4000000059604645,0.0,0.75,0.75,0.24445031583309174,0.08812333298794206,-21.098181707752314,0.11979167245707614,0.022365576766480228,0.25379857987827714,False,False,True,0.0,531.0197980031372,570.716155415111,521.7055464343454,1.0,0.34604151540764777
A_resonant_driven_swell_w1p000_c0p300_s0p000_b0p500,A,main,resonant_driven_swell,0.5,generation/test_renders/architecture_ab_v1/raw/A_resonant_driven_swell_w1p000_c0p300_s0p000_b0p500.wav,b89f7de0a8878b0e43925cba5b959a7344f2c6df853758561bf7c2f94eb981f3,1.0,0.3,0.75,0.75,0.35,0.4,0.8,0.45,0.5625,0.35,0.4,0.0,1.0,0.30000001192092896,0.75,0.75,0.3499999940395355,0.4000000059604645,0.800000011920929,0.44999998807907104,0.5625,0.3499999940395355,0.4000000059604645,0.0,0.5,0.5,0.11519776284694672,0.0227778195749689,-32.84975702909041,0.031840943015661344,-0.008494145295017116,0.37291301158393314,False,False,True,0.0,268.1782756680354,265.2560960582419,268.5213374044927,1.0,1.3018738750882506
A_resonant_driven_swell_w1p000_c0p300_s0p400_b0p500,A,main,resonant_driven_swell,0.5,generation/test_renders/architecture_ab_v1/raw/A_resonant_driven_swell_w1p000_c0p300_s0p400_b0p500.wav,93aaf3b6d79978c2e230c6ee382e89f973ffcba49d3c6a4dfd7139bd23402057,1.0,0.3,0.75,0.75,0.35,0.4,0.8,0.45,0.5625,0.35,0.4,0.4,1.0,0.30000001192092896,0.75,0.75,0.3499999940395355,0.4000000059604645,0.800000011920929,0.44999998807907104,0.5625,0.3499999940395355,0.4000000059604645,0.4000000059604645,0.5,0.5,0.11519775539636612,0.026863521678035535,-31.416741080492727,0.037577461257302644,-0.00870406337154694,0.3240105104560307,False,False,True,0.0,268.1782756680354,265.66730694481424,265.4224344887602,1.0,1.103131783875033
A_resonant_driven_swell_w1p000_c0p300_s1p000_b0p500,A,main,resonant_driven_swell,0.5,generation/test_renders/architecture_ab_v1/raw/A_resonant_driven_swell_w1p000_c0p300_s1p000_b0p500.wav,beebc5b83dca878c160e5ecd5dd21d16b53863a1d3003cb5ae928016c9841d18,1.0,0.3,0.75,0.75,0.35,0.4,0.8,0.45,0.5625,0.35,0.4,1.0,1.0,0.30000001192092896,0.75,0.75,0.3499999940395355,0.4000000059604645,0.800000011920929,0.44999998807907104,0.5625,0.3499999940395355,0.4000000059604645,1.0,0.5,0.5,0.11519769579172134,0.03458390642322789,-29.22251905164559,0.04801610603440445,-0.0092950368564505,0.2687676962428858,False,False,True,0.0,268.1782756680354,267.43502959184605,267.3453499993706,1.0,0.8633122361184689
B_resonant_driven_swell_w1p000_c0p300_s0p000_b0p250,B,main,resonant_driven_swell,0.25,generation/test_renders/architecture_ab_v1/raw/B_resonant_driven_swell_w1p000_c0p300_s0p000_b0p250.wav,144c1002bb054e66a6e774c2789a9ee8759738efac210f262e9a79e7b96758ac,1.0,0.3,0.75,0.75,0.35,0.4,0.8,0.45,0.5625,0.35,0.4,0.0,1.0,0.30000001192092896,0.75,0.75,0.3499999940395355,0.4000000059604645,0.800000011920929,0.44999998807907104,0.5625,0.3499999940395355,0.4000000059604645,0.0,0.25,0.25,0.11350908130407333,0.023169938721643784,-32.70150229604957,0.032183999903807894,-0.01078316461124977,0.46539461069773436,False,False,True,0.0,269.0643429515196,264.9798760972943,269.49979975357195,1.0,1.287996892684512
B_resonant_driven_swell_w1p000_c0p300_s0p000_b0p500,B,main,resonant_driven_swell,0.5,generation/test_renders/architecture_ab_v1/raw/B_resonant_driven_swell_w1p000_c0p300_s0p000_b0p500.wav,f93cadfd5370b51726c489e96f01d0c763dc65baf26f7491d521d278608d89b6,1.0,0.3,0.75,0.75,0.35,0.4,0.8,0.45,0.5625,0.35,0.4,0.0,1.0,0.30000001192092896,0.75,0.75,0.3499999940395355,0.4000000059604645,0.800000011920929,0.44999998807907104,0.5625,0.3499999940395355,0.4000000059604645,0.0,0.5,0.5,0.11519774794578552,0.02277781945814515,-32.849757073638926,0.03184094286946056,-0.008494145118252869,0.3729130057361762,False,False,True,0.0,268.1782765685156,265.2560953319438,268.521337431016,1.0,1.301873881065931
B_resonant_driven_swell_w1p000_c0p300_s0p000_b0p750,B,main,resonant_driven_swell,0.75,generation/test_renders/architecture_ab_v1/raw/B_resonant_driven_swell_w1p000_c0p300_s0p000_b0p750.wav,a4e647cff7acfca3d1045470733451f8f0b0b40ec0cd37553bbf471906cfcbad,1.0,0.3,0.75,0.75,0.35,0.4,0.8,0.45,0.5625,0.35,0.4,0.0,1.0,0.30000001192092896,0.75,0.75,0.3499999940395355,0.4000000059604645,0.800000011920929,0.44999998807907104,0.5625,0.3499999940395355,0.4000000059604645,0.0,0.75,0.75,0.11424720287322998,0.022905068045888873,-32.80136827386347,0.031927259602385856,-0.009559524998258804,0.41735414097469137,False,False,True,0.0,268.59644710343747,265.1499767292158,268.9775367663169,1.0,1.2983542084885205
A_resonant_driven_swell_w1p000_c0p575_s0p000_b0p500,A,main,resonant_driven_swell,0.5,generation/test_renders/architecture_ab_v1/raw/A_resonant_driven_swell_w1p000_c0p575_s0p000_b0p500.wav,475bd2582d0f290b5bc4e2b2d3e487772d1df15659766812c39aff90e7dd4fd4,1.0,0.575,0.75,0.75,0.35,0.4,0.8,0.45,0.5625,0.35,0.4,0.0,1.0,0.574999988079071,0.75,0.75,0.3499999940395355,0.4000000059604645,0.800000011920929,0.44999998807907104,0.5625,0.3499999940395355,0.4000000059604645,0.0,0.5,0.5,0.20315223932266235,0.03873275924255807,-28.238431273222773,0.05267216423007458,-0.009357364678227524,0.24158786673648625,False,False,True,0.0,762.1212616578256,954.0743639173182,730.862895776477,1.0,0.7869980752868811
A_resonant_driven_swell_w1p000_c0p575_s0p400_b0p500,A,main,resonant_driven_swell,0.5,generation/test_renders/architecture_ab_v1/raw/A_resonant_driven_swell_w1p000_c0p575_s0p400_b0p500.wav,f1a8496a65fc5c9b110afe4fc1ae21e2a6e89755d94c6fa4c9e3f254c82e161d,1.0,0.575,0.75,0.75,0.35,0.4,0.8,0.45,0.5625,0.35,0.4,0.4,1.0,0.574999988079071,0.75,0.75,0.3499999940395355,0.4000000059604645,0.800000011920929,0.44999998807907104,0.5625,0.3499999940395355,0.4000000059604645,0.4000000059604645,0.5,0.5,0.20317929983139038,0.03939724982962195,-28.09068187085206,0.05370751964084943,-0.00942064287820934,0.2391193019550862,False,False,True,0.0,762.1212616578256,970.4317738790199,874.6926862802495,1.0,0.7718265923927443
A_resonant_driven_swell_w1p000_c0p575_s1p000_b0p500,A,main,resonant_driven_swell,0.5,generation/test_renders/architecture_ab_v1/raw/A_resonant_driven_swell_w1p000_c0p575_s1p000_b0p500.wav,93824fcda200d0494f0b173dc7f33063e3065110696953bb8411b0c1b98b33fa,1.0,0.575,0.75,0.75,0.35,0.4,0.8,0.45,0.5625,0.35,0.4,1.0,1.0,0.574999988079071,0.75,0.75,0.3499999940395355,0.4000000059604645,0.800000011920929,0.44999998807907104,0.5625,0.3499999940395355,0.4000000059604645,1.0,0.5,0.5,0.20321929454803467,0.04094162574070699,-27.756698320817755,0.05582426052922531,-0.009253978043790386,0.22602859257221536,False,False,True,0.0,762.1212616578256,1034.4230460252784,1070.4478813726635,1.0,0.7425605189801242
B_resonant_driven_swell_w1p000_c0p575_s0p000_b0p250,B,main,resonant_driven_swell,0.25,generation/test_renders/architecture_ab_v1/raw/B_resonant_driven_swell_w1p000_c0p575_s0p000_b0p250.wav,c8cbc4bb607106c752689607aee7be6029ae242492e42b4678e326380a7bf747,1.0,0.575,0.75,0.75,0.35,0.4,0.8,0.45,0.5625,0.35,0.4,0.0,1.0,0.574999988079071,0.75,0.75,0.3499999940395355,0.4000000059604645,0.800000011920929,0.44999998807907104,0.5625,0.3499999940395355,0.4000000059604645,0.0,0.25,0.25,0.1985158920288086,0.035559487778532385,-28.980890070211437,0.048377211342437616,-0.011840623522075279,0.3329807109657969,False,False,True,0.0,876.1323293861473,1142.7500964910234,824.0382328606269,1.0,0.8568681558934704
B_resonant_driven_swell_w1p000_c0p575_s0p000_b0p500,B,main,resonant_driven_swell,0.5,generation/test_renders/architecture_ab_v1/raw/B_resonant_driven_swell_w1p000_c0p575_s0p000_b0p500.wav,faced5ee37a528f15ca45629a075e5557289064e0a15ffcd9dd0ec873be9b00a,1.0,0.575,0.75,0.75,0.35,0.4,0.8,0.45,0.5625,0.35,0.4,0.0,1.0,0.574999988079071,0.75,0.75,0.3499999940395355,0.4000000059604645,0.800000011920929,0.44999998807907104,0.5625,0.3499999940395355,0.4000000059604645,0.0,0.5,0.5,0.20315225422382355,0.03873275912647053,-28.238431299255605,0.052672164199481133,-0.009357364514390969,0.241587863230637,False,False,True,0.0,762.1212914612826,954.0743548868226,730.8628962290285,1.0,0.7869980757439913
B_resonant_driven_swell_w1p000_c0p575_s0p000_b0p750,B,main,resonant_driven_swell,0.75,generation/test_renders/architecture_ab_v1/raw/B_resonant_driven_swell_w1p000_c0p575_s0p000_b0p750.wav,b5800027007fa2bd2715876f0d951a72fc8e29040ecc9d4a98b1fe478d776718,1.0,0.575,0.75,0.75,0.35,0.4,0.8,0.45,0.5625,0.35,0.4,0.0,1.0,0.574999988079071,0.75,0.75,0.3499999940395355,0.4000000059604645,0.800000011920929,0.44999998807907104,0.5625,0.3499999940395355,0.4000000059604645,0.0,0.75,0.75,0.20170122385025024,0.03719111571324238,-28.591215856947258,0.050578177425228465,-0.010554391402214163,0.2837879746225558,False,False,True,0.0,811.8139203529917,1037.476839621493,773.8554594573048,1.0,0.8195805776422945
A_resonant_driven_swell_w1p000_c0p850_s0p000_b0p500,A,main,resonant_driven_swell,0.5,generation/test_renders/architecture_ab_v1/raw/A_resonant_driven_swell_w1p000_c0p850_s0p000_b0p500.wav,a6fb61b40eb8a0d12430b75ccc45fb4774598da9b69105c916fab0b9fb4738cf,1.0,0.85,0.75,0.75,0.35,0.4,0.8,0.45,0.5625,0.35,0.4,0.0,1.0,0.8500000238418579,0.75,0.75,0.3499999940395355,0.4000000059604645,0.800000011920929,0.44999998807907104,0.5625,0.3499999940395355,0.4000000059604645,0.0,0.5,0.5,0.26133832335472107,0.04535323015701489,-26.86783552184204,0.06158919459260688,-0.007869051944041661,0.17350587635761897,False,False,True,0.0,2003.993650427542,2088.8531675395443,1913.2582891027002,1.0,0.6730546185002261
A_resonant_driven_swell_w1p000_c0p850_s0p400_b0p500,A,main,resonant_driven_swell,0.5,generation/test_renders/architecture_ab_v1/raw/A_resonant_driven_swell_w1p000_c0p850_s0p400_b0p500.wav,40c437ccadc80ff9b61653725373e3a8ecf4209303cf7c52f3b5977b139e22ff,1.0,0.85,0.75,0.75,0.35,0.4,0.8,0.45,0.5625,0.35,0.4,0.4,1.0,0.8500000238418579,0.75,0.75,0.3499999940395355,0.4000000059604645,0.800000011920929,0.44999998807907104,0.5625,0.3499999940395355,0.4000000059604645,0.4000000059604645,0.5,0.5,0.2569025754928589,0.045482407350323065,-26.84313112977749,0.06177456786282765,-0.00798579647370266,0.17557989866703783,False,False,True,0.0,2003.993650427542,2053.5707949381263,2147.410094093474,1.0,0.671034914599656
A_resonant_driven_swell_w1p000_c0p850_s1p000_b0p500,A,main,resonant_driven_swell,0.5,generation/test_renders/architecture_ab_v1/raw/A_resonant_driven_swell_w1p000_c0p850_s1p000_b0p500.wav,ea808307cb6a1098d878eea03b4af5a66bb4c2ee71fcca2f5770b0ce54d2ee8c,1.0,0.85,0.75,0.75,0.35,0.4,0.8,0.45,0.5625,0.35,0.4,1.0,1.0,0.8500000238418579,0.75,0.75,0.3499999940395355,0.4000000059604645,0.800000011920929,0.44999998807907104,0.5625,0.3499999940395355,0.4000000059604645,1.0,0.5,0.5,0.25335627794265747,0.045488148829768524,-26.84203473421869,0.06176765821763416,-0.008213288835849411,0.18055887186322342,False,False,True,0.0,2003.993650427542,1480.0690748619381,1165.4888959530226,1.0,0.671109979986723
B_resonant_driven_swell_w1p000_c0p850_s0p000_b0p250,B,main,resonant_driven_swell,0.25,generation/test_renders/architecture_ab_v1/raw/B_resonant_driven_swell_w1p000_c0p850_s0p000_b0p250.wav,79f4d25ccb24227fd542cb83ac41235fdf5ab15b985f3537db3550a23bad2825,1.0,0.85,0.75,0.75,0.35,0.4,0.8,0.45,0.5625,0.35,0.4,0.0,1.0,0.8500000238418579,0.75,0.75,0.3499999940395355,0.4000000059604645,0.800000011920929,0.44999998807907104,0.5625,0.3499999940395355,0.4000000059604645,0.0,0.25,0.25,0.26288846135139465,0.04216967121145976,-27.499995701592887,0.05727500576438483,-0.010723288601192843,0.25428912043020035,False,False,True,0.0,2452.923952016166,2587.4879500636407,2351.3738685599465,1.0,0.7237518585469921
B_resonant_driven_swell_w1p000_c0p850_s0p000_b0p500,B,main,resonant_driven_swell,0.5,generation/test_renders/architecture_ab_v1/raw/B_resonant_driven_swell_w1p000_c0p850_s0p000_b0p500.wav,46a0320265a80290634488276eaf2bf426b70149415b54aa6cf6adc658d1bd46,1.0,0.85,0.75,0.75,0.35,0.4,0.8,0.45,0.5625,0.35,0.4,0.0,1.0,0.8500000238418579,0.75,0.75,0.3499999940395355,0.4000000059604645,0.800000011920929,0.44999998807907104,0.5625,0.3499999940395355,0.4000000059604645,0.0,0.5,0.5,0.26133838295936584,0.04535323029284782,-26.867835495827798,0.06158919479980641,-0.00786905184541077,0.1735058736632419,False,False,True,0.0,2003.993830785392,2088.8535744470446,1913.2582959195731,1.0,0.6730546162359229
B_resonant_driven_swell_w1p000_c0p850_s0p000_b0p750,B,main,resonant_driven_swell,0.75,generation/test_renders/architecture_ab_v1/raw/B_resonant_driven_swell_w1p000_c0p850_s0p000_b0p750.wav,07cb1c9fe00192c39229e61cc403835ba534de68ec0d1bdc83652f0e1a0fad8f,1.0,0.85,0.75,0.75,0.35,0.4,0.8,0.45,0.5625,0.35,0.4,0.0,1.0,0.8500000238418579,0.75,0.75,0.3499999940395355,0.4000000059604645,0.800000011920929,0.44999998807907104,0.5625,0.3499999940395355,0.4000000059604645,0.0,0.75,0.75,0.2516547441482544,0.043750136588227295,-27.180411735383846,0.05944882785080535,-0.00928584704551442,0.21224726982939626,False,False,True,0.0,2191.288149670201,2306.029264567584,2109.3979099742182,1.0,0.6972869502876438
B_clean_held_w0p500_c0p300_s0p000_b0p000,B,Bend_extreme,clean_held,0.0,generation/test_renders/architecture_ab_v1/raw/B_clean_held_w0p500_c0p300_s0p000_b0p000.wav,9f6f3588d6543a43f247eba1675ca893bbf9a6f3c46ca203461e3b9beeac60d3,0.5,0.3,0.2,0.0,0.1,0.3,0.8,0.3,0.53125,0.2,0.3,0.0,0.5,0.30000001192092896,0.20000000298023224,0.0,0.10000000149011612,0.30000001192092896,0.800000011920929,0.30000001192092896,0.53125,0.20000000298023224,0.30000001192092896,0.0,0.0,0.0,0.1858970671892166,0.042148275211238095,-27.504403856878803,0.05913625403299151,-0.028376672983808887,0.6732582256709463,False,False,True,0.0,268.27258491925124,268.07699156661755,268.10598864960883,1.0,0.7009725683188701
B_clean_held_w0p500_c0p300_s0p000_b1p000,B,Bend_extreme,clean_held,1.0,generation/test_renders/architecture_ab_v1/raw/B_clean_held_w0p500_c0p300_s0p000_b1p000.wav,d6214cff1e55d25ea667728ba3d454aa4738f13f3c147c4df814368d050e9148,0.5,0.3,0.2,0.0,0.1,0.3,0.8,0.3,0.53125,0.2,0.3,0.0,0.5,0.30000001192092896,0.20000000298023224,0.0,0.10000000149011612,0.30000001192092896,0.800000011920929,0.30000001192092896,0.53125,0.20000000298023224,0.30000001192092896,0.0,1.0,1.0,0.18008096516132355,0.041172113312374053,-27.707936812905544,0.05775988345302342,0.02757083206507263,0.669648212028659,False,False,True,0.0,267.73405546187007,267.6099627301938,267.6378509896705,1.0,0.7176761688582209
B_clean_held_w0p500_c0p850_s0p000_b0p000,B,Bend_extreme,clean_held,0.0,generation/test_renders/architecture_ab_v1/raw/B_clean_held_w0p500_c0p850_s0p000_b0p000.wav,0a3534b97be40154e77c42ce89c6267db8aed7e421a7cddb202c5b0e8d3ac99d,0.5,0.85,0.2,0.0,0.1,0.3,0.8,0.3,0.53125,0.2,0.3,0.0,0.5,0.8500000238418579,0.20000000298023224,0.0,0.10000000149011612,0.30000001192092896,0.800000011920929,0.30000001192092896,0.53125,0.20000000298023224,0.30000001192092896,0.0,0.0,0.0,0.1989355981349945,0.0766895097557837,-22.305280769718443,0.10754409074998486,-0.02924830426328246,0.38138598559859277,False,False,True,0.0,552.088164332407,562.6948208237214,562.0593831373573,1.0,0.3854502054104636
B_clean_held_w0p500_c0p850_s0p000_b1p000,B,Bend_extreme,clean_held,1.0,generation/test_renders/architecture_ab_v1/raw/B_clean_held_w0p500_c0p850_s0p000_b1p000.wav,e952834edea123eac65f76cb9692a3fb8ea340cdaac14e4790f695282189a0e1,0.5,0.85,0.2,0.0,0.1,0.3,0.8,0.3,0.53125,0.2,0.3,0.0,0.5,0.8500000238418579,0.20000000298023224,0.0,0.10000000149011612,0.30000001192092896,0.800000011920929,0.30000001192092896,0.53125,0.20000000298023224,0.30000001192092896,0.0,1.0,1.0,0.20277154445648193,0.07612983656396659,-22.368902051038706,0.10675609555519759,0.02762558908671848,0.3628746669317571,False,False,True,0.0,525.024765919397,534.9993017256666,534.4012359064516,1.0,0.38829531610989126
B_resonant_held_w0p500_c0p300_s0p000_b0p000,B,Bend_extreme,resonant_held,0.0,generation/test_renders/architecture_ab_v1/raw/B_resonant_held_w0p500_c0p300_s0p000_b0p000.wav,b1f8c08e1a90c55050461db74210b836e176c2c2e0ddf4b7263280c0a2f2f691,0.5,0.3,0.75,0.0,0.1,0.3,0.8,0.3,0.53125,0.2,0.3,0.0,0.5,0.30000001192092896,0.75,0.0,0.10000000149011612,0.30000001192092896,0.800000011920929,0.30000001192092896,0.53125,0.20000000298023224,0.30000001192092896,0.0,0.0,0.0,0.17952871322631836,0.026337038176921335,-31.588661334443383,0.03699067730776796,-0.016095944119573966,0.6111524010956763,False,False,True,0.0,263.04829736430054,266.32961581560835,266.3776180234949,1.0,1.1206307882758932
B_resonant_held_w0p500_c0p300_s0p000_b1p000,B,Bend_extreme,resonant_held,1.0,generation/test_renders/architecture_ab_v1/raw/B_resonant_held_w0p500_c0p300_s0p000_b1p000.wav,e0db81118f2affea76baea30e2dcb90492d4e6e197b74153984f772bae92e0b3,0.5,0.3,0.75,0.0,0.1,0.3,0.8,0.3,0.53125,0.2,0.3,0.0,0.5,0.30000001192092896,0.75,0.0,0.10000000149011612,0.30000001192092896,0.800000011920929,0.30000001192092896,0.53125,0.20000000298023224,0.30000001192092896,0.0,1.0,1.0,0.1784020960330963,0.025829020054615664,-31.75784141036731,0.03627507270597577,0.01564055434614896,0.6055419180858154,False,False,True,0.0,262.89887302035123,265.9774759147316,266.0205023928276,1.0,1.1427376646838387
B_resonant_held_w0p500_c0p850_s0p000_b0p000,B,Bend_extreme,resonant_held,0.0,generation/test_renders/architecture_ab_v1/raw/B_resonant_held_w0p500_c0p850_s0p000_b0p000.wav,4f6e4ff289066c446aa4a379cd6ccc9d5227f140b399d82c91f6d5ddfa2fc4f9,0.5,0.85,0.75,0.0,0.1,0.3,0.8,0.3,0.53125,0.2,0.3,0.0,0.5,0.8500000238418579,0.75,0.0,0.10000000149011612,0.30000001192092896,0.800000011920929,0.30000001192092896,0.53125,0.20000000298023224,0.30000001192092896,0.0,0.0,0.0,0.19875730574131012,0.04569054186353542,-26.803473828621975,0.06407846577531548,-0.016913521854959493,0.3701755585537888,False,False,True,0.0,965.0733930424733,1009.8188011829077,1009.7080827354006,1.0,0.6469083079425386
B_resonant_held_w0p500_c0p850_s0p000_b1p000,B,Bend_extreme,resonant_held,1.0,generation/test_renders/architecture_ab_v1/raw/B_resonant_held_w0p500_c0p850_s0p000_b1p000.wav,0051e17e64be542b47665e17417ed601a757afb9d451dd9d4618cea03d69a7a4,0.5,0.85,0.75,0.0,0.1,0.3,0.8,0.3,0.53125,0.2,0.3,0.0,0.5,0.8500000238418579,0.75,0.0,0.10000000149011612,0.30000001192092896,0.800000011920929,0.30000001192092896,0.53125,0.20000000298023224,0.30000001192092896,0.0,1.0,1.0,0.21293072402477264,0.045102555647336194,-26.9159769796958,0.06325059568219907,0.015799675070470056,0.35030553909206696,False,False,True,0.0,865.4431853419518,896.8948686745645,896.4459817541459,1.0,0.6553755173870955
B_driven_pluck_w0p500_c0p300_s0p000_b0p000,B,Bend_extreme,driven_pluck,0.0,generation/test_renders/architecture_ab_v1/raw/B_driven_pluck_w0p500_c0p300_s0p000_b0p000.wav,c257c7811c9986cad90e9a390a8a0708a3c53d978726645d5c78e5e875eefaa7,0.5,0.3,0.2,0.75,0.05,0.2,0.2,0.15,0.5625,0.05,0.2,0.0,0.5,0.30000001192092896,0.20000000298023224,0.75,0.05000000074505806,0.20000000298023224,0.20000000298023224,0.15000000596046448,0.5625,0.05000000074505806,0.20000000298023224,0.0,0.0,0.0,0.17050085961818695,0.007021339704462214,-43.07160029089619,0.009928634521878796,-0.002291930021316751,0.32642346301236214,False,False,True,0.0,269.6903052940894,270.14880326199875,270.149097521528,1.0,4.175084879891326
B_driven_pluck_w0p500_c0p300_s0p000_b1p000,B,Bend_extreme,driven_pluck,1.0,generation/test_renders/architecture_ab_v1/raw/B_driven_pluck_w0p500_c0p300_s0p000_b1p000.wav,e0d56d689b23f6d86e92815da6d543da4075e6b49beb35d61678fa327c44904a,0.5,0.3,0.2,0.75,0.05,0.2,0.2,0.15,0.5625,0.05,0.2,0.0,0.5,0.30000001192092896,0.20000000298023224,0.75,0.05000000074505806,0.20000000298023224,0.20000000298023224,0.15000000596046448,0.5625,0.05000000074505806,0.20000000298023224,0.0,1.0,1.0,0.17879918217658997,0.007140165033738134,-42.92583500141353,0.010096332399076906,0.0023617943182124694,0.33077587241369194,False,False,True,0.0,269.57682242864837,270.97163307732626,270.97154672384863,1.0,4.105737631424772
B_driven_pluck_w0p500_c0p850_s0p000_b0p000,B,Bend_extreme,driven_pluck,0.0,generation/test_renders/architecture_ab_v1/raw/B_driven_pluck_w0p500_c0p850_s0p000_b0p000.wav,93b352325bd5b8ab5f9621bc763a55a5d5cd2bd1bf18f36c33ed7e50df801d70,0.5,0.85,0.2,0.75,0.05,0.2,0.2,0.15,0.5625,0.05,0.2,0.0,0.5,0.8500000238418579,0.20000000298023224,0.75,0.05000000074505806,0.20000000298023224,0.20000000298023224,0.15000000596046448,0.5625,0.05000000074505806,0.20000000298023224,0.0,0.0,0.0,0.19197522103786469,0.01021633909932055,-39.814094009255314,0.014445131178159308,-0.0025947357981260413,0.2539790205572373,False,False,True,0.0,446.0104323522651,526.693939122543,526.7073474246642,1.0,2.8696791575654905
B_driven_pluck_w0p500_c0p850_s0p000_b1p000,B,Bend_extreme,driven_pluck,1.0,generation/test_renders/architecture_ab_v1/raw/B_driven_pluck_w0p500_c0p850_s0p000_b1p000.wav,89e0f696c9059ae8e804316f275fa5b9ba6930ae437ff7b4444929df3f6022d7,0.5,0.85,0.2,0.75,0.05,0.2,0.2,0.15,0.5625,0.05,0.2,0.0,0.5,0.8500000238418579,0.20000000298023224,0.75,0.05000000074505806,0.20000000298023224,0.20000000298023224,0.15000000596046448,0.5625,0.05000000074505806,0.20000000298023224,0.0,1.0,1.0,0.19194850325584412,0.010162377810746677,-39.86009326375085,0.01436882586580672,0.00232271964268267,0.22856064652766628,False,False,True,0.0,397.4530578933126,468.5893004961977,468.5932601460076,1.0,2.884918521346134
B_resonant_driven_swell_w0p500_c0p300_s0p000_b0p000,B,Bend_extreme,resonant_driven_swell,0.0,generation/test_renders/architecture_ab_v1/raw/B_resonant_driven_swell_w0p500_c0p300_s0p000_b0p000.wav,e84c4e6dc78089f752969de4b6a7e20a570eb50c98a63b5de31e7e5eb08e5cbb,0.5,0.3,0.75,0.75,0.35,0.4,0.8,0.45,0.5625,0.35,0.4,0.0,0.5,0.30000001192092896,0.75,0.75,0.3499999940395355,0.4000000059604645,0.800000011920929,0.44999998807907104,0.5625,0.3499999940395355,0.4000000059604645,0.0,0.0,0.0,0.17698629200458527,0.041207844686875966,-27.700401999765553,0.05667274930538164,-0.02359622507147597,0.5726148807532996,False,False,True,0.0,266.6854374002496,271.7962926082439,266.389955023785,1.0,0.7314431076370392
B_resonant_driven_swell_w0p500_c0p300_s0p000_b1p000,B,Bend_extreme,resonant_driven_swell,1.0,generation/test_renders/architecture_ab_v1/raw/B_resonant_driven_swell_w0p500_c0p300_s0p000_b1p000.wav,92a40d2dc2760abd30454930f1afbc231e5944ebded161f7567929990a264eda,0.5,0.3,0.75,0.75,0.35,0.4,0.8,0.45,0.5625,0.35,0.4,0.0,0.5,0.30000001192092896,0.75,0.75,0.3499999940395355,0.4000000059604645,0.800000011920929,0.44999998807907104,0.5625,0.3499999940395355,0.4000000059604645,0.0,1.0,1.0,0.17598092555999756,0.04482619263485136,-26.96936293756009,0.06133251551706221,0.027779117299947885,0.619707266379573,False,False,True,0.0,268.02672228973677,272.64919016720677,267.89011744262257,1.0,0.6758713794925196
B_resonant_driven_swell_w0p500_c0p850_s0p000_b0p000,B,Bend_extreme,resonant_driven_swell,0.0,generation/test_renders/architecture_ab_v1/raw/B_resonant_driven_swell_w0p500_c0p850_s0p000_b0p000.wav,7d0f56d1c7f1eb53556d8b4f51747fb1bc48eef472f5d0e3dcf243222c7461cb,0.5,0.85,0.75,0.75,0.35,0.4,0.8,0.45,0.5625,0.35,0.4,0.0,0.5,0.8500000238418579,0.75,0.75,0.3499999940395355,0.4000000059604645,0.800000011920929,0.44999998807907104,0.5625,0.3499999940395355,0.4000000059604645,0.0,0.0,0.0,0.2453792244195938,0.08392456740372019,-21.522217773636278,0.11406949851204033,-0.03309174807125712,0.3943034691149357,False,False,True,0.0,673.2520004094374,729.0254057171372,657.4104770549253,1.0,0.3634003165700579
B_resonant_driven_swell_w0p500_c0p850_s0p000_b1p000,B,Bend_extreme,resonant_driven_swell,1.0,generation/test_renders/architecture_ab_v1/raw/B_resonant_driven_swell_w0p500_c0p850_s0p000_b1p000.wav,6c2acd3daa6116cffeb4cbe9501b9a2ba1fb71fec4e877d6bbd646d213589dc7,0.5,0.85,0.75,0.75,0.35,0.4,0.8,0.45,0.5625,0.35,0.4,0.0,0.5,0.8500000238418579,0.75,0.75,0.3499999940395355,0.4000000059604645,0.800000011920929,0.44999998807907104,0.5625,0.3499999940395355,0.4000000059604645,0.0,1.0,1.0,0.24509023129940033,0.0826707236540056,-21.652965215615385,0.11237846437020087,0.030325740179284816,0.3668256286978257,False,False,True,0.0,508.32290055056404,545.6119962785849,499.91444364964207,1.0,0.36886864491854693
A_clean_held_w0p000_c0p438_s0p000_b0p500,A,wave_cutoff_reference,clean_held,0.5,generation/test_renders/architecture_ab_v1/raw/A_clean_held_w0p000_c0p438_s0p000_b0p500.wav,472b69e0a7ce4d474350cbc6ef36d8de124074810c1ab0ca4a689a55fa064f7f,0.0,0.4375,0.2,0.0,0.1,0.3,0.8,0.3,0.53125,0.2,0.3,0.0,0.0,0.4375,0.20000000298023224,0.0,0.10000000149011612,0.30000001192092896,0.800000011920929,0.30000001192092896,0.53125,0.20000000298023224,0.30000001192092896,0.0,0.5,0.5,0.16554738581180573,0.05775165193653047,-24.76871177273061,0.08099618562639471,-1.1088756865723753e-05,0.0001920076135295729,False,False,False,0.0,261.97130555461064,261.62161085041294,261.663076714957,1.0,0.511788197798227
A_clean_held_w0p000_c0p713_s0p000_b0p500,A,wave_cutoff_reference,clean_held,0.5,generation/test_renders/architecture_ab_v1/raw/A_clean_held_w0p000_c0p713_s0p000_b0p500.wav,5ae429e6af769e8e9454b678c584ba18be375d78e5a3618bb0079ee7ac96917a,0.0,0.7125,0.2,0.0,0.1,0.3,0.8,0.3,0.53125,0.2,0.3,0.0,0.0,0.7124999761581421,0.20000000298023224,0.0,0.10000000149011612,0.30000001192092896,0.800000011920929,0.30000001192092896,0.53125,0.20000000298023224,0.30000001192092896,0.0,0.5,0.5,0.18238171935081482,0.058354284670421454,-24.678545006458222,0.08183670225536435,-1.516406083940575e-05,0.0002598619951397003,False,False,False,0.0,261.9958283112414,261.6883490206262,261.69133294828407,1.0,0.5065317971991716
A_clean_held_w0p125_c0p300_s0p000_b0p500,A,wave_cutoff_reference,clean_held,0.5,generation/test_renders/architecture_ab_v1/raw/A_clean_held_w0p125_c0p300_s0p000_b0p500.wav,f0139c648d26cde7fa3671a9c74f95d4b3cc1067da48715144988f205cd1ee12,0.125,0.3,0.2,0.0,0.1,0.3,0.8,0.3,0.53125,0.2,0.3,0.0,0.125,0.30000001192092896,0.20000000298023224,0.0,0.10000000149011612,0.30000001192092896,0.800000011920929,0.30000001192092896,0.53125,0.20000000298023224,0.30000001192092896,0.0,0.5,0.5,0.14974191784858704,0.019919228730168756,-34.01454962820268,0.028035668400323937,-5.896945174484483e-06,0.00029604284655626443,False,False,False,0.0,261.54412747554755,261.89826140078054,261.9211391878845,1.0,1.4785769070440369
A_clean_held_w0p125_c0p438_s0p000_b0p500,A,wave_cutoff_reference,clean_held,0.5,generation/test_renders/architecture_ab_v1/raw/A_clean_held_w0p125_c0p438_s0p000_b0p500.wav,24e98dd5629c08fcfad699fad2d20d068218b6253582773c770d3ec9b782a1dc,0.125,0.4375,0.2,0.0,0.1,0.3,0.8,0.3,0.53125,0.2,0.3,0.0,0.125,0.4375,0.20000000298023224,0.0,0.10000000149011612,0.30000001192092896,0.800000011920929,0.30000001192092896,0.53125,0.20000000298023224,0.30000001192092896,0.0,0.5,0.5,0.18780046701431274,0.06717527454105363,-23.455810999147534,0.09421438942748464,-1.2262358016009637e-05,0.00018254273019034103,False,False,False,0.0,264.4520218442232,262.67365329043713,262.6921043018229,1.0,0.43998472125289156
A_clean_held_w0p125_c0p575_s0p000_b0p500,A,wave_cutoff_reference,clean_held,0.5,generation/test_renders/architecture_ab_v1/raw/A_clean_held_w0p125_c0p575_s0p000_b0p500.wav,91a7d0e053cf376a75251410704dafc449b57956eca50247f2cd02d4a34d7f0b,0.125,0.575,0.2,0.0,0.1,0.3,0.8,0.3,0.53125,0.2,0.3,0.0,0.125,0.574999988079071,0.20000000298023224,0.0,0.10000000149011612,0.30000001192092896,0.800000011920929,0.30000001192092896,0.53125,0.20000000298023224,0.30000001192092896,0.0,0.5,0.5,0.198505699634552,0.07234954988613655,-22.81128332892934,0.10145731880763972,-1.612037346181558e-05,0.0002228123531823731,False,False,False,0.0,287.5315885128525,284.74985593885907,284.55924941120213,1.0,0.40857468300396094
A_clean_held_w0p125_c0p713_s0p000_b0p500,A,wave_cutoff_reference,clean_held,0.5,generation/test_renders/architecture_ab_v1/raw/A_clean_held_w0p125_c0p713_s0p000_b0p500.wav,a1e0c0cf62d6de730194b57dc0db5e70b91c79d55cd753f14a6fbe5d7bf1575c,0.125,0.7125,0.2,0.0,0.1,0.3,0.8,0.3,0.53125,0.2,0.3,0.0,0.125,0.7124999761581421,0.20000000298023224,0.0,0.10000000149011612,0.30000001192092896,0.800000011920929,0.30000001192092896,0.53125,0.20000000298023224,0.30000001192092896,0.0,0.5,0.5,0.19895097613334656,0.07160078611396647,-22.90164418985305,0.10040916933004264,-1.7528187208576087e-05,0.00024480439615113435,False,False,False,0.0,290.9068799768218,291.02957072318094,291.05095579130716,1.0,0.4128397052465248
A_clean_held_w0p125_c0p850_s0p000_b0p500,A,wave_cutoff_reference,clean_held,0.5,generation/test_renders/architecture_ab_v1/raw/A_clean_held_w0p125_c0p850_s0p000_b0p500.wav,388a81926d2c34ea15d958cac123be4da9f479bf1360152bdb55277cdd882220,0.125,0.85,0.2,0.0,0.1,0.3,0.8,0.3,0.53125,0.2,0.3,0.0,0.125,0.8500000238418579,0.20000000298023224,0.0,0.10000000149011612,0.30000001192092896,0.800000011920929,0.30000001192092896,0.53125,0.20000000298023224,0.30000001192092896,0.0,0.5,0.5,0.19364912807941437,0.07147905497225922,-22.916423959099035,0.10023882131770115,-1.757067187946283e-05,0.0002458156712659666,False,False,False,0.0,289.9185467741143,289.4820234570112,289.4873543085579,1.0,0.4135412939352176
A_clean_held_w0p250_c0p300_s0p000_b0p500,A,wave_cutoff_reference,clean_held,0.5,generation/test_renders/architecture_ab_v1/raw/A_clean_held_w0p250_c0p300_s0p000_b0p500.wav,e5e7c5e3eabd916bc5603638415a6ad2ccb7650d22f51f63f5e66ed94eaba6aa,0.25,0.3,0.2,0.0,0.1,0.3,0.8,0.3,0.53125,0.2,0.3,0.0,0.25,0.30000001192092896,0.20000000298023224,0.0,0.10000000149011612,0.30000001192092896,0.800000011920929,0.30000001192092896,0.53125,0.20000000298023224,0.30000001192092896,0.0,0.5,0.5,0.10538239032030106,0.014114498969001637,-37.00669067320324,0.019868937911654658,-6.204846510252469e-06,0.00043960798919462867,False,False,False,0.0,261.200290527569,261.6590674700586,261.68122930075947,1.0,2.086316443011677
A_clean_held_w0p250_c0p438_s0p000_b0p500,A,wave_cutoff_reference,clean_held,0.5,generation/test_renders/architecture_ab_v1/raw/A_clean_held_w0p250_c0p438_s0p000_b0p500.wav,8a2a2ba72e30110fba81c62d7d0caede1746d2fbfa5a6cd5f87f67aa8510dbcf,0.25,0.4375,0.2,0.0,0.1,0.3,0.8,0.3,0.53125,0.2,0.3,0.0,0.25,0.4375,0.20000000298023224,0.0,0.10000000149011612,0.30000001192092896,0.800000011920929,0.30000001192092896,0.53125,0.20000000298023224,0.30000001192092896,0.0,0.5,0.5,0.14130829274654388,0.04846819603185063,-26.2908628850961,0.06797442427029214,-1.0818978224762345e-05,0.00022321809166680575,False,False,False,0.0,262.33844252250765,261.6804629472073,261.7184075122905,1.0,0.6098307167035465
A_clean_held_w0p250_c0p575_s0p000_b0p500,A,wave_cutoff_reference,clean_held,0.5,generation/test_renders/architecture_ab_v1/raw/A_clean_held_w0p250_c0p575_s0p000_b0p500.wav,63a8348d26f07bec1b1cd5f4252f741af4c83ae8d6afff0b2044f5ee1480ee7d,0.25,0.575,0.2,0.0,0.1,0.3,0.8,0.3,0.53125,0.2,0.3,0.0,0.25,0.574999988079071,0.20000000298023224,0.0,0.10000000149011612,0.30000001192092896,0.800000011920929,0.30000001192092896,0.53125,0.20000000298023224,0.30000001192092896,0.0,0.5,0.5,0.15349094569683075,0.04881416318332486,-26.229083027184252,0.06845835423665984,-1.2725970800595397e-05,0.00026070242672812313,False,False,False,0.0,268.0744336883867,267.08031284741486,267.04011603631847,1.0,0.6055198424280107
A_clean_held_w0p250_c0p713_s0p000_b0p500,A,wave_cutoff_reference,clean_held,0.5,generation/test_renders/architecture_ab_v1/raw/A_clean_held_w0p250_c0p713_s0p000_b0p500.wav,8593988d2a79049fc1bd17c5b8983991718082fb1c75509022cf30aa18881b08,0.25,0.7125,0.2,0.0,0.1,0.3,0.8,0.3,0.53125,0.2,0.3,0.0,0.25,0.7124999761581421,0.20000000298023224,0.0,0.10000000149011612,0.30000001192092896,0.800000011920929,0.30000001192092896,0.53125,0.20000000298023224,0.30000001192092896,0.0,0.5,0.5,0.15738588571548462,0.047942187926500554,-26.38564300107294,0.06723525110266422,-1.3154837497928246e-05,0.0002743895943609359,False,False,False,0.0,269.81666455184285,269.6582576687875,269.6586061885769,1.0,0.6165350941720602
A_clean_held_w0p250_c0p850_s0p000_b0p500,A,wave_cutoff_reference,clean_held,0.5,generation/test_renders/architecture_ab_v1/raw/A_clean_held_w0p250_c0p850_s0p000_b0p500.wav,6c31d2d04c3e5f4eee4d45e68606bbb8e991dea9284c1c426c1fd926f15ed12a,0.25,0.85,0.2,0.0,0.1,0.3,0.8,0.3,0.53125,0.2,0.3,0.0,0.25,0.8500000238418579,0.20000000298023224,0.0,0.10000000149011612,0.30000001192092896,0.800000011920929,0.30000001192092896,0.53125,0.20000000298023224,0.30000001192092896,0.0,0.5,0.5,0.15952327847480774,0.04785818973533333,-26.40087465721149,0.06711636002160246,-1.2961615344656823e-05,0.00027083379911228367,False,False,False,0.0,269.9329270434354,269.7559406997477,269.7568663911964,1.0,0.617627235102156
A_clean_held_w0p375_c0p300_s0p000_b0p500,A,wave_cutoff_reference,clean_held,0.5,generation/test_renders/architecture_ab_v1/raw/A_clean_held_w0p375_c0p300_s0p000_b0p500.wav,413d1cca4e5fd47361e46768354bda56bd0eaf4d5bbb8d2fac3eb5144c563d50,0.375,0.3,0.2,0.0,0.1,0.3,0.8,0.3,0.53125,0.2,0.3,0.0,0.375,0.30000001192092896,0.20000000298023224,0.0,0.10000000149011612,0.30000001192092896,0.800000011920929,0.30000001192092896,0.53125,0.20000000298023224,0.30000001192092896,0.0,0.5,0.5,0.09381404519081116,0.011492959778462488,-38.79136226361745,0.016180055510072334,-0.00045490131069998545,0.039580866849674254,False,False,False,0.0,265.4005141975334,265.8283365826979,265.8586249686496,1.0,2.5619746387432443
A_clean_held_w0p375_c0p438_s0p000_b0p500,A,wave_cutoff_reference,clean_held,0.5,generation/test_renders/architecture_ab_v1/raw/A_clean_held_w0p375_c0p438_s0p000_b0p500.wav,93019cb1fbe2cd650d68236c4d2dcc2d30da923fc0321d4024a3759199d012d2,0.375,0.4375,0.2,0.0,0.1,0.3,0.8,0.3,0.53125,0.2,0.3,0.0,0.375,0.4375,0.20000000298023224,0.0,0.10000000149011612,0.30000001192092896,0.800000011920929,0.30000001192092896,0.53125,0.20000000298023224,0.30000001192092896,0.0,0.5,0.5,0.129146009683609,0.04014412296012928,-27.92756051595405,0.056295626463689574,0.0006466572392338187,0.016108391255080397,False,False,False,0.0,290.11345472997226,273.27414001582065,273.01811634025154,1.0,0.7363430247463385
A_clean_held_w0p375_c0p575_s0p000_b0p500,A,wave_cutoff_reference,clean_held,0.5,generation/test_renders/architecture_ab_v1/raw/A_clean_held_w0p375_c0p575_s0p000_b0p500.wav,cd13ce545d40c5dc5e03caf1b77abc0905a418fc6b7031a7fad6129393d8110e,0.375,0.575,0.2,0.0,0.1,0.3,0.8,0.3,0.53125,0.2,0.3,0.0,0.375,0.574999988079071,0.20000000298023224,0.0,0.10000000149011612,0.30000001192092896,0.800000011920929,0.30000001192092896,0.53125,0.20000000298023224,0.30000001192092896,0.0,0.5,0.5,0.15151266753673553,0.045091881062838055,-26.91803294382613,0.06322163009633652,0.0006224024789384138,0.01380298324816082,False,False,False,0.0,391.0673379814694,373.99976972165405,373.1727160466177,1.0,0.6556757838590634
A_clean_held_w0p375_c0p713_s0p000_b0p500,A,wave_cutoff_reference,clean_held,0.5,generation/test_renders/architecture_ab_v1/raw/A_clean_held_w0p375_c0p713_s0p000_b0p500.wav,f6595ecf64e1ae13c982a72c00d790a307509cf55183c412e00dd14a2bf034a0,0.375,0.7125,0.2,0.0,0.1,0.3,0.8,0.3,0.53125,0.2,0.3,0.0,0.375,0.7124999761581421,0.20000000298023224,0.0,0.10000000149011612,0.30000001192092896,0.800000011920929,0.30000001192092896,0.53125,0.20000000298023224,0.30000001192092896,0.0,0.5,0.5,0.16705916821956635,0.046717802682087264,-26.610351839097184,0.06550010670398142,0.0002700416189522301,0.005780272261301592,False,False,False,0.0,508.85598865372856,505.67654163218316,504.74571834140056,1.0,0.6328675471874231
A_clean_held_w0p375_c0p850_s0p000_b0p500,A,wave_cutoff_reference,clean_held,0.5,generation/test_renders/architecture_ab_v1/raw/A_clean_held_w0p375_c0p850_s0p000_b0p500.wav,e8c78c74b7bce083d94e9501692b0fe19ea1d1620dd26736567a76c86c7697b4,0.375,0.85,0.2,0.0,0.1,0.3,0.8,0.3,0.53125,0.2,0.3,0.0,0.375,0.8500000238418579,0.20000000298023224,0.0,0.10000000149011612,0.30000001192092896,0.800000011920929,0.30000001192092896,0.53125,0.20000000298023224,0.30000001192092896,0.0,0.5,0.5,0.17737869918346405,0.047386809954205994,-26.486850534143237,0.06643822728628769,9.503845998382586e-05,0.0020055888985916082,False,False,False,0.0,632.5744207844981,647.1500867254877,646.2475584513369,1.0,0.6239313353687078
A_clean_held_w0p500_c0p438_s0p000_b0p500,A,wave_cutoff_reference,clean_held,0.5,generation/test_renders/architecture_ab_v1/raw/A_clean_held_w0p500_c0p438_s0p000_b0p500.wav,c9722747ae506a6b02438418a3eed58a3fe5d79f835ca106156071967f1899dc,0.5,0.4375,0.2,0.0,0.1,0.3,0.8,0.3,0.53125,0.2,0.3,0.0,0.5,0.4375,0.20000000298023224,0.0,0.10000000149011612,0.30000001192092896,0.800000011920929,0.30000001192092896,0.53125,0.20000000298023224,0.30000001192092896,0.0,0.5,0.5,0.1965426802635193,0.07038417905563635,-23.050499010624563,0.09871511721995026,-1.2358922489689113e-05,0.0001755923370210768,False,False,False,0.0,267.75670586438093,264.0287947237411,264.0160352398999,1.0,0.4199244557234401
A_clean_held_w0p500_c0p713_s0p000_b0p500,A,wave_cutoff_reference,clean_held,0.5,generation/test_renders/architecture_ab_v1/raw/A_clean_held_w0p500_c0p713_s0p000_b0p500.wav,bda4b657d88059f03e953f402917149949bc0f1132115bdd9bd7c37d368d31e8,0.5,0.7125,0.2,0.0,0.1,0.3,0.8,0.3,0.53125,0.2,0.3,0.0,0.5,0.7124999761581421,0.20000000298023224,0.0,0.10000000149011612,0.30000001192092896,0.800000011920929,0.30000001192092896,0.53125,0.20000000298023224,0.30000001192092896,0.0,0.5,0.5,0.202698215842247,0.08009838183686095,-21.92752515058009,0.11231861505704531,-1.826220591079501e-05,0.00022799718910664453,False,False,False,0.0,412.968065011436,410.8730778475448,410.2134183036666,1.0,0.369065197689713
A_clean_held_w0p625_c0p300_s0p000_b0p500,A,wave_cutoff_reference,clean_held,0.5,generation/test_renders/architecture_ab_v1/raw/A_clean_held_w0p625_c0p300_s0p000_b0p500.wav,fb4febc95c121aa3abb5ff40eb23dd72c3359a9766cd0bbc966eebeaf6f87764,0.625,0.3,0.2,0.0,0.1,0.3,0.8,0.3,0.53125,0.2,0.3,0.0,0.625,0.30000001192092896,0.20000000298023224,0.0,0.10000000149011612,0.30000001192092896,0.800000011920929,0.30000001192092896,0.53125,0.20000000298023224,0.30000001192092896,0.0,0.5,0.5,0.1588839441537857,0.020691515228934622,-33.68415410019908,0.029122230721824093,4.711878296456225e-05,0.0022772031165060468,False,False,False,0.0,262.033508169015,262.3193353645172,262.34306811834597,1.0,1.4234105988041141
A_clean_held_w0p625_c0p438_s0p000_b0p500,A,wave_cutoff_reference,clean_held,0.5,generation/test_renders/architecture_ab_v1/raw/A_clean_held_w0p625_c0p438_s0p000_b0p500.wav,9d1024932de6002f9739fc79edf8f8ef4c051d0922f15ed9c9a93bab97abbd09,0.625,0.4375,0.2,0.0,0.1,0.3,0.8,0.3,0.53125,0.2,0.3,0.0,0.625,0.4375,0.20000000298023224,0.0,0.10000000149011612,0.30000001192092896,0.800000011920929,0.30000001192092896,0.53125,0.20000000298023224,0.30000001192092896,0.0,0.5,0.5,0.19429928064346313,0.06953243968315315,-23.15625064532587,0.09752064101327312,-0.00010468607281104289,0.0015055716912577575,False,False,False,0.0,267.74611516036765,264.0131658023121,264.00083613217714,1.0,0.42506787731862045
A_clean_held_w0p625_c0p575_s0p000_b0p500,A,wave_cutoff_reference,clean_held,0.5,generation/test_renders/architecture_ab_v1/raw/A_clean_held_w0p625_c0p575_s0p000_b0p500.wav,7f33205460452406dc3256f6296c51d32505c254cd0717c734bc2ccb41708610,0.625,0.575,0.2,0.0,0.1,0.3,0.8,0.3,0.53125,0.2,0.3,0.0,0.625,0.574999988079071,0.20000000298023224,0.0,0.10000000149011612,0.30000001192092896,0.800000011920929,0.30000001192092896,0.53125,0.20000000298023224,0.30000001192092896,0.0,0.5,0.5,0.20002715289592743,0.07684448920186288,-22.287745437724862,0.10775996344307456,-8.473289521846917e-05,0.0011026541538441909,False,False,False,0.0,328.9225548083507,316.6751259072766,316.06180008278227,1.0,0.3846780431784497
A_clean_held_w0p625_c0p713_s0p000_b0p500,A,wave_cutoff_reference,clean_held,0.5,generation/test_renders/architecture_ab_v1/raw/A_clean_held_w0p625_c0p713_s0p000_b0p500.wav,742f87041c0b8f718b1ecc1e4ddd2dad11c3c23da25f7b0871e76f9f680c59e9,0.625,0.7125,0.2,0.0,0.1,0.3,0.8,0.3,0.53125,0.2,0.3,0.0,0.625,0.7124999761581421,0.20000000298023224,0.0,0.10000000149011612,0.30000001192092896,0.800000011920929,0.30000001192092896,0.53125,0.20000000298023224,0.30000001192092896,0.0,0.5,0.5,0.20094908773899078,0.07898790125591526,-22.048788508416127,0.11076163260658442,-4.3890735224891224e-05,0.0005556640260979757,False,False,False,0.0,413.18616879742484,411.0897427431827,410.4298885779244,1.0,0.37425316776884493
A_clean_held_w0p625_c0p850_s0p000_b0p500,A,wave_cutoff_reference,clean_held,0.5,generation/test_renders/architecture_ab_v1/raw/A_clean_held_w0p625_c0p850_s0p000_b0p500.wav,1898c4b66ca92ba03ed5cfbf34a9876aff4be2a5e8653221c7dcdbdbf643ad18,0.625,0.85,0.2,0.0,0.1,0.3,0.8,0.3,0.53125,0.2,0.3,0.0,0.625,0.8500000238418579,0.20000000298023224,0.0,0.10000000149011612,0.30000001192092896,0.800000011920929,0.30000001192092896,0.53125,0.20000000298023224,0.30000001192092896,0.0,0.5,0.5,0.20276284217834473,0.07992833932959711,-21.94598420538028,0.11207954012246504,-2.902746224841569e-05,0.00036316858941252826,False,False,False,0.0,500.04770365834867,510.4169843049989,509.7903006393123,1.0,0.36985244429955016
A_clean_held_w0p750_c0p300_s0p000_b0p500,A,wave_cutoff_reference,clean_held,0.5,generation/test_renders/architecture_ab_v1/raw/A_clean_held_w0p750_c0p300_s0p000_b0p500.wav,dc75680081fa7e976de621914e2984b9f557a21de7b2ca64936f3178bb2fe4d8,0.75,0.3,0.2,0.0,0.1,0.3,0.8,0.3,0.53125,0.2,0.3,0.0,0.75,0.30000001192092896,0.20000000298023224,0.0,0.10000000149011612,0.30000001192092896,0.800000011920929,0.30000001192092896,0.53125,0.20000000298023224,0.30000001192092896,0.0,0.5,0.5,0.11637017875909805,0.015214887705578514,-36.3546249726264,0.021413452500313616,-0.0026158475983550805,0.17192684224649152,False,False,False,0.0,269.287053704371,269.4161663036641,269.4498769416849,1.0,1.9358341150104634
A_clean_held_w0p750_c0p438_s0p000_b0p500,A,wave_cutoff_reference,clean_held,0.5,generation/test_renders/architecture_ab_v1/raw/A_clean_held_w0p750_c0p438_s0p000_b0p500.wav,f8ba898d596fc8f69a170ee74f0e3133d6c0452962a1fcc0cfa1b0a0a43efdc2,0.75,0.4375,0.2,0.0,0.1,0.3,0.8,0.3,0.53125,0.2,0.3,0.0,0.75,0.4375,0.20000000298023224,0.0,0.10000000149011612,0.30000001192092896,0.800000011920929,0.30000001192092896,0.53125,0.20000000298023224,0.30000001192092896,0.0,0.5,0.5,0.2084575891494751,0.05057934080768317,-25.920536700880618,0.07095575418429974,-0.004330578713222916,0.08561951666568748,False,False,False,0.0,310.0681451559786,283.57740825347906,283.102302032419,1.0,0.584207614263304
A_clean_held_w0p750_c0p575_s0p000_b0p500,A,wave_cutoff_reference,clean_held,0.5,generation/test_renders/architecture_ab_v1/raw/A_clean_held_w0p750_c0p575_s0p000_b0p500.wav,66e11b7beb80ac12e1d85b7b0aaffc933624a88f04c841379c38d6c50c461aeb,0.75,0.575,0.2,0.0,0.1,0.3,0.8,0.3,0.53125,0.2,0.3,0.0,0.75,0.574999988079071,0.20000000298023224,0.0,0.10000000149011612,0.30000001192092896,0.800000011920929,0.30000001192092896,0.53125,0.20000000298023224,0.30000001192092896,0.0,0.5,0.5,0.2468775361776352,0.06389748790689864,-23.89032431089067,0.08961491124141714,-0.002872213918679087,0.044950341754655905,False,False,False,0.0,406.1032850909175,393.7663289826254,393.1906018285892,1.0,0.46256690204816053
A_clean_held_w0p750_c0p713_s0p000_b0p500,A,wave_cutoff_reference,clean_held,0.5,generation/test_renders/architecture_ab_v1/raw/A_clean_held_w0p750_c0p713_s0p000_b0p500.wav,522a8f6d75b9b93945d5046168db0fcd4b4c9ce0c948bb5568a00cad08b8a1ad,0.75,0.7125,0.2,0.0,0.1,0.3,0.8,0.3,0.53125,0.2,0.3,0.0,0.75,0.7124999761581421,0.20000000298023224,0.0,0.10000000149011612,0.30000001192092896,0.800000011920929,0.30000001192092896,0.53125,0.20000000298023224,0.30000001192092896,0.0,0.5,0.5,0.25705912709236145,0.0668803962154041,-23.4940232539484,0.0937967735973981,-0.0021018333846106667,0.031426748397859604,False,False,False,0.0,509.2811002917143,505.8358867931836,504.9926892218936,1.0,0.4419436861249681
A_clean_held_w0p750_c0p850_s0p000_b0p500,A,wave_cutoff_reference,clean_held,0.5,generation/test_renders/architecture_ab_v1/raw/A_clean_held_w0p750_c0p850_s0p000_b0p500.wav,f563dfab9ce629f125d6a2dc45b75c3e139d9ad990a3783ab50ff0f444ed5d6f,0.75,0.85,0.2,0.0,0.1,0.3,0.8,0.3,0.53125,0.2,0.3,0.0,0.75,0.8500000238418579,0.20000000298023224,0.0,0.10000000149011612,0.30000001192092896,0.800000011920929,0.30000001192092896,0.53125,0.20000000298023224,0.30000001192092896,0.0,0.5,0.5,0.26249468326568604,0.06822135845461749,-23.321592739478213,0.09567678450000623,-0.0017269151454885638,0.02531340894710195,False,False,False,0.0,621.1959764355091,634.0960302249989,633.28108349006,1.0,0.4332596678169144
A_clean_held_w0p875_c0p300_s0p000_b0p500,A,wave_cutoff_reference,clean_held,0.5,generation/test_renders/architecture_ab_v1/raw/A_clean_held_w0p875_c0p300_s0p000_b0p500.wav,48c30d6b32839a54677c67b9c9049b59e1d41f6da73cbb24d4f707b73928b6ad,0.875,0.3,0.2,0.0,0.1,0.3,0.8,0.3,0.53125,0.2,0.3,0.0,0.875,0.30000001192092896,0.20000000298023224,0.0,0.10000000149011612,0.30000001192092896,0.800000011920929,0.30000001192092896,0.53125,0.20000000298023224,0.30000001192092896,0.0,0.5,0.5,0.062236763536930084,0.008438028588379663,-41.475180150890054,0.011875554554537576,-0.0018743014896816497,0.22212552020300372,False,False,True,0.0,277.90311093630606,278.30327607449846,278.35376259987606,1.0,3.4906068327078095
A_clean_held_w0p875_c0p438_s0p000_b0p500,A,wave_cutoff_reference,clean_held,0.5,generation/test_renders/architecture_ab_v1/raw/A_clean_held_w0p875_c0p438_s0p000_b0p500.wav,a91e2d7fe280b7148a06a1f3229a62167232f8938d719f3772ac2ed64292b130,0.875,0.4375,0.2,0.0,0.1,0.3,0.8,0.3,0.53125,0.2,0.3,0.0,0.875,0.4375,0.20000000298023224,0.0,0.10000000149011612,0.30000001192092896,0.800000011920929,0.30000001192092896,0.53125,0.20000000298023224,0.30000001192092896,0.0,0.5,0.5,0.13644060492515564,0.028315563081216334,-30.959495952065573,0.03972234579336849,-0.0029534334885083736,0.10430424710386882,False,False,False,0.0,358.31512986291887,306.11671770975374,305.10409414806117,1.0,1.043566059413934
A_clean_held_w0p875_c0p575_s0p000_b0p500,A,wave_cutoff_reference,clean_held,0.5,generation/test_renders/architecture_ab_v1/raw/A_clean_held_w0p875_c0p575_s0p000_b0p500.wav,4c8e5ddaad8174a952e638a91290c7af29a6ee15705698f3ab1bc76926f73065,0.875,0.575,0.2,0.0,0.1,0.3,0.8,0.3,0.53125,0.2,0.3,0.0,0.875,0.574999988079071,0.20000000298023224,0.0,0.10000000149011612,0.30000001192092896,0.800000011920929,0.30000001192092896,0.53125,0.20000000298023224,0.30000001192092896,0.0,0.5,0.5,0.24420811235904694,0.04128796085229845,-27.683531314394152,0.05791099078693109,-0.0029320368346680216,0.07101432897490259,False,False,False,0.0,592.6105960038049,556.2790125126226,554.4729848971695,1.0,0.7158035341301391
A_clean_held_w0p875_c0p713_s0p000_b0p500,A,wave_cutoff_reference,clean_held,0.5,generation/test_renders/architecture_ab_v1/raw/A_clean_held_w0p875_c0p713_s0p000_b0p500.wav,1cb70c25e2cd699a0cd481febc68891917be30844a18886de06fdd3be156e2f4,0.875,0.7125,0.2,0.0,0.1,0.3,0.8,0.3,0.53125,0.2,0.3,0.0,0.875,0.7124999761581421,0.20000000298023224,0.0,0.10000000149011612,0.30000001192092896,0.800000011920929,0.30000001192092896,0.53125,0.20000000298023224,0.30000001192092896,0.0,0.5,0.5,0.2706775367259979,0.04784688524837677,-26.4029265761216,0.06709971320379764,-0.0020026868102191054,0.04185615844841327,False,False,False,0.0,756.7962738010898,749.0536582083171,747.8529616288989,1.0,0.6177804627027392
A_clean_held_w0p875_c0p850_s0p000_b0p500,A,wave_cutoff_reference,clean_held,0.5,generation/test_renders/architecture_ab_v1/raw/A_clean_held_w0p875_c0p850_s0p000_b0p500.wav,ae3cf2de72154155f20bf62f0ea215433a091336e3065fbac45748053d542b64,0.875,0.85,0.2,0.0,0.1,0.3,0.8,0.3,0.53125,0.2,0.3,0.0,0.875,0.8500000238418579,0.20000000298023224,0.0,0.10000000149011612,0.30000001192092896,0.800000011920929,0.30000001192092896,0.53125,0.20000000298023224,0.30000001192092896,0.0,0.5,0.5,0.2814207673072815,0.04983721110416336,-26.048925376721446,0.06989074527448058,-0.00154639592590193,0.031028941861731614,False,False,False,0.0,935.1319501593457,953.1050757959749,951.766991768018,1.0,0.5931098846845324
A_clean_held_w1p000_c0p438_s0p000_b0p500,A,wave_cutoff_reference,clean_held,0.5,generation/test_renders/architecture_ab_v1/raw/A_clean_held_w1p000_c0p438_s0p000_b0p500.wav,e22f3c56920b3b5a566af741486c86bc09ce8ae2bb9eef07fafbac4f7db42e54,1.0,0.4375,0.2,0.0,0.1,0.3,0.8,0.3,0.53125,0.2,0.3,0.0,1.0,0.4375,0.20000000298023224,0.0,0.10000000149011612,0.30000001192092896,0.800000011920929,0.30000001192092896,0.53125,0.20000000298023224,0.30000001192092896,0.0,0.5,0.5,0.13644060492515564,0.028315563081216334,-30.959495952065573,0.03972234579336849,-0.0029534334885083736,0.10430424710386882,False,False,False,0.0,358.31512986291887,306.11671770975374,305.10409414806117,1.0,1.043566059413934
A_clean_held_w1p000_c0p713_s0p000_b0p500,A,wave_cutoff_reference,clean_held,0.5,generation/test_renders/architecture_ab_v1/raw/A_clean_held_w1p000_c0p713_s0p000_b0p500.wav,2091208cbbf7af74aa6d82f3a1449e8d32c679658d64bee5fd89919619767d17,1.0,0.7125,0.2,0.0,0.1,0.3,0.8,0.3,0.53125,0.2,0.3,0.0,1.0,0.7124999761581421,0.20000000298023224,0.0,0.10000000149011612,0.30000001192092896,0.800000011920929,0.30000001192092896,0.53125,0.20000000298023224,0.30000001192092896,0.0,0.5,0.5,0.2706775367259979,0.04784688524837677,-26.4029265761216,0.06709971320379764,-0.0020026868102191054,0.04185615844841327,False,False,False,0.0,756.7962738010898,749.0536582083171,747.8529616288989,1.0,0.6177804627027392
A_resonant_held_w0p000_c0p438_s0p000_b0p500,A,wave_cutoff_reference,resonant_held,0.5,generation/test_renders/architecture_ab_v1/raw/A_resonant_held_w0p000_c0p438_s0p000_b0p500.wav,8ce8acd2ef1d4cdab7cf15d5a865e505abe34a0b856e97ddc35f7c625ec9bcc2,0.0,0.4375,0.75,0.0,0.1,0.3,0.8,0.3,0.53125,0.2,0.3,0.0,0.0,0.4375,0.75,0.0,0.10000000149011612,0.30000001192092896,0.800000011920929,0.30000001192092896,0.53125,0.20000000298023224,0.30000001192092896,0.0,0.5,0.5,0.20137919485569,0.06338169435650283,-23.960723103531627,0.08883055608485217,-1.663256203760005e-05,0.00026241901871614426,False,False,False,0.0,262.3596456125198,261.64278091983437,261.7100011260895,1.0,0.4666512706581149
A_resonant_held_w0p000_c0p713_s0p000_b0p500,A,wave_cutoff_reference,resonant_held,0.5,generation/test_renders/architecture_ab_v1/raw/A_resonant_held_w0p000_c0p713_s0p000_b0p500.wav,07c6826825ff9380871d28104f7051d507dce124a92b5671ddbe481afb820bf1,0.0,0.7125,0.75,0.0,0.1,0.3,0.8,0.3,0.53125,0.2,0.3,0.0,0.0,0.7124999761581421,0.75,0.0,0.10000000149011612,0.30000001192092896,0.800000011920929,0.30000001192092896,0.53125,0.20000000298023224,0.30000001192092896,0.0,0.5,0.5,0.15970729291439056,0.03377121991924559,-29.42906502085556,0.04736422520618219,-9.88299350116618e-06,0.00029264543966130304,False,False,False,0.0,261.6939385161419,261.63288220666817,261.63333307365787,1.0,0.8751941299538578
A_resonant_held_w0p125_c0p300_s0p000_b0p500,A,wave_cutoff_reference,resonant_held,0.5,generation/test_renders/architecture_ab_v1/raw/A_resonant_held_w0p125_c0p300_s0p000_b0p500.wav,cf3f4de2cb4bcb33ec9fcc95f79be1335b69a436f5e54a7ffdbf4089657342be,0.125,0.3,0.75,0.0,0.1,0.3,0.8,0.3,0.53125,0.2,0.3,0.0,0.125,0.30000001192092896,0.75,0.0,0.10000000149011612,0.30000001192092896,0.800000011920929,0.30000001192092896,0.53125,0.20000000298023224,0.30000001192092896,0.0,0.5,0.5,0.17972105741500854,0.017654648151524004,-35.0628186658118,0.02489772013363068,-1.5609676679973457e-05,0.0008841680981688657,False,False,False,0.0,261.01885683412985,261.79216970309744,261.80201827151564,1.0,1.6649272161377766
A_resonant_held_w0p125_c0p438_s0p000_b0p500,A,wave_cutoff_reference,resonant_held,0.5,generation/test_renders/architecture_ab_v1/raw/A_resonant_held_w0p125_c0p438_s0p000_b0p500.wav,cf85e2404c68d95ac2423348026666385c673b379b6a9fcaaf6b23404600272d,0.125,0.4375,0.75,0.0,0.1,0.3,0.8,0.3,0.53125,0.2,0.3,0.0,0.125,0.4375,0.75,0.0,0.10000000149011612,0.30000001192092896,0.800000011920929,0.30000001192092896,0.53125,0.20000000298023224,0.30000001192092896,0.0,0.5,0.5,0.21584118902683258,0.07016704296447991,-23.07733650940351,0.09834769673869073,-1.895283570880264e-05,0.0002701102242315809,False,False,False,0.0,263.6880728316547,261.7851810641501,261.86404832256335,1.0,0.4214932656776223
A_resonant_held_w0p125_c0p575_s0p000_b0p500,A,wave_cutoff_reference,resonant_held,0.5,generation/test_renders/architecture_ab_v1/raw/A_resonant_held_w0p125_c0p575_s0p000_b0p500.wav,3b0548ab16fe28a05e922271da07d141470bc6b910723160dfe8bc48c503c150,0.125,0.575,0.75,0.0,0.1,0.3,0.8,0.3,0.53125,0.2,0.3,0.0,0.125,0.574999988079071,0.75,0.0,0.10000000149011612,0.30000001192092896,0.800000011920929,0.30000001192092896,0.53125,0.20000000298023224,0.30000001192092896,0.0,0.5,0.5,0.20624098181724548,0.04894070161197263,-26.20659617821994,0.06861725145639402,-1.755943693563695e-05,0.00035879005321291286,False,False,False,0.0,347.8233682137775,396.2394346575042,399.4271375134253,1.0,0.6041176379180145
A_resonant_held_w0p125_c0p713_s0p000_b0p500,A,wave_cutoff_reference,resonant_held,0.5,generation/test_renders/architecture_ab_v1/raw/A_resonant_held_w0p125_c0p713_s0p000_b0p500.wav,391e140eb9e4008d489da5b915cde833aa7627140f932f430376852cdb56b5ea,0.125,0.7125,0.75,0.0,0.1,0.3,0.8,0.3,0.53125,0.2,0.3,0.0,0.125,0.7124999761581421,0.75,0.0,0.10000000149011612,0.30000001192092896,0.800000011920929,0.30000001192092896,0.53125,0.20000000298023224,0.30000001192092896,0.0,0.5,0.5,0.17756977677345276,0.04183271558201921,-27.569678843216007,0.058669601875190255,-1.0829455974158692e-05,0.00025887528035147385,False,False,False,0.0,302.35147866035544,294.34512322538643,294.4435994967873,1.0,0.7065480341667782
A_resonant_held_w0p125_c0p850_s0p000_b0p500,A,wave_cutoff_reference,resonant_held,0.5,generation/test_renders/architecture_ab_v1/raw/A_resonant_held_w0p125_c0p850_s0p000_b0p500.wav,70a9b83956abb803b4471d5d0fc4b023a2c9d90c3c321d1969debd7b38e368fa,0.125,0.85,0.75,0.0,0.1,0.3,0.8,0.3,0.53125,0.2,0.3,0.0,0.125,0.8500000238418579,0.75,0.0,0.10000000149011612,0.30000001192092896,0.800000011920929,0.30000001192092896,0.53125,0.20000000298023224,0.30000001192092896,0.0,0.5,0.5,0.1781672090291977,0.04121919551811336,-27.698009773432872,0.05780676152365322,-1.1094784551114744e-05,0.00026916548010354186,False,False,False,0.0,291.21229142894435,288.9132232629914,288.9226345413766,1.0,0.7170941733745387
A_resonant_held_w0p250_c0p300_s0p000_b0p500,A,wave_cutoff_reference,resonant_held,0.5,generation/test_renders/architecture_ab_v1/raw/A_resonant_held_w0p250_c0p300_s0p000_b0p500.wav,8f23569b0231dbf956aea1aa91af211fa8131cb22627a9a89f7702a4c3e0c7a9,0.25,0.3,0.75,0.0,0.1,0.3,0.8,0.3,0.53125,0.2,0.3,0.0,0.25,0.30000001192092896,0.75,0.0,0.10000000149011612,0.30000001192092896,0.800000011920929,0.30000001192092896,0.53125,0.20000000298023224,0.30000001192092896,0.0,0.5,0.5,0.14390254020690918,0.013217979444026159,-37.5766985571843,0.018649294511332966,-1.2518582540958537e-05,0.0009470874571995409,False,False,False,0.0,261.03818081050014,261.67895313873095,261.68383735311596,1.0,2.2227592494221566
A_resonant_held_w0p250_c0p438_s0p000_b0p500,A,wave_cutoff_reference,resonant_held,0.5,generation/test_renders/architecture_ab_v1/raw/A_resonant_held_w0p250_c0p438_s0p000_b0p500.wav,ce7a864f5e2b3a63bed4f9b9f5f1b02c9dc6b31598161e6574dcb34909790916,0.25,0.4375,0.75,0.0,0.1,0.3,0.8,0.3,0.53125,0.2,0.3,0.0,0.25,0.4375,0.75,0.0,0.10000000149011612,0.30000001192092896,0.800000011920929,0.30000001192092896,0.53125,0.20000000298023224,0.30000001192092896,0.0,0.5,0.5,0.1850162297487259,0.055367485090511044,-25.13490405246982,0.07759120720928071,-1.3622709177464326e-05,0.0002460416823194125,False,False,False,0.0,262.9744996503078,261.7331669427176,261.78538105120543,1.0,0.5342472860159986
A_resonant_held_w0p250_c0p575_s0p000_b0p500,A,wave_cutoff_reference,resonant_held,0.5,generation/test_renders/architecture_ab_v1/raw/A_resonant_held_w0p250_c0p575_s0p000_b0p500.wav,8fac8bfc25f5c327ba02dc7620beb52072b01d51b93da2e2658da15643050a84,0.25,0.575,0.75,0.0,0.1,0.3,0.8,0.3,0.53125,0.2,0.3,0.0,0.25,0.574999988079071,0.75,0.0,0.10000000149011612,0.30000001192092896,0.800000011920929,0.30000001192092896,0.53125,0.20000000298023224,0.30000001192092896,0.0,0.5,0.5,0.16838644444942474,0.030829119311180927,-30.220777629866483,0.043238257861035245,-1.3048981065139656e-05,0.0004232680451694618,False,False,False,0.0,299.24808693517235,316.0148566572894,318.02661838069685,1.0,0.9587086511091617
A_resonant_held_w0p250_c0p713_s0p000_b0p500,A,wave_cutoff_reference,resonant_held,0.5,generation/test_renders/architecture_ab_v1/raw/A_resonant_held_w0p250_c0p713_s0p000_b0p500.wav,821fbcbbb9b0429102f6c2a83d9a7e703a6bb488276598da08b49a475358bd7c,0.25,0.7125,0.75,0.0,0.1,0.3,0.8,0.3,0.53125,0.2,0.3,0.0,0.25,0.7124999761581421,0.75,0.0,0.10000000149011612,0.30000001192092896,0.800000011920929,0.30000001192092896,0.53125,0.20000000298023224,0.30000001192092896,0.0,0.5,0.5,0.1380796581506729,0.0277595176878173,-31.131761677412232,0.038933740840817334,-8.950966960154492e-06,0.0003224467752219904,False,False,False,0.0,285.34825535329026,282.49418746913153,282.8324571637553,1.0,1.06470354440755
A_resonant_held_w0p250_c0p850_s0p000_b0p500,A,wave_cutoff_reference,resonant_held,0.5,generation/test_renders/architecture_ab_v1/raw/A_resonant_held_w0p250_c0p850_s0p000_b0p500.wav,4245068f0141595e7ca4d6469ad818379a7e3472b3ce6eb941bebcc4cc7f3761,0.25,0.85,0.75,0.0,0.1,0.3,0.8,0.3,0.53125,0.2,0.3,0.0,0.25,0.8500000238418579,0.75,0.0,0.10000000149011612,0.30000001192092896,0.800000011920929,0.30000001192092896,0.53125,0.20000000298023224,0.30000001192092896,0.0,0.5,0.5,0.12408224493265152,0.027348041533706544,-31.261475384094467,0.03835425172788391,-7.482387854325891e-06,0.00027359867232554203,False,False,False,0.0,274.8890145900724,272.5574268737021,272.581193829418,1.0,1.0807900037879385
A_resonant_held_w0p375_c0p300_s0p000_b0p500,A,wave_cutoff_reference,resonant_held,0.5,generation/test_renders/architecture_ab_v1/raw/A_resonant_held_w0p375_c0p300_s0p000_b0p500.wav,9f7bbcdb035f79e1f25e2b42219ac390fa149bf5b0c68ca3d9ef07c3f0ca7047,0.375,0.3,0.75,0.0,0.1,0.3,0.8,0.3,0.53125,0.2,0.3,0.0,0.375,0.30000001192092896,0.75,0.0,0.10000000149011612,0.30000001192092896,0.800000011920929,0.30000001192092896,0.53125,0.20000000298023224,0.30000001192092896,0.0,0.5,0.5,0.130781352519989,0.01097796286834219,-39.18956485003026,0.015491913934793555,-0.00031092928292225956,0.028323040135151575,False,False,False,0.0,262.2046549036346,264.976233567978,265.00840641658226,1.0,2.675776023849671
A_resonant_held_w0p375_c0p438_s0p000_b0p500,A,wave_cutoff_reference,resonant_held,0.5,generation/test_renders/architecture_ab_v1/raw/A_resonant_held_w0p375_c0p438_s0p000_b0p500.wav,69fdc8de36dcd3c1bf220d5e37c8e723b5450ffc5dbc7acaf05c1a33d09da008,0.375,0.4375,0.75,0.0,0.1,0.3,0.8,0.3,0.53125,0.2,0.3,0.0,0.375,0.4375,0.75,0.0,0.10000000149011612,0.30000001192092896,0.800000011920929,0.30000001192092896,0.53125,0.20000000298023224,0.30000001192092896,0.0,0.5,0.5,0.16476571559906006,0.04586152628326937,-26.77102991869309,0.06427761979365325,0.000899347386055382,0.019610062266581622,False,False,False,0.0,338.2287350911106,266.3520014857747,266.00819946850083,1.0,0.6449039650711561
A_resonant_held_w0p375_c0p575_s0p000_b0p500,A,wave_cutoff_reference,resonant_held,0.5,generation/test_renders/architecture_ab_v1/raw/A_resonant_held_w0p375_c0p575_s0p000_b0p500.wav,faaf0d1df487148a2ade83efc72befadc489f689b3993b2f2ee722c203652455,0.375,0.575,0.75,0.0,0.1,0.3,0.8,0.3,0.53125,0.2,0.3,0.0,0.375,0.574999988079071,0.75,0.0,0.10000000149011612,0.30000001192092896,0.800000011920929,0.30000001192092896,0.53125,0.20000000298023224,0.30000001192092896,0.0,0.5,0.5,0.1737448275089264,0.03507689229977392,-29.0995778140136,0.049184186874553074,0.0008172210116454379,0.023297987879351133,False,False,False,0.0,631.5296813872797,565.6459909244182,561.986909324051,1.0,0.8428093357727159
A_resonant_held_w0p375_c0p713_s0p000_b0p500,A,wave_cutoff_reference,resonant_held,0.5,generation/test_renders/architecture_ab_v1/raw/A_resonant_held_w0p375_c0p713_s0p000_b0p500.wav,993d074a105a777cb90636235e2b4a4e16840b04e0f1a920ebe8d31e117922d5,0.375,0.7125,0.75,0.0,0.1,0.3,0.8,0.3,0.53125,0.2,0.3,0.0,0.375,0.7124999761581421,0.75,0.0,0.10000000149011612,0.30000001192092896,0.800000011920929,0.30000001192092896,0.53125,0.20000000298023224,0.30000001192092896,0.0,0.5,0.5,0.17655937373638153,0.030626208627476052,-30.278135267316483,0.04294380461711455,0.00048638934248536954,0.01588147421058868,False,False,False,0.0,919.1238833420952,925.1115527894639,922.3384659512856,1.0,0.9652822389598623
A_resonant_held_w0p375_c0p850_s0p000_b0p500,A,wave_cutoff_reference,resonant_held,0.5,generation/test_renders/architecture_ab_v1/raw/A_resonant_held_w0p375_c0p850_s0p000_b0p500.wav,9a98a11c6295e88ed7cd780debb9f0b1d1538968cf1453dca930a5819363019f,0.375,0.85,0.75,0.0,0.1,0.3,0.8,0.3,0.53125,0.2,0.3,0.0,0.375,0.8500000238418579,0.75,0.0,0.10000000149011612,0.30000001192092896,0.800000011920929,0.30000001192092896,0.53125,0.20000000298023224,0.30000001192092896,0.0,0.5,0.5,0.18000352382659912,0.028570066942252295,-30.881774840495844,0.04006113905351181,0.00017252872930440525,0.00603879331655511,False,False,False,0.0,1136.7960951127336,1183.354600603806,1182.6347397721381,1.0,1.03474072005023
A_resonant_held_w0p500_c0p438_s0p000_b0p500,A,wave_cutoff_reference,resonant_held,0.5,generation/test_renders/architecture_ab_v1/raw/A_resonant_held_w0p500_c0p438_s0p000_b0p500.wav,20557a03e409b0d0ce0a3812ca061e37f727ca3adc0168825eb648a10239958a,0.5,0.4375,0.75,0.0,0.1,0.3,0.8,0.3,0.53125,0.2,0.3,0.0,0.5,0.4375,0.75,0.0,0.10000000149011612,0.30000001192092896,0.800000011920929,0.30000001192092896,0.53125,0.20000000298023224,0.30000001192092896,0.0,0.5,0.5,0.21935109794139862,0.07213888719791058,-22.836611226362095,0.10111266430509223,-2.0377337879037803e-05,0.0002824736930462106,False,False,False,0.0,265.9668260783791,262.09605239387685,262.17151339664446,1.0,0.40996735824491126
A_resonant_held_w0p500_c0p713_s0p000_b0p500,A,wave_cutoff_reference,resonant_held,0.5,generation/test_renders/architecture_ab_v1/raw/A_resonant_held_w0p500_c0p713_s0p000_b0p500.wav,8beb87bffb2b37a05cb8792bf33282d92c050e2fa2b813885e481d8daa024a9c,0.5,0.7125,0.75,0.0,0.1,0.3,0.8,0.3,0.53125,0.2,0.3,0.0,0.5,0.7124999761581421,0.75,0.0,0.10000000149011612,0.30000001192092896,0.800000011920929,0.30000001192092896,0.53125,0.20000000298023224,0.30000001192092896,0.0,0.5,0.5,0.20093052089214325,0.050166809628434124,-25.991670343336896,0.07034806416200476,-1.2149422978213771e-05,0.00024218049878395258,False,False,False,0.0,693.4420076170298,692.7413284392333,693.4245902848525,1.0,0.5892541943272415
A_resonant_held_w0p625_c0p300_s0p000_b0p500,A,wave_cutoff_reference,resonant_held,0.5,generation/test_renders/architecture_ab_v1/raw/A_resonant_held_w0p625_c0p300_s0p000_b0p500.wav,fd9cc9174881022511f22fd017a0ea1e72d4d335cd772cd7882620342bad93a3,0.625,0.3,0.75,0.0,0.1,0.3,0.8,0.3,0.53125,0.2,0.3,0.0,0.625,0.30000001192092896,0.75,0.0,0.10000000149011612,0.30000001192092896,0.800000011920929,0.30000001192092896,0.53125,0.20000000298023224,0.30000001192092896,0.0,0.5,0.5,0.18843398988246918,0.018234243555321623,-34.78224497227286,0.02571408237612273,2.3803148257122882e-05,0.0013054091432367638,False,False,False,0.0,261.11989112793157,262.073370532149,262.0876347825504,1.0,1.6120696536600903
A_resonant_held_w0p625_c0p438_s0p000_b0p500,A,wave_cutoff_reference,resonant_held,0.5,generation/test_renders/architecture_ab_v1/raw/A_resonant_held_w0p625_c0p438_s0p000_b0p500.wav,3eda202936ba7a50b1dcc9aa648643d3179535b2d5d2b89caec3d602e44c4cea,0.625,0.4375,0.75,0.0,0.1,0.3,0.8,0.3,0.53125,0.2,0.3,0.0,0.625,0.4375,0.75,0.0,0.10000000149011612,0.30000001192092896,0.800000011920929,0.30000001192092896,0.53125,0.20000000298023224,0.30000001192092896,0.0,0.5,0.5,0.2177852988243103,0.07136048249888015,-22.930844443408635,0.10002156207202496,-0.00018057914138185413,0.002530520185099476,False,False,False,0.0,266.0437142600151,262.05586903058474,262.13028603330633,1.0,0.41443955694686324
A_resonant_held_w0p625_c0p575_s0p000_b0p500,A,wave_cutoff_reference,resonant_held,0.5,generation/test_renders/architecture_ab_v1/raw/A_resonant_held_w0p625_c0p575_s0p000_b0p500.wav,8ee2470f176fc67fc277bf02e3455f338c20f0ce8d28356206026ab821bd9da9,0.625,0.575,0.75,0.0,0.1,0.3,0.8,0.3,0.53125,0.2,0.3,0.0,0.625,0.574999988079071,0.75,0.0,0.10000000149011612,0.30000001192092896,0.800000011920929,0.30000001192092896,0.53125,0.20000000298023224,0.30000001192092896,0.0,0.5,0.5,0.209098681807518,0.054711332775640026,-25.238454112399438,0.07670263347486221,-5.596296973959128e-05,0.0010228771060848392,False,False,False,0.0,477.0231197261882,477.41751084656704,479.914987606473,1.0,0.5404363578187779
A_resonant_held_w0p625_c0p713_s0p000_b0p500,A,wave_cutoff_reference,resonant_held,0.5,generation/test_renders/architecture_ab_v1/raw/A_resonant_held_w0p625_c0p713_s0p000_b0p500.wav,1e7aaf589f4f14840171c899aa84ae39360a39acc5317c9bda896b422ecf68d9,0.625,0.7125,0.75,0.0,0.1,0.3,0.8,0.3,0.53125,0.2,0.3,0.0,0.625,0.7124999761581421,0.75,0.0,0.10000000149011612,0.30000001192092896,0.800000011920929,0.30000001192092896,0.53125,0.20000000298023224,0.30000001192092896,0.0,0.5,0.5,0.20062968134880066,0.04946625718812383,-26.11381897647958,0.06936572935442446,-5.056989882613233e-05,0.0010223109994720496,False,False,False,0.0,696.4240029119583,696.0995360049794,696.8145061795583,1.0,0.5975990198050033
A_resonant_held_w0p625_c0p850_s0p000_b0p500,A,wave_cutoff_reference,resonant_held,0.5,generation/test_renders/architecture_ab_v1/raw/A_resonant_held_w0p625_c0p850_s0p000_b0p500.wav,d3a71dad916943f096aa04e72962eaf5a1682bc64957c6de905416b1f0f09c53,0.625,0.85,0.75,0.0,0.1,0.3,0.8,0.3,0.53125,0.2,0.3,0.0,0.625,0.8500000238418579,0.75,0.0,0.10000000149011612,0.30000001192092896,0.800000011920929,0.30000001192092896,0.53125,0.20000000298023224,0.30000001192092896,0.0,0.5,0.5,0.20620688796043396,0.047640541720350614,-26.440466176018035,0.06680747783949068,-2.3371487739627373e-05,0.0004905798065189459,False,False,False,0.0,843.4392179930478,872.2794172725843,871.7561824018715,1.0,0.6204828143618366
A_resonant_held_w0p750_c0p300_s0p000_b0p500,A,wave_cutoff_reference,resonant_held,0.5,generation/test_renders/architecture_ab_v1/raw/A_resonant_held_w0p750_c0p300_s0p000_b0p500.wav,922bbe1c1aef8f21b1429e43218302c0b4ceff82d4e9ddba2ee4366452bce016,0.75,0.3,0.75,0.0,0.1,0.3,0.8,0.3,0.53125,0.2,0.3,0.0,0.75,0.30000001192092896,0.75,0.0,0.10000000149011612,0.30000001192092896,0.800000011920929,0.30000001192092896,0.53125,0.20000000298023224,0.30000001192092896,0.0,0.5,0.5,0.15365849435329437,0.014088523340264933,-37.022690483848294,0.019873923521495283,-0.0004684044299431648,0.03324723383922481,False,False,False,0.0,263.5930414105605,267.59683535868425,267.6499098249977,1.0,2.085793065744089
A_resonant_held_w0p750_c0p438_s0p000_b0p500,A,wave_cutoff_reference,resonant_held,0.5,generation/test_renders/architecture_ab_v1/raw/A_resonant_held_w0p750_c0p438_s0p000_b0p500.wav,a7c011b3b0d2859c764cc0e3bbbc52416650848f1678d00059b3d22556f3e5c8,0.75,0.4375,0.75,0.0,0.1,0.3,0.8,0.3,0.53125,0.2,0.3,0.0,0.75,0.4375,0.75,0.0,0.10000000149011612,0.30000001192092896,0.800000011920929,0.30000001192092896,0.53125,0.20000000298023224,0.30000001192092896,0.0,0.5,0.5,0.20433621108531952,0.0579198543771353,-24.743450774369464,0.08119081457115743,0.0009137809746989489,0.015776644891905618,False,False,False,0.0,361.2370675332627,270.7593882654188,270.0995438804768,1.0,0.5105613496947118
A_resonant_held_w0p750_c0p575_s0p000_b0p500,A,wave_cutoff_reference,resonant_held,0.5,generation/test_renders/architecture_ab_v1/raw/A_resonant_held_w0p750_c0p575_s0p000_b0p500.wav,c1d9df766ee9cd52f27ac002e045b1c33e87e535b3ba312d6e33385d2d508759,0.75,0.575,0.75,0.0,0.1,0.3,0.8,0.3,0.53125,0.2,0.3,0.0,0.75,0.574999988079071,0.75,0.0,0.10000000149011612,0.30000001192092896,0.800000011920929,0.30000001192092896,0.53125,0.20000000298023224,0.30000001192092896,0.0,0.5,0.5,0.22982126474380493,0.04875431415078888,-26.23973897203357,0.06837146133139566,-0.0012110411768892547,0.02483967209842617,False,False,False,0.0,539.3795739849088,529.6031751427779,531.6020933369972,1.0,0.6062893941865822
A_resonant_held_w0p750_c0p713_s0p000_b0p500,A,wave_cutoff_reference,resonant_held,0.5,generation/test_renders/architecture_ab_v1/raw/A_resonant_held_w0p750_c0p713_s0p000_b0p500.wav,16fb445c44b4de54bb839a3133823265d66e47e0603c294f8bc9421b0791af56,0.75,0.7125,0.75,0.0,0.1,0.3,0.8,0.3,0.53125,0.2,0.3,0.0,0.75,0.7124999761581421,0.75,0.0,0.10000000149011612,0.30000001192092896,0.800000011920929,0.30000001192092896,0.53125,0.20000000298023224,0.30000001192092896,0.0,0.5,0.5,0.2366168200969696,0.044088856953652174,-27.113423210661768,0.061841250539115704,-0.0005036237975101016,0.011422927068386678,False,False,False,0.0,850.2117317057504,869.968587503552,865.3731068813865,1.0,0.670311345726159
A_resonant_held_w0p750_c0p850_s0p000_b0p500,A,wave_cutoff_reference,resonant_held,0.5,generation/test_renders/architecture_ab_v1/raw/A_resonant_held_w0p750_c0p850_s0p000_b0p500.wav,a1ea057bf3313036f8907dd97b85a771bd465883523b1c85af6573f4aeb5ac2c,0.75,0.85,0.75,0.0,0.1,0.3,0.8,0.3,0.53125,0.2,0.3,0.0,0.75,0.8500000238418579,0.75,0.0,0.10000000149011612,0.30000001192092896,0.800000011920929,0.30000001192092896,0.53125,0.20000000298023224,0.30000001192092896,0.0,0.5,0.5,0.23945915699005127,0.042019412717027416,-27.531000435810597,0.05893784783573221,-0.0003512539696274916,0.00835932600945548,False,False,False,0.0,1059.6903106200027,1103.0865755548177,1102.6783964500967,1.0,0.7033322965201928
A_resonant_held_w0p875_c0p300_s0p000_b0p500,A,wave_cutoff_reference,resonant_held,0.5,generation/test_renders/architecture_ab_v1/raw/A_resonant_held_w0p875_c0p300_s0p000_b0p500.wav,3952f6a02182d87ec26b1f7eb1e1c65d0b2831e351b6f466c81b5368d21d57e0,0.875,0.3,0.75,0.0,0.1,0.3,0.8,0.3,0.53125,0.2,0.3,0.0,0.875,0.30000001192092896,0.75,0.0,0.10000000149011612,0.30000001192092896,0.800000011920929,0.30000001192092896,0.53125,0.20000000298023224,0.30000001192092896,0.0,0.5,0.5,0.11023174226284027,0.008555840872982029,-41.35474602625629,0.01207521658626014,-0.0003502126724082945,0.04093258367090602,False,False,False,0.0,266.0577616996157,274.6128740461728,274.71619724788485,1.0,3.432890132789057
A_resonant_held_w0p875_c0p438_s0p000_b0p500,A,wave_cutoff_reference,resonant_held,0.5,generation/test_renders/architecture_ab_v1/raw/A_resonant_held_w0p875_c0p438_s0p000_b0p500.wav,d0380c9428b17f97c5bea1f61ff261862d0ce82ab82148a7ad8a4d0f42f2178f,0.875,0.4375,0.75,0.0,0.1,0.3,0.8,0.3,0.53125,0.2,0.3,0.0,0.875,0.4375,0.75,0.0,0.10000000149011612,0.30000001192092896,0.800000011920929,0.30000001192092896,0.53125,0.20000000298023224,0.30000001192092896,0.0,0.5,0.5,0.14630699157714844,0.036097691034147054,-28.850411531526156,0.05060107170238304,-0.000148249859135544,0.00410690697627461,False,False,False,0.0,419.57074675616303,279.9179161118767,278.5395259737851,1.0,0.8192097612887317
A_resonant_held_w0p875_c0p575_s0p000_b0p500,A,wave_cutoff_reference,resonant_held,0.5,generation/test_renders/architecture_ab_v1/raw/A_resonant_held_w0p875_c0p575_s0p000_b0p500.wav,1913f3ff636140e09673671ed8b85acec5c378e20109d6afa871491e18ea38dc,0.875,0.575,0.75,0.0,0.1,0.3,0.8,0.3,0.53125,0.2,0.3,0.0,0.875,0.574999988079071,0.75,0.0,0.10000000149011612,0.30000001192092896,0.800000011920929,0.30000001192092896,0.53125,0.20000000298023224,0.30000001192092896,0.0,0.5,0.5,0.21574851870536804,0.042440989366405876,-27.444290011265778,0.059521042112761074,-0.0003481064083496901,0.00820212755514209,False,False,False,0.0,814.5590334792553,723.3003348059021,716.9846321846181,1.0,0.6964409627057903
A_resonant_held_w0p875_c0p713_s0p000_b0p500,A,wave_cutoff_reference,resonant_held,0.5,generation/test_renders/architecture_ab_v1/raw/A_resonant_held_w0p875_c0p713_s0p000_b0p500.wav,8671fd6dac614553eaa7d4e23173fff26908be8f3e8a22b6f2e692a3de1575a0,0.875,0.7125,0.75,0.0,0.1,0.3,0.8,0.3,0.53125,0.2,0.3,0.0,0.875,0.7124999761581421,0.75,0.0,0.10000000149011612,0.30000001192092896,0.800000011920929,0.30000001192092896,0.53125,0.20000000298023224,0.30000001192092896,0.0,0.5,0.5,0.23018012940883636,0.034275456782373745,-29.30033497482882,0.04808258627071822,-0.0006321520937482611,0.01844328721166299,False,False,False,0.0,1235.1884145584759,1154.0785542014942,1145.109728735414,1.0,0.8621185981318058
A_resonant_held_w0p875_c0p850_s0p000_b0p500,A,wave_cutoff_reference,resonant_held,0.5,generation/test_renders/architecture_ab_v1/raw/A_resonant_held_w0p875_c0p850_s0p000_b0p500.wav,36ed848ee576c55b7eafecd4d4918be0969fecbdc13fec0942def8530b7d26d5,0.875,0.85,0.75,0.0,0.1,0.3,0.8,0.3,0.53125,0.2,0.3,0.0,0.875,0.8500000238418579,0.75,0.0,0.10000000149011612,0.30000001192092896,0.800000011920929,0.30000001192092896,0.53125,0.20000000298023224,0.30000001192092896,0.0,0.5,0.5,0.2387346774339676,0.03257284244809594,-29.74288682706948,0.04569011832032773,-0.000363495606070877,0.011159468402246403,False,False,False,0.0,1600.6808635387965,1683.3959182981605,1678.697320954251,1.0,0.9072616441840256
A_resonant_held_w1p000_c0p438_s0p000_b0p500,A,wave_cutoff_reference,resonant_held,0.5,generation/test_renders/architecture_ab_v1/raw/A_resonant_held_w1p000_c0p438_s0p000_b0p500.wav,ec4d6a84180d8ed5aad563459ab36c89e31af0e1df0c0e760dfe611c37c34afc,1.0,0.4375,0.75,0.0,0.1,0.3,0.8,0.3,0.53125,0.2,0.3,0.0,1.0,0.4375,0.75,0.0,0.10000000149011612,0.30000001192092896,0.800000011920929,0.30000001192092896,0.53125,0.20000000298023224,0.30000001192092896,0.0,0.5,0.5,0.14630699157714844,0.036097691034147054,-28.850411531526156,0.05060107170238304,-0.000148249859135544,0.00410690697627461,False,False,False,0.0,419.57074675616303,279.9179161118767,278.5395259737851,1.0,0.8192097612887317
A_resonant_held_w1p000_c0p713_s0p000_b0p500,A,wave_cutoff_reference,resonant_held,0.5,generation/test_renders/architecture_ab_v1/raw/A_resonant_held_w1p000_c0p713_s0p000_b0p500.wav,be6b9b6e309a26433bad55ca3d1684cfaf4e6fac5eba3d506a0716bec476c55d,1.0,0.7125,0.75,0.0,0.1,0.3,0.8,0.3,0.53125,0.2,0.3,0.0,1.0,0.7124999761581421,0.75,0.0,0.10000000149011612,0.30000001192092896,0.800000011920929,0.30000001192092896,0.53125,0.20000000298023224,0.30000001192092896,0.0,0.5,0.5,0.23018012940883636,0.034275456782373745,-29.30033497482882,0.04808258627071822,-0.0006321520937482611,0.01844328721166299,False,False,False,0.0,1235.1884145584759,1154.0785542014942,1145.109728735414,1.0,0.8621185981318058
A_driven_pluck_w0p000_c0p438_s0p000_b0p500,A,wave_cutoff_reference,driven_pluck,0.5,generation/test_renders/architecture_ab_v1/raw/A_driven_pluck_w0p000_c0p438_s0p000_b0p500.wav,37dace92ddfefa286ab83cd0f51294c3fb304a531c52a13594e2308eb917d9e4,0.0,0.4375,0.2,0.75,0.05,0.2,0.2,0.15,0.5625,0.05,0.2,0.0,0.0,0.4375,0.20000000298023224,0.75,0.05000000074505806,0.20000000298023224,0.20000000298023224,0.15000000596046448,0.5625,0.05000000074505806,0.20000000298023224,0.0,0.5,0.5,0.17951568961143494,0.0075890902110185236,-42.39620569425617,0.010731126141364804,4.7081918393115956e-05,0.006203894944450416,False,False,False,0.0,261.93954884772415,263.27569717908466,263.27569670539845,1.0,3.862865026856459
A_driven_pluck_w0p000_c0p713_s0p000_b0p500,A,wave_cutoff_reference,driven_pluck,0.5,generation/test_renders/architecture_ab_v1/raw/A_driven_pluck_w0p000_c0p713_s0p000_b0p500.wav,a2b37f4c10223f29f56b5f0285ee6b433d64ac1d85a345aadf70de707c130425,0.0,0.7125,0.2,0.75,0.05,0.2,0.2,0.15,0.5625,0.05,0.2,0.0,0.0,0.7124999761581421,0.20000000298023224,0.75,0.05000000074505806,0.20000000298023224,0.20000000298023224,0.15000000596046448,0.5625,0.05000000074505806,0.20000000298023224,0.0,0.5,0.5,0.1867566555738449,0.009241857900964124,-40.68481426601431,0.013067484220759885,4.652246454403876e-05,0.005033886588884414,False,False,False,0.0,276.9729584172258,278.43393495755174,278.4338476197639,1.0,3.172216715166057
A_driven_pluck_w0p125_c0p300_s0p000_b0p500,A,wave_cutoff_reference,driven_pluck,0.5,generation/test_renders/architecture_ab_v1/raw/A_driven_pluck_w0p125_c0p300_s0p000_b0p500.wav,7c844f26c240970b116eae7cb3f9193d2893dd6820da64e1550158e121fe1a36,0.125,0.3,0.2,0.75,0.05,0.2,0.2,0.15,0.5625,0.05,0.2,0.0,0.125,0.30000001192092896,0.20000000298023224,0.75,0.05000000074505806,0.20000000298023224,0.20000000298023224,0.15000000596046448,0.5625,0.05000000074505806,0.20000000298023224,0.0,0.5,0.5,0.17895711958408356,0.0064668126370780845,-43.786194433638045,0.009145306285200138,5.556299019777229e-05,0.00859202103354543,False,False,False,0.0,257.7647415944816,262.42198378851043,262.4221600720379,1.0,4.532695852663401
A_driven_pluck_w0p125_c0p438_s0p000_b0p500,A,wave_cutoff_reference,driven_pluck,0.5,generation/test_renders/architecture_ab_v1/raw/A_driven_pluck_w0p125_c0p438_s0p000_b0p500.wav,d2742a4c9ca55ba4afb13341dde8545396e30091427232b0f33cc156c3f56aa1,0.125,0.4375,0.2,0.75,0.05,0.2,0.2,0.15,0.5625,0.05,0.2,0.0,0.125,0.4375,0.20000000298023224,0.75,0.05000000074505806,0.20000000298023224,0.20000000298023224,0.15000000596046448,0.5625,0.05000000074505806,0.20000000298023224,0.0,0.5,0.5,0.18289177119731903,0.008002120183080087,-41.93589860561246,0.01131517319483361,5.4898868225542895e-05,0.006860540328002401,False,False,False,0.0,264.48218179308157,264.634866750812,264.6348659411249,1.0,3.663478336256502
A_driven_pluck_w0p125_c0p575_s0p000_b0p500,A,wave_cutoff_reference,driven_pluck,0.5,generation/test_renders/architecture_ab_v1/raw/A_driven_pluck_w0p125_c0p575_s0p000_b0p500.wav,eb7e8ccfcd76b4e409ea96e197d0b0b0f81c87d6394a747db0fc693ae7579200,0.125,0.575,0.2,0.75,0.05,0.2,0.2,0.15,0.5625,0.05,0.2,0.0,0.125,0.574999988079071,0.20000000298023224,0.75,0.05000000074505806,0.20000000298023224,0.20000000298023224,0.15000000596046448,0.5625,0.05000000074505806,0.20000000298023224,0.0,0.5,0.5,0.18610402941703796,0.009375328280145142,-40.56027032745138,0.013256145087435446,5.4210030153265414e-05,0.005782200743633712,False,False,False,0.0,278.0296137294653,283.58812034082445,283.5890697347885,1.0,3.1270698681137277
A_driven_pluck_w0p125_c0p713_s0p000_b0p500,A,wave_cutoff_reference,driven_pluck,0.5,generation/test_renders/architecture_ab_v1/raw/A_driven_pluck_w0p125_c0p713_s0p000_b0p500.wav,72f34f572c4f47a5ffa76ec5f0f5a70e19dde8f670c691d88381a73841c332d1,0.125,0.7125,0.2,0.75,0.05,0.2,0.2,0.15,0.5625,0.05,0.2,0.0,0.125,0.7124999761581421,0.20000000298023224,0.75,0.05000000074505806,0.20000000298023224,0.20000000298023224,0.15000000596046448,0.5625,0.05000000074505806,0.20000000298023224,0.0,0.5,0.5,0.188864603638649,0.01000825643187718,-39.99283151329011,0.014150872368458235,5.375991749025122e-05,0.005371556759778969,False,False,False,0.0,301.4644706129034,318.67768503228365,318.67986896985167,1.0,2.929352395450909
A_driven_pluck_w0p125_c0p850_s0p000_b0p500,A,wave_cutoff_reference,driven_pluck,0.5,generation/test_renders/architecture_ab_v1/raw/A_driven_pluck_w0p125_c0p850_s0p000_b0p500.wav,fa0559496e5fbfffa4a384ae441564510bd74f71c5c4218acdd11015f1b933b2,0.125,0.85,0.2,0.75,0.05,0.2,0.2,0.15,0.5625,0.05,0.2,0.0,0.125,0.8500000238418579,0.20000000298023224,0.75,0.05000000074505806,0.20000000298023224,0.20000000298023224,0.15000000596046448,0.5625,0.05000000074505806,0.20000000298023224,0.0,0.5,0.5,0.19119426608085632,0.010311423344654388,-39.733627648619006,0.014579587151529834,5.3543973389295306e-05,0.0051926850057081,False,False,False,0.0,318.5554512264588,327.36066428303945,327.36082280169853,1.0,2.8432143818224342
A_driven_pluck_w0p250_c0p300_s0p000_b0p500,A,wave_cutoff_reference,driven_pluck,0.5,generation/test_renders/architecture_ab_v1/raw/A_driven_pluck_w0p250_c0p300_s0p000_b0p500.wav,47096a8023af0066f702560369e4e45717eef617c016adfd34f69981b62b2ab3,0.25,0.3,0.2,0.75,0.05,0.2,0.2,0.15,0.5625,0.05,0.2,0.0,0.25,0.30000001192092896,0.20000000298023224,0.75,0.05000000074505806,0.20000000298023224,0.20000000298023224,0.15000000596046448,0.5625,0.05000000074505806,0.20000000298023224,0.0,0.5,0.5,0.16582264006137848,0.005745652959397402,-44.81321218355505,0.008125454193860257,4.025642872425552e-05,0.007006414938168763,False,False,False,0.0,254.77792401522257,261.7666292641211,261.76681235218047,1.0,5.101609200084566
A_driven_pluck_w0p250_c0p438_s0p000_b0p500,A,wave_cutoff_reference,driven_pluck,0.5,generation/test_renders/architecture_ab_v1/raw/A_driven_pluck_w0p250_c0p438_s0p000_b0p500.wav,be418a4ae6c48164bbe0bc18c8bad1476a61fa8260f4be2d0576eee91e3e5e95,0.25,0.4375,0.2,0.75,0.05,0.2,0.2,0.15,0.5625,0.05,0.2,0.0,0.25,0.4375,0.20000000298023224,0.75,0.05000000074505806,0.20000000298023224,0.20000000298023224,0.15000000596046448,0.5625,0.05000000074505806,0.20000000298023224,0.0,0.5,0.5,0.1727755069732666,0.0070875013364257635,-42.990136924161256,0.010021842271996644,3.980761526514518e-05,0.005616593687334698,False,False,False,0.0,260.43978762111306,262.46045995291047,262.46045913507453,1.0,4.1362546670777505
A_driven_pluck_w0p250_c0p575_s0p000_b0p500,A,wave_cutoff_reference,driven_pluck,0.5,generation/test_renders/architecture_ab_v1/raw/A_driven_pluck_w0p250_c0p575_s0p000_b0p500.wav,fe403379301bf48a64042cd7c9919c99ae8217925a4736f5503d14295e996188,0.25,0.575,0.2,0.75,0.05,0.2,0.2,0.15,0.5625,0.05,0.2,0.0,0.25,0.574999988079071,0.20000000298023224,0.75,0.05000000074505806,0.20000000298023224,0.20000000298023224,0.15000000596046448,0.5625,0.05000000074505806,0.20000000298023224,0.0,0.5,0.5,0.17809130251407623,0.008089469695286487,-41.84159895207982,0.011438191146883573,3.961773902031554e-05,0.004897445755115409,False,False,False,0.0,264.6102563875782,265.21667985774275,265.21656203017403,1.0,3.6240775606864535
A_driven_pluck_w0p250_c0p713_s0p000_b0p500,A,wave_cutoff_reference,driven_pluck,0.5,generation/test_renders/architecture_ab_v1/raw/A_driven_pluck_w0p250_c0p713_s0p000_b0p500.wav,9f0ce07ec03abf7e71c58d62b4eb6ee76edb7155bfadd0fb4eec63b30a8c1b3f,0.25,0.7125,0.2,0.75,0.05,0.2,0.2,0.15,0.5625,0.05,0.2,0.0,0.25,0.7124999761581421,0.20000000298023224,0.75,0.05000000074505806,0.20000000298023224,0.20000000298023224,0.15000000596046448,0.5625,0.05000000074505806,0.20000000298023224,0.0,0.5,0.5,0.18200556933879852,0.008370777327756105,-41.544684212942435,0.011835929197495572,3.994627467596469e-05,0.004772110535482707,False,False,False,0.0,265.78539401977434,264.7171641888466,264.71698535790625,1.0,3.5022929909917377
A_driven_pluck_w0p250_c0p850_s0p000_b0p500,A,wave_cutoff_reference,driven_pluck,0.5,generation/test_renders/architecture_ab_v1/raw/A_driven_pluck_w0p250_c0p850_s0p000_b0p500.wav,ac786594517e9950677505c8b37c57db6192b2c2255e89c6b899a6aab144f5b6,0.25,0.85,0.2,0.75,0.05,0.2,0.2,0.15,0.5625,0.05,0.2,0.0,0.25,0.8500000238418579,0.20000000298023224,0.75,0.05000000074505806,0.20000000298023224,0.20000000298023224,0.15000000596046448,0.5625,0.05000000074505806,0.20000000298023224,0.0,0.5,0.5,0.18481549620628357,0.008504215258325962,-41.4073151100527,0.01202458566425071,4.044137502188022e-05,0.004755450537577411,False,False,False,0.0,265.2912810778511,264.3294795461119,264.32941625940913,1.0,3.4473447175401084
A_driven_pluck_w0p375_c0p300_s0p000_b0p500,A,wave_cutoff_reference,driven_pluck,0.5,generation/test_renders/architecture_ab_v1/raw/A_driven_pluck_w0p375_c0p300_s0p000_b0p500.wav,03cf364702aaab10404a5fe47949b714e41078ccbc4bc8ce3f0cb880f0104827,0.375,0.3,0.2,0.75,0.05,0.2,0.2,0.15,0.5625,0.05,0.2,0.0,0.375,0.30000001192092896,0.20000000298023224,0.75,0.05000000074505806,0.20000000298023224,0.20000000298023224,0.15000000596046448,0.5625,0.05000000074505806,0.20000000298023224,0.0,0.5,0.5,0.16364352405071259,0.005329687633939984,-45.46596487324535,0.007537219230825561,-0.00017909155851336558,0.03360263692995676,False,False,False,0.0,257.9768260303371,263.6180382973337,263.6182469369329,1.0,5.499759341048491
A_driven_pluck_w0p375_c0p438_s0p000_b0p500,A,wave_cutoff_reference,driven_pluck,0.5,generation/test_renders/architecture_ab_v1/raw/A_driven_pluck_w0p375_c0p438_s0p000_b0p500.wav,770d4d51a126ae5e7c309164b44230e09d98219bf70da5b91163f778cc0484c3,0.375,0.4375,0.2,0.75,0.05,0.2,0.2,0.15,0.5625,0.05,0.2,0.0,0.375,0.4375,0.20000000298023224,0.75,0.05000000074505806,0.20000000298023224,0.20000000298023224,0.15000000596046448,0.5625,0.05000000074505806,0.20000000298023224,0.0,0.5,0.5,0.16834762692451477,0.006536085652600216,-43.69364530390725,0.009241909861839299,0.00023829649422533298,0.03645859416339392,False,False,False,0.0,267.65508410400975,265.95714237443576,265.9571692589562,1.0,4.485316616365848
A_driven_pluck_w0p375_c0p575_s0p000_b0p500,A,wave_cutoff_reference,driven_pluck,0.5,generation/test_renders/architecture_ab_v1/raw/A_driven_pluck_w0p375_c0p575_s0p000_b0p500.wav,b19b1b914ac1cdbbd39419fa3e9490aac2895ef1c94100ca8fbb027a2573adce,0.375,0.575,0.2,0.75,0.05,0.2,0.2,0.15,0.5625,0.05,0.2,0.0,0.375,0.574999988079071,0.20000000298023224,0.75,0.05000000074505806,0.20000000298023224,0.20000000298023224,0.15000000596046448,0.5625,0.05000000074505806,0.20000000298023224,0.0,0.5,0.5,0.1715754121541977,0.0073787232631619005,-42.640375548719504,0.010432770091378935,0.00030645949249514425,0.041532861657129216,False,False,False,0.0,289.489581171937,297.34385950768626,297.3452747940755,1.0,3.9733351264509875
A_driven_pluck_w0p375_c0p713_s0p000_b0p500,A,wave_cutoff_reference,driven_pluck,0.5,generation/test_renders/architecture_ab_v1/raw/A_driven_pluck_w0p375_c0p713_s0p000_b0p500.wav,b96cb742503a77ad60d32807e27da00c8ff21ed04907489eb839b41efbd6703d,0.375,0.7125,0.2,0.75,0.05,0.2,0.2,0.15,0.5625,0.05,0.2,0.0,0.375,0.7124999761581421,0.20000000298023224,0.75,0.05000000074505806,0.20000000298023224,0.20000000298023224,0.15000000596046448,0.5625,0.05000000074505806,0.20000000298023224,0.0,0.5,0.5,0.1738709658384323,0.00781716083284462,-42.13901905266172,0.011052413678274189,0.00016229026547136185,0.02076076838402535,False,False,False,0.0,323.9251970434821,358.05239884954875,358.0594733155886,1.0,3.750573682538454
A_driven_pluck_w0p375_c0p850_s0p000_b0p500,A,wave_cutoff_reference,driven_pluck,0.5,generation/test_renders/architecture_ab_v1/raw/A_driven_pluck_w0p375_c0p850_s0p000_b0p500.wav,f582010734e43cae3657397fcfc322228c8ec3d2362df04208bd5fdfc095fd40,0.375,0.85,0.2,0.75,0.05,0.2,0.2,0.15,0.5625,0.05,0.2,0.0,0.375,0.8500000238418579,0.20000000298023224,0.75,0.05000000074505806,0.20000000298023224,0.20000000298023224,0.15000000596046448,0.5625,0.05000000074505806,0.20000000298023224,0.0,0.5,0.5,0.17555247247219086,0.008095260544317376,-41.8353833801185,0.01144554057987437,9.364712101552596e-05,0.011568141692643032,False,False,False,0.0,367.02037873785747,434.04312902174405,434.0584913288053,1.0,3.6217504608872053
A_driven_pluck_w0p500_c0p438_s0p000_b0p500,A,wave_cutoff_reference,driven_pluck,0.5,generation/test_renders/architecture_ab_v1/raw/A_driven_pluck_w0p500_c0p438_s0p000_b0p500.wav,f2d8040a626d55b6863d72c8336e1e621a5ddbc1fc3407883fe6f7898aa717f3,0.5,0.4375,0.2,0.75,0.05,0.2,0.2,0.15,0.5625,0.05,0.2,0.0,0.5,0.4375,0.20000000298023224,0.75,0.05000000074505806,0.20000000298023224,0.20000000298023224,0.15000000596046448,0.5625,0.05000000074505806,0.20000000298023224,0.0,0.5,0.5,0.1836608499288559,0.008150932331178425,-41.7758542469724,0.01152560596928282,5.942480941413039e-05,0.007290553644620802,False,False,False,0.0,266.15036203784877,265.52201373798476,265.5220127506284,1.0,3.596591101651431
A_driven_pluck_w0p500_c0p713_s0p000_b0p500,A,wave_cutoff_reference,driven_pluck,0.5,generation/test_renders/architecture_ab_v1/raw/A_driven_pluck_w0p500_c0p713_s0p000_b0p500.wav,6bc7fad20483b731ca4ebdf9a26de5ae998a8376715e49e71475cb8e96bcde3c,0.5,0.7125,0.2,0.75,0.05,0.2,0.2,0.15,0.5625,0.05,0.2,0.0,0.5,0.7124999761581421,0.20000000298023224,0.75,0.05000000074505806,0.20000000298023224,0.20000000298023224,0.15000000596046448,0.5625,0.05000000074505806,0.20000000298023224,0.0,0.5,0.5,0.18961653113365173,0.010266901989600502,-39.77121167682517,0.014516450310076113,5.83612329419336e-05,0.005684405383537172,False,False,False,0.0,319.9600816873048,358.3576155603638,358.3653798077605,1.0,2.8555804611193447
A_driven_pluck_w0p625_c0p300_s0p000_b0p500,A,wave_cutoff_reference,driven_pluck,0.5,generation/test_renders/architecture_ab_v1/raw/A_driven_pluck_w0p625_c0p300_s0p000_b0p500.wav,2f74538ea6bdf530ddbc793d4c489e6f22f09216a89ccb8aa22e1cb4cf5a8759,0.625,0.3,0.2,0.75,0.05,0.2,0.2,0.15,0.5625,0.05,0.2,0.0,0.625,0.30000001192092896,0.20000000298023224,0.75,0.05000000074505806,0.20000000298023224,0.20000000298023224,0.15000000596046448,0.5625,0.05000000074505806,0.20000000298023224,0.0,0.5,0.5,0.17920304834842682,0.0065832259308777315,-43.63122480048332,0.009309934611126043,6.20311162479216e-05,0.009422601760783118,False,False,False,0.0,259.0268505117782,262.70723125393243,262.7074040311704,1.0,4.452543825681011
A_driven_pluck_w0p625_c0p438_s0p000_b0p500,A,wave_cutoff_reference,driven_pluck,0.5,generation/test_renders/architecture_ab_v1/raw/A_driven_pluck_w0p625_c0p438_s0p000_b0p500.wav,50e5fbe34d0be9ff01b82a733148551a66e85f25268f68dafd5d3b161d1535fc,0.625,0.4375,0.2,0.75,0.05,0.2,0.2,0.15,0.5625,0.05,0.2,0.0,0.625,0.4375,0.20000000298023224,0.75,0.05000000074505806,0.20000000298023224,0.20000000298023224,0.15000000596046448,0.5625,0.05000000074505806,0.20000000298023224,0.0,0.5,0.5,0.18310606479644775,0.008136694445318123,-41.791039852396594,0.011505472982853385,5.777149154362344e-05,0.007100118104701021,False,False,False,0.0,266.1363508049953,265.51581197808673,265.51580762617704,1.0,3.6028846386446243
A_driven_pluck_w0p625_c0p575_s0p000_b0p500,A,wave_cutoff_reference,driven_pluck,0.5,generation/test_renders/architecture_ab_v1/raw/A_driven_pluck_w0p625_c0p575_s0p000_b0p500.wav,59b115ded7f3ccd520d0472a899fee949ffe02e9073e6dd90cf99bb4804b6e5b,0.625,0.575,0.2,0.75,0.05,0.2,0.2,0.15,0.5625,0.05,0.2,0.0,0.625,0.574999988079071,0.20000000298023224,0.75,0.05000000074505806,0.20000000298023224,0.20000000298023224,0.15000000596046448,0.5625,0.05000000074505806,0.20000000298023224,0.0,0.5,0.5,0.18659386038780212,0.009538544505625213,-40.4103577918726,0.013486892872203038,5.5699853630939965e-05,0.0058394499913578864,False,False,False,0.0,283.2883014950429,290.8817551888241,290.8831811005425,1.0,3.0735687057839005
A_driven_pluck_w0p625_c0p713_s0p000_b0p500,A,wave_cutoff_reference,driven_pluck,0.5,generation/test_renders/architecture_ab_v1/raw/A_driven_pluck_w0p625_c0p713_s0p000_b0p500.wav,f5127e4d664f1c63c67b60a36b63a371ed3c71ed958922bd0968d28b0065b79e,0.625,0.7125,0.2,0.75,0.05,0.2,0.2,0.15,0.5625,0.05,0.2,0.0,0.625,0.7124999761581421,0.20000000298023224,0.75,0.05000000074505806,0.20000000298023224,0.20000000298023224,0.15000000596046448,0.5625,0.05000000074505806,0.20000000298023224,0.0,0.5,0.5,0.18975870311260223,0.010244642649688806,-39.790063718364486,0.014484979480761195,5.654446861748536e-05,0.005519418348789645,False,False,False,0.0,319.96536523519217,358.36049014751643,358.36823751198574,1.0,2.861784645626907
A_driven_pluck_w0p625_c0p850_s0p000_b0p500,A,wave_cutoff_reference,driven_pluck,0.5,generation/test_renders/architecture_ab_v1/raw/A_driven_pluck_w0p625_c0p850_s0p000_b0p500.wav,99e786a140648c2c9d88e718717325f164c83c04b0626b8ef0af8ea81748e215,0.625,0.85,0.2,0.75,0.05,0.2,0.2,0.15,0.5625,0.05,0.2,0.0,0.625,0.8500000238418579,0.20000000298023224,0.75,0.05000000074505806,0.20000000298023224,0.20000000298023224,0.15000000596046448,0.5625,0.05000000074505806,0.20000000298023224,0.0,0.5,0.5,0.19231335818767548,0.010650478791218004,-39.45261736242034,0.015058734059513402,5.689045484965331e-05,0.005341586605154606,False,False,False,0.0,368.78548361056176,445.6191910947764,445.633638965746,1.0,2.752747455824496
A_driven_pluck_w0p750_c0p300_s0p000_b0p500,A,wave_cutoff_reference,driven_pluck,0.5,generation/test_renders/architecture_ab_v1/raw/A_driven_pluck_w0p750_c0p300_s0p000_b0p500.wav,87399f50adbe0a518c963f7cbbef764b8cc94ff23f111cd1029e33dcedfa2c36,0.75,0.3,0.2,0.75,0.05,0.2,0.2,0.15,0.5625,0.05,0.2,0.0,0.75,0.30000001192092896,0.20000000298023224,0.75,0.05000000074505806,0.20000000298023224,0.20000000298023224,0.15000000596046448,0.5625,0.05000000074505806,0.20000000298023224,0.0,0.5,0.5,0.16392555832862854,0.006217938802300171,-44.12707113300396,0.008792841885149122,-0.0016665733335028967,0.2680266542485734,False,False,True,0.0,272.401389653602,270.74367435164777,270.74377889316963,1.0,4.714390684117276
A_driven_pluck_w0p750_c0p438_s0p000_b0p500,A,wave_cutoff_reference,driven_pluck,0.5,generation/test_renders/architecture_ab_v1/raw/A_driven_pluck_w0p750_c0p438_s0p000_b0p500.wav,508cae65f7792cc89bea7a21232769972a26460811b041ea39d6f3d8b4d38cf3,0.75,0.4375,0.2,0.75,0.05,0.2,0.2,0.15,0.5625,0.05,0.2,0.0,0.75,0.4375,0.20000000298023224,0.75,0.05000000074505806,0.20000000298023224,0.20000000298023224,0.15000000596046448,0.5625,0.05000000074505806,0.20000000298023224,0.0,0.5,0.5,0.17707601189613342,0.007205391874611291,-42.846847890745224,0.010188336911307263,-0.0017890804769967832,0.2482974567005488,False,False,True,0.0,297.26463568421804,287.19907169269214,287.1990552339859,1.0,4.068661277215694
A_driven_pluck_w0p750_c0p575_s0p000_b0p500,A,wave_cutoff_reference,driven_pluck,0.5,generation/test_renders/architecture_ab_v1/raw/A_driven_pluck_w0p750_c0p575_s0p000_b0p500.wav,c72bd2e917f625d511219565048d8735eddacbeb306ab76582924dbd44ec84ff,0.75,0.575,0.2,0.75,0.05,0.2,0.2,0.15,0.5625,0.05,0.2,0.0,0.75,0.574999988079071,0.20000000298023224,0.75,0.05000000074505806,0.20000000298023224,0.20000000298023224,0.15000000596046448,0.5625,0.05000000074505806,0.20000000298023224,0.0,0.5,0.5,0.18667903542518616,0.008178669848340593,-41.74634645591095,0.011563770267873792,-0.0017126062026453252,0.20939911188526622,False,False,True,0.0,344.4311469668734,358.82086308165,358.82345535414953,1.0,3.5847211514938775
A_driven_pluck_w0p750_c0p713_s0p000_b0p500,A,wave_cutoff_reference,driven_pluck,0.5,generation/test_renders/architecture_ab_v1/raw/A_driven_pluck_w0p750_c0p713_s0p000_b0p500.wav,9e8436dc5a93bac8d026bafcd10ca015cd2d65960f2985e983f2380cd12f9a65,0.75,0.7125,0.2,0.75,0.05,0.2,0.2,0.15,0.5625,0.05,0.2,0.0,0.75,0.7124999761581421,0.20000000298023224,0.75,0.05000000074505806,0.20000000298023224,0.20000000298023224,0.15000000596046448,0.5625,0.05000000074505806,0.20000000298023224,0.0,0.5,0.5,0.19318969547748566,0.008806096009058205,-41.10433167851353,0.012450997202275532,-0.001662229510568739,0.18875895843730545,False,False,False,0.0,398.2203032704273,447.2064445717402,447.2166007534736,1.0,3.3292828836783706
A_driven_pluck_w0p750_c0p850_s0p000_b0p500,A,wave_cutoff_reference,driven_pluck,0.5,generation/test_renders/architecture_ab_v1/raw/A_driven_pluck_w0p750_c0p850_s0p000_b0p500.wav,e9b36d1737e241ff33cddff2a99a32f75cd922202aa9c476a879e8a475e02b56,0.75,0.85,0.2,0.75,0.05,0.2,0.2,0.15,0.5625,0.05,0.2,0.0,0.75,0.8500000238418579,0.20000000298023224,0.75,0.05000000074505806,0.20000000298023224,0.20000000298023224,0.15000000596046448,0.5625,0.05000000074505806,0.20000000298023224,0.0,0.5,0.5,0.19685348868370056,0.009185898510239312,-40.73756714327922,0.012988064414124534,-0.0016649131874086356,0.18124663423537662,False,False,False,0.0,460.40006034052686,558.5775571907274,558.5986198220152,1.0,3.1916142812768267
A_driven_pluck_w0p875_c0p300_s0p000_b0p500,A,wave_cutoff_reference,driven_pluck,0.5,generation/test_renders/architecture_ab_v1/raw/A_driven_pluck_w0p875_c0p300_s0p000_b0p500.wav,e7ab8f33628d3c6a8521d3510c1b8b30fc71b95ed3d4a9213fd4a6509c5570da,0.875,0.3,0.2,0.75,0.05,0.2,0.2,0.15,0.5625,0.05,0.2,0.0,0.875,0.30000001192092896,0.20000000298023224,0.75,0.05000000074505806,0.20000000298023224,0.20000000298023224,0.15000000596046448,0.5625,0.05000000074505806,0.20000000298023224,0.0,0.5,0.5,0.09966985136270523,0.0043421433802933,-47.24591679938187,0.006140012817477714,-0.0014442461289000015,0.3326113401631723,False,False,True,0.0,280.84007160154107,278.5739391244531,278.574275592154,1.0,6.751271227360702
A_driven_pluck_w0p875_c0p438_s0p000_b0p500,A,wave_cutoff_reference,driven_pluck,0.5,generation/test_renders/architecture_ab_v1/raw/A_driven_pluck_w0p875_c0p438_s0p000_b0p500.wav,a969609a95ea13280081e3946d4bb168298b94575a922ad942620fe1526a63a6,0.875,0.4375,0.2,0.75,0.05,0.2,0.2,0.15,0.5625,0.05,0.2,0.0,0.875,0.4375,0.20000000298023224,0.75,0.05000000074505806,0.20000000298023224,0.20000000298023224,0.15000000596046448,0.5625,0.05000000074505806,0.20000000298023224,0.0,0.5,0.5,0.11395152658224106,0.004804645380805285,-46.366773220648874,0.006793359133361976,-0.0015538990324658252,0.3234159671125163,False,False,True,0.0,340.6173377538139,307.6253175192991,307.6254534430258,1.0,6.10197268486651
A_driven_pluck_w0p875_c0p575_s0p000_b0p500,A,wave_cutoff_reference,driven_pluck,0.5,generation/test_renders/architecture_ab_v1/raw/A_driven_pluck_w0p875_c0p575_s0p000_b0p500.wav,8b6ed16422362f44ff8a1d7a965c769cd553d3139f4b52ec4a40e6c2afdb7fd4,0.875,0.575,0.2,0.75,0.05,0.2,0.2,0.15,0.5625,0.05,0.2,0.0,0.875,0.574999988079071,0.20000000298023224,0.75,0.05000000074505806,0.20000000298023224,0.20000000298023224,0.15000000596046448,0.5625,0.05000000074505806,0.20000000298023224,0.0,0.5,0.5,0.13134048879146576,0.005260676162980405,-45.57916863411704,0.00743818455447744,-0.0015587842893240104,0.2963087331421842,False,False,True,0.0,472.8723650772573,513.8047433321864,513.8130060453958,1.0,5.572985123810957
A_driven_pluck_w0p875_c0p713_s0p000_b0p500,A,wave_cutoff_reference,driven_pluck,0.5,generation/test_renders/architecture_ab_v1/raw/A_driven_pluck_w0p875_c0p713_s0p000_b0p500.wav,7ac7e707cf6ce35599a6bba95ce7a76e42736a0ffccdc9ce673bda235088a220,0.875,0.7125,0.2,0.75,0.05,0.2,0.2,0.15,0.5625,0.05,0.2,0.0,0.875,0.7124999761581421,0.20000000298023224,0.75,0.05000000074505806,0.20000000298023224,0.20000000298023224,0.15000000596046448,0.5625,0.05000000074505806,0.20000000298023224,0.0,0.5,0.5,0.14876091480255127,0.005698415064977478,-44.88491841023471,0.008057084069448986,-0.0014836216828662877,0.26035690028700137,False,False,True,0.0,606.0501913390544,695.3439432670634,695.3619656239982,1.0,5.144900005132765
A_driven_pluck_w0p875_c0p850_s0p000_b0p500,A,wave_cutoff_reference,driven_pluck,0.5,generation/test_renders/architecture_ab_v1/raw/A_driven_pluck_w0p875_c0p850_s0p000_b0p500.wav,1e257c62cbc9c5703a885b9506f8e2e00cba5369e1b967457a65948ed4075df2,0.875,0.85,0.2,0.75,0.05,0.2,0.2,0.15,0.5625,0.05,0.2,0.0,0.875,0.8500000238418579,0.20000000298023224,0.75,0.05000000074505806,0.20000000298023224,0.20000000298023224,0.15000000596046448,0.5625,0.05000000074505806,0.20000000298023224,0.0,0.5,0.5,0.1641433835029602,0.006002936018919051,-44.4327257091893,0.008487680914806941,-0.0014471369995524561,0.24107153482755964,False,False,True,0.0,715.7535662224099,866.2818287123263,866.3196603833137,1.0,4.883889048885868
A_driven_pluck_w1p000_c0p438_s0p000_b0p500,A,wave_cutoff_reference,driven_pluck,0.5,generation/test_renders/architecture_ab_v1/raw/A_driven_pluck_w1p000_c0p438_s0p000_b0p500.wav,ff5cd66aa19290826465af043c58fb02615bcf080b19bd89b27c01016f6a6e2d,1.0,0.4375,0.2,0.75,0.05,0.2,0.2,0.15,0.5625,0.05,0.2,0.0,1.0,0.4375,0.20000000298023224,0.75,0.05000000074505806,0.20000000298023224,0.20000000298023224,0.15000000596046448,0.5625,0.05000000074505806,0.20000000298023224,0.0,0.5,0.5,0.11395152658224106,0.004804645380805285,-46.366773220648874,0.006793359133361976,-0.0015538990324658252,0.3234159671125163,False,False,True,0.0,340.6173377538139,307.6253175192991,307.6254534430258,1.0,6.10197268486651
A_driven_pluck_w1p000_c0p713_s0p000_b0p500,A,wave_cutoff_reference,driven_pluck,0.5,generation/test_renders/architecture_ab_v1/raw/A_driven_pluck_w1p000_c0p713_s0p000_b0p500.wav,906d35bca42cb094411d14b554f4b70ade72dc1085903a0dc07ad32ebfbae694,1.0,0.7125,0.2,0.75,0.05,0.2,0.2,0.15,0.5625,0.05,0.2,0.0,1.0,0.7124999761581421,0.20000000298023224,0.75,0.05000000074505806,0.20000000298023224,0.20000000298023224,0.15000000596046448,0.5625,0.05000000074505806,0.20000000298023224,0.0,0.5,0.5,0.14876091480255127,0.005698415064977478,-44.88491841023471,0.008057084069448986,-0.0014836216828662877,0.26035690028700137,False,False,True,0.0,606.0501913390544,695.3439432670634,695.3619656239982,1.0,5.144900005132765
A_resonant_driven_swell_w0p000_c0p438_s0p000_b0p500,A,wave_cutoff_reference,resonant_driven_swell,0.5,generation/test_renders/architecture_ab_v1/raw/A_resonant_driven_swell_w0p000_c0p438_s0p000_b0p500.wav,c593e992b1305b6a8ecf60baa55186ddfe739f32cf238be7a754e94bd75ac882,0.0,0.4375,0.75,0.75,0.35,0.4,0.8,0.45,0.5625,0.35,0.4,0.0,0.0,0.4375,0.75,0.75,0.3499999940395355,0.4000000059604645,0.800000011920929,0.44999998807907104,0.5625,0.3499999940395355,0.4000000059604645,0.0,0.5,0.5,0.17268891632556915,0.060634659370194806,-24.34558115681972,0.08320009404832024,-8.702093133778343e-08,1.435168140493569e-06,False,False,False,0.0,264.76871154161523,268.75481226990917,263.70017522625864,1.0,0.4982313102457378
A_resonant_driven_swell_w0p000_c0p713_s0p000_b0p500,A,wave_cutoff_reference,resonant_driven_swell,0.5,generation/test_renders/architecture_ab_v1/raw/A_resonant_driven_swell_w0p000_c0p713_s0p000_b0p500.wav,ba5b4593b9326b64754009a340e27933e0abbbe69af9ef8d15a145fc07b0cdae,0.0,0.7125,0.75,0.75,0.35,0.4,0.8,0.45,0.5625,0.35,0.4,0.0,0.0,0.7124999761581421,0.75,0.75,0.3499999940395355,0.4000000059604645,0.800000011920929,0.44999998807907104,0.5625,0.3499999940395355,0.4000000059604645,0.0,0.5,0.5,0.1796540915966034,0.06570643679723039,-23.647841671639156,0.08926268794676318,-1.278662498128501e-07,1.9460231911135965e-06,False,False,False,0.0,265.0973809493269,264.5531238384297,265.32906638846805,1.0,0.46439215335959827
A_resonant_driven_swell_w0p125_c0p300_s0p000_b0p500,A,wave_cutoff_reference,resonant_driven_swell,0.5,generation/test_renders/architecture_ab_v1/raw/A_resonant_driven_swell_w0p125_c0p300_s0p000_b0p500.wav,568813dcdff3bd35b40a8f1b62925ed0f0c298251a442b5cc8210c7e46e1a388,0.125,0.3,0.75,0.75,0.35,0.4,0.8,0.45,0.5625,0.35,0.4,0.0,0.125,0.30000001192092896,0.75,0.75,0.3499999940395355,0.4000000059604645,0.800000011920929,0.44999998807907104,0.5625,0.3499999940395355,0.4000000059604645,0.0,0.5,0.5,0.150704026222229,0.030057738684963344,-30.440873910500056,0.04213955910023681,-6.393058661725463e-08,2.1269260235214064e-06,False,False,False,0.0,262.6343044137891,263.1682685925159,262.0697057764716,1.0,0.9837049260923627
A_resonant_driven_swell_w0p125_c0p438_s0p000_b0p500,A,wave_cutoff_reference,resonant_driven_swell,0.5,generation/test_renders/architecture_ab_v1/raw/A_resonant_driven_swell_w0p125_c0p438_s0p000_b0p500.wav,d3fd00264c1472af7441504d174e85830f04cf7e86940f7cfb60fa69f4438439,0.125,0.4375,0.75,0.75,0.35,0.4,0.8,0.45,0.5625,0.35,0.4,0.0,0.125,0.4375,0.75,0.75,0.3499999940395355,0.4000000059604645,0.800000011920929,0.44999998807907104,0.5625,0.3499999940395355,0.4000000059604645,0.0,0.5,0.5,0.178940549492836,0.06394900425709131,-23.883324269685406,0.08784623914577867,-8.855467859541817e-08,1.3847702497353324e-06,False,False,False,0.0,266.60416401706357,275.51917090376435,265.30720048108947,1.0,0.47188009723982777
A_resonant_driven_swell_w0p125_c0p575_s0p000_b0p500,A,wave_cutoff_reference,resonant_driven_swell,0.5,generation/test_renders/architecture_ab_v1/raw/A_resonant_driven_swell_w0p125_c0p575_s0p000_b0p500.wav,23e16f08974f9d250c2ade226b0fae3a816e448ac01e35001dceec0b8d438fde,0.125,0.575,0.75,0.75,0.35,0.4,0.8,0.45,0.5625,0.35,0.4,0.0,0.125,0.574999988079071,0.75,0.75,0.3499999940395355,0.4000000059604645,0.800000011920929,0.44999998807907104,0.5625,0.3499999940395355,0.4000000059604645,0.0,0.5,0.5,0.1754927933216095,0.07586265951619749,-22.399438726214992,0.10318659928093493,-1.3425566429594337e-07,1.769719980187069e-06,False,False,False,0.0,299.48468612665823,312.1332922311483,293.9292332404829,1.0,0.401727473907769
A_resonant_driven_swell_w0p125_c0p713_s0p000_b0p500,A,wave_cutoff_reference,resonant_driven_swell,0.5,generation/test_renders/architecture_ab_v1/raw/A_resonant_driven_swell_w0p125_c0p713_s0p000_b0p500.wav,ddb4aabae563b7e8efe2f68dd95a294fa0cbee7d6a1ef810208ad9a2f61a6576,0.125,0.7125,0.75,0.75,0.35,0.4,0.8,0.45,0.5625,0.35,0.4,0.0,0.125,0.7124999761581421,0.75,0.75,0.3499999940395355,0.4000000059604645,0.800000011920929,0.44999998807907104,0.5625,0.3499999940395355,0.4000000059604645,0.0,0.5,0.5,0.17978721857070923,0.07757880092188243,-22.205138745050323,0.10535802983075536,-1.4826404657795694e-07,1.911141250136756e-06,False,False,False,0.0,307.65123516895994,301.8657938195948,309.7768324058479,1.0,0.39344786474132204
A_resonant_driven_swell_w0p125_c0p850_s0p000_b0p500,A,wave_cutoff_reference,resonant_driven_swell,0.5,generation/test_renders/architecture_ab_v1/raw/A_resonant_driven_swell_w0p125_c0p850_s0p000_b0p500.wav,571ab0ed48b88106a744867ca0a2bbdae872bcfd2bc3bc3c2b217d8466609b68,0.125,0.85,0.75,0.75,0.35,0.4,0.8,0.45,0.5625,0.35,0.4,0.0,0.125,0.8500000238418579,0.75,0.75,0.3499999940395355,0.4000000059604645,0.800000011920929,0.44999998807907104,0.5625,0.3499999940395355,0.4000000059604645,0.0,0.5,0.5,0.18584339320659637,0.0797852882427291,-21.961543632641323,0.10842455469564014,-1.5187615250281673e-07,1.903560867521931e-06,False,False,False,0.0,300.214861762309,299.47211576933614,300.4099847392978,1.0,0.3823201486658268
A_resonant_driven_swell_w0p250_c0p300_s0p000_b0p500,A,wave_cutoff_reference,resonant_driven_swell,0.5,generation/test_renders/architecture_ab_v1/raw/A_resonant_driven_swell_w0p250_c0p300_s0p000_b0p500.wav,da20cb42cf6625116270b56f617681efe95f6a0f92d7a2ff1add32d0ee5ae42e,0.25,0.3,0.75,0.75,0.35,0.4,0.8,0.45,0.5625,0.35,0.4,0.0,0.25,0.30000001192092896,0.75,0.75,0.3499999940395355,0.4000000059604645,0.800000011920929,0.44999998807907104,0.5625,0.3499999940395355,0.4000000059604645,0.0,0.5,0.5,0.13798518478870392,0.027616676596453858,-31.176571716207558,0.03876969589358133,-3.752105650925309e-06,0.0001358637647010394,False,False,False,0.0,262.266505152712,262.10235947226334,261.66876678564273,1.0,1.069208589720357
A_resonant_driven_swell_w0p250_c0p438_s0p000_b0p500,A,wave_cutoff_reference,resonant_driven_swell,0.5,generation/test_renders/architecture_ab_v1/raw/A_resonant_driven_swell_w0p250_c0p438_s0p000_b0p500.wav,8f5f01cc1611d8897b9fb61e6af63cab2a11f6f01902495669aa8340ae0a01dc,0.25,0.4375,0.75,0.75,0.35,0.4,0.8,0.45,0.5625,0.35,0.4,0.0,0.25,0.4375,0.75,0.75,0.3499999940395355,0.4000000059604645,0.800000011920929,0.44999998807907104,0.5625,0.3499999940395355,0.4000000059604645,0.0,0.5,0.5,0.16450747847557068,0.056182407959694876,-25.00799302031172,0.07687693394914986,-3.4610077929869373e-06,6.160305189250443e-05,False,False,False,0.0,264.3217253924753,272.4523312392731,263.21494791642084,1.0,0.539211044728737
A_resonant_driven_swell_w0p250_c0p575_s0p000_b0p500,A,wave_cutoff_reference,resonant_driven_swell,0.5,generation/test_renders/architecture_ab_v1/raw/A_resonant_driven_swell_w0p250_c0p575_s0p000_b0p500.wav,956959fcb726fd6054b3ca6430c1496ce02245e432b62efd85dc116e4322d48e,0.25,0.575,0.75,0.75,0.35,0.4,0.8,0.45,0.5625,0.35,0.4,0.0,0.25,0.574999988079071,0.75,0.75,0.3499999940395355,0.4000000059604645,0.800000011920929,0.44999998807907104,0.5625,0.3499999940395355,0.4000000059604645,0.0,0.5,0.5,0.17216530442237854,0.05518291443755057,-25.16390732732825,0.07487360065713747,-4.293555868846099e-06,7.78058917802363e-05,False,False,False,0.0,275.6304481347132,264.6423347660838,280.1914893088155,1.0,0.5536382851425168
A_resonant_driven_swell_w0p250_c0p713_s0p000_b0p500,A,wave_cutoff_reference,resonant_driven_swell,0.5,generation/test_renders/architecture_ab_v1/raw/A_resonant_driven_swell_w0p250_c0p713_s0p000_b0p500.wav,e808071e960cecf2ba52d12a836641697ff8dc4db2d4f9198633dcca6efb5aab,0.25,0.7125,0.75,0.75,0.35,0.4,0.8,0.45,0.5625,0.35,0.4,0.0,0.25,0.7124999761581421,0.75,0.75,0.3499999940395355,0.4000000059604645,0.800000011920929,0.44999998807907104,0.5625,0.3499999940395355,0.4000000059604645,0.0,0.5,0.5,0.1785321980714798,0.05594507613713731,-25.044762615445897,0.0760023492557104,-3.5139798940515397e-06,6.281124518336117e-05,False,False,False,0.0,263.36092009787023,263.21015559846154,263.47565702586024,1.0,0.5454159282734101
A_resonant_driven_swell_w0p250_c0p850_s0p000_b0p500,A,wave_cutoff_reference,resonant_driven_swell,0.5,generation/test_renders/architecture_ab_v1/raw/A_resonant_driven_swell_w0p250_c0p850_s0p000_b0p500.wav,7f13529e11c6cdf1bb57465b13abe8e0d64255c5132147f1800e1eb2cb825c13,0.25,0.85,0.75,0.75,0.35,0.4,0.8,0.45,0.5625,0.35,0.4,0.0,0.25,0.8500000238418579,0.75,0.75,0.3499999940395355,0.4000000059604645,0.800000011920929,0.44999998807907104,0.5625,0.3499999940395355,0.4000000059604645,0.0,0.5,0.5,0.18476969003677368,0.057436884522944195,-24.816182500380805,0.07804298818643189,-3.182423162717051e-06,5.5407308198371636e-05,False,False,False,0.0,263.3201046222169,263.4917725707195,263.2886021743243,1.0,0.5311545961212947
A_resonant_driven_swell_w0p375_c0p300_s0p000_b0p500,A,wave_cutoff_reference,resonant_driven_swell,0.5,generation/test_renders/architecture_ab_v1/raw/A_resonant_driven_swell_w0p375_c0p300_s0p000_b0p500.wav,961c476925b69de2926f49fc72e8dc2cc918bd6543179b7f1776999580513b97,0.375,0.3,0.75,0.75,0.35,0.4,0.8,0.45,0.5625,0.35,0.4,0.0,0.375,0.30000001192092896,0.75,0.75,0.3499999940395355,0.4000000059604645,0.800000011920929,0.44999998807907104,0.5625,0.3499999940395355,0.4000000059604645,0.0,0.5,0.5,0.15089714527130127,0.027836563558433915,-31.107687593676573,0.03899315693940784,-0.005100246242811018,0.18322111607291938,False,False,True,0.0,263.83211658827,263.42888198282253,263.34376511867566,1.0,1.0630811948536916
A_resonant_driven_swell_w0p375_c0p438_s0p000_b0p500,A,wave_cutoff_reference,resonant_driven_swell,0.5,generation/test_renders/architecture_ab_v1/raw/A_resonant_driven_swell_w0p375_c0p438_s0p000_b0p500.wav,15a1fe604e1083af860ab7f2b0ae125820c3114b826ffc2863881a498893cd0d,0.375,0.4375,0.75,0.75,0.35,0.4,0.8,0.45,0.5625,0.35,0.4,0.0,0.375,0.4375,0.75,0.75,0.3499999940395355,0.4000000059604645,0.800000011920929,0.44999998807907104,0.5625,0.3499999940395355,0.4000000059604645,0.0,0.5,0.5,0.16079747676849365,0.05047098137052987,-25.939165013048815,0.06861417331048496,0.0074834166451760034,0.1482716690257501,False,False,True,0.0,279.9656644345511,350.74130543810054,273.29606739785703,1.0,0.6041447396398023
A_resonant_driven_swell_w0p375_c0p575_s0p000_b0p500,A,wave_cutoff_reference,resonant_driven_swell,0.5,generation/test_renders/architecture_ab_v1/raw/A_resonant_driven_swell_w0p375_c0p575_s0p000_b0p500.wav,9ba801fff8df36f71ea78fbd3e556ee35ed7fad9e1a19859c14b4b607cfd0170,0.375,0.575,0.75,0.75,0.35,0.4,0.8,0.45,0.5625,0.35,0.4,0.0,0.375,0.574999988079071,0.75,0.75,0.3499999940395355,0.4000000059604645,0.800000011920929,0.44999998807907104,0.5625,0.3499999940395355,0.4000000059604645,0.0,0.5,0.5,0.17399010062217712,0.05144567179107126,-25.77302314546494,0.06995760234519613,0.005336689353090913,0.1037344672019062,False,False,True,0.0,372.73204305089513,398.67284806713184,368.700031571527,1.0,0.5925430615205998
A_resonant_driven_swell_w0p375_c0p713_s0p000_b0p500,A,wave_cutoff_reference,resonant_driven_swell,0.5,generation/test_renders/architecture_ab_v1/raw/A_resonant_driven_swell_w0p375_c0p713_s0p000_b0p500.wav,ba7929cad7d1adaf204a1c8c981900817adcfa40e13b151a831e628e983a45da,0.375,0.7125,0.75,0.75,0.35,0.4,0.8,0.45,0.5625,0.35,0.4,0.0,0.375,0.7124999761581421,0.75,0.75,0.3499999940395355,0.4000000059604645,0.800000011920929,0.44999998807907104,0.5625,0.3499999940395355,0.4000000059604645,0.0,0.5,0.5,0.1860281527042389,0.05436487162649443,-25.29363266288692,0.07390399474635535,0.0021705740385210893,0.03992603998835292,False,False,False,0.0,447.67985720545533,496.3442280147939,437.1490197471896,1.0,0.5609019108173107
A_resonant_driven_swell_w0p375_c0p850_s0p000_b0p500,A,wave_cutoff_reference,resonant_driven_swell,0.5,generation/test_renders/architecture_ab_v1/raw/A_resonant_driven_swell_w0p375_c0p850_s0p000_b0p500.wav,14854ea54b7039a25d4ac4c2c9e772130979fdb4df527295179a3cb7c1fd9ecd,0.375,0.85,0.75,0.75,0.35,0.4,0.8,0.45,0.5625,0.35,0.4,0.0,0.375,0.8500000238418579,0.75,0.75,0.3499999940395355,0.4000000059604645,0.800000011920929,0.44999998807907104,0.5625,0.3499999940395355,0.4000000059604645,0.0,0.5,0.5,0.24218884110450745,0.056764833457155835,-24.91841263976732,0.07714045081756522,0.0007559867989382866,0.013317872226453014,False,False,False,0.0,553.3244976231323,601.5150801620293,542.8807800500308,1.0,0.5373690642319165
A_resonant_driven_swell_w0p500_c0p438_s0p000_b0p500,A,wave_cutoff_reference,resonant_driven_swell,0.5,generation/test_renders/architecture_ab_v1/raw/A_resonant_driven_swell_w0p500_c0p438_s0p000_b0p500.wav,466c47db01b1b5816de470cb223f61c47b9c90b0a648088c2149afa165ec8e4b,0.5,0.4375,0.75,0.75,0.35,0.4,0.8,0.45,0.5625,0.35,0.4,0.0,0.5,0.4375,0.75,0.75,0.3499999940395355,0.4000000059604645,0.800000011920929,0.44999998807907104,0.5625,0.3499999940395355,0.4000000059604645,0.0,0.5,0.5,0.179671049118042,0.06509090635715523,-23.729593621806178,0.08942103405960974,-7.265131008686665e-08,1.1161514588263271e-06,False,False,False,0.0,268.24909197415303,280.7924209271335,266.74735567143733,1.0,0.4635698111322435
A_resonant_driven_swell_w0p500_c0p713_s0p000_b0p500,A,wave_cutoff_reference,resonant_driven_swell,0.5,generation/test_renders/architecture_ab_v1/raw/A_resonant_driven_swell_w0p500_c0p713_s0p000_b0p500.wav,16d4c32f7aff419461057c05b9ec9c978f42591d04b048016cf7a23a14734e14,0.5,0.7125,0.75,0.75,0.35,0.4,0.8,0.45,0.5625,0.35,0.4,0.0,0.5,0.7124999761581421,0.75,0.75,0.3499999940395355,0.4000000059604645,0.800000011920929,0.44999998807907104,0.5625,0.3499999940395355,0.4000000059604645,0.0,0.5,0.5,0.1883341372013092,0.08389971499386527,-21.524790289219048,0.11408205150266507,-1.5054566418682228e-07,1.794352509991603e-06,False,False,False,0.0,396.31642656406,437.9170674875683,386.95970094869983,1.0,0.36336032990513695
A_resonant_driven_swell_w0p625_c0p300_s0p000_b0p500,A,wave_cutoff_reference,resonant_driven_swell,0.5,generation/test_renders/architecture_ab_v1/raw/A_resonant_driven_swell_w0p625_c0p300_s0p000_b0p500.wav,bdc5b699fa91f972d201394f34484732ff7d4b1efed5b554b2d1550a11970b8a,0.625,0.3,0.75,0.75,0.35,0.4,0.8,0.45,0.5625,0.35,0.4,0.0,0.625,0.30000001192092896,0.75,0.75,0.3499999940395355,0.4000000059604645,0.800000011920929,0.44999998807907104,0.5625,0.3499999940395355,0.4000000059604645,0.0,0.5,0.5,0.15568628907203674,0.03056923955034313,-30.29430729561072,0.04285232500308813,0.00015686864249884165,0.005131584717392188,False,False,False,0.0,262.9057224452325,263.80503483460956,262.3659367529036,1.0,0.9673428890328802
A_resonant_driven_swell_w0p625_c0p438_s0p000_b0p500,A,wave_cutoff_reference,resonant_driven_swell,0.5,generation/test_renders/architecture_ab_v1/raw/A_resonant_driven_swell_w0p625_c0p438_s0p000_b0p500.wav,93c8f25214325496e5215514e19303f78810dba27eb31733d3d484294a91a9ad,0.625,0.4375,0.75,0.75,0.35,0.4,0.8,0.45,0.5625,0.35,0.4,0.0,0.625,0.4375,0.75,0.75,0.3499999940395355,0.4000000059604645,0.800000011920929,0.44999998807907104,0.5625,0.3499999940395355,0.4000000059604645,0.0,0.5,0.5,0.17973417043685913,0.06473515373899072,-23.777196325173197,0.08891375097927846,-0.00013340326716526453,0.002060754620327938,False,False,False,0.0,268.17134747436455,280.8077094569564,266.68468958632076,1.0,0.4662146339987826
A_resonant_driven_swell_w0p625_c0p575_s0p000_b0p500,A,wave_cutoff_reference,resonant_driven_swell,0.5,generation/test_renders/architecture_ab_v1/raw/A_resonant_driven_swell_w0p625_c0p575_s0p000_b0p500.wav,15d9ba3fc1673a183baebf652d36c5f1f0a8c3f6898c4e3133a93bf56a5e2890,0.625,0.575,0.75,0.75,0.35,0.4,0.8,0.45,0.5625,0.35,0.4,0.0,0.625,0.574999988079071,0.75,0.75,0.3499999940395355,0.4000000059604645,0.800000011920929,0.44999998807907104,0.5625,0.3499999940395355,0.4000000059604645,0.0,0.5,0.5,0.18246354162693024,0.077788907935425,-22.181646509015952,0.10590531483520481,-0.00014803747357683718,0.0019030666132982313,False,False,False,0.0,315.5428073963698,350.81754950367275,307.2388210486382,1.0,0.39141465123602587
A_resonant_driven_swell_w0p625_c0p713_s0p000_b0p500,A,wave_cutoff_reference,resonant_driven_swell,0.5,generation/test_renders/architecture_ab_v1/raw/A_resonant_driven_swell_w0p625_c0p713_s0p000_b0p500.wav,f6c88b9296c67999b52672a2bc6a761ff2d4f67c3ab01a4b7080bc69f65869c9,0.625,0.7125,0.75,0.75,0.35,0.4,0.8,0.45,0.5625,0.35,0.4,0.0,0.625,0.7124999761581421,0.75,0.75,0.3499999940395355,0.4000000059604645,0.800000011920929,0.44999998807907104,0.5625,0.3499999940395355,0.4000000059604645,0.0,0.5,0.5,0.18876604735851288,0.08325423134974452,-21.591873689731244,0.11320493449870378,-6.250458116637046e-05,0.000750767620492388,False,False,False,0.0,396.54349072057494,438.13426673105937,387.19040747525753,1.0,0.366175662340389
A_resonant_driven_swell_w0p625_c0p850_s0p000_b0p500,A,wave_cutoff_reference,resonant_driven_swell,0.5,generation/test_renders/architecture_ab_v1/raw/A_resonant_driven_swell_w0p625_c0p850_s0p000_b0p500.wav,1648c97280483c3b2918d26a5420a656dcc22f1c108a561647fac9fe0430daad,0.625,0.85,0.75,0.75,0.35,0.4,0.8,0.45,0.5625,0.35,0.4,0.0,0.625,0.8500000238418579,0.75,0.75,0.3499999940395355,0.4000000059604645,0.800000011920929,0.44999998807907104,0.5625,0.3499999940395355,0.4000000059604645,0.0,0.5,0.5,0.2425154596567154,0.08748029129478259,-21.16179559007574,0.11891809036769108,-3.449794879409661e-05,0.0003943510964983961,False,False,False,0.0,485.15907079553637,524.1092344228535,476.6309002446815,1.0,0.348583564889851
A_resonant_driven_swell_w0p750_c0p300_s0p000_b0p500,A,wave_cutoff_reference,resonant_driven_swell,0.5,generation/test_renders/architecture_ab_v1/raw/A_resonant_driven_swell_w0p750_c0p300_s0p000_b0p500.wav,0f0dd7bd66bdc293fb7c7ff760f0dcea6e0eb315e266902a148c3b807fe5eb3f,0.75,0.3,0.75,0.75,0.35,0.4,0.8,0.45,0.5625,0.35,0.4,0.0,0.75,0.30000001192092896,0.75,0.75,0.3499999940395355,0.4000000059604645,0.800000011920929,0.44999998807907104,0.5625,0.3499999940395355,0.4000000059604645,0.0,0.5,0.5,0.14251874387264252,0.03024943722364919,-30.385654015560668,0.04223296794784137,-0.012285929023626069,0.4061539701644716,False,False,True,0.0,265.3655503145524,269.0228193827849,265.2298351589683,1.0,0.981529214841316
A_resonant_driven_swell_w0p750_c0p438_s0p000_b0p500,A,wave_cutoff_reference,resonant_driven_swell,0.5,generation/test_renders/architecture_ab_v1/raw/A_resonant_driven_swell_w0p750_c0p438_s0p000_b0p500.wav,8bf07e1ad1f143b4c66fdb2cc8eeff6099cb9678f3ceb56800abc5d440fb612e,0.75,0.4375,0.75,0.75,0.35,0.4,0.8,0.45,0.5625,0.35,0.4,0.0,0.75,0.4375,0.75,0.75,0.3499999940395355,0.4000000059604645,0.800000011920929,0.44999998807907104,0.5625,0.3499999940395355,0.4000000059604645,0.0,0.5,0.5,0.1913367211818695,0.05058853771088387,-25.918957478550308,0.06900736983049453,-0.015577640036238346,0.3079282529426996,False,False,True,0.0,306.63140894051895,373.0569518319618,292.2439376952054,1.0,0.6007023883403403
A_resonant_driven_swell_w0p750_c0p575_s0p000_b0p500,A,wave_cutoff_reference,resonant_driven_swell,0.5,generation/test_renders/architecture_ab_v1/raw/A_resonant_driven_swell_w0p750_c0p575_s0p000_b0p500.wav,2b89f0858e7a88de22a501f3277519cedab23dda2370871e20c9808f92d360a2,0.75,0.575,0.75,0.75,0.35,0.4,0.8,0.45,0.5625,0.35,0.4,0.0,0.75,0.574999988079071,0.75,0.75,0.3499999940395355,0.4000000059604645,0.800000011920929,0.44999998807907104,0.5625,0.3499999940395355,0.4000000059604645,0.0,0.5,0.5,0.20011372864246368,0.0602094107679083,-24.406712458845963,0.0820591902951213,-0.013241620594869585,0.2199260950404017,False,False,True,0.0,421.44900244491697,463.39548615134333,412.5534590921775,1.0,0.5051584316294151
A_resonant_driven_swell_w0p750_c0p713_s0p000_b0p500,A,wave_cutoff_reference,resonant_driven_swell,0.5,generation/test_renders/architecture_ab_v1/raw/A_resonant_driven_swell_w0p750_c0p713_s0p000_b0p500.wav,6a4ee76a1585c26b42c734ed6b19a15b90df8d66aafc6929fd33f323825206a6,0.75,0.7125,0.75,0.75,0.35,0.4,0.8,0.45,0.5625,0.35,0.4,0.0,0.75,0.7124999761581421,0.75,0.75,0.3499999940395355,0.4000000059604645,0.800000011920929,0.44999998807907104,0.5625,0.3499999940395355,0.4000000059604645,0.0,0.5,0.5,0.20494753122329712,0.06519654583713766,-23.71550825824775,0.0886549369361453,-0.011949575451562307,0.1832854071964579,False,False,True,0.0,520.4077536650233,574.7139527614764,508.56036245126404,1.0,0.4675756737621968
A_resonant_driven_swell_w0p750_c0p850_s0p000_b0p500,A,wave_cutoff_reference,resonant_driven_swell,0.5,generation/test_renders/architecture_ab_v1/raw/A_resonant_driven_swell_w0p750_c0p850_s0p000_b0p500.wav,a0c10efc83f7ca0f1969b0c716378a874b1067cf6d3ad14401afe391e492b81f,0.75,0.85,0.75,0.75,0.35,0.4,0.8,0.45,0.5625,0.35,0.4,0.0,0.75,0.8500000238418579,0.75,0.75,0.3499999940395355,0.4000000059604645,0.800000011920929,0.44999998807907104,0.5625,0.3499999940395355,0.4000000059604645,0.0,0.5,0.5,0.24724751710891724,0.06789691589309596,-23.36299904783027,0.09226545218333335,-0.011602049574845038,0.1708774164810744,False,False,True,0.0,637.7897008256748,683.0083461370037,625.8226586221813,1.0,0.44927858574730073
A_resonant_driven_swell_w0p875_c0p300_s0p000_b0p500,A,wave_cutoff_reference,resonant_driven_swell,0.5,generation/test_renders/architecture_ab_v1/raw/A_resonant_driven_swell_w0p875_c0p300_s0p000_b0p500.wav,467dd9b35d93a5b47d31b4415f8b1b927c1151986d04550da1b896f316649685,0.875,0.3,0.75,0.75,0.35,0.4,0.8,0.45,0.5625,0.35,0.4,0.0,0.875,0.30000001192092896,0.75,0.75,0.3499999940395355,0.4000000059604645,0.800000011920929,0.44999998807907104,0.5625,0.3499999940395355,0.4000000059604645,0.0,0.5,0.5,0.11519776284694672,0.0227778195749689,-32.84975702909041,0.031840943015661344,-0.008494145295017116,0.37291301158393314,False,False,True,0.0,268.1782756680354,265.2560960582419,268.5213374044927,1.0,1.3018738750882506
A_resonant_driven_swell_w0p875_c0p438_s0p000_b0p500,A,wave_cutoff_reference,resonant_driven_swell,0.5,generation/test_renders/architecture_ab_v1/raw/A_resonant_driven_swell_w0p875_c0p438_s0p000_b0p500.wav,d4c61652104a9482ba249acacf3c3a25d4e56fca742441565721fce721867414,0.875,0.4375,0.75,0.75,0.35,0.4,0.8,0.45,0.5625,0.35,0.4,0.0,0.875,0.4375,0.75,0.75,0.3499999940395355,0.4000000059604645,0.800000011920929,0.44999998807907104,0.5625,0.3499999940395355,0.4000000059604645,0.0,0.5,0.5,0.1401129513978958,0.033529695914295034,-29.491407704666987,0.04537126808070342,-0.009164750094809982,0.27333233555818465,False,False,True,0.0,425.0866231461037,574.5273009650056,335.90606716994637,1.0,0.9136374984390899
A_resonant_driven_swell_w0p875_c0p575_s0p000_b0p500,A,wave_cutoff_reference,resonant_driven_swell,0.5,generation/test_renders/architecture_ab_v1/raw/A_resonant_driven_swell_w0p875_c0p575_s0p000_b0p500.wav,40926d6c54a81508288ce93df9f22b1391f85fe9c1cea1810a7c576831ad2067,0.875,0.575,0.75,0.75,0.35,0.4,0.8,0.45,0.5625,0.35,0.4,0.0,0.875,0.574999988079071,0.75,0.75,0.3499999940395355,0.4000000059604645,0.800000011920929,0.44999998807907104,0.5625,0.3499999940395355,0.4000000059604645,0.0,0.5,0.5,0.20315223932266235,0.03873275924255807,-28.238431273222773,0.05267216423007458,-0.009357364678227524,0.24158786673648625,False,False,True,0.0,762.1212616578256,954.0743639173182,730.862895776477,1.0,0.7869980752868811
A_resonant_driven_swell_w0p875_c0p713_s0p000_b0p500,A,wave_cutoff_reference,resonant_driven_swell,0.5,generation/test_renders/architecture_ab_v1/raw/A_resonant_driven_swell_w0p875_c0p713_s0p000_b0p500.wav,e511e29bb1217ae3e5103d62e3f57aa0d6027a0f5ad031fd35d7e5aee6ddb267,0.875,0.7125,0.75,0.75,0.35,0.4,0.8,0.45,0.5625,0.35,0.4,0.0,0.875,0.7124999761581421,0.75,0.75,0.3499999940395355,0.4000000059604645,0.800000011920929,0.44999998807907104,0.5625,0.3499999940395355,0.4000000059604645,0.0,0.5,0.5,0.20829680562019348,0.04303640858770857,-27.323279558923858,0.05862632930456607,-0.008328425418429916,0.19352045609141652,False,False,True,0.0,1195.666793859731,1545.3665952360268,1143.6656976116005,1.0,0.7070695430190386
A_resonant_driven_swell_w0p875_c0p850_s0p000_b0p500,A,wave_cutoff_reference,resonant_driven_swell,0.5,generation/test_renders/architecture_ab_v1/raw/A_resonant_driven_swell_w0p875_c0p850_s0p000_b0p500.wav,c9d5e4be3a21a8cd05f79116e4fae0c8f7eef9a57d145f53d784174ec30a7278,0.875,0.85,0.75,0.75,0.35,0.4,0.8,0.45,0.5625,0.35,0.4,0.0,0.875,0.8500000238418579,0.75,0.75,0.3499999940395355,0.4000000059604645,0.800000011920929,0.44999998807907104,0.5625,0.3499999940395355,0.4000000059604645,0.0,0.5,0.5,0.26133832335472107,0.04535323015701489,-26.86783552184204,0.06158919459260688,-0.007869051944041661,0.17350587635761897,False,False,True,0.0,2003.993650427542,2088.8531675395443,1913.2582891027002,1.0,0.6730546185002261
A_resonant_driven_swell_w1p000_c0p438_s0p000_b0p500,A,wave_cutoff_reference,resonant_driven_swell,0.5,generation/test_renders/architecture_ab_v1/raw/A_resonant_driven_swell_w1p000_c0p438_s0p000_b0p500.wav,54facf8e71fcc38d6d80ae548504b98c86228183abd2ac92750c409a4232fb81,1.0,0.4375,0.75,0.75,0.35,0.4,0.8,0.45,0.5625,0.35,0.4,0.0,1.0,0.4375,0.75,0.75,0.3499999940395355,0.4000000059604645,0.800000011920929,0.44999998807907104,0.5625,0.3499999940395355,0.4000000059604645,0.0,0.5,0.5,0.1401129513978958,0.033529695914295034,-29.491407704666987,0.04537126808070342,-0.009164750094809982,0.27333233555818465,False,False,True,0.0,425.0866231461037,574.5273009650056,335.90606716994637,1.0,0.9136374984390899
A_resonant_driven_swell_w1p000_c0p713_s0p000_b0p500,A,wave_cutoff_reference,resonant_driven_swell,0.5,generation/test_renders/architecture_ab_v1/raw/A_resonant_driven_swell_w1p000_c0p713_s0p000_b0p500.wav,e29af2ed1fca900e70819e9a128170717ce10ba41b09b023156b816b61803604,1.0,0.7125,0.75,0.75,0.35,0.4,0.8,0.45,0.5625,0.35,0.4,0.0,1.0,0.7124999761581421,0.75,0.75,0.3499999940395355,0.4000000059604645,0.800000011920929,0.44999998807907104,0.5625,0.3499999940395355,0.4000000059604645,0.0,0.5,0.5,0.20829680562019348,0.04303640858770857,-27.323279558923858,0.05862632930456607,-0.008328425418429916,0.19352045609141652,False,False,True,0.0,1195.666793859731,1545.3665952360268,1143.6656976116005,1.0,0.7070695430190386
