sample_id,group,method,mean,dc_to_rms,rms,peak,dc_flag,clipped,max_abs_50ms_mean,held_mean,final_50ms_peak,final_sample
A_clean_held_w0p000_c0p300_s0p000_b0p500,previous_AB,raw,-5.9712737642370685e-06,0.00035200199877250763,0.016963749595343042,0.1262189894914627,False,False,0.001547021868766411,-2.1802496490921454e-05,0.0,0.0
A_clean_held_w0p000_c0p300_s0p000_b0p500,previous_AB,subtract_clip_mean,-3.2895497025930563e-19,1.939164385739715e-17,0.016963748544392858,0.12621301821769848,False,False,0.0015410505950021031,-1.5831222726685085e-05,5.9712737642370685e-06,5.9712737642370685e-06
A_clean_held_w0p000_c0p300_s0p000_b0p500,previous_AB,highpass_10hz,-1.786640038904224e-15,1.0532165248947237e-13,0.016963653690135663,0.12484241259765229,False,False,0.0011142447418931415,-9.694627545444458e-06,1.3238667730170345e-32,-7.828752295413554e-35
A_clean_held_w0p000_c0p300_s0p000_b0p500,previous_AB,highpass_20hz,1.261139508940038e-16,7.434531677860273e-15,0.016963267675564008,0.1230717182657178,False,False,0.001181387757729286,-9.597820405234739e-06,1.8545068992901987e-55,3.796914044744598e-57
A_clean_held_w0p000_c0p300_s0p400_b0p500,previous_AB,raw,-5.965731104642212e-06,0.00028101151882124563,0.021229489558529723,0.1262189894914627,False,False,0.001547021868766411,-2.5851852233899767e-05,0.0,0.0
A_clean_held_w0p000_c0p300_s0p400_b0p500,previous_AB,subtract_clip_mean,3.5077341216425957e-19,1.6522932642681907e-17,0.02122948872031013,0.12621302376035806,False,False,0.0015410561376617414,-1.9886121129256926e-05,5.965731104642212e-06,5.965731104642212e-06
A_clean_held_w0p000_c0p300_s0p400_b0p500,previous_AB,highpass_10hz,-1.1879151395653275e-15,5.595612100191369e-14,0.021229404724546597,0.12484241259765229,False,False,0.0011161097850527152,-1.35944773602974e-05,1.3462364491146225e-32,-8.065345780916093e-35
A_clean_held_w0p000_c0p300_s0p400_b0p500,previous_AB,highpass_20hz,-7.237789774588247e-16,3.409392234207599e-14,0.021228973604060643,0.1230717182657178,False,False,0.001181387757729286,-1.3341108865163649e-05,1.85441771315002e-55,3.7954768045859324e-57
A_clean_held_w0p000_c0p300_s1p000_b0p500,previous_AB,raw,-5.954196370142345e-06,0.0001892273017099339,0.03146584196010742,0.1262189894914627,False,False,0.0015470218721981553,-3.215488832324146e-05,0.0,0.0
A_clean_held_w0p000_c0p300_s1p000_b0p500,previous_AB,subtract_clip_mean,2.7356969465442255e-19,8.694180181134423e-18,0.031465841396759155,0.12621303529509256,False,False,0.0015410676758279885,-2.6200691953098606e-05,5.954196370142345e-06,5.954196370142345e-06
A_clean_held_w0p000_c0p300_s1p000_b0p500,previous_AB,highpass_10hz,1.0785124368288334e-15,3.427574024763362e-14,0.031465766429458614,0.12484241259765229,False,False,0.0011347832594586717,-1.936342441504125e-05,1.3474484940138123e-32,-6.45706214362512e-35
A_clean_held_w0p000_c0p300_s1p000_b0p500,previous_AB,highpass_20hz,1.189063125277865e-15,3.778978265286862e-14,0.03146520148582022,0.1230717182657178,False,False,0.001181387757729286,-1.8564935972064515e-05,1.8534161664647805e-55,3.7995415214678453e-57
B_clean_held_w0p000_c0p300_s0p000_b0p250,previous_AB,raw,-0.011559742914915194,0.5217559937051732,0.022155457827758497,0.14662203192710876,True,False,0.03178016897368984,-0.02238045367709453,0.0,0.0
B_clean_held_w0p000_c0p300_s0p000_b0p250,previous_AB,subtract_clip_mean,-1.7186218854363722e-18,9.092898235705545e-17,0.018900705153476506,0.13506228901219358,False,False,0.02022042605877525,-0.01082071076217934,0.011559742914915194,0.011559742914915194
B_clean_held_w0p000_c0p300_s0p000_b0p250,previous_AB,highpass_10hz,-5.133130000673312e-15,3.3417418245850544e-13,0.01536064205471856,0.13999576334363606,False,False,0.005563388473975246,-7.629560195562138e-06,1.8009342031080984e-28,1.2179427629731932e-29
B_clean_held_w0p000_c0p300_s0p000_b0p250,previous_AB,highpass_20hz,1.4894275449332562e-16,9.719921333225558e-15,0.015323452668716089,0.13369363156324748,False,False,0.0031636282570031604,-7.882457081010638e-06,2.1496598527612894e-52,8.251274976920889e-54
B_clean_held_w0p000_c0p300_s0p000_b0p500,previous_AB,raw,-5.971257687079775e-06,0.00035200104670988586,0.01696374980384987,0.1262189745903015,False,False,0.001547024755743064,-2.1802454993270324e-05,0.0,0.0
B_clean_held_w0p000_c0p300_s0p000_b0p500,previous_AB,subtract_clip_mean,1.376240181697095e-18,8.112830493680757e-17,0.01696374875290536,0.12621300333261443,False,False,0.0015410534980560562,-1.5831197306187845e-05,5.971257687079775e-06,5.971257687079775e-06
B_clean_held_w0p000_c0p300_s0p000_b0p500,previous_AB,highpass_10hz,-1.1082962883707805e-15,6.533358290668725e-14,0.016963653898389528,0.12484238298620866,False,False,0.0011142458642927218,-9.6946251225637e-06,1.328223220327471e-32,-8.198800615708883e-35
B_clean_held_w0p000_c0p300_s0p000_b0p500,previous_AB,highpass_20hz,-2.569499161187451e-16,1.5147430192763062e-14,0.01696326788431131,0.12307170367636047,False,False,0.0011813880523967293,-9.597820650590578e-06,1.853842884349895e-55,3.7971571847149105e-57
B_clean_held_w0p000_c0p300_s0p000_b0p750,previous_AB,raw,0.011828928541025527,0.5280870802483986,0.022399579507723432,0.13268418610095978,True,False,0.03182609828552714,0.02288691559921535,0.0,0.0
B_clean_held_w0p000_c0p300_s0p000_b0p750,previous_AB,subtract_clip_mean,1.7186218854363722e-18,9.03515248802116e-17,0.01902150392829482,0.12085525755993425,False,False,0.019997169744501133,0.011057987058189825,0.011828928541025527,-0.011828928541025527
B_clean_held_w0p000_c0p300_s0p000_b0p750,previous_AB,highpass_10hz,-9.552332050407886e-16,6.233304292568197e-14,0.01532466826911832,0.12631012882117246,False,False,0.005523997198054588,-5.5167484172805405e-06,1.8455301198487378e-28,-1.2482228505604419e-29
B_clean_held_w0p000_c0p300_s0p000_b0p750,previous_AB,highpass_20hz,-9.43797404384644e-16,6.173251376395143e-14,0.015288497856955446,0.12111164918546664,False,False,0.0030718129824164344,-5.143951532745741e-06,2.201300029174217e-52,-8.451227649301961e-54
A_clean_held_w0p000_c0p575_s0p000_b0p500,previous_AB,raw,-1.41195122751911e-05,0.00023742493062427303,0.059469375174990985,0.1786351054906845,False,False,0.002665687421482072,4.61176437199392e-06,0.0,0.0
A_clean_held_w0p000_c0p575_s0p000_b0p500,previous_AB,subtract_clip_mean,-5.475589747300942e-18,9.207411185202372e-17,0.059469373498828845,0.1786209859784093,False,False,0.002651567909206923,1.8731276647173977e-05,1.41195122751911e-05,1.41195122751911e-05
A_clean_held_w0p000_c0p575_s0p000_b0p500,previous_AB,highpass_10hz,9.056130331238684e-15,1.5228269867092826e-13,0.059469200442844254,0.1809855808353458,False,False,0.0031125735355702665,3.443152271472521e-05,3.9789948448829676e-32,-4.3850361673559855e-35
A_clean_held_w0p000_c0p575_s0p000_b0p500,previous_AB,highpass_20hz,1.511689069043049e-15,2.5420154365428358e-14,0.059468130968510564,0.18351552610128966,False,False,0.0028799020824185474,3.6048175400161115e-05,5.524456271265082e-55,-1.3835001190039964e-56
A_clean_held_w0p000_c0p575_s0p400_b0p500,previous_AB,raw,-1.4131279182831056e-05,0.00023900482280731828,0.05912549804161675,0.1786351054906845,False,False,0.002665687421482072,6.304889829409398e-06,0.0,0.0
A_clean_held_w0p000_c0p575_s0p400_b0p500,previous_AB,subtract_clip_mean,-3.2198985226657034e-18,5.445871445116515e-17,0.05912549635289478,0.17862097421150167,False,False,0.00265155614229911,2.0436169012234386e-05,1.4131279182831056e-05,1.4131279182831056e-05
A_clean_held_w0p000_c0p575_s0p400_b0p500,previous_AB,highpass_10hz,3.538471271261621e-15,5.984696724842423e-14,0.05912532303555931,0.1809855808353458,False,False,0.0031149420022166534,3.5987762022367264e-05,3.980480708843462e-32,-8.791729443073806e-35
A_clean_held_w0p000_c0p575_s0p400_b0p500,previous_AB,highpass_20hz,1.0524209369938786e-15,1.7800154530899847e-14,0.059124258453315565,0.18351552610128966,False,False,0.002882182955921953,3.747761794915727e-05,5.525259975581988e-55,-1.383668667149905e-56
A_clean_held_w0p000_c0p575_s1p000_b0p500,previous_AB,raw,-1.4140865108699065e-05,0.00024060932916205278,0.05877105911872208,0.1786351054906845,False,False,0.002665687421482072,8.074826951947363e-06,0.0,0.0
A_clean_held_w0p000_c0p575_s1p000_b0p500,previous_AB,subtract_clip_mean,-4.884813474182189e-18,8.311597049344268e-17,0.05877105741751002,0.1786209646255758,False,False,0.0026515465563732776,2.2215692060636676e-05,1.4140865108699065e-05,1.4140865108699065e-05
A_clean_held_w0p000_c0p575_s1p000_b0p500,previous_AB,highpass_10hz,4.775006291099611e-15,8.124782171833302e-14,0.05877088382324178,0.1809855808353458,False,False,0.0031184665480576816,3.7595446511158405e-05,3.9889943748069267e-32,-1.3384810229116835e-34
A_clean_held_w0p000_c0p575_s1p000_b0p500,previous_AB,highpass_20hz,6.430734000232426e-16,1.0942237925375552e-14,0.058769824272594716,0.18351552610128966,False,False,0.002885577816488104,3.8937683155573334e-05,5.5268952697350306e-55,-1.3838417569559798e-56
B_clean_held_w0p000_c0p575_s0p000_b0p250,previous_AB,raw,-0.01207294195455002,0.2086592234996971,0.05785961316283508,0.17931851744651794,True,False,0.034706828447983784,-0.023362228988070662,0.0,0.0
B_clean_held_w0p000_c0p575_s0p000_b0p250,previous_AB,subtract_clip_mean,-3.4372437708727445e-18,6.074368016640253e-17,0.05658603103165112,0.1778880569295256,False,False,0.022633886493433987,-0.011289287033520654,0.01207294195455002,0.01207294195455002
B_clean_held_w0p000_c0p575_s0p000_b0p250,previous_AB,highpass_10hz,4.70873151505705e-15,8.498768378689713e-14,0.05540486933217272,0.203313937081375,False,False,0.0072110053455746925,7.93164106697246e-06,1.877656941130809e-28,1.2698405897642293e-29
B_clean_held_w0p000_c0p575_s0p000_b0p250,previous_AB,highpass_20hz,4.5222763553550786e-15,8.164076163070649e-14,0.05539238322899444,0.20763760150569133,False,False,0.005010128281413906,1.0288851908213485e-05,2.239849842697802e-52,8.597721755284072e-54
B_clean_held_w0p000_c0p575_s0p000_b0p500,previous_AB,raw,-1.4119455651920174e-05,0.0002374239784366442,0.05946937518649956,0.1786351054906845,False,False,0.002665688515696127,4.611878277911249e-06,0.0,0.0
B_clean_held_w0p000_c0p575_s0p000_b0p500,previous_AB,subtract_clip_mean,-1.8763860038260395e-18,3.1552140086013306e-17,0.059469373510350865,0.1786209860350326,False,False,0.0026515690600442876,1.8731333929827597e-05,1.4119455651920174e-05,1.4119455651920174e-05
B_clean_held_w0p000_c0p575_s0p000_b0p500,previous_AB,highpass_10hz,1.1697439019760393e-14,1.966974321233998e-13,0.05946920045413662,0.18098561300650454,False,False,0.003112574184803035,3.4431520702661215e-05,3.979732410208921e-32,-4.2778303227940874e-35
B_clean_held_w0p000_c0p575_s0p000_b0p500,previous_AB,highpass_20hz,1.2885250102141252e-15,2.166748792989491e-14,0.059468130979610734,0.1835155451725346,False,False,0.0028799026834358077,3.6048180456764655e-05,5.524159801745091e-55,-1.3834786297465938e-56
B_clean_held_w0p000_c0p575_s0p000_b0p750,previous_AB,raw,0.011998186095739577,0.20806987472862218,0.057664215501587464,0.18342934548854828,True,False,0.03390346185761967,0.02325759352001619,0.0,0.0
B_clean_held_w0p000_c0p575_s0p000_b0p750,previous_AB,subtract_clip_mean,5.155865656309117e-18,9.141253345116296e-17,0.05640217442462233,0.17281007228710768,False,False,0.02190527576188093,0.011259407424276625,0.011998186095739577,-0.011998186095739577
B_clean_held_w0p000_c0p575_s0p000_b0p750,previous_AB,highpass_10hz,-9.976355007072132e-15,1.8063432671648058e-13,0.05522956344134294,0.197998308058497,False,False,0.006653885620677784,3.6178912967631363e-05,1.8707706119401962e-28,-1.26487620840162e-29
B_clean_held_w0p000_c0p575_s0p000_b0p750,previous_AB,highpass_20hz,-4.62856426571693e-15,8.382256849795866e-14,0.055218592661350506,0.1966150179130344,False,False,0.004462228179021419,3.6174932205801345e-05,2.2369369104042823e-52,-8.58197731707285e-54
A_clean_held_w0p000_c0p850_s0p000_b0p500,previous_AB,raw,-1.5141417863581176e-05,0.00025981351768817663,0.05827802186087032,0.18200625479221344,False,False,0.002593365264542456,9.762182756579165e-06,0.0,0.0
A_clean_held_w0p000_c0p850_s0p000_b0p500,previous_AB,subtract_clip_mean,6.047065091042236e-18,1.0376236361584787e-16,0.05827801989389777,0.18199111337434987,False,False,0.0025782238466789268,2.4903600620172475e-05,1.5141417863581176e-05,1.5141417863581176e-05
A_clean_held_w0p000_c0p850_s0p000_b0p500,previous_AB,highpass_10hz,5.047820731995785e-15,8.66164845168551e-14,0.05827782967817755,0.18159597949027378,False,False,0.0026585457524499674,4.089702647111532e-05,5.061241313344404e-32,1.0947693188054253e-34
A_clean_held_w0p000_c0p850_s0p000_b0p500,previous_AB,highpass_20hz,3.4429836994354327e-15,5.907987411694517e-14,0.05827676092572992,0.18441822347585823,False,False,0.002387318741381525,4.188916046574232e-05,6.997130389527826e-55,-1.6228992076018036e-56
A_clean_held_w0p000_c0p850_s0p400_b0p500,previous_AB,raw,-1.514236517223074e-05,0.00025975843815386314,0.05829402609535801,0.18200625479221344,False,False,0.002593365264542456,9.92169610904869e-06,0.0,0.0
A_clean_held_w0p000_c0p850_s0p400_b0p500,previous_AB,subtract_clip_mean,-2.138207306685487e-18,3.6679699825930086e-17,0.05829402412867942,0.18199111242704122,False,False,0.002578222899370128,2.5064061281275108e-05,1.514236517223074e-05,1.514236517223074e-05
A_clean_held_w0p000_c0p850_s0p400_b0p500,previous_AB,highpass_10hz,1.7881387980289254e-15,3.067457872336238e-14,0.058293833931842814,0.18159597949027378,False,False,0.0026589848332861203,4.1039767191975284e-05,5.061733699371758e-32,1.0463297803820747e-34
A_clean_held_w0p000_c0p850_s0p400_b0p500,previous_AB,highpass_20hz,1.8289157876075996e-15,3.137466182360184e-14,0.05829276496716797,0.18441822347585823,False,False,0.0023877402667695996,4.2017001189636064e-05,6.997256435806482e-55,-1.622912815712301e-56
A_clean_held_w0p000_c0p850_s1p000_b0p500,previous_AB,raw,-1.5143069085952346e-05,0.0002596528478400374,0.05832044289874855,0.18200625479221344,False,False,0.002593365264542456,1.011758310455368e-05,0.0,0.0
A_clean_held_w0p000_c0p850_s1p000_b0p500,previous_AB,subtract_clip_mean,2.693738404419314e-18,4.6188580904664325e-17,0.05832044093277801,0.18199111172312749,False,False,0.002578222195456583,2.5260652190511326e-05,1.5143069085952346e-05,1.5143069085952346e-05
A_clean_held_w0p000_c0p850_s1p000_b0p500,previous_AB,highpass_10hz,-5.1496255819243e-15,8.829909875592597e-14,0.058320250766757634,0.18159597949027378,False,False,0.002659640315852118,4.1215023262561444e-05,5.061585443929825e-32,9.89371652992743e-35
A_clean_held_w0p000_c0p850_s1p000_b0p500,previous_AB,highpass_20hz,-7.010097549893203e-16,1.2020226237278729e-14,0.058319181448952706,0.18441822347585823,False,False,0.0023883695429039423,4.217439133584799e-05,6.997573806900107e-55,-1.6229391667255832e-56
B_clean_held_w0p000_c0p850_s0p000_b0p250,previous_AB,raw,-0.01197414162323053,0.21106468590281757,0.056732094106656444,0.17636141180992126,True,False,0.033903236194668694,-0.02315693076267074,0.0,0.0
B_clean_held_w0p000_c0p850_s0p000_b0p250,previous_AB,subtract_clip_mean,-3.4372437708727445e-18,6.198365054982966e-17,0.05545403893417811,0.18833555343315178,False,False,0.021929094571438938,-0.011182789139440218,0.01197414162323053,0.01197414162323053
B_clean_held_w0p000_c0p850_s0p000_b0p250,previous_AB,highpass_10hz,-6.260636587970563e-15,1.1536428903385203e-13,0.054268410444877506,0.19962451457792582,False,False,0.0066936458584956286,2.2171989964741542e-05,1.8607807029043255e-28,1.2585399680420758e-29
B_clean_held_w0p000_c0p850_s0p000_b0p250,previous_AB,highpass_20hz,5.0671652982570545e-17,9.339331701920947e-16,0.054256187273173107,0.20927795336959362,False,False,0.004525458095482126,2.4215779896283683e-05,2.2182889426984565e-52,8.516563777151875e-54
B_clean_held_w0p000_c0p850_s0p000_b0p500,previous_AB,raw,-1.5141422751892993e-05,0.00025981360239615045,0.05827802167496268,0.18200619518756866,False,False,0.0025933650342493232,9.762190450261577e-06,0.0,0.0
B_clean_held_w0p000_c0p850_s0p000_b0p500,previous_AB,subtract_clip_mean,6.1511222755120165e-18,1.0554789449492585e-16,0.058278019707988855,0.18199105376481678,False,False,0.002578223611497353,2.4903613202166912e-05,1.5141422751892993e-05,1.5141422751892993e-05
B_clean_held_w0p000_c0p850_s0p000_b0p500,previous_AB,highpass_10hz,-3.630088587162208e-15,6.228935804191999e-14,0.05827782949246646,0.181595962093785,False,False,0.002658544971173701,4.089702583292598e-05,5.06226595045765e-32,1.1047411264349653e-34
B_clean_held_w0p000_c0p850_s0p000_b0p500,previous_AB,highpass_20hz,1.787893760142916e-15,3.067936064791126e-14,0.05827676074027446,0.18441821886048457,False,False,0.0023873183286636543,4.188915987189147e-05,6.996976809760914e-55,-1.622843429407046e-56
B_clean_held_w0p000_c0p850_s0p000_b0p750,previous_AB,raw,0.011952193786110848,0.21071205936352255,0.056722874913821636,0.18419751524925232,True,False,0.03393801783819823,0.023169974154847228,0.0,0.0
B_clean_held_w0p000_c0p850_s0p000_b0p750,previous_AB,subtract_clip_mean,-1.7186218854363722e-18,3.099445011930003e-17,0.05544934266687306,0.18670532326838013,False,False,0.021985824052087873,0.011217780368736375,0.011952193786110848,-0.011952193786110848
B_clean_held_w0p000_c0p850_s0p000_b0p750,previous_AB,highpass_10hz,2.451755100276525e-16,4.5180468847429046e-15,0.05426581801432633,0.19870960362352005,False,False,0.006598124913845778,3.604211996351472e-05,1.8614068088207247e-28,-1.2585389358352849e-29
B_clean_held_w0p000_c0p850_s0p000_b0p750,previous_AB,highpass_20hz,4.829314071342726e-15,8.901313182390511e-14,0.054253950764214985,0.2092018241819973,False,False,0.004297400461918663,3.5491034857909795e-05,2.2255706473703456e-52,-8.538263719198494e-54
A_clean_held_w0p500_c0p300_s0p000_b0p500,previous_AB,raw,-5.266513262297004e-06,0.0002516580501136042,0.020927259270742897,0.16004911065101624,False,False,0.001758169010010983,-2.2787346182004677e-05,0.0,0.0
A_clean_held_w0p500_c0p300_s0p000_b0p500,previous_AB,subtract_clip_mean,-2.718913529694261e-19,1.2992210688535876e-17,0.020927258608062656,0.16004384413775394,False,False,0.0017529024967486392,-1.752083291970825e-05,5.266513262297004e-06,5.266513262297004e-06
A_clean_held_w0p500_c0p300_s0p000_b0p500,previous_AB,highpass_10hz,-1.7555269407477594e-15,8.388739783585571e-14,0.020927183176939604,0.15874299986235518,False,False,0.0013682423868910107,-1.2021453587254368e-05,1.6504845049542944e-32,-1.084378814312054e-34
A_clean_held_w0p500_c0p300_s0p000_b0p500,previous_AB,highpass_20hz,6.209612483234143e-17,2.967308855370225e-15,0.02092674805993319,0.15674657207735168,False,False,0.0014304486521500117,-1.1876556457324705e-05,2.300105229660307e-55,4.685358602396893e-57
A_clean_held_w0p500_c0p300_s0p400_b0p500,previous_AB,raw,-5.265938959518425e-06,0.0002012562285718619,0.026165346518148298,0.16004911065101624,False,False,0.001758169010010983,-2.7603071916885224e-05,0.0,0.0
A_clean_held_w0p500_c0p300_s0p400_b0p500,previous_AB,subtract_clip_mean,2.551079361194615e-19,9.749839969020609e-18,0.026165345988246783,0.1600438447120567,False,False,0.0017529030710514355,-2.233713295736638e-05,5.265938959518425e-06,5.265938959518425e-06
A_clean_held_w0p500_c0p300_s0p400_b0p500,previous_AB,highpass_10hz,6.17785490187064e-15,2.3610891764273067e-13,0.02616527560055436,0.15874299986235518,False,False,0.0013682423868910107,-1.6630640108819294e-05,1.6492926122760178e-32,-8.302066243753853e-35
A_clean_held_w0p500_c0p300_s0p400_b0p500,previous_AB,highpass_20hz,2.994732202206579e-16,1.1445662967795857e-14,0.026164777091835754,0.15674657207735168,False,False,0.0014304486521500117,-1.6278905601627873e-05,2.3028053389665384e-55,4.6997981324997763e-57
A_clean_held_w0p500_c0p300_s1p000_b0p500,previous_AB,raw,-5.2600285089710006e-06,0.00013662675649567404,0.038499256250275886,0.16004911065101624,False,False,0.001758169010010983,-3.472232121658395e-05,0.0,0.0
A_clean_held_w0p500_c0p300_s1p000_b0p500,previous_AB,subtract_clip_mean,1.5541444003067194e-18,4.0368167237025237e-17,0.03849925589094556,0.16004385062250726,False,False,0.0017529089815021255,-2.9462292707609958e-05,5.2600285089710006e-06,5.2600285089710006e-06
A_clean_held_w0p500_c0p300_s1p000_b0p500,previous_AB,highpass_10hz,-7.511072472814536e-15,1.9509691650364742e-13,0.03849918598110757,0.15874299986235518,False,False,0.0013682423868910107,-2.308577808418481e-05,1.6693803046616854e-32,-8.055323133477971e-35
A_clean_held_w0p500_c0p300_s1p000_b0p500,previous_AB,highpass_20hz,-5.971673982552195e-16,1.551143920837776e-14,0.0384985164969533,0.15674657207735168,False,False,0.0014304486521500117,-2.206282615048195e-05,2.3067781395279924e-55,4.700066998613679e-57
B_clean_held_w0p500_c0p300_s0p000_b0p250,previous_AB,raw,-0.020130797317460862,0.6041775385126223,0.033319340813329976,0.18680952489376068,True,False,0.055992469917833666,-0.03897541121067717,0.0,0.0
B_clean_held_w0p500_c0p300_s0p000_b0p250,previous_AB,subtract_clip_mean,-3.4372437708727445e-18,1.2946056547422897e-16,0.02655050793484274,0.1666787275762998,False,False,0.03586167260037136,-0.01884461389321631,0.020130797317460862,0.020130797317460862
B_clean_held_w0p500_c0p300_s0p000_b0p250,previous_AB,highpass_10hz,-5.722711294512348e-15,3.120163517126638e-13,0.018341062136969025,0.1729773083192348,False,False,0.009649663138649005,-1.0356064303571213e-05,3.127857900581663e-28,2.1153234989343308e-29
B_clean_held_w0p500_c0p300_s0p000_b0p250,previous_AB,highpass_20hz,8.240128995701831e-16,4.5165865861084786e-14,0.018244151503805404,0.15987130137369152,False,False,0.005294237310886194,-1.0573692561443048e-05,3.734298653076885e-52,1.4331714715743532e-53
B_clean_held_w0p500_c0p300_s0p000_b0p500,previous_AB,raw,-5.266752324309885e-06,0.0002516694765858412,0.020927259021470822,0.16004908084869385,False,False,0.0017581717634853628,-2.2787739580828353e-05,0.0,0.0
B_clean_held_w0p500_c0p300_s0p000_b0p500,previous_AB,subtract_clip_mean,1.2386161635273855e-18,5.918673828627252e-17,0.020927258358730407,0.16004381409636953,False,False,0.0017529050111609874,-1.7520987256516008e-05,5.266752324309885e-06,5.266752324309885e-06
B_clean_held_w0p500_c0p300_s0p000_b0p500,previous_AB,highpass_10hz,2.1901964578907794e-15,1.0465796880033958e-13,0.020927182927361312,0.15874297617486147,False,False,0.001368242204708428,-1.2021488595717366e-05,1.64487209576682e-32,-1.0991342402438775e-34
B_clean_held_w0p500_c0p300_s0p000_b0p500,previous_AB,highpass_20hz,-1.4067608252387556e-16,6.72230983023811e-15,0.02092674781086261,0.15674655385952976,False,False,0.001430447943218991,-1.1876556695393108e-05,2.2966522130283752e-55,4.6844774621269774e-57
B_clean_held_w0p500_c0p300_s0p000_b0p750,previous_AB,raw,0.020090824602492032,0.6044483338904805,0.03323828270512244,0.18178489804267883,True,False,0.05560587696823352,0.038878549100442264,0.0,0.0
B_clean_held_w0p500_c0p300_s0p000_b0p750,previous_AB,subtract_clip_mean,3.4372437708727445e-18,1.2980973964137095e-16,0.02647908993862029,0.1616940734401868,False,False,0.03551505236574239,0.01878772449795024,0.020090824602492032,-0.020090824602492032
B_clean_held_w0p500_c0p300_s0p000_b0p750,previous_AB,highpass_10hz,2.4056451799937747e-15,1.3164028713281544e-13,0.018274384175162535,0.16525726655927092,False,False,0.009527272870627601,-8.123710248229101e-06,3.1230865805990493e-28,-2.1122798085610004e-29
B_clean_held_w0p500_c0p300_s0p000_b0p750,previous_AB,highpass_20hz,-1.404209745877561e-16,7.723613771418894e-15,0.01818073491807444,0.15111916218015384,False,False,0.005152262222912472,-7.717632063272639e-06,3.726570258557766e-52,-1.4304424779914152e-53
A_clean_held_w0p500_c0p575_s0p000_b0p500,previous_AB,raw,-1.666402690940261e-05,0.00021383180287574177,0.07793053552041611,0.20259137451648712,False,False,0.003593953662402274,7.058775044242439e-07,0.0,0.0
A_clean_held_w0p500_c0p575_s0p000_b0p500,previous_AB,subtract_clip_mean,-3.8266190417919226e-18,4.9102949231930724e-17,0.07793053373876664,0.20257471048957773,False,False,0.003577289635492857,1.7369904413819175e-05,1.666402690940261e-05,1.666402690940261e-05
A_clean_held_w0p500_c0p575_s0p000_b0p500,previous_AB,highpass_10hz,-7.927175335067282e-15,1.0172129602166526e-13,0.07793034148305485,0.2052446013182117,False,False,0.0036313403026899524,3.6144236909020245e-05,4.618764606930684e-32,-1.1523191357275947e-34
A_clean_held_w0p500_c0p575_s0p000_b0p500,previous_AB,highpass_20hz,-5.425946078600432e-15,6.962671579177698e-14,0.07792908249222985,0.20831223892152542,False,False,0.0033972856014492315,3.8291247883063214e-05,6.434325251635921e-55,-1.6404212079907506e-56
A_clean_held_w0p500_c0p575_s0p400_b0p500,previous_AB,raw,-1.668620376064816e-05,0.00021271931866039147,0.07844235241881276,0.20259137451648712,False,False,0.003593953662402274,3.375094875814032e-06,0.0,0.0
A_clean_held_w0p500_c0p575_s0p400_b0p500,previous_AB,subtract_clip_mean,-4.268022904945991e-18,5.440967627693644e-17,0.07844235064407379,0.2025746883127265,False,False,0.0035772674586415703,2.0061298636453616e-05,1.668620376064816e-05,1.668620376064816e-05
A_clean_held_w0p500_c0p575_s0p400_b0p500,previous_AB,highpass_10hz,9.168631252725682e-15,1.168839720194043e-13,0.07844216015523127,0.2052446013182117,False,False,0.0036341086375559065,3.866627506476056e-05,4.61335844014241e-32,-1.9387189205427754e-34
A_clean_held_w0p500_c0p575_s0p400_b0p500,previous_AB,highpass_20hz,-2.0114220191174842e-15,2.564251026775e-14,0.07844091698179814,0.20831223892152542,False,False,0.003399796205839559,4.067607721031696e-05,6.436186101789941e-55,-1.6407786619354217e-56
A_clean_held_w0p500_c0p575_s1p000_b0p500,previous_AB,raw,-1.6705233993224055e-05,0.0002113697213271607,0.07903324037300255,0.20259137451648712,False,False,0.003593953662402274,6.650508693628882e-06,0.0,0.0
A_clean_held_w0p500_c0p575_s1p000_b0p500,previous_AB,subtract_clip_mean,-2.388280217749959e-18,3.0218680897165583e-17,0.07903323860751221,0.2025746692824939,False,False,0.0035772484284089415,2.335574268684834e-05,1.6705233993224055e-05,1.6705233993224055e-05
A_clean_held_w0p500_c0p575_s1p000_b0p500,previous_AB,highpass_10hz,-9.317696526162012e-15,1.1789620314017818e-13,0.07903305007272628,0.2052446013182117,False,False,0.0036382520407288554,4.1753524922879826e-05,4.6268824922579175e-32,-2.611405411005527e-34
A_clean_held_w0p500_c0p575_s1p000_b0p500,previous_AB,highpass_20hz,-3.0909548876907956e-15,3.9110256209808874e-14,0.07903182405937761,0.20831223892152542,False,False,0.0034035570570423736,4.3591353437908074e-05,6.436937169007305e-55,-1.6410240425939178e-56
B_clean_held_w0p500_c0p575_s0p000_b0p250,previous_AB,raw,-0.020284780269524034,0.26007323511970876,0.07799641612558547,0.2001216858625412,True,False,0.05672987216094703,-0.039249417549604385,0.0,0.0
B_clean_held_w0p500_c0p575_s0p000_b0p250,previous_AB,subtract_clip_mean,5.155865656309117e-18,6.845965134309499e-17,0.07531247318905826,0.2148538464364018,False,False,0.03644509189142232,-0.018964637280080347,0.020284780269524034,0.020284780269524034
B_clean_held_w0p500_c0p575_s0p000_b0p250,previous_AB,highpass_10hz,2.7573742294238357e-14,3.7880816082067556e-13,0.07279078210591013,0.25301318901444436,False,False,0.011081350985199656,1.5576189444611597e-05,3.154659607960086e-28,2.1335136655165515e-29
B_clean_held_w0p500_c0p575_s0p000_b0p250,previous_AB,highpass_20hz,-1.2157655414861588e-16,1.6707814897038514e-15,0.07276628026934001,0.2580273058592138,False,False,0.007253770462621889,1.841240007863949e-05,3.763466755592859e-52,1.4445073609384862e-53
B_clean_held_w0p500_c0p575_s0p000_b0p500,previous_AB,raw,-1.6664021006380187e-05,0.0002138317282413601,0.07793053511483976,0.20259134471416473,False,False,0.0035939505517753054,7.058672314341058e-07,0.0,0.0
B_clean_held_w0p500_c0p575_s0p000_b0p500,previous_AB,subtract_clip_mean,5.05013013015434e-18,6.480297149465843e-17,0.07793053333319154,0.20257468069315834,False,False,0.003577286530768925,1.7369888237824553e-05,1.6664021006380187e-05,1.6664021006380187e-05
B_clean_held_w0p500_c0p575_s0p000_b0p500,previous_AB,highpass_10hz,-1.1134905880516762e-14,1.428828069597344e-13,0.07793034107773844,0.20524460074656659,False,False,0.0036313390881160964,3.614419485274242e-05,4.6194410800541984e-32,-1.1733109931018712e-34
B_clean_held_w0p500_c0p575_s0p000_b0p500,previous_AB,highpass_20hz,-4.560673666217138e-15,5.852338490462859e-14,0.07792908208657692,0.20831217878677716,False,False,0.003397284208028721,3.829122330803797e-05,6.434066097750598e-55,-1.6402962978072211e-56
B_clean_held_w0p500_c0p575_s0p000_b0p750,previous_AB,raw,0.02021536315663016,0.25924537658670344,0.07797771911226052,0.20072801411151886,True,False,0.0563765168866254,0.039164531593581305,0.0,0.0
B_clean_held_w0p500_c0p575_s0p000_b0p750,previous_AB,subtract_clip_mean,-8.593109427181862e-18,1.1410047349488883e-16,0.07531177710289513,0.2149704703210131,False,False,0.036161153729996155,0.018949168436951127,0.02021536315663016,-0.02021536315663016
B_clean_held_w0p500_c0p575_s0p000_b0p750,previous_AB,highpass_10hz,-9.406615068633125e-15,1.2920372148466546e-13,0.07280452111241663,0.25207756973237405,False,False,0.010928391158003765,3.911057698291591e-05,3.1484530887056323e-28,-2.1289502918293734e-29
B_clean_held_w0p500_c0p575_s0p000_b0p750,previous_AB,highpass_20hz,-5.709235049952669e-15,7.844421525374808e-14,0.0727808294274431,0.2573097240020828,False,False,0.00702725670117653,3.9928168771602536e-05,3.763076936357614e-52,-1.4437866742065738e-53
A_clean_held_w0p500_c0p850_s0p000_b0p500,previous_AB,raw,-1.8304684003402573e-05,0.00022582661369738842,0.08105636312614228,0.20072312653064728,False,False,0.0032286001554668944,1.1653310332853589e-05,0.0,0.0
A_clean_held_w0p500_c0p850_s0p000_b0p500,previous_AB,subtract_clip_mean,8.022473254283066e-18,9.897401202619891e-17,0.08105636105929986,0.20074143121465068,False,False,0.0032102954714636105,2.995799433627185e-05,1.8304684003402573e-05,1.8304684003402573e-05
A_clean_held_w0p500_c0p850_s0p000_b0p500,previous_AB,highpass_10hz,1.2702089317374218e-14,1.5670727575051031e-13,0.0810561555393056,0.21006256475212653,False,False,0.0033429084402217305,4.944566542244665e-05,6.313044853723658e-32,9.272181114227867e-35
A_clean_held_w0p500_c0p850_s0p000_b0p500,previous_AB,highpass_20hz,-9.614044674165208e-16,1.186114514077583e-14,0.08105494503321084,0.21853377972589225,False,False,0.003078188421813844,5.0825714519447836e-05,8.729977326622308e-55,-2.0342921585161633e-56
A_clean_held_w0p500_c0p850_s0p400_b0p500,previous_AB,raw,-1.83061046014273e-05,0.00022557666775031848,0.08115247371988654,0.20072312653064728,False,False,0.0032286001554668944,1.204051695160356e-05,0.0,0.0
A_clean_held_w0p500_c0p850_s0p400_b0p500,previous_AB,subtract_clip_mean,-3.964243059961632e-18,4.8849320040506855e-17,0.08115247165517148,0.2007414326352487,False,False,0.003210294050865492,3.034662155302312e-05,1.83061046014273e-05,1.83061046014273e-05
A_clean_held_w0p500_c0p850_s0p400_b0p500,previous_AB,highpass_10hz,1.0175745355933081e-14,1.2539077240883495e-13,0.08115226631474283,0.21006256475212653,False,False,0.0033434343089927187,4.98097013322771e-05,6.314508400917992e-32,8.662299816622089e-35
A_clean_held_w0p500_c0p850_s0p400_b0p500,previous_AB,highpass_20hz,-2.5423922646330734e-15,3.1329133362045966e-14,0.08115105627891653,0.21853377972589225,False,False,0.003078695354246471,5.116884634746145e-05,8.729777890177254e-55,-2.0342604011766365e-56
A_clean_held_w0p500_c0p850_s1p000_b0p500,previous_AB,raw,-1.8307271620158978e-05,0.00022524757620538818,0.08127622027535517,0.20072312653064728,False,False,0.0032286001554668944,1.2515163782996964e-05,0.0,0.0
A_clean_held_w0p500_c0p850_s1p000_b0p500,previous_AB,subtract_clip_mean,-5.9547562983674305e-18,7.326566650436026e-17,0.08127621821352086,0.20074143380226744,False,False,0.0032102928838466634,3.082243540314419e-05,1.8307271620158978e-05,1.8307271620158978e-05
A_clean_held_w0p500_c0p850_s1p000_b0p500,previous_AB,highpass_10hz,2.7466699444807324e-15,3.379434891175186e-14,0.08127601308885073,0.21006256475212653,False,False,0.003344219160995913,5.025588560469752e-05,6.313253561937661e-32,7.752215055937554e-35
A_clean_held_w0p500_c0p850_s1p000_b0p500,previous_AB,highpass_20hz,-8.704245856878956e-15,1.0709648610694083e-13,0.08127480343460906,0.21853377972589225,False,False,0.00307945199418101,5.1589892092069897e-05,8.72999660730823e-55,-2.0343094466449392e-56
B_clean_held_w0p500_c0p850_s0p000_b0p250,previous_AB,raw,-0.020386101207698466,0.25147260458147386,0.08106688695425522,0.20045726001262665,True,False,0.05662675039047352,-0.03942693916429876,0.0,0.0
B_clean_held_w0p500_c0p850_s0p000_b0p250,previous_AB,subtract_clip_mean,-3.4372437708727445e-18,4.380788779980468e-17,0.07846175525696242,0.22074028988834726,False,False,0.03624064918277603,-0.019040837956600304,0.020386101207698466,0.020386101207698466
B_clean_held_w0p500_c0p850_s0p000_b0p250,previous_AB,highpass_10hz,-1.913268737193016e-14,2.51677915636103e-13,0.07602052537495503,0.26201339189227263,False,False,0.010829025772550013,3.382996123634176e-05,3.169479197931349e-28,2.1436892810098704e-29
B_clean_held_w0p500_c0p850_s0p000_b0p250,previous_AB,highpass_20hz,-4.711517981839565e-15,6.199624106392188e-14,0.07599683304963126,0.2759741970553329,False,False,0.006875558701682077,3.616389829551479e-05,3.779245657484643e-52,1.4507718322228624e-53
B_clean_held_w0p500_c0p850_s0p000_b0p500,previous_AB,raw,-1.830470730029591e-05,0.000225826901521601,0.08105636297961168,0.20072314143180847,False,False,0.0032286002784751248,1.165326367565852e-05,0.0,0.0
B_clean_held_w0p500_c0p850_s0p000_b0p500,previous_AB,subtract_clip_mean,1.1526850692555669e-17,1.422078484989144e-16,0.081056360912764,0.20074144613910877,False,False,0.0032102955711749235,2.9957970975977106e-05,1.830470730029591e-05,1.830470730029591e-05
B_clean_held_w0p500_c0p850_s0p000_b0p500,previous_AB,highpass_10hz,-4.4204163299436693e-16,5.4535233117393126e-15,0.08105615539275744,0.21006258331675012,False,False,0.003342908771950988,4.944565359273675e-05,6.314201803287846e-32,9.278713444450266e-35
B_clean_held_w0p500_c0p850_s0p000_b0p500,previous_AB,highpass_20hz,2.0183871371102197e-15,2.4901468256296163e-14,0.0810549448866287,0.2185338020099714,False,False,0.003078188752915674,5.0825711060228204e-05,8.729970857857167e-55,-2.0342535389032606e-56
B_clean_held_w0p500_c0p850_s0p000_b0p750,previous_AB,raw,0.02028851859190053,0.25031324667907234,0.08105251664092922,0.20313264429569244,True,False,0.05646481103391298,0.039315737495282985,0.0,0.0
B_clean_held_w0p500_c0p850_s0p000_b0p750,previous_AB,subtract_clip_mean,3.4372437708727445e-18,4.3802055871075087e-17,0.07847220187540435,0.21994868568994588,False,False,0.03617629244201427,0.019027218903382458,0.02028851859190053,-0.02028851859190053
B_clean_held_w0p500_c0p850_s0p000_b0p750,previous_AB,highpass_10hz,-5.081199591426995e-15,6.681259104720236e-14,0.07605152729127333,0.26100911229044776,False,False,0.010716925116772661,4.764224328835599e-05,3.1594344073953367e-28,-2.136330919408127e-29
B_clean_held_w0p500_c0p850_s0p000_b0p750,previous_AB,highpass_20hz,-4.288844411890057e-15,5.6411097627234123e-14,0.07602838080249462,0.27536098178371804,False,False,0.006706538208622984,4.76977670202467e-05,3.776507386626281e-52,-1.448874842424033e-53
A_clean_held_w1p000_c0p300_s0p000_b0p500,previous_AB,raw,-0.0018743014896816497,0.22212552020300372,0.008438028588379663,0.062236763536930084,True,False,0.0076539957085282155,-0.003633584101313855,0.0,0.0
A_clean_held_w1p000_c0p300_s0p000_b0p500,previous_AB,subtract_clip_mean,3.222416035193198e-19,3.9167689133297296e-17,0.008227230420019221,0.06036246204724843,False,False,0.005779694218846307,-0.0017592826116322046,0.0018743014896816497,0.0018743014896816497
A_clean_held_w1p000_c0p300_s0p000_b0p500,previous_AB,highpass_10hz,7.691740290801217e-16,9.591374100908719e-14,0.008019435181943821,0.0588181132660227,False,False,0.0014629774013253396,-6.867696188604535e-07,2.798087376431192e-29,1.892214776269138e-30
A_clean_held_w1p000_c0p300_s0p000_b0p500,previous_AB,highpass_20hz,-3.6805068105503437e-16,4.5916811949515737e-14,0.008015597456105967,0.06121264080646645,False,False,0.0010021148426768412,-4.536651423923521e-07,3.3398299863977083e-53,1.2818435276414772e-54
A_clean_held_w1p000_c0p300_s0p400_b0p500,previous_AB,raw,-0.0020226798042484286,0.19420274279627414,0.01041529988260925,0.062236763536930084,False,False,0.0076539957085282155,-0.0039227554771494475,0.0,0.0
A_clean_held_w1p000_c0p300_s0p400_b0p500,previous_AB,subtract_clip_mean,0.0,0.0,0.010217007294416788,0.06021408373268165,False,False,0.005631315904279607,-0.001900075672901019,0.0020226798042484286,0.0020226798042484286
A_clean_held_w1p000_c0p300_s0p400_b0p500,previous_AB,highpass_10hz,2.461139023326406e-15,2.454686938999928e-13,0.010026284754377302,0.0588181132660227,False,False,0.00146523460517817,-7.741502398384264e-08,2.820402578701519e-29,1.869131187067696e-30
A_clean_held_w1p000_c0p300_s0p400_b0p500,previous_AB,highpass_20hz,-3.349185378515193e-16,3.341444369521906e-14,0.010023166655305995,0.06121264080646645,False,False,0.0010073444157853218,2.693916959321177e-07,3.3514433775632505e-53,1.2848692464125028e-54
A_clean_held_w1p000_c0p300_s1p000_b0p500,previous_AB,raw,-0.00237541762998172,0.1551517900272979,0.015310281818622791,0.062236763536930084,False,False,0.0076539957085282155,-0.00460894556420075,0.0,0.0
A_clean_held_w1p000_c0p300_s1p000_b0p500,previous_AB,subtract_clip_mean,1.5037941497568259e-18,9.94251681651658e-17,0.015124884146624848,0.05986134590694837,False,False,0.005278578078546606,-0.0022335279342190276,0.00237541762998172,0.00237541762998172
A_clean_held_w1p000_c0p300_s1p000_b0p500,previous_AB,highpass_10hz,-8.199336901047993e-16,5.483604926792644e-14,0.014952457389821075,0.0588181132660227,False,False,0.0014748490435648263,3.414700107092365e-06,2.85661649593472e-29,1.828311011993017e-30
A_clean_held_w1p000_c0p300_s1p000_b0p500,previous_AB,highpass_20hz,-9.12608780852355e-18,6.104312644704418e-16,0.014950230009009394,0.06121264080646645,False,False,0.0010153380682886152,3.983791844090958e-06,3.369143640075566e-53,1.2894200967951573e-54
B_clean_held_w1p000_c0p300_s0p000_b0p250,previous_AB,raw,-0.004942850740317169,0.5306277408220634,0.0093151005121963,0.056833066046237946,True,False,0.014848826287506408,-0.009573264182043274,0.0,0.0
B_clean_held_w1p000_c0p300_s0p000_b0p250,previous_AB,subtract_clip_mean,-1.7186218854363722e-18,2.17670358867352e-16,0.007895525575366456,0.05189021530592078,False,False,0.009905975547189317,-0.004630413441726107,0.004942850740317169,0.004942850740317169
B_clean_held_w1p000_c0p300_s0p000_b0p250,previous_AB,highpass_10hz,7.039785316373684e-16,1.1135096222064531e-13,0.0063221593922324045,0.0526001936716008,False,False,0.0026016276756717065,-3.2970797594726597e-06,7.620406776276281e-29,5.1534464052043285e-30
B_clean_held_w1p000_c0p300_s0p000_b0p250,previous_AB,highpass_20hz,5.831691894315065e-17,9.252611993375862e-15,0.00630275202125637,0.049139316698260924,False,False,0.00148686709559786,-3.2221297492192653e-06,9.096442355965567e-53,3.491447427468921e-54
B_clean_held_w1p000_c0p300_s0p000_b0p500,previous_AB,raw,-0.0018743017751710355,0.2221255524546974,0.008438028648474831,0.06223678216338158,True,False,0.007653993186578189,-0.003633584655201206,0.0,0.0
B_clean_held_w1p000_c0p300_s0p000_b0p500,previous_AB,subtract_clip_mean,-2.1482773567954653e-19,2.6111792766336382e-17,0.00822723041661486,0.06036248038821054,False,False,0.005779691411407181,-0.0017592828800301712,0.0018743017751710355,0.0018743017751710355
B_clean_held_w1p000_c0p300_s0p000_b0p500,previous_AB,highpass_10hz,-1.2283869856463981e-15,1.5317624791361885e-13,0.008019435143359342,0.0588181341392923,False,False,0.0014629757014190377,-6.867768373726629e-07,2.79808767435928e-29,1.8922173063637223e-30
B_clean_held_w1p000_c0p300_s0p000_b0p500,previous_AB,highpass_20hz,3.255264328859238e-16,4.061162452941293e-14,0.00801559742211646,0.0612126378995909,False,False,0.0010021156201608784,-4.536783740769445e-07,3.339831287061481e-53,1.2818443145500489e-54
B_clean_held_w1p000_c0p300_s0p000_b0p750,previous_AB,raw,-0.0033432719301790537,0.39063371940858765,0.008558585099209322,0.056921884417533875,True,False,0.010612241821170203,-0.006471915407277922,0.0,0.0
B_clean_held_w1p000_c0p300_s0p000_b0p750,previous_AB,subtract_clip_mean,-2.1482773567954653e-19,2.726734106416988e-17,0.00787857294827462,0.05357861248735482,False,False,0.007268969890991178,-0.0031286434770988695,0.0033432719301790537,0.0033432719301790537
B_clean_held_w1p000_c0p300_s0p000_b0p750,previous_AB,highpass_10hz,-2.3082615016489614e-15,3.2091840712294555e-13,0.007192674058003329,0.05090095177313758,False,False,0.0019475183252817213,2.842419178228683e-06,5.112294119495152e-29,3.457680240700396e-30
B_clean_held_w1p000_c0p300_s0p000_b0p750,previous_AB,highpass_20hz,3.9099277271809343e-16,5.442317043527448e-14,0.007184307154304828,0.053023313015040485,False,False,0.001103497692274953,2.9677889418000377e-06,6.095988444909738e-53,2.3404585783070365e-54
A_clean_held_w1p000_c0p575_s0p000_b0p500,previous_AB,raw,-0.0029320368346680216,0.07101432897490259,0.04128796085229845,0.24420811235904694,False,False,0.008800867998777509,-0.0056637274837294015,0.0,0.0
A_clean_held_w1p000_c0p575_s0p000_b0p500,previous_AB,subtract_clip_mean,1.933449621115919e-18,4.694693865648297e-17,0.04118372095065087,0.24714014919371496,False,False,0.0058688311641093924,-0.0027316906490613764,0.0029320368346680216,0.0029320368346680216
A_clean_held_w1p000_c0p575_s0p000_b0p500,previous_AB,highpass_10hz,-4.520945640191587e-15,1.1002704570968846e-13,0.04108940316474837,0.2514817495110595,False,False,0.0032342179746030894,9.489948469654086e-06,4.5860007477364456e-29,3.1031401948638313e-30
A_clean_held_w1p000_c0p575_s0p000_b0p500,previous_AB,highpass_20hz,1.561535817087444e-15,3.8004581890494814e-14,0.04108809357742188,0.24808837583193283,False,False,0.002590888689065806,8.919057556123622e-06,5.452860260006612e-53,2.0954748769777523e-54
A_clean_held_w1p000_c0p575_s0p400_b0p500,previous_AB,raw,-0.0027747692800332794,0.06444600001429861,0.04305572540448814,0.24420811235904694,False,False,0.008800867998777509,-0.005356747135269128,0.0,0.0
A_clean_held_w1p000_c0p575_s0p400_b0p500,previous_AB,subtract_clip_mean,8.593109427181861e-19,1.9999686336405423e-17,0.04296622098287525,0.24698288163908022,False,False,0.006026098718744087,-0.0025819778552358457,0.0027747692800332794,0.0027747692800332794
A_clean_held_w1p000_c0p575_s0p400_b0p500,previous_AB,highpass_10hz,-1.2845236758029251e-14,2.9952773152785417e-13,0.04288496658558884,0.2514817495110595,False,False,0.0032521890029667214,9.740714313648228e-06,4.5598259655090726e-29,3.1302817966700325e-30
A_clean_held_w1p000_c0p575_s0p400_b0p500,previous_AB,highpass_20hz,-1.6013855228851574e-15,3.734251198774253e-14,0.04288371182449652,0.24808837583193283,False,False,0.0025976591348661248,9.153605112975767e-06,5.439214458194658e-53,2.0919376749581732e-54
A_clean_held_w1p000_c0p575_s1p000_b0p500,previous_AB,raw,-0.00251242927480034,0.05567583584913964,0.04512602705432333,0.24420811235904694,False,False,0.008800867998777509,-0.004845259879921671,0.0,0.0
A_clean_held_w1p000_c0p575_s1p000_b0p500,previous_AB,subtract_clip_mean,-3.0075882995136517e-18,6.675217874361761e-17,0.04505603196961143,0.24672054163384727,False,False,0.006288438723977386,-0.002332830605121337,0.00251242927480034,0.00251242927480034
A_clean_held_w1p000_c0p575_s1p000_b0p500,previous_AB,highpass_10hz,3.826939605053757e-15,8.505862467668957e-14,0.04499178795330951,0.2514817495110595,False,False,0.003281702625412708,9.698477366204294e-06,4.520373930776816e-29,3.1731709151740304e-30
A_clean_held_w1p000_c0p575_s1p000_b0p500,previous_AB,highpass_20hz,1.3063036836832927e-16,2.903504282047602e-15,0.04499058919114335,0.24808837583193283,False,False,0.0026079348219055034,9.070670975659983e-06,5.418634843700761e-53,2.086622251729228e-54
B_clean_held_w1p000_c0p575_s0p000_b0p250,previous_AB,raw,-0.005942185609872364,0.17121584164784867,0.0347058166620707,0.21839293837547302,True,False,0.016557910387423266,-0.01148112910147092,0.0,0.0
B_clean_held_w1p000_c0p575_s0p000_b0p250,previous_AB,subtract_clip_mean,-4.2965547135909306e-19,1.2565474373237999e-17,0.0341933347358676,0.22433512398534539,False,False,0.010615724777551362,-0.005538943491598557,0.005942185609872364,0.005942185609872364
B_clean_held_w1p000_c0p575_s0p000_b0p250,previous_AB,highpass_10hz,7.659397597567782e-16,2.2713183827693893e-14,0.03372225424525811,0.23511975600393972,False,False,0.0040791236567851935,1.9690178265788347e-05,9.256718438661857e-29,6.2615632811667826e-30
B_clean_held_w1p000_c0p575_s0p000_b0p250,previous_AB,highpass_20hz,-6.900770372532534e-16,2.046632000151263e-14,0.03371769019551395,0.23144101812563542,False,False,0.0028490882217517416,1.9920517602537646e-05,1.1027536814652836e-52,4.234844156192098e-54
B_clean_held_w1p000_c0p575_s0p000_b0p500,previous_AB,raw,-0.002932036780311064,0.07101432727886169,0.041287961072945654,0.24420814216136932,False,False,0.00880086580759235,-0.0056637273498478646,0.0,0.0
B_clean_held_w1p000_c0p575_s0p000_b0p500,previous_AB,subtract_clip_mean,2.1482773567954653e-19,5.216326488878943e-18,0.04118372117572645,0.2471401789416804,False,False,0.005868829027281185,-0.0027316905695368003,0.002932036780311064,0.002932036780311064
B_clean_held_w1p000_c0p575_s0p000_b0p500,previous_AB,highpass_10hz,-5.245371618369978e-16,1.2765752687398397e-14,0.04108940339685494,0.25148177274688777,False,False,0.003234217875972427,9.489939459620447e-06,4.585999329062344e-29,3.103146154135864e-30
B_clean_held_w1p000_c0p575_s0p000_b0p500,previous_AB,highpass_20hz,-2.0339906797556318e-16,4.950316481384445e-15,0.04108809380984849,0.24808839543565545,False,False,0.0025908887193211456,8.919047324719815e-06,5.452860647521227e-53,2.0954750372212368e-54
B_clean_held_w1p000_c0p575_s0p000_b0p750,previous_AB,raw,-0.004391430536750073,0.11504772048794097,0.03817051322812061,0.23429375886917114,False,False,0.012556664019070829,-0.008498028198741295,0.0,0.0
B_clean_held_w1p000_c0p575_s0p000_b0p750,previous_AB,subtract_clip_mean,-1.2889664140772793e-18,3.3994366217683606e-17,0.037917059721700855,0.2386851894059212,False,False,0.008165233482321071,-0.004106597661991228,0.004391430536750073,0.004391430536750073
B_clean_held_w1p000_c0p575_s0p000_b0p750,previous_AB,highpass_10hz,6.95181849853432e-15,1.8446667178408401e-13,0.037686040688538786,0.2461181447033674,False,False,0.0035946543394657113,-4.829718819785231e-07,6.863373361961286e-29,4.6419762188283686e-30
B_clean_held_w1p000_c0p575_s0p000_b0p750,previous_AB,highpass_20hz,3.926276033949064e-15,1.0419045728289569e-13,0.03768364336177663,0.24266607857407468,False,False,0.002655774329349916,-1.217080119943959e-06,8.189233135088062e-53,3.144065252875772e-54
A_clean_held_w1p000_c0p850_s0p000_b0p500,previous_AB,raw,-0.00154639592590193,0.031028941861731614,0.04983721110416336,0.2814207673072815,False,False,0.006177187205781704,-0.002985265040931041,0.0,0.0
A_clean_held_w1p000_c0p850_s0p000_b0p500,previous_AB,subtract_clip_mean,2.9001744316738784e-18,5.822098615477174e-17,0.049813213812012744,0.28296716323318344,False,False,0.004630791279879897,-0.0014388691150291053,0.00154639592590193,0.00154639592590193
A_clean_held_w1p000_c0p850_s0p000_b0p500,previous_AB,highpass_10hz,8.807168482369679e-15,1.768830593163068e-13,0.04979090997414555,0.2866295837925332,False,False,0.0033856040098864467,8.577346327493067e-06,2.3640164052189142e-29,1.6002773043068497e-30
A_clean_held_w1p000_c0p850_s0p000_b0p500,previous_AB,highpass_20hz,2.1065873493401535e-16,4.2309440071990004e-15,0.04979000775608873,0.2867759644176509,False,False,0.0027575334656141965,7.828535305789367e-06,2.804243452559981e-53,1.0785730272671947e-54
A_clean_held_w1p000_c0p850_s0p400_b0p500,previous_AB,raw,-0.0014973236622006277,0.029933146435423066,0.05002226095512251,0.2814207673072815,False,False,0.0061770443886264,-0.00288971640297503,0.0,0.0
A_clean_held_w1p000_c0p850_s0p400_b0p500,previous_AB,subtract_clip_mean,-8.593109427181861e-19,1.718627174377685e-17,0.04999984612889311,0.2829180909694821,False,False,0.004679720726426019,-0.0013923927407744046,0.0014973236622006277,0.0014973236622006277
A_clean_held_w1p000_c0p850_s0p400_b0p500,previous_AB,highpass_10hz,6.811947495537466e-15,1.362965425321978e-13,0.04997887231019273,0.2866295837925332,False,False,0.0033882183186874477,8.52824802420442e-06,2.3543581454898854e-29,1.610011076012268e-30
A_clean_held_w1p000_c0p850_s0p400_b0p500,previous_AB,highpass_20hz,3.304493656956265e-15,6.611900178879475e-14,0.049977972557902116,0.2867759644176509,False,False,0.0027585564710232544,7.773072896216827e-06,2.799201545548622e-53,1.0772653650335915e-54
A_clean_held_w1p000_c0p850_s1p000_b0p500,previous_AB,raw,-0.001434397716141845,0.02854136583290786,0.050256800061334185,0.2814207673072815,False,False,0.006176829539055149,-0.0027673081861780977,0.0,0.0
A_clean_held_w1p000_c0p850_s1p000_b0p500,previous_AB,subtract_clip_mean,-8.593109427181861e-19,1.7105369961999804e-17,0.050236326055921404,0.28285516502342334,False,False,0.00474243182291324,-0.0013329104700362533,0.001434397716141845,0.001434397716141845
A_clean_held_w1p000_c0p850_s1p000_b0p500,previous_AB,highpass_10hz,5.222308686105599e-15,1.0399490170486161e-13,0.05021696833683784,0.2866295837925332,False,False,0.00339204588514944,8.470588868192864e-06,2.3400969592520894e-29,1.624047213583465e-30
A_clean_held_w1p000_c0p850_s1p000_b0p500,previous_AB,highpass_20hz,4.179750524023602e-16,8.323531492242469e-15,0.05021607148262885,0.2867759644176509,False,False,0.0027600496851276526,7.707531249809412e-06,2.791668417623664e-53,1.0753047217850131e-54
B_clean_held_w1p000_c0p850_s0p000_b0p250,previous_AB,raw,-0.00480666136044511,0.10807234563646356,0.04447633048156349,0.2775459587574005,False,False,0.01515836775947131,-0.009289769094848781,0.0,0.0
B_clean_held_w1p000_c0p850_s0p000_b0p250,previous_AB,subtract_clip_mean,-8.593109427181861e-19,1.9434461916532205e-17,0.044215834037946836,0.2823526201178456,False,False,0.010351706399026245,-0.0044831077344036725,0.00480666136044511,0.00480666136044511
B_clean_held_w1p000_c0p850_s0p000_b0p250,previous_AB,highpass_10hz,2.429079025770538e-15,5.523464362975245e-14,0.043977454476814996,0.29274424059545107,False,False,0.004401518645606434,1.507414122295418e-05,7.439180903093701e-29,5.032582690484715e-30
B_clean_held_w1p000_c0p850_s0p000_b0p250,previous_AB,highpass_20hz,-1.1306484429315633e-15,2.571172974134028e-14,0.04397403264213938,0.2936504097728315,False,False,0.003065585330996981,1.5076750925567194e-05,8.856851324040856e-53,3.4018973334955436e-54
B_clean_held_w1p000_c0p850_s0p000_b0p500,previous_AB,raw,-0.0015463959068830926,0.031028941542826552,0.04983721100343486,0.2814207375049591,False,False,0.006177184917177908,-0.002985264984376172,0.0,0.0
B_clean_held_w1p000_c0p850_s0p000_b0p500,previous_AB,subtract_clip_mean,2.4705189603147853e-18,4.9595654972332356e-17,0.049813213711826156,0.2829671334118422,False,False,0.004630789010294819,-0.0014388690774930738,0.0015463959068830926,0.0015463959068830926
B_clean_held_w1p000_c0p850_s0p000_b0p500,previous_AB,highpass_10hz,4.53035526284852e-15,9.098759741875126e-14,0.049790909875315356,0.2866294970439833,False,False,0.0033856043215552026,8.577341057987558e-06,2.3640171609625354e-29,1.600278180778732e-30
B_clean_held_w1p000_c0p850_s0p000_b0p500,previous_AB,highpass_20hz,2.1372061758703863e-15,4.292439942129454e-14,0.04979000765727967,0.28677587760216905,False,False,0.0027575340371847595,7.828522375191006e-06,2.8042424528088086e-53,1.0785730895248065e-54
B_clean_held_w1p000_c0p850_s0p000_b0p750,previous_AB,raw,-0.0031093658932027186,0.06569297577284779,0.047331786338226454,0.279209703207016,False,False,0.010361688983742285,-0.00602158917875634,0.0,0.0
B_clean_held_w1p000_c0p850_s0p000_b0p750,previous_AB,subtract_clip_mean,-2.363105092475012e-18,5.0034467501759776e-17,0.04722954416157019,0.2823190691002187,False,False,0.007252323090539772,-0.0029122232855536266,0.0031093658932027186,0.0031093658932027186
B_clean_held_w1p000_c0p850_s0p000_b0p750,previous_AB,highpass_10hz,-3.2879890546187204e-15,6.975536706701835e-14,0.047136001040030996,0.28876133906129414,False,False,0.0038052231719502227,-3.060968700138606e-06,4.8096069501102333e-29,3.2526361320888606e-30
B_clean_held_w1p000_c0p850_s0p000_b0p750,previous_AB,highpass_20hz,-3.493279403880564e-16,7.411331521088196e-15,0.04713430230371951,0.29009893544694987,False,False,0.0028969347660864325,-3.837546925669204e-06,5.743760601055456e-53,2.2047990838643107e-54
A_resonant_held_w0p000_c0p300_s0p000_b0p500,previous_AB,raw,-1.4023342050448388e-05,0.0009084487157425467,0.015436580851992295,0.15909692645072937,False,False,0.002242559473126754,-3.432123139776213e-05,0.0,0.0
A_resonant_held_w0p000_c0p300_s0p000_b0p500,previous_AB,subtract_clip_mean,-3.6084346227423833e-19,2.3375876732834726e-17,0.015436574482247445,0.15911094979277982,False,False,0.0022285361310763908,-2.029788934731443e-05,1.4023342050448388e-05,1.4023342050448388e-05
A_resonant_held_w0p000_c0p300_s0p000_b0p500,previous_AB,highpass_10hz,-1.3106258331075798e-15,8.490639806520797e-14,0.015436125698101355,0.16268478100865735,False,False,0.0016454219993740958,-6.34454439425462e-06,8.072150747385995e-33,-2.514281832488177e-35
A_resonant_held_w0p000_c0p300_s0p000_b0p500,previous_AB,highpass_20hz,-1.1100715542880856e-15,7.191738085645144e-14,0.015435372382426038,0.16553737727457296,False,False,0.0014245635881641261,-6.4420139724258236e-06,1.115769544674825e-55,2.508334783484311e-57
A_resonant_held_w0p000_c0p300_s0p400_b0p500,previous_AB,raw,-1.4022719191289793e-05,0.0007444018760936545,0.01883756562365994,0.15909692645072937,False,False,0.002242559463940239,-3.8318570849262684e-05,0.0,0.0
A_resonant_held_w0p000_c0p300_s0p400_b0p500,previous_AB,subtract_clip_mean,-3.860185875491852e-20,2.0491962826525346e-18,0.01883756040438998,0.15911094916992066,False,False,0.002228536744749006,-2.4295851657972996e-05,1.4022719191289793e-05,1.4022719191289793e-05
A_resonant_held_w0p000_c0p300_s0p400_b0p500,previous_AB,highpass_10hz,1.3952994298719147e-15,7.407154279800584e-14,0.018837186011865802,0.16268478100865735,False,False,0.0016502399301356258,-1.0372024256677375e-05,8.0349196872331e-33,-7.915560554206205e-36
A_resonant_held_w0p000_c0p300_s0p400_b0p500,previous_AB,highpass_20hz,-2.500024207137023e-16,1.327225440937284e-14,0.018836469901989755,0.16553737727457296,False,False,0.0014275877672848688,-1.0500035657385762e-05,1.1155996923052882e-55,2.5086197875163012e-57
A_resonant_held_w0p000_c0p300_s1p000_b0p500,previous_AB,raw,-1.3991248546394903e-05,0.00043204085792504266,0.03238408657364144,0.15909692645072937,False,False,0.00224255958304816,-5.22848170523112e-05,0.0,0.0
A_resonant_held_w0p000_c0p300_s1p000_b0p500,previous_AB,subtract_clip_mean,9.0966119326808e-19,2.8089761806246523e-17,0.03238408355124578,0.15911091769927577,False,False,0.0022285683345017633,-3.829356850591454e-05,1.3991248546394903e-05,1.3991248546394903e-05
A_resonant_held_w0p000_c0p300_s1p000_b0p500,previous_AB,highpass_10hz,-1.8170985838035395e-15,5.611127101053023e-14,0.032383842872896786,0.16268478100865735,False,False,0.0016599859230563068,-2.419335965018341e-05,8.03751358713099e-33,8.896658542684646e-35
A_resonant_held_w0p000_c0p300_s1p000_b0p500,previous_AB,highpass_20hz,-1.4182020805053765e-15,4.379453457664121e-14,0.032383083738987975,0.16553737727457296,False,False,0.0014342730001186616,-2.415649758839395e-05,1.1134703641749808e-55,2.5092781751194387e-57
B_resonant_held_w0p000_c0p300_s0p000_b0p250,previous_AB,raw,-0.006490017726203461,0.3881837110923981,0.01671893369234822,0.15843768417835236,True,False,0.016737467578010624,-0.0125593333589631,0.0,0.0
B_resonant_held_w0p000_c0p300_s0p000_b0p250,previous_AB,subtract_clip_mean,4.2965547135909306e-19,2.7885457974979443e-17,0.015407868565207232,0.15194766645214888,False,False,0.010247449851806947,-0.006069315632759638,0.006490017726203461,0.006490017726203461
B_resonant_held_w0p000_c0p300_s0p000_b0p250,previous_AB,highpass_10hz,6.950208024791211e-16,4.9205343923541283e-14,0.014124904879419056,0.15263326173339983,False,False,0.003020700460387917,-3.1533141195073452e-06,1.021943055779908e-28,6.911401305830365e-30
B_resonant_held_w0p000_c0p300_s0p000_b0p250,previous_AB,highpass_20hz,-8.654133930848332e-16,6.131375694054565e-14,0.014114506046726217,0.1469901025936468,False,False,0.002063877334780476,-3.4290671459651115e-06,1.2196743875268927e-52,4.6818333253469446e-54
B_resonant_held_w0p000_c0p300_s0p000_b0p500,previous_AB,raw,-1.4023424503614082e-05,0.0009084540671402872,0.015436580682343434,0.15909691154956818,False,False,0.002242555105638328,-3.4321419690835794e-05,0.0,0.0
B_resonant_held_w0p000_c0p300_s0p000_b0p500,previous_AB,subtract_clip_mean,5.404260225688593e-19,3.5009452980148234e-17,0.015436574312523607,0.15911093497407178,False,False,0.0022285316811348093,-2.0297995187220662e-05,1.4023424503614082e-05,1.4023424503614082e-05
B_resonant_held_w0p000_c0p300_s0p000_b0p500,previous_AB,highpass_10hz,-7.773004546225193e-16,5.0355929861642506e-14,0.015436125531952699,0.1626847798737908,False,False,0.0016454195650016793,-6.344554547931406e-06,8.064483176082697e-33,-2.6378634798288796e-35
B_resonant_held_w0p000_c0p300_s0p000_b0p500,previous_AB,highpass_20hz,-9.075632661618343e-19,5.879762751438908e-17,0.015435372217012217,0.1655373752963995,False,False,0.0014245620462235834,-6.4420291852577045e-06,1.1160862198269497e-55,2.5094018732438675e-57
B_resonant_held_w0p000_c0p300_s0p000_b0p750,previous_AB,raw,0.006715894194616998,0.3970609751751165,0.01691401224120571,0.16064013540744781,True,False,0.018269037879423924,0.012990753232828525,0.0,0.0
B_resonant_held_w0p000_c0p300_s0p000_b0p750,previous_AB,subtract_clip_mean,0.0,0.0,0.015523549054979869,0.15392424121283083,False,False,0.011553143684807086,0.006274859038211529,0.006715894194616998,-0.006715894194616998
B_resonant_held_w0p000_c0p300_s0p000_b0p750,previous_AB,highpass_10hz,-4.475826780673828e-16,3.1647376364467624e-14,0.01414280517009651,0.1585099269348669,False,False,0.0033682006003386156,-5.354760344875441e-06,1.0506111591943344e-28,-7.105933102226878e-30
B_resonant_held_w0p000_c0p300_s0p000_b0p750,previous_AB,highpass_20hz,-5.312467523081924e-16,3.759705629214396e-14,0.01413000922679147,0.15651182814478684,False,False,0.0020725268248856753,-5.213459200116607e-06,1.2528674753881878e-52,-4.8102563294684956e-54
A_resonant_held_w0p000_c0p575_s0p000_b0p500,previous_AB,raw,-1.5081839740473802e-05,0.0004153248490941096,0.036313357540175416,0.18960677087306976,False,False,0.0019095839864973665,-5.396163543468565e-06,0.0,0.0
A_resonant_held_w0p000_c0p575_s0p000_b0p500,previous_AB,subtract_clip_mean,-1.0741386783977327e-18,2.957971511863088e-17,0.036313354408243875,0.1895916890333293,False,False,0.0018945021467568273,9.685676197003196e-06,1.5081839740473802e-05,1.5081839740473802e-05
A_resonant_held_w0p000_c0p575_s0p000_b0p500,previous_AB,highpass_10hz,-8.467972271148525e-16,2.3319325066159287e-14,0.03631311046577905,0.1927535044932142,False,False,0.002684167453488621,2.5309598016888743e-05,3.1128296860364614e-32,6.340507282641796e-35
A_resonant_held_w0p000_c0p575_s0p000_b0p500,previous_AB,highpass_20hz,-2.1827622433970875e-15,6.011080398153716e-14,0.036312311578256644,0.19582090776935812,False,False,0.0024387688596388957,2.5936057747436763e-05,4.301990411410976e-55,-9.999289207147106e-57
A_resonant_held_w0p000_c0p575_s0p400_b0p500,previous_AB,raw,-1.5080366541594668e-05,0.0004240894469007654,0.0355594006212642,0.18960677087306976,False,False,0.0019095839864973665,-5.950744197724901e-06,0.0,0.0
A_resonant_held_w0p000_c0p575_s0p400_b0p500,previous_AB,subtract_clip_mean,-3.4515096751952146e-18,9.706322168747412e-17,0.0355593974235519,0.18959169050652816,False,False,0.001894503619955816,9.129622343862817e-06,1.5080366541594668e-05,1.5080366541594668e-05
A_resonant_held_w0p000_c0p575_s0p400_b0p500,previous_AB,highpass_10hz,3.6107389858758835e-15,1.0154176894347851e-13,0.035559149928594797,0.1927535044932142,False,False,0.0026845088648427672,2.4722199897593417e-05,3.1106230245574395e-32,6.875319170361294e-35
A_resonant_held_w0p000_c0p575_s0p400_b0p500,previous_AB,highpass_20hz,1.3159407216385423e-15,3.7007915473561685e-14,0.035558358388995064,0.19582090776935812,False,False,0.002439091201773964,2.531896778977801e-05,4.301362171056463e-55,-9.999527473637139e-57
A_resonant_held_w0p000_c0p575_s1p000_b0p500,previous_AB,raw,-1.507875089923866e-05,0.00043242799704804383,0.03486996910970908,0.18960677087306976,False,False,0.0019095839864973665,-6.406150846164187e-06,0.0,0.0
A_resonant_held_w0p000_c0p575_s1p000_b0p500,previous_AB,subtract_clip_mean,-2.2649221039027193e-18,6.495337889575309e-17,0.034869965849471905,0.18959169212217053,False,False,0.0018945052355980275,8.672600053070023e-06,1.507875089923866e-05,1.507875089923866e-05
A_resonant_held_w0p000_c0p575_s1p000_b0p500,previous_AB,highpass_10hz,1.584790919474755e-16,4.544892098789845e-15,0.03486971494651617,0.1927535044932142,False,False,0.002685016715429773,2.4234779686672964e-05,3.114283913617608e-32,7.08607109318448e-35
A_resonant_held_w0p000_c0p575_s1p000_b0p500,previous_AB,highpass_20hz,-8.15318250471059e-16,2.3382370781599283e-14,0.03486893001939189,0.19582090776935812,False,False,0.0024395705329451375,2.4803438005562426e-05,4.3018404683130745e-55,-9.999827437676248e-57
B_resonant_held_w0p000_c0p575_s0p000_b0p250,previous_AB,raw,-0.006794523596315988,0.18376847455716275,0.036973281803035773,0.18503086268901825,True,False,0.019543988796875862,-0.013137625014431638,0.0,0.0
B_resonant_held_w0p000_c0p575_s0p000_b0p250,previous_AB,subtract_clip_mean,3.0075882995136517e-18,8.275425217817716e-17,0.03634361039282973,0.1809973233933741,False,False,0.012749465200560025,-0.0063431014181156474,0.006794523596315988,0.006794523596315988
B_resonant_held_w0p000_c0p575_s0p000_b0p250,previous_AB,highpass_10hz,9.027022012224948e-15,2.5241168084311705e-13,0.03576309139922715,0.18060270112907448,False,False,0.00411405099454921,1.4429919649233918e-05,1.0574717155373442e-28,7.152216385738996e-30
B_resonant_held_w0p000_c0p575_s0p000_b0p250,previous_AB,highpass_20hz,-1.0033042675824572e-16,2.805859848963256e-15,0.03575746193998858,0.18569487042503918,False,False,0.0030353111066699244,1.5727360370055852e-05,1.2605716752870236e-52,4.83967270923578e-54
B_resonant_held_w0p000_c0p575_s0p000_b0p500,previous_AB,raw,-1.508179355486683e-05,0.0004153235831374656,0.03631335702378112,0.18960675597190857,False,False,0.0019095807424959904,-5.396056532179738e-06,0.0,0.0
B_resonant_held_w0p000_c0p575_s0p000_b0p500,previous_AB,subtract_clip_mean,-2.3903781448562045e-18,6.58264216512223e-17,0.03631335389186872,0.1895916741783537,False,False,0.0018944989489411922,9.685737022682437e-06,1.508179355486683e-05,1.508179355486683e-05
B_resonant_held_w0p000_c0p575_s0p000_b0p500,previous_AB,highpass_10hz,-1.496167765140202e-15,4.120186255517522e-14,0.03631310995071201,0.19275356376957237,False,False,0.002684167448218578,2.5309597633035007e-05,3.110880415506109e-32,6.382767721405557e-35
B_resonant_held_w0p000_c0p575_s0p000_b0p500,previous_AB,highpass_20hz,-2.2587122396682324e-16,6.220238187684861e-15,0.03631231106455286,0.19582096717448758,False,False,0.0024387691368087296,2.5936064414977997e-05,4.3016822119661685e-55,-9.999733723375794e-57
B_resonant_held_w0p000_c0p575_s0p000_b0p750,previous_AB,raw,0.006903169625114857,0.18843339236184783,0.03663453456199913,0.20273734629154205,True,False,0.019348183667144418,0.013380031103566198,0.0,0.0
B_resonant_held_w0p000_c0p575_s0p000_b0p750,previous_AB,subtract_clip_mean,8.593109427181861e-19,2.388417014272446e-17,0.035978262488636115,0.1958341766664272,False,False,0.012445014042029343,0.006476861478451344,0.006903169625114857,-0.006903169625114857
B_resonant_held_w0p000_c0p575_s0p000_b0p750,previous_AB,highpass_10hz,-1.2070953961756356e-14,3.4128031372052864e-13,0.03536961692915329,0.20301969493797611,False,False,0.0036291594409155028,2.090247086196108e-05,1.080445875573143e-28,-7.30504493537485e-30
B_resonant_held_w0p000_c0p575_s0p000_b0p750,previous_AB,highpass_20hz,1.716429971195767e-15,4.8535420772459735e-14,0.03536448111251802,0.20299503512709652,False,False,0.0023702162717431532,2.059665256596045e-05,1.2919450809459636e-52,-4.9563341941080826e-54
A_resonant_held_w0p000_c0p850_s0p000_b0p500,previous_AB,raw,-9.046864301368788e-06,0.0002708575279170791,0.03340082282718911,0.12283919751644135,False,False,0.0014911921927098207,5.22839415726215e-06,0.0,0.0
A_resonant_held_w0p000_c0p850_s0p000_b0p500,previous_AB,subtract_clip_mean,-1.0649077991302522e-18,3.1882682762121485e-17,0.03340082160198344,0.12284824438074271,False,False,0.001482145328408494,1.4275258458628871e-05,9.046864301368788e-06,9.046864301368788e-06
A_resonant_held_w0p000_c0p850_s0p000_b0p500,previous_AB,highpass_10hz,2.3159520828350364e-15,6.933841719145191e-14,0.03340070593824499,0.12482328704114798,False,False,0.0013131957883242285,2.375856881597538e-05,2.9614424364995886e-32,7.349780544590352e-35
A_resonant_held_w0p000_c0p850_s0p000_b0p500,previous_AB,highpass_20hz,1.7099952091754905e-16,5.119733181194509e-15,0.033400084509414285,0.12610080978165722,False,False,0.0011258104490585042,2.428178546039523e-05,4.093916771375506e-55,-9.421847795612991e-57
A_resonant_held_w0p000_c0p850_s0p400_b0p500,previous_AB,raw,-9.04690930067501e-06,0.00027089781652814743,0.03339602148375012,0.12283919751644135,False,False,0.0014911921927098207,5.231623267672882e-06,0.0,0.0
A_resonant_held_w0p000_c0p850_s0p400_b0p500,previous_AB,subtract_clip_mean,4.377954285313259e-18,1.3109209574808059e-16,0.03339602025835611,0.12284824442574202,False,False,0.0014821452834091098,1.4278532568356548e-05,9.04690930067501e-06,9.04690930067501e-06
A_resonant_held_w0p000_c0p850_s0p400_b0p500,previous_AB,highpass_10hz,-7.234741906088294e-15,2.1663560233756759e-13,0.03339590458827224,0.12482328704114798,False,False,0.0013132238128376744,2.3760636683993385e-05,2.961790330538959e-32,7.30489348872541e-35
A_resonant_held_w0p000_c0p850_s0p400_b0p500,previous_AB,highpass_20hz,1.3943780202868517e-15,4.175374141714315e-14,0.033395283223992746,0.12610080978165722,False,False,0.0011258370150888143,2.4282808833239133e-05,4.093929914160316e-55,-9.421988856983893e-57
A_resonant_held_w0p000_c0p850_s1p000_b0p500,previous_AB,raw,-9.046956106970371e-06,0.00027091106348654044,0.0333945612650103,0.12283919751644135,False,False,0.0014911921927098207,5.239844840821408e-06,0.0,0.0
A_resonant_held_w0p000_c0p850_s1p000_b0p500,previous_AB,subtract_clip_mean,3.408711962227805e-18,1.0207386946229508e-16,0.03339456003955003,0.12284824447254832,False,False,0.0014821452366028825,1.4286800947798425e-05,9.046956106970371e-06,9.046956106970371e-06
A_resonant_held_w0p000_c0p850_s1p000_b0p500,previous_AB,highpass_10hz,-2.790947954814309e-15,8.357521760488699e-14,0.03339444436757423,0.12482328704114798,False,False,0.0013132656223780823,2.376743690919272e-05,2.9613386819083816e-32,7.224401639473787e-35
A_resonant_held_w0p000_c0p850_s1p000_b0p500,previous_AB,highpass_20hz,9.922977028122505e-16,2.9715007536684454e-14,0.033393823023171586,0.12610080978165722,False,False,0.0011258766275466625,2.4288369055423864e-05,4.093960680614634e-55,-9.422046222399462e-57
B_resonant_held_w0p000_c0p850_s0p000_b0p250,previous_AB,raw,-0.0068235108499977186,0.2093963366170356,0.0325865817914342,0.15313720703125,True,False,0.01935761309286385,-0.013195206238923092,0.0,0.0
B_resonant_held_w0p000_c0p850_s0p000_b0p250,previous_AB,subtract_clip_mean,-2.1482773567954654e-18,6.741985410045452e-17,0.031864165021694736,0.15996071788124772,False,False,0.012534102242866189,-0.006371695388925376,0.0068235108499977186,0.0068235108499977186
B_resonant_held_w0p000_c0p850_s0p000_b0p250,previous_AB,highpass_10hz,4.873504388323262e-15,1.5623000615167364e-13,0.031194419742849467,0.160563740668056,False,False,0.003707473565990434,1.3510537031683788e-05,1.0602680142190979e-28,7.171199979153779e-30
B_resonant_held_w0p000_c0p850_s0p000_b0p250,previous_AB,highpass_20hz,-8.102530152657397e-17,2.5979973725977246e-15,0.03118759948766121,0.1668246168031124,False,False,0.002415963188111027,1.4655623103761423e-05,1.2638846526659558e-52,4.8524697950229174e-54
B_resonant_held_w0p000_c0p850_s0p000_b0p500,previous_AB,raw,-9.046854130337812e-06,0.0002708572239855672,0.03340082275531215,0.12283919751644135,False,False,0.0014911915867688041,5.2284124635822985e-06,0.0,0.0
B_resonant_held_w0p000_c0p850_s0p000_b0p500,previous_AB,subtract_clip_mean,-1.6347048011865495e-18,4.8942053707060526e-17,0.03340082153010923,0.12284824437057168,False,False,0.0014821447326385075,1.4275266593916984e-05,9.046854130337812e-06,9.046854130337812e-06
B_resonant_held_w0p000_c0p850_s0p000_b0p500,previous_AB,highpass_10hz,-2.9934247740339664e-15,8.962160219007189e-14,0.03340070586648776,0.12482327192071399,False,False,0.0013131955384100731,2.375856783927148e-05,2.961569064203717e-32,7.316188290005316e-35
B_resonant_held_w0p000_c0p850_s0p000_b0p500,previous_AB,highpass_20hz,-9.166296679441852e-16,2.7443932653978492e-14,0.0334000844376545,0.12610080939181312,False,False,0.0011258102993121043,2.4281783980904206e-05,4.093924588013565e-55,-9.421893422608578e-57
B_resonant_held_w0p000_c0p850_s0p000_b0p750,previous_AB,raw,0.006812422830499097,0.20926825071611635,0.03255354219852736,0.1484781801700592,True,False,0.019412182565699414,0.013206388353825595,0.0,0.0
B_resonant_held_w0p000_c0p850_s0p000_b0p750,previous_AB,subtract_clip_mean,-1.7186218854363722e-18,5.39891105247381e-17,0.031832750507139594,0.14293034311000197,False,False,0.012599759735199962,0.0063939655233264964,0.006812422830499097,-0.006812422830499097
B_resonant_held_w0p000_c0p850_s0p000_b0p750,previous_AB,highpass_10hz,2.422206216570477e-15,7.772653976539711e-14,0.03116318086308035,0.14895061148316394,False,False,0.0037238853269676705,2.051118697596097e-05,1.060651734041987e-28,-7.171299547555961e-30
B_resonant_held_w0p000_c0p850_s0p000_b0p750,previous_AB,highpass_20hz,6.482359790462917e-16,2.080592568770106e-14,0.03115631521405853,0.15066633095646548,False,False,0.002386810162862554,2.015575390209665e-05,1.2681440131050316e-52,-4.865148195482802e-54
A_resonant_held_w0p500_c0p300_s0p000_b0p500,previous_AB,raw,-1.6725674931141835e-05,0.0009091630551573222,0.018396782443219288,0.1892370581626892,False,False,0.002616083537316971,-4.1458842659766416e-05,0.0,0.0
A_resonant_held_w0p500_c0p300_s0p000_b0p500,previous_AB,subtract_clip_mean,1.7119085186963864e-19,9.30548171395211e-18,0.01839677484003486,0.18922033248775808,False,False,0.0025993578623857722,-2.4733167728624262e-05,1.6725674931141835e-05,1.6725674931141835e-05
A_resonant_held_w0p500_c0p300_s0p000_b0p500,previous_AB,highpass_10hz,-4.365066719099592e-15,2.372803874841759e-13,0.018396239003911338,0.18481128628669935,False,False,0.0019520929105140464,-8.075024198454436e-06,1.0431774557857455e-32,-4.3808183251738114e-35
A_resonant_held_w0p500_c0p300_s0p000_b0p500,previous_AB,highpass_20hz,8.434480962824422e-16,4.585119265031498e-14,0.018395336032260175,0.18875263912598989,False,False,0.0016948527316677554,-8.180029850618301e-06,1.4323784891320053e-55,3.186150121645574e-57
A_resonant_held_w0p500_c0p300_s0p400_b0p500,previous_AB,raw,-1.672248355183002e-05,0.0007375521868126206,0.022672949590316193,0.1892370581626892,False,False,0.002616083537316971,-4.647714882486895e-05,0.0,0.0
A_resonant_held_w0p500_c0p300_s0p400_b0p500,previous_AB,subtract_clip_mean,8.190307422782712e-19,3.612370599534481e-17,0.022672943423463196,0.18922033567913737,False,False,0.002599361053765214,-2.9754665273037363e-05,1.672248355183002e-05,1.672248355183002e-05
A_resonant_held_w0p500_c0p300_s0p400_b0p500,previous_AB,highpass_10hz,-5.828302483282215e-15,2.5706483156039405e-13,0.02267250034905273,0.18481128628669935,False,False,0.0019653755944976704,-1.3107719939116381e-05,1.0368295493147282e-32,-2.0157485461756732e-35
A_resonant_held_w0p500_c0p300_s0p400_b0p500,previous_AB,highpass_20hz,1.6501371529800918e-15,7.27841858929825e-14,0.02267164402177081,0.18875263912598989,False,False,0.001705471058993578,-1.3223058797720289e-05,1.4298675783356692e-55,3.185006960759248e-57
A_resonant_held_w0p500_c0p300_s1p000_b0p500,previous_AB,raw,-1.668097343044637e-05,0.0004344994048043771,0.03839124575546099,0.1892370581626892,False,False,0.0026160835682554648,-6.227729948643672e-05,0.0,0.0
A_resonant_held_w0p500_c0p300_s1p000_b0p500,previous_AB,subtract_clip_mean,-1.1009921453576761e-18,2.867821107704185e-17,0.038391242131524304,0.18922037718925877,False,False,0.0025994025948250874,-4.5596326055992436e-05,1.668097343044637e-05,1.668097343044637e-05
A_resonant_held_w0p500_c0p300_s1p000_b0p500,previous_AB,highpass_10hz,-1.2783082730408777e-14,3.3297122061619114e-13,0.038390953748953474,0.18481128628669935,False,False,0.0019879946120984157,-2.8558518261643985e-05,1.0398279549317929e-32,1.0212597244439207e-34
A_resonant_held_w0p500_c0p300_s1p000_b0p500,previous_AB,highpass_20hz,2.099578594463608e-15,5.4690699384342896e-14,0.038390048364689316,0.18875263912598989,False,False,0.0017238591264059383,-2.8294042945053635e-05,1.4272487900581804e-55,3.186088168348075e-57
B_resonant_held_w0p500_c0p300_s0p000_b0p250,previous_AB,raw,-0.011309258683709791,0.5000709255315677,0.022615309361743482,0.18639662861824036,True,False,0.03142522693333314,-0.021890877979384327,0.0,0.0
B_resonant_held_w0p500_c0p300_s0p000_b0p250,previous_AB,subtract_clip_mean,-1.7186218854363722e-18,8.775415945577477e-17,0.01958450626266327,0.17508736993453056,False,False,0.02011596824962334,-0.010581619295674536,0.011309258683709791,0.011309258683709791
B_resonant_held_w0p500_c0p300_s0p000_b0p250,previous_AB,highpass_10hz,9.146882462000655e-16,5.5875562571315283e-14,0.016370094619318196,0.17580731952627457,False,False,0.005533389773239855,-5.225843682197701e-06,1.7675178749957943e-28,1.1953447811572569e-29
B_resonant_held_w0p500_c0p300_s0p000_b0p250,previous_AB,highpass_20hz,1.0288314250258322e-15,6.297449721799041e-14,0.01633727096644319,0.16563874173926868,False,False,0.0033929826338414217,-5.527124364326579e-06,2.1100032772769142e-52,8.098079962905806e-54
B_resonant_held_w0p500_c0p300_s0p000_b0p500,previous_AB,raw,-1.672544291872149e-05,0.0009091504224421886,0.018396782870972087,0.1892370730638504,False,False,0.0026160782300693242,-4.1458465994411985e-05,0.0,0.0
B_resonant_held_w0p500_c0p300_s0p000_b0p500,previous_AB,subtract_clip_mean,9.700814939279523e-19,5.2731061819046683e-17,0.01839677526799877,0.18922034762093168,False,False,0.0025993527871506516,-2.4733023075688606e-05,1.672544291872149e-05,1.672544291872149e-05
B_resonant_held_w0p500_c0p300_s0p000_b0p500,previous_AB,highpass_10hz,1.3269548389463316e-15,7.213185301434449e-14,0.018396239435058557,0.18481128849249098,False,False,0.0019520915518421045,-8.075012921998202e-06,1.0335953334071292e-32,-5.074224762538957e-35
B_resonant_held_w0p500_c0p300_s0p000_b0p500,previous_AB,highpass_20hz,-8.879430322788045e-16,4.8270007669671234e-14,0.018395336465560838,0.18875265850937123,False,False,0.0016948517306669885,-8.18001908169639e-06,1.4314141473128946e-55,3.187051887352727e-57
B_resonant_held_w0p500_c0p300_s0p000_b0p750,previous_AB,raw,0.011270511626997359,0.4993366643097104,0.022570967510623045,0.19167035818099976,True,False,0.030276757729131496,0.021802403611422147,0.0,0.0
B_resonant_held_w0p500_c0p300_s0p000_b0p750,previous_AB,subtract_clip_mean,3.4372437708727445e-18,1.7576713875724583e-16,0.01955566777257474,0.1803998465540024,False,False,0.01900624610213456,0.01053189198442479,0.011270511626997359,-0.011270511626997359
B_resonant_held_w0p500_c0p300_s0p000_b0p750,previous_AB,highpass_10hz,-7.699702973132972e-16,4.708188275101316e-14,0.016353855290477486,0.18392177167929932,False,False,0.005416778555528349,-7.059284853305788e-06,1.7645046027378126e-28,-1.1934081422754544e-29
B_resonant_held_w0p500_c0p300_s0p000_b0p750,previous_AB,highpass_20hz,-2.329311682647608e-16,1.426959364278491e-14,0.016323602065748878,0.17718165482292517,False,False,0.0031552484701872106,-6.928744964164913e-06,2.1049947701004925e-52,-8.080283984353342e-54
A_resonant_held_w0p500_c0p575_s0p000_b0p500,previous_AB,raw,-1.8761364383128484e-05,0.00033847279982755497,0.05542945959819229,0.2097441405057907,False,False,0.0026347279571650338,-1.4348337518878654e-05,0.0,0.0
A_resonant_held_w0p500_c0p575_s0p000_b0p500,previous_AB,subtract_clip_mean,-8.903602638906207e-19,1.6062944169876156e-17,0.055429456423086436,0.20976290187017385,False,False,0.0026159665927819914,4.4130268642482314e-06,1.8761364383128484e-05,1.8761364383128484e-05
A_resonant_held_w0p500_c0p575_s0p000_b0p500,previous_AB,highpass_10hz,1.8044920559050255e-14,3.255489335778085e-13,0.05542921108889883,0.21529693375135292,False,False,0.0033697722223309514,2.412435376491427e-05,3.340138792966288e-32,-1.8880114346694488e-35
A_resonant_held_w0p500_c0p575_s0p000_b0p500,previous_AB,highpass_20hz,1.9761634169990787e-16,3.565252035440646e-15,0.05542843527904572,0.219877384982143,False,False,0.0031031344768720115,2.5177298517323934e-05,4.6217901910618015e-55,-1.10723204051924e-56
A_resonant_held_w0p500_c0p575_s0p400_b0p500,previous_AB,raw,-1.8773793755930417e-05,0.0003631017130737176,0.0517039525839938,0.2097441405057907,False,False,0.0026347279571650338,-9.542639343584147e-06,0.0,0.0
A_resonant_held_w0p500_c0p575_s0p400_b0p500,previous_AB,subtract_clip_mean,-8.123173755382854e-19,1.571093482200979e-17,0.05170394917559535,0.20976291429954663,False,False,0.002615954163409029,9.231154412344834e-06,1.8773793755930417e-05,1.8773793755930417e-05
A_resonant_held_w0p500_c0p575_s0p400_b0p500,previous_AB,highpass_10hz,-6.566328903304975e-15,1.2699923930881863e-13,0.051703686880658496,0.21529693375135292,False,False,0.003366050256097789,2.8812484811361448e-05,3.342047268513592e-32,-3.521405810208858e-35
A_resonant_held_w0p500_c0p575_s0p400_b0p500,previous_AB,highpass_20hz,5.072670258983843e-16,9.811197448888285e-15,0.05170286588777837,0.219877384982143,False,False,0.0030999949716885473,2.9735240620210144e-05,4.624041614319851e-55,-1.1077887949665089e-56
A_resonant_held_w0p500_c0p575_s1p000_b0p500,previous_AB,raw,-1.8769312763191247e-05,0.0003554131934415778,0.052809836859014955,0.2097441405057907,False,False,0.0026347279571650338,-1.2939057136393186e-05,0.0,0.0
A_resonant_held_w0p500_c0p575_s1p000_b0p500,previous_AB,subtract_clip_mean,-1.823518240748651e-18,3.452989943500375e-17,0.05280983352358416,0.2097629098185539,False,False,0.0026159586444017557,5.8302556267945886e-06,1.8769312763191247e-05,1.8769312763191247e-05
A_resonant_held_w0p500_c0p575_s1p000_b0p500,previous_AB,highpass_10hz,-7.986326809413297e-15,1.5122875686518548e-13,0.052809577853852194,0.21529693375135292,False,False,0.0033611609720315726,2.5385150612550875e-05,3.3484893156366066e-32,-2.3531895629583206e-35
A_resonant_held_w0p500_c0p575_s1p000_b0p500,previous_AB,highpass_20hz,-1.0897371860180898e-15,2.0635526085571745e-14,0.05280879108674765,0.219877384982143,False,False,0.0030951009959766154,2.627860131477988e-05,4.626964517129553e-55,-1.1085846865589418e-56
B_resonant_held_w0p500_c0p575_s0p000_b0p250,previous_AB,raw,-0.011958248941868215,0.2311378760044854,0.05173643172889655,0.21277979016304016,True,False,0.031694852335507485,-0.023115900456611473,0.0,0.0
B_resonant_held_w0p500_c0p575_s0p000_b0p250,previous_AB,subtract_clip_mean,0.0,0.0,0.050335461160925916,0.20944929870840875,False,False,0.019736603393639647,-0.011157651514743261,0.011958248941868215,0.011958248941868215
B_resonant_held_w0p500_c0p575_s0p000_b0p250,previous_AB,highpass_10hz,2.238018286692226e-16,4.564034489711091e-15,0.04903596350416482,0.226829428244748,False,False,0.006345276296969188,2.210637750685045e-05,1.8816603220764416e-28,1.2726541040342856e-29
B_resonant_held_w0p500_c0p575_s0p000_b0p250,previous_AB,highpass_20hz,2.775977146984141e-17,5.662267917470744e-16,0.04902588834447331,0.23221788045333427,False,False,0.0040012364942804,2.3553193415768823e-05,2.2439255013722404e-52,8.613653771913061e-54
B_resonant_held_w0p500_c0p575_s0p000_b0p500,previous_AB,raw,-1.876143199104069e-05,0.0003384740204429764,0.05542945945005394,0.2097441852092743,False,False,0.0026347275305967574,-1.4348509725052804e-05,0.0,0.0
B_resonant_held_w0p500_c0p575_s0p000_b0p500,previous_AB,subtract_clip_mean,8.798706283593928e-19,1.5873701231982366e-17,0.055429456274925196,0.20976294664126532,False,False,0.0026159660986056783,4.412922265989825e-06,1.876143199104069e-05,1.876143199104069e-05
B_resonant_held_w0p500_c0p575_s0p000_b0p500,previous_AB,highpass_10hz,-1.3964329818459614e-14,2.5193087870682177e-13,0.05542921094126874,0.21529696092317177,False,False,0.0033697710444484164,2.412433371618458e-05,3.3373095665191957e-32,-1.7053864685127326e-35
B_resonant_held_w0p500_c0p575_s0p000_b0p500,previous_AB,highpass_20hz,-1.5374281171241549e-15,2.773717341042349e-14,0.05542843513198058,0.2198774102933135,False,False,0.003103133931647574,2.5177302547400872e-05,4.622182947818923e-55,-1.1074255552380702e-56
B_resonant_held_w0p500_c0p575_s0p000_b0p750,previous_AB,raw,0.011905438202483257,0.23011315813821936,0.0517373204505418,0.21890032291412354,True,False,0.031612091230363765,0.023057922114554194,0.0,0.0
B_resonant_held_w0p500_c0p575_s0p000_b0p750,previous_AB,subtract_clip_mean,6.874487541745489e-18,1.3653701890912978e-16,0.0503488914337635,0.21532162179337222,False,False,0.019706653027880883,0.011152483912070946,0.011905438202483257,-0.011905438202483257
B_resonant_held_w0p500_c0p575_s0p000_b0p750,previous_AB,highpass_10hz,2.551180061695715e-16,5.200437448970146e-15,0.049057028119835006,0.22295364310513968,False,False,0.006403132737888783,2.5226934944508293e-05,1.8779738891886817e-28,-1.2698467901751828e-29
B_resonant_held_w0p500_c0p575_s0p000_b0p750,previous_AB,highpass_20hz,1.5412262043573017e-15,3.142376620813479e-14,0.04904651448044184,0.23045823998769777,False,False,0.0037832305621932983,2.5387935712587057e-05,2.2447317484349408e-52,-8.611968274966126e-54
A_resonant_held_w0p500_c0p850_s0p000_b0p500,previous_AB,raw,-1.133007684482775e-05,0.00023440151519035874,0.048336192859617544,0.20539744198322296,False,False,0.0018638088539497677,5.72610516911082e-06,0.0,0.0
A_resonant_held_w0p500_c0p850_s0p000_b0p500,previous_AB,subtract_clip_mean,2.2707962998002067e-18,4.697921428728702e-17,0.04833619153172393,0.2054087720600678,False,False,0.001852478777105005,1.7056182013942923e-05,1.133007684482775e-05,1.133007684482775e-05
A_resonant_held_w0p500_c0p850_s0p000_b0p500,previous_AB,highpass_10hz,-1.0723094537952551e-14,2.218445962052094e-13,0.04833606371927823,0.21170530705637014,False,False,0.0019171467055262945,2.9024248961117213e-05,3.697433994748588e-32,6.856433954504205e-35
A_resonant_held_w0p500_c0p850_s0p000_b0p500,previous_AB,highpass_20hz,-2.3357716197931597e-15,4.83242676577188e-14,0.04833537543367341,0.21665761213311954,False,False,0.0017016402538024172,2.978104531438429e-05,5.108904570521883e-55,-1.1825972384476243e-56
A_resonant_held_w0p500_c0p850_s0p400_b0p500,previous_AB,raw,-1.1330628127317478e-05,0.00023532164097447362,0.048149537290310504,0.20539744198322296,False,False,0.0018638088539497677,5.851911882742026e-06,0.0,0.0
A_resonant_held_w0p500_c0p850_s0p400_b0p500,previous_AB,subtract_clip_mean,-3.1284289008333964e-18,6.497318901719387e-17,0.04814953595713948,0.20540877261135027,False,False,0.0018524782258224595,1.7182540010053454e-05,1.1330628127317478e-05,1.1330628127317478e-05
A_resonant_held_w0p500_c0p850_s0p400_b0p500,previous_AB,highpass_10hz,-2.4589068498646318e-14,5.106826796076628e-13,0.04814940760774797,0.21170530705637014,False,False,0.001916967641314177,2.9143303813592233e-05,3.6983052536270893e-32,6.737165655949936e-35
A_resonant_held_w0p500_c0p850_s0p400_b0p500,previous_AB,highpass_20hz,-3.654327197776926e-15,7.589666971580675e-14,0.04814871603010338,0.21665761213311954,False,False,0.001701457400265873,2.9893732328351125e-05,5.108972187747296e-55,-1.1825995415270914e-56
A_resonant_held_w0p500_c0p850_s1p000_b0p500,previous_AB,raw,-1.1331064924772188e-05,0.00023641356647065078,0.04792899618211575,0.20539744198322296,False,False,0.0018638088539497677,5.997866549457798e-06,0.0,0.0
A_resonant_held_w0p500_c0p850_s1p000_b0p500,previous_AB,subtract_clip_mean,5.299363870376314e-18,1.1056697282652651e-16,0.047928994842707,0.20540877304814772,False,False,0.001852477789025083,1.7328931474240517e-05,1.1331064924772188e-05,1.1331064924772188e-05
A_resonant_held_w0p500_c0p850_s1p000_b0p500,previous_AB,highpass_10hz,-3.3891676733060212e-15,7.071245298201832e-14,0.04792886585574768,0.21170530705637014,False,False,0.0019166749561834381,2.928092120514098e-05,3.697197487366287e-32,6.447490037400394e-35
A_resonant_held_w0p500_c0p850_s1p000_b0p500,previous_AB,highpass_20hz,4.068825565378817e-15,8.489423927862202e-14,0.04792817039122023,0.21665761213311954,False,False,0.0017014674549387645,3.00239443003443e-05,5.10900471669444e-55,-1.1826247950113847e-56
B_resonant_held_w0p500_c0p850_s0p000_b0p250,previous_AB,raw,-0.011731829739550453,0.24209533437274333,0.04845954495549047,0.20904038846492767,True,False,0.03270089473121835,-0.022688762870895766,0.0,0.0
B_resonant_held_w0p500_c0p850_s0p000_b0p250,previous_AB,subtract_clip_mean,-1.7186218854363722e-18,3.6552429714763604e-17,0.047017993026663756,0.22077221820447812,False,False,0.020969064991667556,-0.010956933131345315,0.011731829739550453,0.011731829739550453
B_resonant_held_w0p500_c0p850_s0p000_b0p250,previous_AB,highpass_10hz,1.063299108625183e-14,2.3281941699980147e-13,0.04567055112186325,0.2275289759118675,False,False,0.0062852116431928885,2.0262482564580516e-05,1.8237248686236514e-28,1.2334977572222764e-29
B_resonant_held_w0p500_c0p850_s0p000_b0p250,previous_AB,highpass_20hz,-1.411292347788246e-16,3.091048719303782e-15,0.04565739578851158,0.23895304148631294,False,False,0.0039833628260536455,2.1580606228305494e-05,2.1745930458369886e-52,8.347844115350269e-54
B_resonant_held_w0p500_c0p850_s0p000_b0p500,previous_AB,raw,-1.133012045412396e-05,0.00023440241798952655,0.04833619273769696,0.20539745688438416,False,False,0.001863808741033835,5.726023743741295e-06,0.0,0.0
B_resonant_held_w0p500_c0p850_s0p000_b0p500,previous_AB,subtract_clip_mean,-2.066038614230639e-18,4.274309899004684e-17,0.048336191409793124,0.20540878700483828,False,False,0.0018524786205796552,1.7056144197861223e-05,1.133012045412396e-05,1.133012045412396e-05
B_resonant_held_w0p500_c0p850_s0p000_b0p500,previous_AB,highpass_10hz,1.712103206331846e-15,3.542082409924789e-14,0.048336063597351486,0.21170531890134148,False,False,0.0019171462925619495,2.9024234554961464e-05,3.6982038098487713e-32,6.800138048166697e-35
B_resonant_held_w0p500_c0p850_s0p000_b0p500,previous_AB,highpass_20hz,1.0702533173969659e-15,2.214223662264802e-14,0.048335375311736366,0.2166576371575969,False,False,0.0017016399445116848,2.978103985127585e-05,5.108921773884157e-55,-1.1825790845470146e-56
B_resonant_held_w0p500_c0p850_s0p000_b0p750,previous_AB,raw,0.011675394778964662,0.24122018021960936,0.048401401443010535,0.2045428454875946,True,False,0.03283939914793186,0.022625219511478625,0.0,0.0
B_resonant_held_w0p500_c0p850_s0p000_b0p750,previous_AB,subtract_clip_mean,-1.7186218854363722e-18,3.6588120549174486e-17,0.0469721281017029,0.20805124164175764,False,False,0.021164004368967558,0.010949824732513961,0.011675394778964662,-0.011675394778964662
B_resonant_held_w0p500_c0p850_s0p000_b0p750,previous_AB,highpass_10hz,5.563224358383032e-15,1.2190856810569581e-13,0.045634399983762154,0.22592524415581944,False,False,0.006174868805881499,2.77995624832251e-05,1.8185259803276105e-28,-1.2296467419237261e-29
B_resonant_held_w0p500_c0p850_s0p000_b0p750,previous_AB,highpass_20hz,-2.2263538119815007e-15,4.880047614520254e-14,0.04562155921096209,0.23418081480626532,False,False,0.0039848583209734535,2.77904350347479e-05,2.1735780979877742e-52,-8.339351839366073e-54
A_resonant_held_w1p000_c0p300_s0p000_b0p500,previous_AB,raw,-0.0003502126724082945,0.04093258367090602,0.008555840872982029,0.11023174226284027,False,False,0.003473548993467691,-0.0006820839936239754,0.0,0.0
A_resonant_held_w1p000_c0p300_s0p000_b0p500,previous_AB,subtract_clip_mean,8.056040087982995e-20,9.423734677565434e-18,0.008548670313439073,0.10988152959043197,False,False,0.003123336321059286,-0.0003318713212156807,0.0003502126724082945,0.0003502126724082945
A_resonant_held_w1p000_c0p300_s0p000_b0p500,previous_AB,highpass_10hz,-8.758898116752918e-16,1.0256886102631176e-13,0.008539529472308382,0.10601833771249303,False,False,0.0014802532157172949,-1.8031255067869797e-06,4.901336023806355e-30,3.3125684122498463e-31
A_resonant_held_w1p000_c0p300_s0p000_b0p500,previous_AB,highpass_20hz,4.398744742936153e-17,5.152105401187497e-15,0.008537761556512986,0.10951341744918122,False,False,0.0011966415928683085,-1.6694846386574825e-06,5.873092011024622e-54,2.2512507964312157e-55
A_resonant_held_w1p000_c0p300_s0p400_b0p500,previous_AB,raw,-0.00035765895666155467,0.03533470598012011,0.010122030076117785,0.11023174226284027,False,False,0.003473548993467691,-0.0006979319879776,0.0,0.0
A_resonant_held_w1p000_c0p300_s0p400_b0p500,previous_AB,subtract_clip_mean,-4.2965547135909306e-19,4.24740828552824e-17,0.010115709215500056,0.10987408330617872,False,False,0.0031158900368060713,-0.00034027303131604604,0.00035765895666155467,0.00035765895666155467
A_resonant_held_w1p000_c0p300_s0p400_b0p500,previous_AB,highpass_10hz,-2.3087396192364747e-15,2.2841340776782077e-13,0.010107723718142142,0.10601833771249303,False,False,0.001478543421366553,-2.838499216510385e-06,4.903766360273397e-30,3.306223904472091e-31
A_resonant_held_w1p000_c0p300_s0p400_b0p500,previous_AB,highpass_20hz,2.1860379467807794e-16,2.16306866702839e-14,0.010106188398466075,0.10951341744918122,False,False,0.0011961441661154427,-2.6150852498636915e-06,5.873269862404419e-54,2.2510275805158765e-55
A_resonant_held_w1p000_c0p300_s1p000_b0p500,previous_AB,raw,-0.00044368037983937865,0.025591533931509088,0.017336998283370018,0.11023174226284027,False,False,0.003473548993467691,-0.0008717294831776848,0.0,0.0
A_resonant_held_w1p000_c0p300_s1p000_b0p500,previous_AB,subtract_clip_mean,1.1546990792775626e-18,6.662499285095714e-17,0.01733132012277543,0.10978806188300089,False,False,0.003029868613628359,-0.00042804910333830407,0.00044368037983937865,0.00044368037983937865
A_resonant_held_w1p000_c0p300_s1p000_b0p500,previous_AB,highpass_10hz,3.75212752444504e-15,2.1657213195531675e-13,0.01732507082314349,0.10601833771249303,False,False,0.0014838867601954268,-5.695332974685445e-06,4.9024410785008754e-30,3.273554022344483e-31
A_resonant_held_w1p000_c0p300_s1p000_b0p500,previous_AB,highpass_20hz,9.021611038632519e-16,5.207580731205381e-14,0.017323996504888205,0.10951341744918122,False,False,0.0011957560183178389,-5.100695791760432e-06,5.873342412827791e-54,2.250632176127142e-55
B_resonant_held_w1p000_c0p300_s0p000_b0p250,previous_AB,raw,-0.0022519528042951476,0.30145185913810285,0.007470356330638751,0.09567402303218842,True,False,0.0074768252391407735,-0.00436208566023202,0.0,0.0
B_resonant_held_w1p000_c0p300_s0p000_b0p250,previous_AB,subtract_clip_mean,-8.593109427181861e-19,1.2064151983453997e-16,0.007122845798832212,0.09342207022789327,False,False,0.005224872434845543,-0.002110132855936873,0.0022519528042951476,0.0022519528042951476
B_resonant_held_w1p000_c0p300_s0p000_b0p250,previous_AB,highpass_10hz,-3.145535398457723e-16,4.631267824907174e-14,0.006791953126832543,0.08903534559377932,False,False,0.0016190133966563003,-2.4900043774945232e-06,3.482086574128391e-29,2.3547397902718855e-30
B_resonant_held_w1p000_c0p300_s0p000_b0p250,previous_AB,highpass_20hz,1.3529888555785754e-16,1.993319354831262e-14,0.006787617108614832,0.08451585257256256,False,False,0.0012330553025166758,-2.498840223817611e-06,4.1576631838132153e-53,1.595711851340807e-54
B_resonant_held_w1p000_c0p300_s0p000_b0p500,previous_AB,raw,-0.00035021278136645605,0.04093259334981042,0.008555841511763829,0.11023174971342087,False,False,0.0034735550458501164,-0.0006820842471088,0.0,0.0
B_resonant_held_w1p000_c0p300_s0p000_b0p500,previous_AB,subtract_clip_mean,-3.222416035193198e-19,3.769493591090497e-17,0.008548670948293,0.10988153693205441,False,False,0.003123342264483537,-0.00033187146574234456,0.00035021278136645605,0.00035021278136645605
B_resonant_held_w1p000_c0p300_s0p000_b0p500,previous_AB,highpass_10hz,-1.5774395731017598e-15,1.8472205834224524e-13,0.0085395300770152,0.10601833705467589,False,False,0.0014802531737321564,-1.8031678125075733e-06,4.9013397395503764e-30,3.312593820450045e-31
B_resonant_held_w1p000_c0p300_s0p000_b0p500,previous_AB,highpass_20hz,-3.4182869015407096e-16,4.003727021262659e-14,0.008537762148585948,0.10951340016814663,False,False,0.0011966406080185718,-1.6695258653130161e-06,5.873050636483725e-54,2.2512397553590948e-55
B_resonant_held_w1p000_c0p300_s0p000_b0p750,previous_AB,raw,-0.0012500307662976992,0.1594770759870784,0.007838310042748606,0.0982893779873848,False,False,0.004580328435930207,-0.0024192403229706407,0.0,0.0
B_resonant_held_w1p000_c0p300_s0p000_b0p750,previous_AB,subtract_clip_mean,-2.1482773567954653e-19,2.7762722258165997e-17,0.007737992466367671,0.09703934722108709,False,False,0.003330297669632502,-0.0011692095566729415,0.0012500307662976992,0.0012500307662976992
B_resonant_held_w1p000_c0p300_s0p000_b0p750,previous_AB,highpass_10hz,-6.177754935644027e-16,8.080978439414021e-14,0.007644810565899736,0.09470341455044091,False,False,0.0011334889421338301,1.0602391582430815e-06,1.9277025084907792e-29,1.3037532847544447e-30
B_resonant_held_w1p000_c0p300_s0p000_b0p750,previous_AB,highpass_20hz,-4.112252341789034e-16,5.3800084610878694e-14,0.007643579692358908,0.09250880761854936,False,False,0.0009605406464943197,1.19371484817181e-06,2.298628708512311e-53,8.824817169099899e-55
A_resonant_held_w1p000_c0p575_s0p000_b0p500,previous_AB,raw,-0.0003481064083496901,0.00820212755514209,0.042440989366405876,0.21574851870536804,False,False,0.003271382579103894,-0.0006725392027997593,0.0,0.0
A_resonant_held_w1p000_c0p575_s0p000_b0p500,previous_AB,subtract_clip_mean,1.3963802819170526e-18,3.290279693766772e-17,0.04243956173581253,0.21609662511371774,False,False,0.0029232761707543324,-0.00032443279445006643,0.0003481064083496901,0.0003481064083496901
A_resonant_held_w1p000_c0p575_s0p000_b0p500,previous_AB,highpass_10hz,-5.50170243619967e-15,1.296421633033823e-13,0.04243760128658801,0.2164166750940773,False,False,0.002318855959272826,4.857984195083775e-06,4.4303863554393556e-30,3.005118320991303e-31
A_resonant_held_w1p000_c0p575_s0p000_b0p500,previous_AB,highpass_20hz,1.0042011314203772e-16,2.366314031625868e-15,0.0424373569187857,0.2140183217502864,False,False,0.0020302930522224775,4.550654055578441e-06,5.183415084649878e-54,2.0024492900517328e-55
A_resonant_held_w1p000_c0p575_s0p400_b0p500,previous_AB,raw,-0.000672522810419522,0.015596032901548517,0.043121402388984945,0.21574851870536804,False,False,0.003277082176656942,-0.0012866494741677868,0.0,0.0
A_resonant_held_w1p000_c0p575_s0p400_b0p500,previous_AB,subtract_clip_mean,-1.3963802819170526e-18,3.238647308945289e-17,0.04311615772610336,0.21642104151578756,False,False,0.002604559366237334,-0.0006141266637482675,0.000672522810419522,0.000672522810419522
A_resonant_held_w1p000_c0p575_s0p400_b0p500,previous_AB,highpass_10hz,-1.0201563286073381e-14,2.366335104602117e-13,0.043111236723121275,0.2164166750940773,False,False,0.002317223859522942,1.0846343638930455e-05,4.513608893448277e-30,2.629106762283534e-31
A_resonant_held_w1p000_c0p575_s0p400_b0p500,previous_AB,highpass_20hz,3.5633627567918037e-16,8.265550793275273e-15,0.04311101396522663,0.2140183217502864,False,False,0.0020274290005628894,1.047359747290307e-05,5.255684989812247e-54,2.0141981216189092e-55
A_resonant_held_w1p000_c0p575_s1p000_b0p500,previous_AB,raw,-0.0005585285409031794,0.013817921322620814,0.040420590612918944,0.21574851870536804,False,False,0.0032847163852152118,-0.0010774022994596059,0.0,0.0
A_resonant_held_w1p000_c0p575_s1p000_b0p500,previous_AB,subtract_clip_mean,1.6112080175965991e-18,3.986487661743594e-17,0.04041673157698663,0.21630704724627123,False,False,0.0027261878443119603,-0.000518873758556423,0.0005585285409031794,0.0005585285409031794
A_resonant_held_w1p000_c0p575_s1p000_b0p500,previous_AB,highpass_10hz,-6.857113348622406e-15,1.6967553423447097e-13,0.04041309420099841,0.2164166750940773,False,False,0.0022994049110668085,2.557140365588303e-06,7.478728246176056e-30,-4.1610463421616025e-31
A_resonant_held_w1p000_c0p575_s1p000_b0p500,previous_AB,highpass_20hz,3.0785024315589645e-16,7.617632182628906e-15,0.040412852153443674,0.2140183217502864,False,False,0.0020112249094931768,2.121827284837899e-06,5.582891113622077e-54,2.053232385805364e-55
B_resonant_held_w1p000_c0p575_s0p000_b0p250,previous_AB,raw,-0.002369950703353267,0.06382435303810738,0.03713238897914483,0.20058248937129974,False,False,0.007994776410696782,-0.004578025134884569,0.0,0.0
B_resonant_held_w1p000_c0p575_s0p000_b0p250,previous_AB,subtract_clip_mean,1.933449621115919e-18,5.2175465854718275e-17,0.03705668151578325,0.20295244007465302,False,False,0.0056248257073432065,-0.0022080744315312985,0.002369950703353267,0.002369950703353267
B_resonant_held_w1p000_c0p575_s0p000_b0p250,previous_AB,highpass_10hz,-9.544494194738953e-16,2.5805054718338097e-14,0.03698691709402289,0.20752422447900978,False,False,0.002834631643318501,1.2297773943189417e-05,3.6048261967745605e-29,2.438865907464629e-30
B_resonant_held_w1p000_c0p575_s0p000_b0p250,previous_AB,highpass_20hz,9.599459884922587e-16,2.595435899718879e-14,0.03698592550855268,0.20496763723012199,False,False,0.0020176391095175607,1.219246098219435e-05,4.288860323598483e-53,1.6476154843320228e-54
B_resonant_held_w1p000_c0p575_s0p000_b0p500,previous_AB,raw,-0.00034810627149105315,0.008202124310801816,0.04244098946813246,0.21574848890304565,False,False,0.0032713784581072996,-0.0006725388951424983,0.0,0.0
B_resonant_held_w1p000_c0p575_s0p000_b0p500,previous_AB,subtract_clip_mean,1.9871565550358057e-18,4.682321091320461e-17,0.0424395618386651,0.21609659517453672,False,False,0.0029232721866163276,-0.00032443262365144124,0.00034810627149105315,0.00034810627149105315
B_resonant_held_w1p000_c0p575_s0p000_b0p500,previous_AB,highpass_10hz,-7.247848863029096e-15,1.7078837223662362e-13,0.042437601390025295,0.21641664872725125,False,False,0.002318854320326845,4.8579760572297e-06,4.4304118491571714e-30,3.005107139185889e-31
B_resonant_held_w1p000_c0p575_s0p000_b0p500,previous_AB,highpass_20hz,2.922562460788178e-16,6.886768323574276e-15,0.042437357022507616,0.21401829836623945,False,False,0.0020302921519693637,4.550642263078023e-06,5.183450221420308e-54,2.0024557103240887e-55
B_resonant_held_w1p000_c0p575_s0p000_b0p750,previous_AB,raw,-0.0013159844001035695,0.03285057868359985,0.04005970222864155,0.21097016334533691,False,False,0.005667922453962042,-0.002554536904429592,0.0,0.0
B_resonant_held_w1p000_c0p575_s0p000_b0p750,previous_AB,subtract_clip_mean,-1.0741386783977326e-19,2.682792612414957e-18,0.04003808096932361,0.2122861477454405,False,False,0.004351938053858439,-0.0012385525043260234,0.0013159844001035695,0.0013159844001035695
B_resonant_held_w1p000_c0p575_s0p000_b0p750,previous_AB,highpass_10hz,4.0830840212405563e-16,1.0203224022518951e-14,0.04001758671797282,0.2146367139997712,False,False,0.0024645392794542705,-4.718030941953828e-06,1.9679479906683626e-29,1.3309434501387467e-30
B_resonant_held_w1p000_c0p575_s0p000_b0p750,previous_AB,highpass_20hz,2.926330337870995e-16,7.312704317379271e-15,0.040017074544041374,0.21205889266665093,False,False,0.0021183832055071982,-5.247007404765859e-06,2.3502111739604666e-53,9.022419242611228e-55
A_resonant_held_w1p000_c0p850_s0p000_b0p500,previous_AB,raw,-0.000363495606070877,0.011159468402246403,0.03257284244809594,0.2387346774339676,False,False,0.0025084753480249283,-0.0006988231254606957,0.0,0.0
A_resonant_held_w1p000_c0p850_s0p000_b0p500,previous_AB,subtract_clip_mean,-4.2965547135909306e-19,1.3191425582311936e-17,0.03257081417608175,0.23909817304003847,False,False,0.0021449797419539804,-0.00033532751938981947,0.000363495606070877,0.000363495606070877
A_resonant_held_w1p000_c0p850_s0p000_b0p500,previous_AB,highpass_10hz,-7.494114508429331e-15,2.301010652196743e-13,0.03256879537378414,0.2389347677612489,False,False,0.0018647821336106722,4.945653345095487e-06,5.4622511574196386e-30,3.702809708867469e-31
A_resonant_held_w1p000_c0p850_s0p000_b0p500,previous_AB,highpass_20hz,-6.310271025791806e-17,1.9375352527465293e-15,0.03256854819465482,0.23803396779924677,False,False,0.001739879241646033,4.49162039127301e-06,6.42273350485667e-54,2.477630355266957e-55
A_resonant_held_w1p000_c0p850_s0p400_b0p500,previous_AB,raw,-0.0003352242530724372,0.010377046924227772,0.03230439791977558,0.2387346774339676,False,False,0.0025090392535486255,-0.0006438385406562651,0.0,0.0
A_resonant_held_w1p000_c0p850_s0p400_b0p500,previous_AB,subtract_clip_mean,1.3426733479971659e-19,4.156541313002691e-18,0.03230265855404711,0.23906990168704004,False,False,0.0021738150004762037,-0.00030861428758382765,0.0003352242530724372,0.0003352242530724372
A_resonant_held_w1p000_c0p850_s0p400_b0p500,previous_AB,highpass_10hz,2.4576041210487377e-16,7.60847787018182e-15,0.03230086441705072,0.2389347677612489,False,False,0.0018648813349118527,4.946631955775331e-06,5.384099276681751e-30,3.7803589076041887e-31
A_resonant_held_w1p000_c0p850_s0p400_b0p500,previous_AB,highpass_20hz,-7.579453987257189e-16,2.3465355365847715e-14,0.03230061454039851,0.23803396779924677,False,False,0.0017399685524236506,4.489918188372036e-06,6.381482823315068e-54,2.466812361058196e-55
A_resonant_held_w1p000_c0p850_s1p000_b0p500,previous_AB,raw,-0.0002962549319472922,0.009258336392826607,0.031998721949316036,0.2387346774339676,False,False,0.00250994868867004,-0.0005679169591002066,0.0,0.0
A_resonant_held_w1p000_c0p850_s1p000_b0p500,previous_AB,subtract_clip_mean,3.222416035193198e-19,1.0070883945804154e-17,0.03199735050601748,0.23903093236591488,False,False,0.0022136937567228438,-0.00027166202715291375,0.0002962549319472922,0.0002962549319472922
A_resonant_held_w1p000_c0p850_s1p000_b0p500,previous_AB,highpass_10hz,-4.630470022700244e-15,1.4472103254487375e-13,0.031995833233600446,0.2389347677612489,False,False,0.0018650629306712623,4.95086988136319e-06,5.2465449724459255e-30,3.86834239245095e-31
A_resonant_held_w1p000_c0p850_s1p000_b0p500,previous_AB,highpass_20hz,1.3681413438961447e-15,4.2760323202765637e-14,0.031995580047618925,0.23803396779924677,False,False,0.0017401353645355106,4.4908330740075985e-06,6.31987580408474e-54,2.4503559230583562e-55
B_resonant_held_w1p000_c0p850_s0p000_b0p250,previous_AB,raw,-0.0023031809294556016,0.07753049581308746,0.029706774157722014,0.23409393429756165,False,False,0.007418504031565199,-0.004449314872128816,0.0,0.0
B_resonant_held_w1p000_c0p850_s0p000_b0p250,previous_AB,subtract_clip_mean,2.1482773567954653e-19,7.253440658444714e-18,0.029617356203147045,0.23639711522701726,False,False,0.005115323102109416,-0.002146133942673213,0.0023031809294556016,0.0023031809294556016
B_resonant_held_w1p000_c0p850_s0p000_b0p250,previous_AB,highpass_10hz,1.4580089885901225e-15,4.936413749135755e-14,0.029535793851262652,0.23953144049249506,False,False,0.002319241032070863,9.027809997888534e-06,3.5688644383857925e-29,2.414478381350378e-30
B_resonant_held_w1p000_c0p850_s0p000_b0p250,previous_AB,highpass_20hz,2.521209914226733e-15,8.53641903361475e-14,0.02953474875470266,0.24034904938628027,False,False,0.001798094958339292,9.017318329128221e-06,4.246607549158501e-53,1.631359131873055e-54
B_resonant_held_w1p000_c0p850_s0p000_b0p500,previous_AB,raw,-0.00036349560562100157,0.011159468411862076,0.03257284237971587,0.2387346774339676,False,False,0.0025084733412193004,-0.0006988231106195982,0.0,0.0
B_resonant_held_w1p000_c0p850_s0p000_b0p500,previous_AB,subtract_clip_mean,-1.6112080175965991e-18,4.9467846037522785e-17,0.032570814107702434,0.23909817303958858,False,False,0.0021449777355982518,-0.0003353275049985997,0.00036349560562100157,0.00036349560562100157
B_resonant_held_w1p000_c0p850_s0p000_b0p500,previous_AB,highpass_10hz,6.517546223888868e-17,2.0011628194138573e-15,0.03256879530571063,0.23893476661902732,False,False,0.0018647824611221918,4.945647926334767e-06,5.4622511535179605e-30,3.7028163411043522e-31
B_resonant_held_w1p000_c0p850_s0p000_b0p500,previous_AB,highpass_20hz,-2.184991500740184e-15,6.708900538790557e-14,0.03256854812657697,0.23803394969463065,False,False,0.0017398794387460958,4.491612702133874e-06,6.422725536028993e-54,2.4776295576891194e-55
B_resonant_held_w1p000_c0p850_s0p000_b0p750,previous_AB,raw,-0.001298356929531386,0.041741875338964875,0.031104422572969692,0.23412054777145386,False,False,0.004830446217381744,-0.0025146538964963385,0.0,0.0
B_resonant_held_w1p000_c0p850_s0p000_b0p750,previous_AB,subtract_clip_mean,1.0741386783977327e-18,3.45634348822683e-17,0.031077312832376684,0.23541890470098525,False,False,0.0035320892878502852,-0.0012162969669649506,0.001298356929531386,0.001298356929531386
B_resonant_held_w1p000_c0p850_s0p000_b0p750,previous_AB,highpass_10hz,-6.20057052230258e-15,1.9967991058168436e-13,0.03105255057576797,0.23769026376682903,False,False,0.0018811335999282994,-1.969529012375601e-06,2.0151732694111927e-29,1.3627686123350503e-30
B_resonant_held_w1p000_c0p850_s0p000_b0p750,previous_AB,highpass_20hz,-6.569658733208008e-17,2.1156885769740796e-15,0.031052106650800795,0.23810904907675493,False,False,0.0015393948942276523,-2.4302730280008185e-06,2.4077702012223655e-53,9.241906949692188e-55
A_driven_pluck_w0p000_c0p300_s0p000_b0p500,previous_AB,raw,4.763988601953352e-05,0.007767015053589935,0.006133615770129638,0.17380233108997345,False,False,0.0028659916583116617,9.450885475775348e-05,0.0,0.0
A_driven_pluck_w0p000_c0p300_s0p000_b0p500,previous_AB,subtract_clip_mean,-6.042030065987246e-20,9.850979500527322e-18,0.006133430757483372,0.17375469120395393,False,False,0.002818351772292382,4.686896873821982e-05,4.763988601953352e-05,-4.763988601953352e-05
A_driven_pluck_w0p000_c0p300_s0p000_b0p500,previous_AB,highpass_10hz,9.248201327115008e-16,1.5108338179926553e-13,0.006121256498879857,0.16132688031677875,False,False,0.00499935078582064,-6.548809947423213e-07,4.9373904196634955e-34,1.3976776539145674e-34
A_driven_pluck_w0p000_c0p300_s0p000_b0p500,previous_AB,highpass_20hz,5.1480089192962275e-17,8.427516508009777e-15,0.006108571741631592,0.1659349484662247,False,False,0.004189487367444453,-6.434005139436353e-07,3.520684443814434e-61,-1.315533303381883e-63
A_driven_pluck_w0p000_c0p300_s0p400_b0p500,previous_AB,raw,4.726392836747959e-05,0.007261252659965916,0.006509059879993412,0.17413559556007385,False,False,0.002829130485372275,9.329465610227473e-05,0.0,0.0
A_driven_pluck_w0p000_c0p300_s0p400_b0p500,previous_AB,subtract_clip_mean,5.370693391988663e-20,8.251322131975527e-18,0.0065088882800686575,0.17408833163170637,False,False,0.0027818665570047622,4.603072773479522e-05,4.726392836747959e-05,-4.726392836747959e-05
A_driven_pluck_w0p000_c0p300_s0p400_b0p500,previous_AB,highpass_10hz,-1.41724762856839e-15,2.1811802231593142e-13,0.00649761818633945,0.16170702674456475,False,False,0.004959692039281056,-9.882750360758323e-07,9.612172116077682e-34,2.6208012027029703e-34
A_driven_pluck_w0p000_c0p300_s0p400_b0p500,previous_AB,highpass_20hz,-3.211464855698596e-16,4.951477540651993e-14,0.006485871801562734,0.16740886495341323,False,False,0.0041582250670135455,-9.477426437884463e-07,6.570639807341324e-61,-2.1341708001396652e-63
A_driven_pluck_w0p000_c0p300_s1p000_b0p500,previous_AB,raw,4.668225116980954e-05,0.006405720687924905,0.0072875876804631605,0.17463672161102295,False,False,0.002736439116095919,9.232368000356193e-05,0.0,0.0
A_driven_pluck_w0p000_c0p300_s1p000_b0p500,previous_AB,subtract_clip_mean,1.0070050109978745e-19,1.3818367834960882e-17,0.007287438162198301,0.17459003935985315,False,False,0.002689756864926271,4.564142883375257e-05,4.668225116980954e-05,-4.668225116980954e-05
A_driven_pluck_w0p000_c0p300_s1p000_b0p500,previous_AB,highpass_10hz,-7.73626564674062e-16,1.0630192864050119e-13,0.007277634324870651,0.16225961731601152,False,False,0.004888079323934131,-6.030206431211902e-07,1.4754401657521014e-33,3.7078039721077682e-34
A_driven_pluck_w0p000_c0p300_s1p000_b0p500,previous_AB,highpass_20hz,3.427215679304891e-16,4.7158738453036095e-14,0.007267403225211267,0.16946231628586766,False,False,0.00409636155849498,-4.808442662084583e-07,9.199928482874899e-61,-1.9800308496858526e-63
B_driven_pluck_w0p000_c0p300_s0p000_b0p250,previous_AB,raw,-0.0010725634753679307,0.18170292632821752,0.005902840956069771,0.14909864962100983,False,False,0.013875759749851242,-0.0021412088146365803,0.0,0.0
B_driven_pluck_w0p000_c0p300_s0p000_b0p250,previous_AB,subtract_clip_mean,1.0741386783977326e-19,1.850502255658467e-17,0.005804579135816943,0.1480260861456419,False,False,0.012803196274482929,-0.0010686453392686496,0.0010725634753679307,0.0010725634753679307
B_driven_pluck_w0p000_c0p300_s0p000_b0p250,previous_AB,highpass_10hz,2.448484431917888e-16,4.395701491791933e-14,0.005570179040796853,0.14526407883890732,False,False,0.006408581489168272,-5.943950778089459e-07,1.8792415708058813e-31,-1.0085080320463605e-32
B_driven_pluck_w0p000_c0p300_s0p000_b0p250,previous_AB,highpass_20hz,2.490654340198754e-16,4.545117593848119e-14,0.00547984576586069,0.14397144895698077,False,False,0.0038185541447603557,-6.068868193597676e-07,3.5375004841302024e-59,-6.666893653581428e-62
B_driven_pluck_w0p000_c0p300_s0p000_b0p500,previous_AB,raw,4.763987363135903e-05,0.007767013242368177,0.006133615605479969,0.17380233108997345,False,False,0.002865991036410321,9.450882953972448e-05,0.0,0.0
B_driven_pluck_w0p000_c0p300_s0p000_b0p500,previous_AB,subtract_clip_mean,1.4098070153970242e-19,2.2985619451262174e-17,0.006133430592924959,0.1737546912163421,False,False,0.0028183511627785825,4.686895590836574e-05,4.763987363135903e-05,-4.763987363135903e-05
B_driven_pluck_w0p000_c0p300_s0p000_b0p500,previous_AB,highpass_10hz,-6.77221464427957e-16,1.1063439055216402e-13,0.006121256338540119,0.16132688010870921,False,False,0.004999350409328539,-6.548807744739633e-07,4.9374314083350344e-34,1.3976870009680588e-34
B_driven_pluck_w0p000_c0p300_s0p000_b0p500,previous_AB,highpass_20hz,6.123597471878075e-17,1.002459804106206e-14,0.0061085715824165925,0.16593496130009328,False,False,0.004189487154860044,-6.433999500323152e-07,3.5207135594628664e-61,-1.3155496584642052e-63
B_driven_pluck_w0p000_c0p300_s0p000_b0p750,previous_AB,raw,0.0012138439992900709,0.19828392703469813,0.0061217468175202,0.16704849898815155,False,False,0.0139653611085686,0.002422034654626345,0.0,0.0
B_driven_pluck_w0p000_c0p300_s0p000_b0p750,previous_AB,subtract_clip_mean,2.1482773567954653e-19,3.580344567229452e-17,0.006000197233692088,0.1658346549888615,False,False,0.01275151710927725,0.001208190655336274,0.0012138439992900709,-0.0012138439992900709
B_driven_pluck_w0p000_c0p300_s0p000_b0p750,previous_AB,highpass_10hz,-4.0595004891842655e-16,7.094380197440666e-14,0.005722135516008504,0.1571392663748814,False,False,0.006944323860585375,-3.6272224501971347e-07,2.135572139971253e-31,1.1656002104664347e-32
B_driven_pluck_w0p000_c0p300_s0p000_b0p750,previous_AB,highpass_20hz,-8.580104901532022e-17,1.5251555934623735e-14,0.005625724311874084,0.156781730665412,False,False,0.004187366690976905,-3.353077278501913e-07,4.067849530494645e-59,7.365542442307227e-62
A_driven_pluck_w0p000_c0p575_s0p000_b0p500,previous_AB,raw,4.661182782668678e-05,0.005290235316148977,0.008810917670221489,0.18371734023094177,False,False,0.0026862390448313864,9.544945665570235e-05,0.0,0.0
A_driven_pluck_w0p000_c0p575_s0p000_b0p500,previous_AB,subtract_clip_mean,3.0881487003934816e-19,3.5049605844270965e-17,0.008810794375589976,0.18367072840311507,False,False,0.002639627217004554,4.883762882901616e-05,4.661182782668678e-05,-4.661182782668678e-05
A_driven_pluck_w0p000_c0p575_s0p000_b0p500,previous_AB,highpass_10hz,1.0994435604642008e-15,1.2489918840184483e-13,0.008802647755619534,0.1721299178927818,False,False,0.005120906429003603,2.3566366136938248e-06,4.967388799884665e-34,-9.936884255119712e-35
A_driven_pluck_w0p000_c0p575_s0p000_b0p500,previous_AB,highpass_20hz,-7.689448305437644e-17,8.743869946293449e-15,0.008794101870988169,0.1819088840555109,False,False,0.0043175049797484375,2.5005322593534413e-06,2.7321428887553398e-61,3.3273726748618364e-63
A_driven_pluck_w0p000_c0p575_s0p400_b0p500,previous_AB,raw,4.6283902711532156e-05,0.005148774010747298,0.008989305534661535,0.18388086557388306,False,False,0.002673588278538569,9.539420447230371e-05,0.0,0.0
A_driven_pluck_w0p000_c0p575_s0p400_b0p500,previous_AB,subtract_clip_mean,4.028020043991498e-20,4.48096176136511e-18,0.008989186381194145,0.18383458167117153,False,False,0.0026273043758271554,4.911030176077165e-05,4.6283902711532156e-05,-4.6283902711532156e-05
A_driven_pluck_w0p000_c0p575_s0p400_b0p500,previous_AB,highpass_10hz,-5.79724602915762e-16,6.45479843721725e-14,0.008981296760146223,0.1727624678098397,False,False,0.005113053307180961,2.8378575267522646e-06,6.017065091656197e-34,-2.30431754944682e-34
A_driven_pluck_w0p000_c0p575_s0p400_b0p500,previous_AB,highpass_20hz,1.8522955068650215e-16,2.0642948923492783e-14,0.008973017923602038,0.18262464911093643,False,False,0.004314603328276482,2.9642572726504537e-06,6.017062421208162e-61,4.417776769790953e-63
A_driven_pluck_w0p000_c0p575_s1p000_b0p500,previous_AB,raw,4.583256559018437e-05,0.005015652121751705,0.009137907589607202,0.18413253128528595,False,False,0.002658752104522681,9.497312294842726e-05,0.0,0.0
A_driven_pluck_w0p000_c0p575_s1p000_b0p500,previous_AB,subtract_clip_mean,4.497955715790506e-19,4.9223657054530607e-17,0.00913779264878189,0.18408669871969577,False,False,0.002612919538932769,4.914055735824378e-05,4.583256559018437e-05,-4.583256559018437e-05
A_driven_pluck_w0p000_c0p575_s1p000_b0p500,previous_AB,highpass_10hz,1.0704620611440373e-15,1.1724449037813125e-13,0.009130169423668736,0.1736288659156683,False,False,0.0051016344847379744,3.217005522704154e-06,9.816687881360859e-34,-3.3539250633121076e-34
A_driven_pluck_w0p000_c0p575_s1p000_b0p500,previous_AB,highpass_20hz,1.8658418221900491e-16,2.045392875785699e-14,0.009122168382801868,0.18359941206565897,False,False,0.004311418743753845,3.324370710772532e-06,8.64192314376439e-61,5.216372296841914e-63
B_driven_pluck_w0p000_c0p575_s0p000_b0p250,previous_AB,raw,-0.0013293701833076012,0.15733411000842773,0.008449345048167828,0.17065563797950745,False,False,0.015805698239695992,-0.002653091673822925,0.0,0.0
B_driven_pluck_w0p000_c0p575_s0p000_b0p250,previous_AB,subtract_clip_mean,3.222416035193198e-19,3.861904056889338e-17,0.008344112095287964,0.17198500816281503,False,False,0.01447632805638931,-0.0013237214905153238,0.0013293701833076012,0.0013293701833076012
B_driven_pluck_w0p000_c0p575_s0p000_b0p250,previous_AB,highpass_10hz,-5.662602640924108e-16,6.9674031561695e-14,0.008127278577112311,0.16856177403715322,False,False,0.006963529750503901,3.819016639707695e-07,2.369327688872928e-31,-1.2527747231958758e-32
B_driven_pluck_w0p000_c0p575_s0p000_b0p250,previous_AB,highpass_20hz,1.9769511886274738e-16,2.4541134093579855e-14,0.008055663528380537,0.16644017350341161,False,False,0.0041899677063269745,5.684669778270006e-07,4.419427484648184e-59,-8.38222090632045e-62
B_driven_pluck_w0p000_c0p575_s0p000_b0p500,previous_AB,raw,4.661181992281228e-05,0.005290234417262855,0.008810917673271848,0.18371735513210297,False,False,0.0026862390178393983,9.544944120913013e-05,0.0,0.0
B_driven_pluck_w0p000_c0p575_s0p000_b0p500,previous_AB,subtract_clip_mean,-2.014010021995749e-20,2.2858438586067418e-18,0.00881079437868219,0.18367074331218014,False,False,0.002639627197916543,4.88376212863178e-05,4.661181992281228e-05,-4.661181992281228e-05
B_driven_pluck_w0p000_c0p575_s0p000_b0p500,previous_AB,highpass_10hz,-2.003247341251643e-15,2.275732706878327e-13,0.008802647759101473,0.1721299462569149,False,False,0.005120906840240483,2.3566359832525448e-06,4.96739849601086e-34,-9.93700209267798e-35
B_driven_pluck_w0p000_c0p575_s0p000_b0p500,previous_AB,highpass_20hz,-3.4240530541922256e-16,3.893579018345674e-14,0.008794101874031202,0.18190887145030935,False,False,0.004317505430975356,2.5005318302735883e-06,2.7321691872292965e-61,3.3273777026010144e-63
B_driven_pluck_w0p000_c0p575_s0p000_b0p750,previous_AB,raw,0.0012390812246135421,0.14623596341735434,0.00847316347947345,0.17980782687664032,False,False,0.01494602278634088,0.0024762289461400114,0.0,0.0
B_driven_pluck_w0p000_c0p575_s0p000_b0p750,previous_AB,subtract_clip_mean,3.222416035193198e-19,3.844413384938702e-17,0.008382074747262328,0.17856874565202677,False,False,0.013706941561726568,0.00123714772152647,0.0012390812246135421,-0.0012390812246135421
B_driven_pluck_w0p000_c0p575_s0p000_b0p750,previous_AB,highpass_10hz,9.590495442397601e-16,1.1752614720306557e-13,0.008160307872448865,0.17084352436048894,False,False,0.007441832785595401,2.961725992864876e-06,2.1481504934557463e-31,1.1138134032976066e-32
B_driven_pluck_w0p000_c0p575_s0p000_b0p750,previous_AB,highpass_20hz,-6.670405388704133e-16,8.254636694555274e-14,0.008080798265905399,0.17833276370637227,False,False,0.004458589694782251,2.991722900688296e-06,3.9466612431918625e-59,8.094811083013979e-62
A_driven_pluck_w0p000_c0p850_s0p000_b0p500,previous_AB,raw,4.67096249827696e-05,0.004953372629705249,0.009429862938768865,0.18894915282726288,False,False,0.00271811546681296,9.709455493077869e-05,0.0,0.0
A_driven_pluck_w0p000_c0p850_s0p000_b0p500,previous_AB,subtract_clip_mean,5.13572555608916e-19,5.4463024493805545e-17,0.00942974725297028,0.1889024432022801,False,False,0.0026714058418300653,5.038492994801012e-05,4.67096249827696e-05,-4.67096249827696e-05
A_driven_pluck_w0p000_c0p850_s0p000_b0p500,previous_AB,highpass_10hz,-9.587598205063874e-16,1.0175685461902055e-13,0.009422066199825073,0.17858417350890457,False,False,0.005287255968272296,3.5064124655030696e-06,1.2633020346927751e-33,-4.11347678029863e-34
A_driven_pluck_w0p000_c0p850_s0p000_b0p500,previous_AB,highpass_20hz,-2.955538728007699e-17,3.1395148786773938e-15,0.009413998156469322,0.18982965422722015,False,False,0.004476695464743873,3.5969335395389417e-06,1.0540723091339747e-60,5.761933954208143e-63
A_driven_pluck_w0p000_c0p850_s0p400_b0p500,previous_AB,raw,4.652446807490379e-05,0.004918639072390787,0.009458809111661408,0.18903063237667084,False,False,0.002709220034068201,9.678351935678822e-05,0.0,0.0
A_driven_pluck_w0p000_c0p850_s0p400_b0p500,previous_AB,subtract_clip_mean,-3.9608863765916393e-19,4.1875612918969256e-17,0.00945869469243612,0.18898410790859593,False,False,0.0026626955659935603,5.025905128188364e-05,4.652446807490379e-05,-4.652446807490379e-05
A_driven_pluck_w0p000_c0p850_s0p400_b0p500,previous_AB,highpass_10hz,-4.531747027690803e-16,4.794943265082005e-14,0.009451096242769203,0.17870573034551882,False,False,0.0052774205377465215,3.553150688758058e-06,1.3100827635179161e-33,-4.240287669760709e-34
A_driven_pluck_w0p000_c0p850_s0p400_b0p500,previous_AB,highpass_20hz,8.190695539297367e-16,8.673722456840393e-14,0.009443114625875429,0.19010020828063487,False,False,0.004470907910982007,3.6412335947491063e-06,1.0857679907030071e-60,5.857571126762565e-63
A_driven_pluck_w0p000_c0p850_s1p000_b0p500,previous_AB,raw,4.6251836714610786e-05,0.004872300678536153,0.009492812485560068,0.1891513168811798,False,False,0.002694868426540309,9.629657182403788e-05,0.0,0.0
A_driven_pluck_w0p000_c0p850_s1p000_b0p500,previous_AB,subtract_clip_mean,-2.248977857895253e-19,2.3691656781246532e-17,0.009492699808463642,0.1891050650444652,False,False,0.0026486165898259133,5.0044735109426636e-05,4.6251836714610786e-05,-4.6251836714610786e-05
A_driven_pluck_w0p000_c0p850_s1p000_b0p500,previous_AB,highpass_10hz,-2.4420731666812016e-16,2.5746100804425465e-14,0.00948521558752476,0.17905652483240928,False,False,0.005263352174978125,3.599360087609062e-06,1.3552774888994801e-33,-4.3627370849002076e-34
A_driven_pluck_w0p000_c0p850_s1p000_b0p500,previous_AB,highpass_20hz,2.4604593998403377e-16,2.596146088696533e-14,0.0094773534145595,0.19050347454783512,False,False,0.0044610887120870735,3.6850849485433417e-06,1.1163834478385068e-60,5.949998341693348e-63
B_driven_pluck_w0p000_c0p850_s0p000_b0p250,previous_AB,raw,-0.0012488633136549729,0.13789448244098276,0.009056659059505676,0.18104106187820435,False,False,0.015253572843106494,-0.0024906952570081732,0.0,0.0
B_driven_pluck_w0p000_c0p850_s0p000_b0p250,previous_AB,subtract_clip_mean,2.1482773567954653e-19,2.3949206237995002e-17,0.008970140118411359,0.18228992519185933,False,False,0.014004709529450966,-0.0012418319433532003,0.0012488633136549729,0.0012488633136549729
B_driven_pluck_w0p000_c0p850_s0p000_b0p250,previous_AB,highpass_10hz,-1.429263610965767e-15,1.6256424939838872e-13,0.008791992189273647,0.17889325106095416,False,False,0.006810649757825719,1.927332779805476e-06,2.228025751744628e-31,-1.1985658297832852e-32
B_driven_pluck_w0p000_c0p850_s0p000_b0p250,previous_AB,highpass_20hz,7.153497161386407e-16,8.191913612884509e-14,0.008732388425257748,0.17716815855447546,False,False,0.004219063857938966,2.102100119714974e-06,4.20648003816027e-59,-7.644457477382428e-62
B_driven_pluck_w0p000_c0p850_s0p000_b0p500,previous_AB,raw,4.6709627997447945e-05,0.00495337296701116,0.009429862905242182,0.18894915282726288,False,False,0.002718115770482723,9.709456105615085e-05,0.0,0.0
B_driven_pluck_w0p000_c0p850_s0p000_b0p500,previous_AB,subtract_clip_mean,-5.437827059388522e-19,5.766673202209371e-17,0.00942974721942825,0.18890244319926544,False,False,0.0026714061424853463,5.038493305870181e-05,4.6709627997447945e-05,-4.6709627997447945e-05
B_driven_pluck_w0p000_c0p850_s0p000_b0p500,previous_AB,highpass_10hz,-2.946398059605787e-16,3.127125205994272e-14,0.009422066164661217,0.1785841735624169,False,False,0.005287256247558135,3.5064123790830254e-06,1.2633036256397997e-33,-4.113479240065295e-34
B_driven_pluck_w0p000_c0p850_s0p000_b0p500,previous_AB,highpass_20hz,8.58754992035031e-17,9.122107112053616e-15,0.009413998120021019,0.18982965624726983,False,False,0.004476695680786407,3.5969333944441367e-06,1.0540730791356027e-60,5.761935467437847e-63
B_driven_pluck_w0p000_c0p850_s0p000_b0p750,previous_AB,raw,0.0012918454356193622,0.14122360874076162,0.009147517523013803,0.18841223418712616,False,False,0.015867326053181745,0.0025822065726500212,0.0,0.0
B_driven_pluck_w0p000_c0p850_s0p000_b0p750,previous_AB,subtract_clip_mean,6.444832070386396e-19,7.116770049102922e-17,0.00905583856991245,0.1871203887515068,False,False,0.014575480617561896,0.0012903611370306599,0.0012918454356193622,-0.0012918454356193622
B_driven_pluck_w0p000_c0p850_s0p000_b0p750,previous_AB,highpass_10hz,5.767329588622558e-16,6.533161229345586e-14,0.008827777833978635,0.1806803112406489,False,False,0.007797681135712375,3.3472739318352415e-06,2.225282196578508e-31,1.1345852255404658e-32
B_driven_pluck_w0p000_c0p850_s0p000_b0p750,previous_AB,highpass_20hz,4.662011517571803e-16,5.330412831032875e-14,0.008746060887498736,0.19049995123707547,False,False,0.004675371374776964,3.3142341372684582e-06,4.043213215045768e-59,8.510181923960494e-62
A_driven_pluck_w0p500_c0p300_s0p000_b0p500,previous_AB,raw,6.003934227213048e-05,0.00910588994839248,0.006593462320805842,0.17989514768123627,False,False,0.0036060335188410285,0.00011927643789823197,0.0,0.0
A_driven_pluck_w0p500_c0p300_s0p000_b0p500,previous_AB,subtract_clip_mean,-6.713366739985829e-21,1.01822756505386e-18,0.006593188959317479,0.17983510833896413,False,False,0.003545994176568697,5.923709562610149e-05,6.003934227213048e-05,-6.003934227213048e-05
A_driven_pluck_w0p500_c0p300_s0p000_b0p500,previous_AB,highpass_10hz,1.1022747130940793e-15,1.6764124592329066e-13,0.0065751999576432315,0.16523356871223127,False,False,0.005871834460535673,-6.752348608483745e-07,5.280849141242585e-34,1.4497176781379856e-34
A_driven_pluck_w0p500_c0p300_s0p000_b0p500,previous_AB,highpass_20hz,-7.473498178756256e-17,1.1398545512538014e-14,0.006556536683154584,0.17353611695424398,False,False,0.004861969986169985,-6.592949030100483e-07,3.6158511906923585e-61,-1.2707778696285392e-63
A_driven_pluck_w0p500_c0p300_s0p400_b0p500,previous_AB,raw,5.954669064746052e-05,0.008514393620877672,0.006993650199756961,0.1801174283027649,False,False,0.0035607468126227586,0.00011786881541202576,0.0,0.0
A_driven_pluck_w0p500_c0p300_s0p400_b0p500,previous_AB,subtract_clip_mean,1.812609019796174e-19,2.5918864599281314e-17,0.006993396693180899,0.18005788161211744,False,False,0.0035012001219753646,5.832212476456559e-05,5.954669064746052e-05,-5.954669064746052e-05
A_driven_pluck_w0p500_c0p300_s0p400_b0p500,previous_AB,highpass_10hz,-3.2375074738319756e-16,4.640430183786738e-14,0.006976739969375138,0.16552131734850936,False,False,0.0058322576647572314,-9.673608994068896e-07,9.892156117328416e-34,2.6404485733478217e-34
A_driven_pluck_w0p500_c0p300_s0p400_b0p500,previous_AB,highpass_20hz,-3.941151176303187e-16,5.6630173364932875e-14,0.006959454548913085,0.17496397681149825,False,False,0.004831181884973557,-9.196114359178774e-07,6.580333304954924e-61,-2.01901156804043e-63
A_driven_pluck_w0p500_c0p300_s1p000_b0p500,previous_AB,raw,5.880994171598031e-05,0.007520133785543413,0.007820331844233358,0.18043656647205353,False,False,0.0034630992973719273,0.00011648061770771412,0.0,0.0
A_driven_pluck_w0p500_c0p300_s1p000_b0p500,previous_AB,subtract_clip_mean,-9.398713435980162e-20,1.2018644981339771e-17,0.00782011071179211,0.18037775653033755,False,False,0.0034042893556560567,5.767067599173361e-05,5.880994171598031e-05,-5.880994171598031e-05
A_driven_pluck_w0p500_c0p300_s1p000_b0p500,previous_AB,highpass_10hz,1.14409363817007e-15,1.4657335524885336e-13,0.007805604478574015,0.1668111765294922,False,False,0.005763818485059296,-6.829284841174456e-07,1.5533825666710387e-33,3.853104244736323e-34
A_driven_pluck_w0p500_c0p300_s1p000_b0p500,previous_AB,highpass_20hz,5.630332850657615e-16,7.22714305544784e-14,0.007790537432925801,0.17699644274032045,False,False,0.004775937281329243,-5.582017688719548e-07,9.517308442788305e-61,-1.9233129768717945e-63
B_driven_pluck_w0p500_c0p300_s0p000_b0p250,previous_AB,raw,-0.0016483683523727953,0.25091862696624234,0.006569334338795663,0.15776172280311584,True,False,0.018819781441824883,-0.003290329781483894,0.0,0.0
B_driven_pluck_w0p500_c0p300_s0p000_b0p250,previous_AB,subtract_clip_mean,-3.222416035193198e-19,5.067353664636782e-17,0.006359169397788964,0.15941009115548865,False,False,0.017171413089452792,-0.0016419614291110988,0.0016483683523727953,0.0016483683523727953
B_driven_pluck_w0p500_c0p300_s0p000_b0p250,previous_AB,highpass_10hz,-8.249830859604664e-17,1.394733404525782e-14,0.005914987647700069,0.15599808007301508,False,False,0.008068708894668238,-6.566129516908384e-07,2.95052798578608e-31,-1.584241370150682e-32
B_driven_pluck_w0p500_c0p300_s0p000_b0p250,previous_AB,highpass_20hz,1.6950994022393703e-16,2.940641926771498e-14,0.005764385615287759,0.1537695680242677,False,False,0.004570824217035099,-6.659986914281304e-07,5.557273235383752e-59,-1.0406149904626404e-61
B_driven_pluck_w0p500_c0p300_s0p000_b0p500,previous_AB,raw,6.0039333179446576e-05,0.009105888743773445,0.006593462194505849,0.17989514768123627,False,False,0.00360603280184717,0.00011927642018597422,0.0,0.0
B_driven_pluck_w0p500_c0p300_s0p000_b0p500,previous_AB,subtract_clip_mean,3.3566833699929145e-21,5.091137922735914e-19,0.006593188833095048,0.17983510834805683,False,False,0.003545993468667409,5.9237087006527677e-05,6.0039333179446576e-05,-6.0039333179446576e-05
B_driven_pluck_w0p500_c0p300_s0p000_b0p500,previous_AB,highpass_10hz,2.0355856288381548e-16,3.095853628515348e-14,0.006575199841777865,0.16523356892500787,False,False,0.005871834298821269,-6.752370487040861e-07,5.280652985993351e-34,1.4496828366107187e-34
B_driven_pluck_w0p500_c0p300_s0p000_b0p500,previous_AB,highpass_20hz,-9.22224105262055e-17,1.4065720441045246e-14,0.006556536575054545,0.17353609191696587,False,False,0.0048619701960250904,-6.592954339071238e-07,3.615790753771633e-61,-1.270790437147061e-63
B_driven_pluck_w0p500_c0p300_s0p000_b0p750,previous_AB,raw,0.0017078031458360827,0.24622996730771562,0.006935805436313229,0.17988944053649902,True,False,0.020754105322855248,0.003407938181686119,0.0,0.0
B_driven_pluck_w0p500_c0p300_s0p000_b0p750,previous_AB,subtract_clip_mean,-3.222416035193198e-19,4.7936484302373614e-17,0.006722261930739125,0.17818163739066295,False,False,0.019046302177020243,0.001700135035850036,0.0017078031458360827,-0.0017078031458360827
B_driven_pluck_w0p500_c0p300_s0p000_b0p750,previous_AB,highpass_10hz,-1.2535978805785065e-15,2.0292287766794018e-13,0.006177706008239615,0.16523376995276443,False,False,0.00967215087086539,-3.901217772745362e-07,2.962593528323707e-31,1.6110741184560808e-32
B_driven_pluck_w0p500_c0p300_s0p000_b0p750,previous_AB,highpass_20hz,5.811690781765896e-17,9.728149866428795e-15,0.005974096679803072,0.1693502782270977,False,False,0.005532985095882464,-3.606023734026757e-07,5.6287558561198985e-59,1.0255273388866146e-61
A_driven_pluck_w0p500_c0p575_s0p000_b0p500,previous_AB,raw,5.879622076889725e-05,0.006150868221669113,0.009559011614289174,0.18687358498573303,False,False,0.003402221294285638,0.00011936904131081724,0.0,0.0
A_driven_pluck_w0p500_c0p575_s0p000_b0p500,previous_AB,subtract_clip_mean,9.06304509898087e-20,9.48133228774968e-18,0.009558830788675915,0.18681478876496413,False,False,0.003343425073517078,6.057282054192017e-05,5.879622076889725e-05,-5.879622076889725e-05
A_driven_pluck_w0p500_c0p575_s0p000_b0p500,previous_AB,highpass_10hz,-1.238514204270022e-15,1.2972934823208902e-13,0.00954690839927978,0.17771728946690624,False,False,0.006064353595129218,2.0119654675755883e-06,5.646817850777414e-34,-6.441383237505837e-36
A_driven_pluck_w0p500_c0p575_s0p000_b0p500,previous_AB,highpass_20hz,-4.586991742179568e-17,4.810955120573623e-15,0.009534472110462442,0.1914829108444352,False,False,0.005059062323050983,2.177778600631605e-06,9.783080006840791e-62,2.9582849182453757e-63
A_driven_pluck_w0p500_c0p575_s0p400_b0p500,previous_AB,raw,5.838084357289892e-05,0.0059400953294990585,0.009828267112646205,0.18699224293231964,False,False,0.0033766909559994366,0.00011923915469860033,0.0,0.0
A_driven_pluck_w0p500_c0p575_s0p400_b0p500,previous_AB,subtract_clip_mean,-5.90776273118753e-19,6.011097269892023e-17,0.009828093717228521,0.18693386208874674,False,False,0.0033183101124266436,6.085831112570025e-05,5.838084357289892e-05,-5.838084357289892e-05
A_driven_pluck_w0p500_c0p575_s0p400_b0p500,previous_AB,highpass_10hz,-6.006900276593164e-17,6.1191014409766675e-15,0.009816637842229341,0.17848460867589563,False,False,0.00605774218114581,2.5742357113782814e-06,6.030023372599795e-34,-1.6705935290523913e-34
A_driven_pluck_w0p500_c0p575_s0p400_b0p500,previous_AB,highpass_20hz,-1.4317576267096715e-16,1.4602790214108255e-14,0.009804685308198165,0.19244573107234153,False,False,0.005059026730143862,2.724301812693635e-06,4.499278273000579e-61,4.3782249754525857e-63
A_driven_pluck_w0p500_c0p575_s1p000_b0p500,previous_AB,raw,5.779891686156136e-05,0.005710810116802891,0.010120966321660716,0.18716423213481903,False,False,0.003356233059522081,0.00011875653252903726,0.0,0.0
A_driven_pluck_w0p500_c0p575_s1p000_b0p500,previous_AB,subtract_clip_mean,-3.021015032993623e-19,2.984956377580879e-17,0.010120801280995495,0.18710643321795747,False,False,0.003298434142660552,6.095761566747529e-05,5.779891686156136e-05,-5.779891686156136e-05
A_driven_pluck_w0p500_c0p575_s1p000_b0p500,previous_AB,highpass_10hz,2.5802543942903298e-15,2.5522118334300265e-13,0.010109875522450719,0.17959045397526688,False,False,0.0060531929918403865,3.1084369483261877e-06,9.011613947872258e-34,-3.26596163052078e-34
A_driven_pluck_w0p500_c0p575_s1p000_b0p500,previous_AB,highpass_20hz,3.301363130128325e-16,3.269170344141779e-14,0.010098473871342415,0.193808763318335,False,False,0.005064128741196585,3.2361112896912327e-06,8.496756828935895e-61,5.682901415019464e-63
B_driven_pluck_w0p500_c0p575_s0p000_b0p250,previous_AB,raw,-0.0016672021301202484,0.17963763578489692,0.009280917792286035,0.17704305052757263,False,False,0.01937961059991973,-0.0033274370921191274,0.0,0.0
B_driven_pluck_w0p500_c0p575_s0p000_b0p250,previous_AB,subtract_clip_mean,0.0,0.0,0.009129943708725372,0.1787102526576929,False,False,0.017712408469798154,-0.0016602349619988788,0.0016672021301202484,0.0016672021301202484
B_driven_pluck_w0p500_c0p575_s0p000_b0p250,previous_AB,highpass_10hz,3.124503679217611e-16,3.543754079776389e-14,0.008816931448625711,0.17354947497211087,False,False,0.00849868869186313,2.7448735506725066e-07,2.9724503619043113e-31,-1.5770626100748573e-32
B_driven_pluck_w0p500_c0p575_s0p000_b0p250,previous_AB,highpass_20hz,6.9923029321780285e-16,8.024966657929827e-14,0.008713186272579242,0.17121899959556272,False,False,0.00494391903923878,4.6324081443649376e-07,5.557750058411525e-59,-1.0451854791250697e-61
B_driven_pluck_w0p500_c0p575_s0p000_b0p500,previous_AB,raw,5.879620657612186e-05,0.006150866668273698,0.009559011720965105,0.18687359988689423,False,False,0.003402220579572116,0.00011936901272175367,0.0,0.0
B_driven_pluck_w0p500_c0p575_s0p000_b0p500,previous_AB,subtract_clip_mean,-3.8266190417919227e-19,4.003229143447792e-17,0.009558830895441165,0.1868148036803181,False,False,0.0033434243729960843,6.0572806145631025e-05,5.879620657612186e-05,-5.879620657612186e-05
B_driven_pluck_w0p500_c0p575_s0p000_b0p500,previous_AB,highpass_10hz,1.0044498406788227e-15,1.0521205261447349e-13,0.009546908512082822,0.17771727682313482,False,False,0.00606435373756889,2.011964008734426e-06,5.646661500545612e-34,-6.443328012780583e-36
B_driven_pluck_w0p500_c0p575_s0p000_b0p500,previous_AB,highpass_20hz,3.942450842145506e-16,4.134943966587364e-14,0.009534472229860164,0.19148291505018672,False,False,0.005059062637195079,2.1777784340969887e-06,9.783149283089259e-62,2.9582642093752454e-63
B_driven_pluck_w0p500_c0p575_s0p000_b0p750,previous_AB,raw,0.001716699864606644,0.18055303112023352,0.0095080091093207,0.1868741810321808,False,False,0.020898561931601736,0.0034288332139941363,0.0,0.0
B_driven_pluck_w0p500_c0p575_s0p000_b0p750,previous_AB,subtract_clip_mean,-1.0741386783977326e-19,1.1485967663125054e-17,0.009351747366015878,0.18515748116757413,False,False,0.019181862066993818,0.001712133349387492,0.001716699864606644,-0.001716699864606644
B_driven_pluck_w0p500_c0p575_s0p000_b0p750,previous_AB,highpass_10hz,1.8160418579201235e-15,2.0263831143976172e-13,0.008961986729049399,0.1776971381884068,False,False,0.010026739543812424,2.461998773845963e-06,2.9715595078348247e-31,1.5690128977917368e-32
B_driven_pluck_w0p500_c0p575_s0p000_b0p750,previous_AB,highpass_20hz,3.038335519182787e-16,3.444723947461068e-14,0.008820258358938139,0.19141223319085485,False,False,0.005860539283306077,2.5424198372085347e-06,5.528050286375712e-59,1.0895815281408228e-61
A_driven_pluck_w0p500_c0p850_s0p000_b0p500,previous_AB,raw,5.812080660290159e-05,0.005445748858118021,0.010672693162531804,0.19197510182857513,False,False,0.003389330494205431,0.0001200313079485947,0.0,0.0
A_driven_pluck_w0p500_c0p850_s0p000_b0p500,previous_AB,subtract_clip_mean,-2.8196140307940484e-19,2.6419347003381982e-17,0.010672534905700377,0.19191698102197224,False,False,0.003331209687602376,6.191050134569255e-05,5.812080660290159e-05,-5.812080660290159e-05
A_driven_pluck_w0p500_c0p850_s0p000_b0p500,previous_AB,highpass_10hz,-6.399174882773174e-16,6.001829073615102e-14,0.010662041194916498,0.187521202275446,False,False,0.006291714099847414,3.6127757868346866e-06,1.3602794147395271e-33,-4.53603387848484e-34
A_driven_pluck_w0p500_c0p850_s0p000_b0p500,previous_AB,highpass_20hz,-5.669375274104846e-17,5.322820268701691e-15,0.010651074032014395,0.20466800745785,False,False,0.005285914819009529,3.712792211183335e-06,1.1683328572790484e-60,6.717041193108088e-63
A_driven_pluck_w0p500_c0p850_s0p400_b0p500,previous_AB,raw,5.786820757175358e-05,0.005381692723710424,0.010752789232428747,0.19203239679336548,False,False,0.003378325162497412,0.00011963071404020129,0.0,0.0
A_driven_pluck_w0p500_c0p850_s0p400_b0p500,previous_AB,subtract_clip_mean,-3.5580843721924895e-19,3.309035285744904e-17,0.010752633516845444,0.19197452858579372,False,False,0.003320456954925822,6.176250646844702e-05,5.786820757175358e-05,-5.786820757175358e-05
A_driven_pluck_w0p500_c0p850_s0p400_b0p500,previous_AB,highpass_10hz,-2.3103233444089794e-16,2.15067722239372e-14,0.010742306285447948,0.18804016554691708,False,False,0.006286142718110769,3.6983241482253334e-06,1.4266008545149728e-33,-4.722472640558761e-34
A_driven_pluck_w0p500_c0p850_s0p400_b0p500,previous_AB,highpass_20hz,-1.5371931492882553e-16,1.432410511867209e-14,0.010731512625416701,0.20532253525490896,False,False,0.00528485088275138,3.7931053616462307e-06,1.215167047979515e-60,6.897132875099935e-63
A_driven_pluck_w0p500_c0p850_s1p000_b0p500,previous_AB,raw,5.749753396013241e-05,0.005299692495445333,0.010849220782063676,0.19212384521961212,False,False,0.003359917143680252,0.00011899171197886391,0.0,0.0
A_driven_pluck_w0p500_c0p850_s1p000_b0p500,previous_AB,subtract_clip_mean,3.356683369992915e-19,3.093983040406782e-17,0.01084906842136922,0.19206634768565198,False,False,0.0033024196097201875,6.149417801873218e-05,5.749753396013241e-05,-5.749753396013241e-05
A_driven_pluck_w0p500_c0p850_s1p000_b0p500,previous_AB,highpass_10hz,1.2861344222765584e-15,1.1865844721376478e-13,0.010838962184964126,0.18878208471765864,False,False,0.006275212767002822,3.7834530015991754e-06,1.4849907145809023e-33,-4.886741722021801e-34
A_driven_pluck_w0p500_c0p850_s1p000_b0p500,previous_AB,highpass_20hz,3.3719059290758323e-16,3.1139470037664607e-14,0.010828398572606916,0.2062751447308711,False,False,0.005280639718090525,3.87296526058486e-06,1.256287711489034e-60,7.065267401956532e-63
B_driven_pluck_w0p500_c0p850_s0p000_b0p250,previous_AB,raw,-0.0016860636546430763,0.16085349255655093,0.010481983498432964,0.18404334783554077,False,False,0.019851205078422994,-0.003362616133432074,0.0,0.0
B_driven_pluck_w0p500_c0p850_s0p000_b0p250,previous_AB,subtract_clip_mean,3.222416035193198e-19,3.1148026568740274e-17,0.010345490196888333,0.18482918763897993,False,False,0.018165141423779247,-0.0016765524787889976,0.0016860636546430763,0.0016860636546430763
B_driven_pluck_w0p500_c0p850_s0p000_b0p250,previous_AB,highpass_10hz,9.788625776238537e-16,9.726505305575473e-14,0.010063867204829935,0.18267947388975952,False,False,0.00880521759032242,2.436184810042049e-06,3.0102983207794037e-31,-1.632943257518516e-32
B_driven_pluck_w0p500_c0p850_s0p000_b0p250,previous_AB,highpass_20hz,-5.519782581794005e-17,5.5358534080985955e-15,0.00997096955948819,0.1830940573225445,False,False,0.005202311898420064,2.604931871986511e-06,5.715963089748006e-59,-1.0199494482949345e-61
B_driven_pluck_w0p500_c0p850_s0p000_b0p500,previous_AB,raw,5.812078835825534e-05,0.005445747099792865,0.010672693258279664,0.19197513163089752,False,False,0.003389329759389808,0.00012003127185513591,0.0,0.0
B_driven_pluck_w0p500_c0p850_s0p000_b0p500,previous_AB,subtract_clip_mean,-2.6182130285944737e-19,2.4532250568533774e-17,0.010672535001549013,0.19191701084253926,False,False,0.0033312089710317108,6.191048349688005e-05,5.812078835825534e-05,-5.812078835825534e-05
B_driven_pluck_w0p500_c0p850_s0p000_b0p500,previous_AB,highpass_10hz,-5.50185999052535e-16,5.160231364445646e-14,0.01066204129612007,0.1875212334829212,False,False,0.0062917140987478635,3.6127742884497574e-06,1.3602911685766753e-33,-4.536059172467047e-34
B_driven_pluck_w0p500_c0p850_s0p000_b0p500,previous_AB,highpass_20hz,-6.589796735500859e-16,6.186978561586243e-14,0.010651074138862604,0.20466802511350266,False,False,0.005285914986549663,3.712791963416329e-06,1.1683370261916292e-60,6.717037583800936e-63
B_driven_pluck_w0p500_c0p850_s0p000_b0p750,previous_AB,raw,0.0017313578181462246,0.16273656729714167,0.010639021376092616,0.19197465479373932,False,False,0.02111090953698616,0.0034594980241272884,0.0,0.0
B_driven_pluck_w0p500_c0p850_s0p000_b0p750,previous_AB,subtract_clip_mean,4.2965547135909306e-19,4.0930489419880834e-17,0.01049719848085667,0.19024329697559308,False,False,0.01937955171884078,0.0017281402059810638,0.0017313578181462246,-0.0017313578181462246
B_driven_pluck_w0p500_c0p850_s0p000_b0p750,previous_AB,highpass_10hz,-1.6812133276194863e-15,1.6570783907769424e-13,0.01014564752625389,0.1875073542595617,False,False,0.010319030124631017,3.488768056543014e-06,2.990908338643529e-31,1.5450058763914128e-32
B_driven_pluck_w0p500_c0p850_s0p000_b0p750,previous_AB,highpass_20hz,5.987483961224862e-16,5.976308618399017e-14,0.010018699407174923,0.20458998646689464,False,False,0.006119213129634726,3.495806744430054e-06,5.482362450589449e-59,1.1242572588512217e-61
A_driven_pluck_w1p000_c0p300_s0p000_b0p500,previous_AB,raw,-0.0014442461289000015,0.3326113401631723,0.0043421433802933,0.09966985136270523,True,False,0.01798817762360906,-0.0028824598500619032,0.0,0.0
A_driven_pluck_w1p000_c0p300_s0p000_b0p500,previous_AB,subtract_clip_mean,1.0741386783977326e-19,2.623101111341965e-17,0.004094919077855176,0.09891699577937836,False,False,0.016543931494709185,-0.0014382137211619017,0.0014442461289000015,0.0014442461289000015
A_driven_pluck_w1p000_c0p300_s0p000_b0p500,previous_AB,highpass_10hz,5.294446853721051e-16,1.5341982399683486e-13,0.003450953544197964,0.09899689972195855,False,False,0.007525286604651676,-2.784682048475312e-08,2.5227002319000596e-31,-1.3599706220688713e-32
A_driven_pluck_w1p000_c0p300_s0p000_b0p500,previous_AB,highpass_20hz,-2.0039260075584692e-16,6.283754819513482e-14,0.00318905823845244,0.09840452595127246,False,False,0.003945858948188885,-1.3364912369912491e-08,4.764785254419943e-59,-8.846425583178139e-62
A_driven_pluck_w1p000_c0p300_s0p400_b0p500,previous_AB,raw,-0.001484222955783816,0.3330530197108044,0.0044564164500672954,0.09983325749635696,True,False,0.018152791702038967,-0.0029620965043879615,0.0,0.0
A_driven_pluck_w1p000_c0p300_s0p400_b0p500,previous_AB,subtract_clip_mean,4.2965547135909306e-19,1.022504460295027e-16,0.004201991170142407,0.09909615690239332,False,False,0.016668568746255656,-0.0014778735486041454,0.001484222955783816,0.001484222955783816
A_driven_pluck_w1p000_c0p300_s0p400_b0p500,previous_AB,highpass_10hz,1.1014087772909208e-15,3.0952308072478013e-13,0.003558405966727453,0.09921412352730975,False,False,0.00755113725897985,1.1901607276503458e-07,2.6027814871833377e-31,-1.4022786505924522e-32
A_driven_pluck_w1p000_c0p300_s0p400_b0p500,previous_AB,highpass_20hz,2.2957909377837946e-16,6.948971647158715e-14,0.0033037851560705307,0.09868565949953423,False,False,0.0039524466494357275,1.4601846234938472e-07,4.914320232197881e-59,-9.129516563463532e-62
A_driven_pluck_w1p000_c0p300_s1p000_b0p500,previous_AB,raw,-0.0015485670164680915,0.3300876417012805,0.004691381381280243,0.10002604871988297,True,False,0.01828289851828705,-0.003089639922849875,0.0,0.0
A_driven_pluck_w1p000_c0p300_s1p000_b0p500,previous_AB,subtract_clip_mean,2.1482773567954653e-19,4.851102902600806e-17,0.004428430812390552,0.09936869998727803,False,False,0.01673433150181831,-0.0015410729063817833,0.0015485670164680915,0.0015485670164680915
A_driven_pluck_w1p000_c0p300_s1p000_b0p500,previous_AB,highpass_10hz,-8.754578484841158e-16,2.3046995062594757e-13,0.0037985769776337688,0.09949850804302597,False,False,0.007581209899299426,8.505050528810405e-07,2.7387930004238677e-31,-1.4867257039011572e-32
A_driven_pluck_w1p000_c0p300_s1p000_b0p500,previous_AB,highpass_20hz,6.058184104705337e-17,1.7021228916010815e-14,0.003559193131470536,0.09904244680081828,False,False,0.003963396208553404,8.746334886500886e-07,5.198627628297018e-59,-9.481570009128952e-62
B_driven_pluck_w1p000_c0p300_s0p000_b0p250,previous_AB,raw,-0.0016476232850253351,0.3845533761532214,0.004284511298553406,0.0928230881690979,True,False,0.01926895613939044,-0.003288486455774933,0.0,0.0
B_driven_pluck_w1p000_c0p300_s0p000_b0p250,previous_AB,subtract_clip_mean,-1.0741386783977326e-19,2.7158702296499536e-17,0.003955044194199874,0.09117546488407256,False,False,0.017621332854366418,-0.001640863170749598,0.0016476232850253351,0.0016476232850253351
B_driven_pluck_w1p000_c0p300_s0p000_b0p250,previous_AB,highpass_10hz,-4.0869757292903227e-16,1.332108014404176e-13,0.0030680513029706087,0.08625826747574634,False,False,0.008334482958265974,-1.831341048399929e-07,2.883362169788227e-31,-1.5547998426754897e-32
B_driven_pluck_w1p000_c0p300_s0p000_b0p250,previous_AB,highpass_20hz,-3.6692469735302355e-17,1.3642694611707415e-14,0.0026895324405938753,0.08057501846990583,False,False,0.0041059363611594445,-1.8162906226998972e-07,5.447165573114703e-59,-1.010204958078131e-61
B_driven_pluck_w1p000_c0p300_s0p000_b0p500,previous_AB,raw,-0.0014442461310978539,0.33261134088435057,0.004342143377486399,0.09966984391212463,True,False,0.01798817638622791,-0.0028824598533986213,0.0,0.0
B_driven_pluck_w1p000_c0p300_s0p000_b0p500,previous_AB,subtract_clip_mean,2.1482773567954653e-19,5.2462022274901985e-17,0.004094919074103647,0.09891700323215681,False,False,0.01654393025512948,-0.0014382137223007672,0.0014442461310978539,0.0014442461310978539
B_driven_pluck_w1p000_c0p300_s0p000_b0p500,previous_AB,highpass_10hz,4.285459104927108e-16,1.2418188093292834e-13,0.0034509536115351,0.09899689818299512,False,False,0.0075252858804107006,-2.7849458520245913e-08,2.5227003496543934e-31,-1.3599710834406292e-32
B_driven_pluck_w1p000_c0p300_s0p000_b0p500,previous_AB,highpass_20hz,-6.944872996160028e-17,2.1777189998755443e-14,0.0031890583663718433,0.09840452295848691,False,False,0.003945858646647452,-1.3367625815581622e-08,4.764786427444072e-59,-8.846422267861489e-62
B_driven_pluck_w1p000_c0p300_s0p000_b0p750,previous_AB,raw,-0.0015671784670031469,0.354312936384455,0.004423147748979297,0.09874950349330902,True,False,0.019644063879513233,-0.003127668895671367,0.0,0.0
B_driven_pluck_w1p000_c0p300_s0p000_b0p750,previous_AB,subtract_clip_mean,2.1482773567954653e-19,5.193837386531459e-17,0.004136204499521547,0.09718232502630587,False,False,0.018076885412508487,-0.00156049042866822,0.0015671784670031469,0.0015671784670031469
B_driven_pluck_w1p000_c0p300_s0p000_b0p750,previous_AB,highpass_10hz,-2.295768450627624e-16,6.958586211338034e-14,0.0032991880547330057,0.09334157558949355,False,False,0.008568761607818543,1.7676937523238028e-07,2.69551648498562e-31,-1.4569540024192597e-32
B_driven_pluck_w1p000_c0p300_s0p000_b0p750,previous_AB,highpass_20hz,1.6391628962873214e-16,5.5903045533574846e-14,0.0029321531244712877,0.08857287502294954,False,False,0.0043564750188895334,1.8296940625626322e-07,5.100449359446166e-59,-9.40113088644334e-62
A_driven_pluck_w1p000_c0p575_s0p000_b0p500,previous_AB,raw,-0.0015587842893240104,0.2963087331421842,0.005260676162980405,0.13134048879146576,True,False,0.01852643740703694,-0.0031101336089695976,0.0,0.0
A_driven_pluck_w1p000_c0p575_s0p000_b0p500,previous_AB,subtract_clip_mean,-3.222416035193198e-19,6.413494662445297e-17,0.005024430836533316,0.13289927308078978,False,False,0.0169676531177141,-0.0015513493196455876,0.0015587842893240104,0.0015587842893240104
A_driven_pluck_w1p000_c0p575_s0p000_b0p500,previous_AB,highpass_10hz,5.337463275589287e-16,1.193762236046461e-13,0.004471127595111456,0.12892675052254315,False,False,0.00766140145436541,6.043127526681648e-07,2.757824572811031e-31,-1.5069955285447588e-32
A_driven_pluck_w1p000_c0p575_s0p000_b0p500,previous_AB,highpass_20hz,6.532126817277274e-17,1.530653803231502e-14,0.004267540317403393,0.12654108442971024,False,False,0.004021632949718862,5.769391638253143e-07,5.258039031364582e-59,-9.475008652533406e-62
A_driven_pluck_w1p000_c0p575_s0p400_b0p500,previous_AB,raw,-0.0015308636796315112,0.283184263879765,0.005405892469651805,0.13149675726890564,True,False,0.018425472424452825,-0.0030544347288047466,0.0,0.0
A_driven_pluck_w1p000_c0p575_s0p400_b0p500,previous_AB,subtract_clip_mean,1.0741386783977326e-19,2.0717849532939906e-17,0.005184605075396115,0.13302762094853715,False,False,0.01689460874482122,-0.0015235710491732352,0.0015308636796315112,0.0015308636796315112
A_driven_pluck_w1p000_c0p575_s0p400_b0p500,previous_AB,highpass_10hz,-6.225223158831716e-16,1.3356766573388236e-13,0.004660726175476279,0.12908106501505512,False,False,0.007657528909397741,5.82557571173868e-07,2.7007542465823407e-31,-1.4777575252848164e-32
A_driven_pluck_w1p000_c0p575_s0p400_b0p500,previous_AB,highpass_20hz,-8.237773023561518e-18,1.8441009447592514e-15,0.0044670944109499195,0.1273909079113158,False,False,0.004029280712761516,5.506041722298965e-07,5.153861240427941e-59,-9.2575043477399e-62
A_driven_pluck_w1p000_c0p575_s1p000_b0p500,previous_AB,raw,-0.0014884251340776518,0.2656888362633894,0.005602136525608883,0.13173097372055054,True,False,0.018210584020553162,-0.002969768568976467,0.0,0.0
A_driven_pluck_w1p000_c0p575_s1p000_b0p500,previous_AB,subtract_clip_mean,2.1482773567954653e-19,3.9777100468095486e-17,0.005400789226752615,0.1332193988546282,False,False,0.016722158886475724,-0.0014813434348988149,0.0014884251340776518,0.0014884251340776518
A_driven_pluck_w1p000_c0p575_s1p000_b0p500,previous_AB,highpass_10hz,-1.0930476625435677e-15,2.2230375561376002e-13,0.004916910465708349,0.12931234807690226,False,False,0.0076381513817487395,5.542696179504937e-07,2.6165695730678347e-31,-1.434115559705854e-32
A_driven_pluck_w1p000_c0p575_s1p000_b0p500,previous_AB,highpass_20hz,1.9523624339787226e-17,4.122190506460976e-15,0.0047362256327519526,0.1352134296449044,False,False,0.004036897793122216,5.164418852006306e-07,4.9989635492723465e-59,-8.943478916836849e-62
B_driven_pluck_w1p000_c0p575_s0p000_b0p250,previous_AB,raw,-0.0017575726002143728,0.3510039751163283,0.005007272637387896,0.09828674048185349,True,False,0.020002825965419975,-0.003506598252404504,0.0,0.0
B_driven_pluck_w1p000_c0p575_s0p000_b0p250,previous_AB,subtract_clip_mean,6.444832070386396e-19,1.37455156052285e-16,0.0046886797523513195,0.09652916788163911,False,False,0.018245253365206552,-0.0017490256521901309,0.0017575726002143728,0.0017575726002143728
B_driven_pluck_w1p000_c0p575_s0p000_b0p250,previous_AB,highpass_10hz,1.9603041370394152e-16,5.02831165025305e-14,0.003898533490740899,0.09362943860942065,False,False,0.00857149371518542,1.0201893111283605e-06,3.097695286112532e-31,-1.6819236182608694e-32
B_driven_pluck_w1p000_c0p575_s0p000_b0p250,previous_AB,highpass_20hz,-2.7919161481738414e-16,7.772094692765586e-14,0.003592231256230846,0.10094848581267224,False,False,0.004204120487612224,1.033757583382536e-06,5.881036745308119e-59,-1.0703481654086006e-61
B_driven_pluck_w1p000_c0p575_s0p000_b0p500,previous_AB,raw,-0.0015587842604018731,0.2963087286390914,0.005260676145320364,0.13134050369262695,True,False,0.018526435758645023,-0.003110133551164312,0.0,0.0
B_driven_pluck_w1p000_c0p575_s0p000_b0p500,previous_AB,subtract_clip_mean,3.222416035193198e-19,6.413494674594115e-17,0.005024430827015744,0.13289928795302883,False,False,0.016967651498241868,-0.0015513492907624378,0.0015587842604018731,0.0015587842604018731
B_driven_pluck_w1p000_c0p575_s0p000_b0p500,previous_AB,highpass_10hz,-9.69962436564673e-16,2.1693910513619883e-13,0.004471127674080293,0.12892676550090595,False,False,0.007661400257384664,6.04311201146362e-07,2.757824441357263e-31,-1.5069956755077224e-32
B_driven_pluck_w1p000_c0p575_s0p000_b0p500,previous_AB,highpass_20hz,-2.2678203901999976e-16,5.31411573241156e-14,0.004267540460905345,0.12654109948205136,False,False,0.004021632371288395,5.769381378599392e-07,5.258039254222591e-59,-9.475007514088055e-62
B_driven_pluck_w1p000_c0p575_s0p000_b0p750,previous_AB,raw,-0.0016804087943986699,0.32485848692109864,0.005172740938139031,0.10129567235708237,True,False,0.02013699013984031,-0.0033535979600416333,0.0,0.0
B_driven_pluck_w1p000_c0p575_s0p000_b0p750,previous_AB,subtract_clip_mean,-3.222416035193198e-19,6.586864491740797e-17,0.0048921851045117945,0.0996152635626837,False,False,0.018456581345440915,-0.0016731891656429638,0.0016804087943986699,0.0016804087943986699
B_driven_pluck_w1p000_c0p575_s0p000_b0p750,previous_AB,highpass_10hz,-1.1985443331412762e-15,2.885900443417357e-13,0.004153103534375609,0.10607434180536908,False,False,0.008708299034037043,1.0548566793785832e-08,2.9249301313675183e-31,-1.5907213719301987e-32
B_driven_pluck_w1p000_c0p575_s0p000_b0p750,previous_AB,highpass_20hz,-9.564993827216744e-18,2.4781257697834075e-15,0.0038597693239971194,0.12218300953741314,False,False,0.004436097991303441,-3.097279505240787e-08,5.557101499165231e-59,-1.0155306577984509e-61
A_driven_pluck_w1p000_c0p850_s0p000_b0p500,previous_AB,raw,-0.0014471369995524561,0.24107153482755964,0.006002936018919051,0.1641433835029602,True,False,0.017964736963866784,-0.002887400395172104,0.0,0.0
A_driven_pluck_w1p000_c0p850_s0p000_b0p500,previous_AB,subtract_clip_mean,1.0741386783977326e-19,1.8437320798811886e-17,0.005825893523895028,0.16559052050251266,False,False,0.016517599964314827,-0.0014402633956196475,0.0014471369995524561,0.0014471369995524561
A_driven_pluck_w1p000_c0p850_s0p000_b0p500,previous_AB,highpass_10hz,-8.310998546796137e-16,1.5386880233442886e-13,0.005401353894165271,0.16105253898911026,False,False,0.007550863182966863,5.16351273351458e-07,2.5404576708027193e-31,-1.3933471415696434e-32
A_driven_pluck_w1p000_c0p850_s0p000_b0p500,previous_AB,highpass_20hz,-1.383529953909522e-16,2.6385204251325282e-14,0.005243582504539565,0.16414438236806808,False,False,0.004030746321759429,4.7235459409634873e-07,4.855842520972268e-59,-8.693700168768676e-62
A_driven_pluck_w1p000_c0p850_s0p400_b0p500,previous_AB,raw,-0.001441668858703998,0.2377342604575485,0.006064203181860834,0.16427172720432281,True,False,0.017854122002160307,-0.0028764855187688987,0.0,0.0
A_driven_pluck_w1p000_c0p850_s0p400_b0p500,previous_AB,subtract_clip_mean,-4.2965547135909306e-19,7.294234079418312e-17,0.005890343889174399,0.16571339606302682,False,False,0.01641245314345691,-0.0014348166600649012,0.001441668858703998,0.001441668858703998
A_driven_pluck_w1p000_c0p850_s0p400_b0p500,previous_AB,highpass_10hz,-5.429446365080848e-16,9.915512961552366e-14,0.005475709008836612,0.16117928389812974,False,False,0.007524373012585278,5.089033723478983e-07,2.532736652707633e-31,-1.3895984465408944e-32
A_driven_pluck_w1p000_c0p850_s0p400_b0p500,previous_AB,highpass_20hz,1.2992147879912888e-16,2.441261531589674e-14,0.005321899236028515,0.1671774741243036,False,False,0.0040288497259425736,4.6364135524564954e-07,4.842291308040518e-59,-8.662750944046591e-62
A_driven_pluck_w1p000_c0p850_s1p000_b0p500,previous_AB,raw,-0.0014355071868312013,0.23386863883517256,0.006138091853533758,0.16446401178836823,True,False,0.017724607319220247,-0.0028641837117946395,0.0,0.0
A_driven_pluck_w1p000_c0p850_s1p000_b0p500,previous_AB,subtract_clip_mean,2.1482773567954653e-19,3.5997379339776414e-17,0.00596787154008642,0.16589951897519942,False,False,0.016289100132388833,-0.0014286765249634378,0.0014355071868312013,0.0014355071868312013
A_driven_pluck_w1p000_c0p850_s1p000_b0p500,previous_AB,highpass_10hz,4.551721391669367e-16,8.179650998857713e-14,0.005564688997495143,0.16136916835726922,False,False,0.007489582922893261,5.016108090654143e-07,2.523954735669009e-31,-1.385589870128923e-32
A_driven_pluck_w1p000_c0p850_s1p000_b0p500,previous_AB,highpass_20hz,-1.964540900830478e-17,3.627473177042904e-15,0.005415728263032838,0.17085975526154584,False,False,0.004024754556635343,4.541057623288528e-07,4.827640513982082e-59,-8.621725941144458e-62
B_driven_pluck_w1p000_c0p850_s0p000_b0p250,previous_AB,raw,-0.0016747381476236965,0.29468057501162265,0.005683232250913187,0.13424545526504517,True,False,0.01966762474598548,-0.0033414014776239976,0.0,0.0
B_driven_pluck_w1p000_c0p850_s0p000_b0p250,previous_AB,subtract_clip_mean,0.0,0.0,0.005430872945918889,0.13592019341266887,False,False,0.017992886598363254,-0.001666663330000301,0.0016747381476236965,0.0016747381476236965
B_driven_pluck_w1p000_c0p850_s0p000_b0p250,previous_AB,highpass_10hz,1.1467740547373647e-15,2.3886648374248957e-13,0.004800899802977995,0.13671984277766297,False,False,0.008587946736504882,9.06403934605787e-07,2.930358512952494e-31,-1.59533154737809e-32
B_driven_pluck_w1p000_c0p850_s0p000_b0p250,previous_AB,highpass_20hz,2.3291753173857025e-16,5.107000830056381e-14,0.004560749831246823,0.1523182889414897,False,False,0.004265164355711137,9.03509031486295e-07,5.5736844601008875e-59,-1.0078640675620395e-61
B_driven_pluck_w1p000_c0p850_s0p000_b0p500,previous_AB,raw,-0.0014471369870988687,0.24107152727619718,0.006002936155296659,0.1641434133052826,True,False,0.01796473645549348,-0.0028874003703195563,0.0,0.0
B_driven_pluck_w1p000_c0p850_s0p000_b0p500,previous_AB,subtract_clip_mean,2.1482773567954653e-19,3.687464068861871e-17,0.00582589366751044,0.16559055029238146,False,False,0.01651759946839509,-0.0014402633832206872,0.0014471369870988687,0.0014471369870988687
B_driven_pluck_w1p000_c0p850_s0p000_b0p500,previous_AB,highpass_10hz,-7.599654402881451e-16,1.4069905982432448e-13,0.005401354076118425,0.16105256844461222,False,False,0.007550862662970304,5.163496830160958e-07,2.540457589312758e-31,-1.3933472961976483e-32
B_driven_pluck_w1p000_c0p850_s0p000_b0p500,previous_AB,highpass_20hz,-5.279644929022935e-16,1.0068774002555271e-13,0.005243582711939962,0.1641443671611312,False,False,0.004030746159112756,4.7235330053031735e-07,4.855842835007556e-59,-8.693699246412656e-62
B_driven_pluck_w1p000_c0p850_s0p000_b0p750,previous_AB,raw,-0.0015808112404555178,0.2713613853066755,0.0058254833813918844,0.13553109765052795,True,False,0.019608895621232,-0.00315506182870865,0.0,0.0
B_driven_pluck_w1p000_c0p850_s0p000_b0p750,previous_AB,subtract_clip_mean,2.1482773567954653e-19,3.83149076703138e-17,0.0056068968644806105,0.13711190889098346,False,False,0.018028084380774897,-0.001574250588253132,0.0015808112404555178,0.0015808112404555178
B_driven_pluck_w1p000_c0p850_s0p000_b0p750,previous_AB,highpass_10hz,-1.2024643951675846e-15,2.395395476608991e-13,0.005019899247993225,0.15447204254557412,False,False,0.00868998939552412,-1.6421767792952277e-07,2.7277993949865737e-31,-1.4816941937124395e-32
B_driven_pluck_w1p000_c0p850_s0p000_b0p750,previous_AB,highpass_20hz,-1.7049585451149494e-16,3.560525287589274e-14,0.004788502839897892,0.16959972673102297,False,False,0.004457679841898014,-2.0968163920646433e-07,5.177252711947048e-59,-9.513427623104675e-62
A_resonant_driven_swell_w0p000_c0p300_s0p000_b0p500,previous_AB,raw,-5.126318879388799e-08,1.7790212220188013e-06,0.02881538913612028,0.14344917237758636,False,False,0.00115409770810474,-9.790806748539876e-06,0.0,0.0
A_resonant_driven_swell_w0p000_c0p300_s0p000_b0p500,previous_AB,subtract_clip_mean,1.288127243234781e-18,4.470275369705639e-17,0.02881538913607468,0.14344912111439756,False,False,0.0011541489712935421,-9.73954355974327e-06,5.126318879388799e-08,5.126318879388799e-08
A_resonant_driven_swell_w0p000_c0p300_s0p000_b0p500,previous_AB,highpass_10hz,-4.548265686139959e-15,1.5784171866152413e-13,0.028815358352079674,0.14230636531303115,False,False,0.0011524939897864309,-9.738441366935337e-06,1.1879667104077293e-13,-5.627176005579213e-15
A_resonant_driven_swell_w0p000_c0p300_s0p000_b0p500,previous_AB,highpass_20hz,-1.1726716012113473e-15,4.069671374755513e-14,0.028814896664274173,0.14109654760895562,False,False,0.001150182210428195,-9.776332476627793e-06,5.201403676841444e-16,-4.103781810196322e-18
A_resonant_driven_swell_w0p000_c0p300_s0p400_b0p500,previous_AB,raw,-4.811735116229127e-08,1.3960649874340148e-06,0.0344664120906947,0.1434820145368576,False,False,0.00115409770810474,-1.8150626525507494e-05,0.0,0.0
A_resonant_driven_swell_w0p000_c0p300_s0p400_b0p500,previous_AB,subtract_clip_mean,-3.4070336205428086e-19,9.885083517196053e-18,0.034466412090661105,0.14348196641950645,False,False,0.0011541458254558225,-1.810250917434557e-05,4.811735116229127e-08,4.811735116229127e-08
A_resonant_driven_swell_w0p000_c0p300_s0p400_b0p500,previous_AB,highpass_10hz,-6.036147478381334e-15,1.7513148456183933e-13,0.03446637532641914,0.1423402094267548,False,False,0.0011524939897864309,-1.7806164295794555e-05,1.1879667061693897e-13,-5.627176152099977e-15
A_resonant_driven_swell_w0p000_c0p300_s0p400_b0p500,previous_AB,highpass_20hz,-9.336832978054341e-16,2.7090119784579873e-14,0.03446582389557766,0.14113109414228805,False,False,0.001150182210428195,-1.7479270136447516e-05,5.201403670889646e-16,-4.103781807395983e-18
A_resonant_driven_swell_w0p000_c0p300_s1p000_b0p500,previous_AB,raw,-1.0482109301913947e-07,2.247693203604678e-06,0.046634964616628034,0.14353083074092865,False,False,0.0011540979851784856,-9.928271953920343e-06,0.0,0.0
A_resonant_driven_swell_w0p000_c0p300_s1p000_b0p500,previous_AB,subtract_clip_mean,1.020431744477846e-18,2.1881259112536805e-17,0.04663496461651023,0.14353072591983562,False,False,0.0011542028062715554,-9.823450860899566e-06,1.0482109301913947e-07,1.0482109301913947e-07
A_resonant_driven_swell_w0p000_c0p300_s1p000_b0p500,previous_AB,highpass_10hz,-6.515557388992147e-16,1.3971414744321478e-14,0.0466349149905547,0.1423907247716747,False,False,0.0011524942458847579,-8.011717902717549e-06,1.1879667116956348e-13,-5.627175782932259e-15
A_resonant_driven_swell_w0p000_c0p300_s1p000_b0p500,previous_AB,highpass_20hz,3.810305560613757e-16,8.170630037032189e-15,0.04663417072299325,0.14118252925458172,False,False,0.001150182419943008,-6.063995951160619e-06,5.201403679700915e-16,-4.103781800607036e-18
B_resonant_driven_swell_w0p000_c0p300_s0p000_b0p250,previous_AB,raw,-0.008954081268026201,0.2962172017068964,0.030228093495009663,0.16099251806735992,True,False,0.032878027077514776,-0.015171030515552943,0.0,0.0
B_resonant_driven_swell_w0p000_c0p300_s0p000_b0p250,previous_AB,subtract_clip_mean,2.1482773567954654e-18,7.440829959489692e-17,0.0288714749361481,0.1520384367993337,False,False,0.023923945809488787,-0.006216949247526738,0.008954081268026201,0.008954081268026201
B_resonant_driven_swell_w0p000_c0p300_s0p000_b0p250,previous_AB,highpass_10hz,-4.3661897982215245e-13,1.5850343916829084e-11,0.027546341083399005,0.14578405004493777,False,False,0.0019080443814967123,-6.2486030566862295e-06,9.524271066990118e-10,-4.5015594885959427e-11
B_resonant_driven_swell_w0p000_c0p300_s0p000_b0p250,previous_AB,highpass_20hz,1.1039011310831962e-15,4.007598560708676e-14,0.0275452023040948,0.1456981158352529,False,False,0.0011362745403324462,-6.613619725719614e-06,4.2169130161255355e-13,9.868002103548107e-15
B_resonant_driven_swell_w0p000_c0p300_s0p000_b0p500,previous_AB,raw,-5.1194936338938754e-08,1.776652610248077e-06,0.028815389144527425,0.14344920217990875,False,False,0.001154098930333629,-9.790731332800648e-06,0.0,0.0
B_resonant_driven_swell_w0p000_c0p300_s0p000_b0p500,previous_AB,subtract_clip_mean,8.584717718756879e-19,2.979212835097465e-17,0.028815389144481948,0.1434491509849724,False,False,0.0011541501252699266,-9.739536396460246e-06,5.1194936338938754e-08,5.1194936338938754e-08
B_resonant_driven_swell_w0p000_c0p300_s0p000_b0p500,previous_AB,highpass_10hz,4.078516310267986e-15,1.4153966989563046e-13,0.028815358360489547,0.14230638517292757,False,False,0.001152493704096625,-9.738435284425407e-06,1.1870394811467815e-13,-5.635516220836587e-15
B_resonant_driven_swell_w0p000_c0p300_s0p000_b0p500,previous_AB,highpass_20hz,-9.398864486731811e-16,3.261807457960598e-14,0.028814896672681983,0.1410965547452818,False,False,0.0011501818978298791,-9.776326386583182e-06,5.19981389295904e-16,-4.1051421032868735e-18
B_resonant_driven_swell_w0p000_c0p300_s0p000_b0p750,previous_AB,raw,0.011802277353600489,0.37296450172984347,0.03164450584133462,0.1506500393152237,True,False,0.027625017814873296,0.019699073697629344,0.0,0.0
B_resonant_driven_swell_w0p000_c0p300_s0p000_b0p750,previous_AB,subtract_clip_mean,3.4372437708727445e-18,1.170674873414971e-16,0.02936121590143961,0.1388477619616232,False,False,0.015822740461271963,0.007896796344028857,0.011802277353600489,-0.011802277353600489
B_resonant_driven_swell_w0p000_c0p300_s0p000_b0p750,previous_AB,highpass_10hz,6.167434816818838e-13,2.2529017523742065e-11,0.02737551608861472,0.14778891716335057,False,False,0.0012147346993324423,-7.504086979403515e-06,1.3535297481155282e-09,6.395667402385405e-11
B_resonant_driven_swell_w0p000_c0p300_s0p000_b0p750,previous_AB,highpass_20hz,1.8580022881794307e-15,6.787219623954895e-14,0.027375013497747666,0.14700559237862365,False,False,0.0011822520211480147,-7.22075512341055e-06,5.998487540790155e-13,-1.4028973806347698e-14
A_resonant_driven_swell_w0p000_c0p575_s0p000_b0p500,previous_AB,raw,-1.2365812088951712e-07,1.8789290058498514e-06,0.06581308846929305,0.17474685609340668,False,False,0.0011462210058769521,4.2226897864644814e-05,0.0,0.0
A_resonant_driven_swell_w0p000_c0p575_s0p000_b0p500,previous_AB,subtract_clip_mean,-3.1519256844233468e-18,4.7892079793512966e-17,0.06581308846917687,0.1747467324352858,False,False,0.0011461780279295843,4.235055598552795e-05,1.2365812088951712e-07,1.2365812088951712e-07
A_resonant_driven_swell_w0p000_c0p575_s0p000_b0p500,previous_AB,highpass_10hz,-1.3509576425543084e-14,2.0527209565421285e-13,0.06581301945833096,0.1739924596792654,False,False,0.0011329607372627688,4.384004967264855e-05,4.893841793440403e-13,2.1287727590637268e-14
A_resonant_driven_swell_w0p000_c0p575_s0p000_b0p500,previous_AB,highpass_20hz,6.331107637811036e-16,9.619992006849027e-15,0.06581198438942107,0.17378604199667982,False,False,0.0011199305062775027,4.513355150679312e-05,2.1826817167806802e-15,1.9527122445581513e-17
A_resonant_driven_swell_w0p000_c0p575_s0p400_b0p500,previous_AB,raw,-1.2603677205123636e-07,1.9329857754827183e-06,0.06520315547576215,0.1747482270002365,False,False,0.0011462050844846113,4.4070831001329106e-05,0.0,0.0
A_resonant_driven_swell_w0p000_c0p575_s0p400_b0p500,previous_AB,subtract_clip_mean,-5.5284575103783306e-18,8.478818962134038e-17,0.06520315547564033,0.17474810096346446,False,False,0.0011461804606438567,4.4196867773369805e-05,1.2603677205123636e-07,1.2603677205123636e-07
A_resonant_driven_swell_w0p000_c0p575_s0p400_b0p500,previous_AB,highpass_10hz,4.2780560315389e-15,6.561124994472275e-14,0.06520308689657868,0.17399420235226024,False,False,0.0011329539005167913,4.5480734373263065e-05,4.893841811291736e-13,2.1287727065241604e-14
A_resonant_driven_swell_w0p000_c0p575_s0p400_b0p500,previous_AB,highpass_20hz,-5.095485635849685e-15,7.814915308269946e-14,0.06520205830583359,0.17378785098695604,False,False,0.0011199270698543633,4.657324462959721e-05,2.1826817155666474e-15,1.9527122448195224e-17
A_resonant_driven_swell_w0p000_c0p575_s1p000_b0p500,previous_AB,raw,-1.2527103523569682e-07,1.9230826579649123e-06,0.06514074406362956,0.17475029826164246,False,False,0.001146181705331409,4.4172359643582354e-05,0.0,0.0
A_resonant_driven_swell_w0p000_c0p575_s1p000_b0p500,previous_AB,subtract_clip_mean,-4.179070795641179e-18,6.415448358352778e-17,0.0651407440635091,0.17475017299060722,False,False,0.0011461796949070494,4.429763067881073e-05,1.2527103523569682e-07,1.2527103523569682e-07
A_resonant_driven_swell_w0p000_c0p575_s1p000_b0p500,previous_AB,highpass_10hz,-1.6446577030469156e-14,2.524778410264348e-13,0.06514067517215175,0.17399681563992625,False,False,0.001132944126108758,4.552783182426848e-05,4.893841904433952e-13,2.1287726542618023e-14
A_resonant_driven_swell_w0p000_c0p575_s1p000_b0p500,previous_AB,highpass_20hz,-7.28141826668973e-16,1.1178167479489544e-14,0.06513964189613519,0.17379063787797128,False,False,0.001119922355237877,4.6567745946128424e-05,2.1826817157651106e-15,1.9527122509082843e-17
B_resonant_driven_swell_w0p000_c0p575_s0p000_b0p250,previous_AB,raw,-0.013653061951321472,0.21194726425090185,0.06441725964039367,0.17448845505714417,True,False,0.03820930688980256,-0.02295533668802234,0.0,0.0
B_resonant_driven_swell_w0p000_c0p575_s0p000_b0p250,previous_AB,subtract_clip_mean,-3.4372437708727445e-18,5.459948999775197e-17,0.06295377064903475,0.1880609166275681,False,False,0.024556244938481322,-0.009302274736700873,0.013653061951321472,0.013653061951321472
B_resonant_driven_swell_w0p000_c0p575_s0p000_b0p250,previous_AB,highpass_10hz,-6.779895981998816e-13,1.0989072033919599e-11,0.061696710705613174,0.21208653041410014,False,False,0.0022673887287173967,1.8461418500224887e-05,1.5052606992660756e-09,-7.113433807662853e-11
B_resonant_driven_swell_w0p000_c0p575_s0p000_b0p250,previous_AB,highpass_20hz,3.014556774189757e-15,4.8861714901165296e-14,0.06169568097000753,0.21132042256871822,False,False,0.0015074000211226343,2.0817831479918325e-05,6.671361132269185e-13,1.5606432439637766e-14
B_resonant_driven_swell_w0p000_c0p575_s0p000_b0p500,previous_AB,raw,-1.2354041049548586e-07,1.8771404479596115e-06,0.06581308853568742,0.1747468262910843,False,False,0.0011462219141548696,4.222713135341947e-05,0.0,0.0
B_resonant_driven_swell_w0p000_c0p575_s0p000_b0p500,previous_AB,subtract_clip_mean,-2.910244481783857e-18,4.421984359860109e-17,0.06581308853557147,0.1747467027506738,False,False,0.0011461769891645424,4.235067176390821e-05,1.2354041049548586e-07,1.2354041049548586e-07
B_resonant_driven_swell_w0p000_c0p575_s0p000_b0p500,previous_AB,highpass_10hz,1.1172754163855116e-15,1.697651049069068e-14,0.06581301952472425,0.17399244260010538,False,False,0.0011329614169552442,4.384006829722253e-05,4.895481179774916e-13,2.1297975237192327e-14
B_resonant_driven_swell_w0p000_c0p575_s0p000_b0p500,previous_AB,highpass_20hz,6.506336579774776e-15,9.886248885479569e-14,0.06581198445581275,0.17378597813315227,False,False,0.0011199309437675067,4.51335616912472e-05,2.1826064801321007e-15,1.9526388766956325e-17
B_resonant_driven_swell_w0p000_c0p575_s0p000_b0p750,previous_AB,raw,0.014271400836143342,0.22686879356356066,0.06290596697753849,0.17481093108654022,True,False,0.04028878513277287,0.024401756661481783,0.0,0.0
B_resonant_driven_swell_w0p000_c0p575_s0p000_b0p750,previous_AB,subtract_clip_mean,6.0151765990273034e-18,9.818177470055272e-17,0.061265714715110366,0.18908233192268356,False,False,0.02601738429662918,0.010130355825338451,0.014271400836143342,-0.014271400836143342
B_resonant_driven_swell_w0p000_c0p575_s0p000_b0p750,previous_AB,highpass_10hz,6.560132465803968e-13,1.0971232981659121e-11,0.05979393999535606,0.2137435866019057,False,False,0.0022207484654409785,3.976695524472102e-05,1.4513945394132827e-09,6.864151177794206e-11
B_resonant_driven_swell_w0p000_c0p575_s0p000_b0p750,previous_AB,highpass_20hz,7.999748507868214e-16,1.3379093160588187e-14,0.05979290533258025,0.21285704242167822,False,False,0.0015068436369800224,3.935037307566594e-05,6.41366379515815e-13,-1.5029125598015314e-14
A_resonant_driven_swell_w0p000_c0p850_s0p000_b0p500,previous_AB,raw,-1.3057623567655428e-07,1.931734949870063e-06,0.06759531667910104,0.18574342131614685,False,False,0.0011771295380423822,4.515103150340397e-05,0.0,0.0
A_resonant_driven_swell_w0p000_c0p850_s0p000_b0p500,previous_AB,subtract_clip_mean,3.0881487003934814e-18,4.568583819289997e-17,0.06759531667897493,0.18574329073991117,False,False,0.001176998961806607,4.528160773908669e-05,1.3057623567655428e-07,1.3057623567655428e-07
A_resonant_driven_swell_w0p000_c0p850_s0p000_b0p500,previous_AB,highpass_10hz,3.892738990814043e-15,5.758894721435407e-14,0.06759524490567134,0.1858912358824948,False,False,0.0011679140375561393,4.651649039417582e-05,5.300698422390784e-13,2.366263257023926e-14
A_resonant_driven_swell_w0p000_c0p850_s0p000_b0p500,previous_AB,highpass_20hz,-1.4304976116896605e-15,2.1163032927483562e-14,0.06759416840635975,0.18655687503807428,False,False,0.0011585084005291146,4.754900200204579e-05,2.3513364609783862e-15,2.0328524881637787e-17
A_resonant_driven_swell_w0p000_c0p850_s0p400_b0p500,previous_AB,raw,-1.3178401323097514e-07,1.9377123003814776e-06,0.06801010305040166,0.18574486672878265,False,False,0.0011771515001492182,4.5665731072124764e-05,0.0,0.0
A_resonant_driven_swell_w0p000_c0p850_s0p400_b0p500,previous_AB,subtract_clip_mean,5.813775596827728e-18,8.548399923067472e-17,0.06801010305027397,0.18574473494476942,False,False,0.0011770197161361166,4.579751508536598e-05,1.3178401323097514e-07,1.3178401323097514e-07
A_resonant_driven_swell_w0p000_c0p850_s0p400_b0p500,previous_AB,highpass_10hz,-8.487212780225326e-15,1.2479354409524748e-13,0.06801003082136638,0.18589252610806573,False,False,0.0011679348450934612,4.7040309109173564e-05,5.300698655393088e-13,2.3662633094560207e-14
A_resonant_driven_swell_w0p000_c0p850_s0p400_b0p500,previous_AB,highpass_20hz,-1.744303869900188e-15,2.564815269656158e-14,0.06800894748782556,0.18655802003594177,False,False,0.0011585276166843931,4.808094390774392e-05,2.351336461052147e-15,2.0328524909993626e-17
A_resonant_driven_swell_w0p000_c0p850_s1p000_b0p500,previous_AB,raw,-1.3205394950890428e-07,1.927551256124144e-06,0.06850865785765613,0.18574708700180054,False,False,0.0011771843897742632,4.6302290232120074e-05,0.0,0.0
A_resonant_driven_swell_w0p000_c0p850_s1p000_b0p500,previous_AB,subtract_clip_mean,4.645649784070194e-18,6.781113408660441e-17,0.06850865785752885,0.18574695494785104,False,False,0.0011770523358248727,4.643434418163838e-05,1.3205394950890428e-07,1.3205394950890428e-07
A_resonant_driven_swell_w0p000_c0p850_s1p000_b0p500,previous_AB,highpass_10hz,8.619845410223855e-15,1.2582139012006004e-13,0.06850858508238314,0.18589443199306474,False,False,0.0011679660281196426,4.768867717817544e-05,5.300698506011343e-13,2.3662632797836915e-14
A_resonant_driven_swell_w0p000_c0p850_s1p000_b0p500,previous_AB,highpass_20hz,4.360311557520576e-15,6.364722063653566e-14,0.06850749355451996,0.1865597156684684,False,False,0.0011585564066576531,4.874021819841133e-05,2.3513364575034638e-15,2.0328524858488842e-17
B_resonant_driven_swell_w0p000_c0p850_s0p000_b0p250,previous_AB,raw,-0.01445017576407812,0.2190113300878025,0.06597912426852523,0.1856163740158081,True,False,0.04101836860636323,-0.024476180035893823,0.0,0.0
B_resonant_driven_swell_w0p000_c0p850_s0p000_b0p250,previous_AB,subtract_clip_mean,3.4372437708727445e-18,5.3392167141721355e-17,0.06437730391705408,0.1996960473079624,False,False,0.026568192842284552,-0.010026004271815697,0.01445017576407812,0.01445017576407812
B_resonant_driven_swell_w0p000_c0p850_s0p000_b0p250,previous_AB,highpass_10hz,-7.055611138591857e-13,1.1204976547951181e-11,0.06296854891572234,0.2267452229335947,False,False,0.0024076693045541457,2.6368511636252156e-05,1.5280043739410097e-09,-7.220328628694546e-11
B_resonant_driven_swell_w0p000_c0p850_s0p000_b0p250,previous_AB,highpass_20hz,-6.120559673428231e-16,9.720196294990318e-15,0.06296744929505899,0.22702144954943265,False,False,0.0016277509528187907,2.8586293114285597e-05,6.773830700671334e-13,1.5843726612853062e-14
B_resonant_driven_swell_w0p000_c0p850_s0p000_b0p500,previous_AB,raw,-1.3057020527296533e-07,1.9316457406831547e-06,0.06759531653396614,0.18574342131614685,False,False,0.001177129980582293,4.5151052582297425e-05,0.0,0.0
B_resonant_driven_swell_w0p000_c0p850_s0p000_b0p500,previous_AB,subtract_clip_mean,5.212929273598997e-18,7.711968137599096e-17,0.06759531653384003,0.18574329074594156,False,False,0.001176999410376989,4.5281622787581674e-05,1.3057020527296533e-07,1.3057020527296533e-07
B_resonant_driven_swell_w0p000_c0p850_s0p000_b0p500,previous_AB,highpass_10hz,-1.4499479134770843e-14,2.1450442536508094e-13,0.06759524476053633,0.18589125039828736,False,False,0.001167913892004235,4.6516492251205414e-05,5.300725946016595e-13,2.3665325436117735e-14
B_resonant_driven_swell_w0p000_c0p850_s0p000_b0p500,previous_AB,highpass_20hz,-2.5801180290284237e-15,3.8170719388944796e-14,0.06759416826122724,0.1865568749018455,False,False,0.0011585083346348746,4.754900246671869e-05,2.351318865362395e-15,2.0328725297111503e-17
B_resonant_driven_swell_w0p000_c0p850_s0p000_b0p750,previous_AB,raw,0.014528077127901039,0.2202941957292559,0.06594852433495893,0.18584829568862915,True,False,0.041059738928645007,0.02466296363148238,0.0,0.0
B_resonant_driven_swell_w0p000_c0p850_s0p000_b0p750,previous_AB,subtract_clip_mean,-5.155865656309117e-18,8.014913765779161e-17,0.06432839837058303,0.2003763728165302,False,False,0.02653166180074339,0.010134886503581334,0.014528077127901039,-0.014528077127901039
B_resonant_driven_swell_w0p000_c0p850_s0p000_b0p750,previous_AB,highpass_10hz,7.21455937739054e-13,1.146876351128052e-11,0.06290616569340189,0.2266235457747018,False,False,0.0023808340635755676,4.1135093804517354e-05,1.5394986445484615e-09,7.28062997013472e-11
B_resonant_driven_swell_w0p000_c0p850_s0p000_b0p750,previous_AB,highpass_20hz,-2.9570097944945985e-15,4.700749980807391e-14,0.06290506422523473,0.2265575654182229,False,False,0.0016163672299899388,4.050039554570799e-05,6.803968833622236e-13,-1.5942776959635923e-14
A_resonant_driven_swell_w0p500_c0p300_s0p000_b0p500,previous_AB,raw,-8.074414861332294e-08,2.63817179199562e-06,0.030606099594539592,0.15584169328212738,False,False,0.001116607992851377,-1.0822291653446371e-05,0.0,0.0
A_resonant_driven_swell_w0p500_c0p300_s0p000_b0p500,previous_AB,subtract_clip_mean,-1.159734104332552e-18,3.7892254148695736e-17,0.030606099594433087,0.15584161253797876,False,False,0.0011166887370000567,-1.074154750483559e-05,8.074414861332294e-08,8.074414861332294e-08
A_resonant_driven_swell_w0p500_c0p300_s0p000_b0p500,previous_AB,highpass_10hz,-1.1500064359263126e-15,3.7574459877074736e-14,0.030606066985089643,0.1541183054607704,False,False,0.0011172383425312763,-1.0501395543227918e-05,1.414924429339501e-13,-7.343054963550637e-15
A_resonant_driven_swell_w0p500_c0p300_s0p000_b0p500,previous_AB,highpass_20hz,-2.3866857931492124e-16,7.798205261031728e-15,0.030605577992101302,0.1519631293056543,False,False,0.001116935680500814,-1.0333069021842448e-05,5.976210667007789e-16,-3.828797987248366e-18
A_resonant_driven_swell_w0p500_c0p300_s0p400_b0p500,previous_AB,raw,-9.035031217389153e-08,2.475325819722223e-06,0.03650037156887512,0.15590089559555054,False,False,0.0011166081246303536,-1.690184344132985e-05,0.0,0.0
A_resonant_driven_swell_w0p500_c0p300_s0p400_b0p500,previous_AB,subtract_clip_mean,-3.1552823677933396e-19,8.644521225897886e-18,0.03650037156876329,0.15590080524523836,False,False,0.0011166984749424807,-1.6811493129156828e-05,9.035031217389153e-08,9.035031217389153e-08
A_resonant_driven_swell_w0p500_c0p300_s0p400_b0p500,previous_AB,highpass_10hz,-1.1828213725513632e-15,3.2405769596753776e-14,0.0365003327268565,0.1541728372917241,False,False,0.0011172384593193287,-1.6155865007668447e-05,1.4149244783196485e-13,-7.343054821822053e-15
A_resonant_driven_swell_w0p500_c0p300_s0p400_b0p500,previous_AB,highpass_20hz,9.904364218835894e-16,2.7135430168079416e-14,0.03649975016974976,0.15201318627640598,False,False,0.0011169357861388783,-1.547828462568765e-05,5.976210673783428e-16,-3.8287979929561895e-18
A_resonant_driven_swell_w0p500_c0p300_s1p000_b0p500,previous_AB,raw,-1.4347660893165473e-07,2.9213042247528877e-06,0.04911388814487179,0.15598943829536438,False,False,0.0011166076279249804,-1.2659295184967614e-05,0.0,0.0
A_resonant_driven_swell_w0p500_c0p300_s1p000_b0p500,previous_AB,subtract_clip_mean,-2.0022616302007737e-18,4.0767727944959764e-17,0.049113888144662214,0.15598929481875545,False,False,0.0011167511045338193,-1.2515818576039688e-05,1.4347660893165473e-07,1.4347660893165473e-07
A_resonant_driven_swell_w0p500_c0p300_s1p000_b0p500,previous_AB,highpass_10hz,8.611769230035653e-15,1.7534303832250891e-13,0.04911383601210333,0.15425438363849764,False,False,0.0011172379988655873,-1.0666422477219228e-05,1.4149244750011778e-13,-7.343054992311048e-15
A_resonant_driven_swell_w0p500_c0p300_s1p000_b0p500,previous_AB,highpass_20hz,-1.3955427894162393e-15,2.8414905402374707e-14,0.04911305421061195,0.15208803003650748,False,False,0.0011169353526825144,-8.64818644207116e-06,5.976210677629244e-16,-3.82879799602235e-18
B_resonant_driven_swell_w0p500_c0p300_s0p000_b0p250,previous_AB,raw,-0.01971785966314126,0.5132346980603807,0.038418796970779844,0.17626351118087769,True,False,0.06024713007750434,-0.03360771808005774,0.0,0.0
B_resonant_driven_swell_w0p500_c0p300_s0p000_b0p250,previous_AB,subtract_clip_mean,8.593109427181861e-19,2.6061153179821704e-17,0.03297286719390155,0.15654565151773642,False,False,0.04052927041436363,-0.01388985841691648,0.01971785966314126,0.01971785966314126
B_resonant_driven_swell_w0p500_c0p300_s0p000_b0p250,previous_AB,highpass_10hz,-9.384562447712862e-13,3.448481424239359e-11,0.027213608812704685,0.15712156452878429,False,False,0.002332459490565385,-9.5960787982824e-06,2.0269957119026017e-09,-9.579525655100214e-11
B_resonant_driven_swell_w0p500_c0p300_s0p000_b0p250,previous_AB,highpass_20hz,3.6813501772470546e-16,1.3528304719810447e-14,0.027212206211294124,0.15766288947782983,False,False,0.0012134550184924025,-9.784710835908916e-06,8.977241567594844e-13,2.1001099595987462e-14
B_resonant_driven_swell_w0p500_c0p300_s0p000_b0p500,previous_AB,raw,-8.091736887757273e-08,2.6438314556858158e-06,0.030606099607277188,0.155841663479805,False,False,0.0011166068524497883,-1.0822748903290714e-05,0.0,0.0
B_resonant_driven_swell_w0p500_c0p300_s0p000_b0p500,previous_AB,subtract_clip_mean,1.3594567648471304e-19,4.441783769561557e-18,0.03060609960717022,0.1558415825624361,False,False,0.0011166877698186143,-1.0741831534412772e-05,8.091736887757273e-08,8.091736887757273e-08
B_resonant_driven_swell_w0p500_c0p300_s0p000_b0p500,previous_AB,highpass_10hz,1.0674154933588896e-14,3.48759444797203e-13,0.030606066997829164,0.15411827835482758,False,False,0.0011172396319931678,-1.0501419172706057e-05,1.4182947563219314e-13,-7.37242353854239e-15
B_resonant_driven_swell_w0p500_c0p300_s0p000_b0p500,previous_AB,highpass_20hz,1.1673411880197985e-15,3.8141452118140364e-14,0.03060557800484482,0.15196310319057993,False,False,0.0011169362056340486,-1.0333100589722835e-05,5.976694922366702e-16,-3.830245371030561e-18
B_resonant_driven_swell_w0p500_c0p300_s0p000_b0p750,previous_AB,raw,0.01980905515214962,0.514734774451239,0.03848400406455565,0.17623117566108704,True,False,0.06037585976501538,0.03374123259923858,0.0,0.0
B_resonant_driven_swell_w0p500_c0p300_s0p000_b0p750,previous_AB,subtract_clip_mean,8.593109427181861e-19,2.6044271091530486e-17,0.0329942404492031,0.15642212050893742,False,False,0.04056680461286533,0.013932177447088962,0.01980905515214962,-0.01980905515214962
B_resonant_driven_swell_w0p500_c0p300_s0p000_b0p750,previous_AB,highpass_10hz,9.506811555333199e-13,3.4968017896331085e-11,0.02718716166160128,0.15769449802195035,False,False,0.0023096258669563687,-7.212520635789887e-06,2.0382589105283933e-09,9.631487808605718e-11
B_resonant_driven_swell_w0p500_c0p300_s0p000_b0p750,previous_AB,highpass_20hz,-6.233889695707617e-16,2.2930711777066284e-14,0.027185766217437363,0.15820358785673022,False,False,0.0012174063493574818,-6.806672523519616e-06,9.037007931786776e-13,-2.1127522580827053e-14
A_resonant_driven_swell_w0p500_c0p575_s0p000_b0p500,previous_AB,raw,-1.2290729890460286e-07,1.567194501377754e-06,0.07842504475133906,0.18185818195343018,False,False,0.0014939453057482017,2.8574703185294252e-05,0.0,0.0
A_resonant_driven_swell_w0p500_c0p575_s0p000_b0p500,previous_AB,subtract_clip_mean,-5.90776273118753e-19,7.53300524077025e-18,0.07842504475124275,0.18185805904613128,False,False,0.0014940682130470163,2.869761048419833e-05,1.2290729890460286e-07,1.2290729890460286e-07
A_resonant_driven_swell_w0p500_c0p575_s0p000_b0p500,previous_AB,highpass_10hz,4.768168727074935e-15,6.079911556992307e-14,0.0784249685604591,0.19264368730417955,False,False,0.0014381842634736282,3.117125048089172e-05,3.6843858186501816e-13,1.4086786991918496e-14
A_resonant_driven_swell_w0p500_c0p575_s0p000_b0p500,previous_AB,highpass_20hz,-2.5293146262235813e-15,3.2251864791193043e-14,0.07842382580353172,0.2031338185080819,False,False,0.0013801731532116501,3.344118426775285e-05,1.6711796922807319e-15,1.6489083010407282e-17
A_resonant_driven_swell_w0p500_c0p575_s0p400_b0p500,previous_AB,raw,-1.451137951201969e-07,1.8177515544343776e-06,0.07983147904134312,0.18185816705226898,False,False,0.0014939452989903054,3.51933032124839e-05,0.0,0.0
A_resonant_driven_swell_w0p500_c0p575_s0p400_b0p500,previous_AB,subtract_clip_mean,-4.73292355169001e-18,5.928643197562134e-17,0.07983147904121123,0.18185802193847386,False,False,0.0014940904127853187,3.533841700759646e-05,1.451137951201969e-07,1.451137951201969e-07
A_resonant_driven_swell_w0p500_c0p575_s0p400_b0p500,previous_AB,highpass_10hz,6.6441938874387e-15,8.322782321484389e-14,0.07983140289861253,0.19264367049750436,False,False,0.0014381842556567567,3.755675222295293e-05,3.684385810201577e-13,1.4086786168208133e-14
A_resonant_driven_swell_w0p500_c0p575_s0p400_b0p500,previous_AB,highpass_20hz,9.137832004464312e-16,1.1446576655826213e-14,0.07983026086505288,0.20313379982800236,False,False,0.0013801731714101972,3.95828025327514e-05,1.6711796960109394e-15,1.6489083030311454e-17
A_resonant_driven_swell_w0p500_c0p575_s1p000_b0p500,previous_AB,raw,-1.5372003690155154e-07,1.8866078286556582e-06,0.08147959240214113,0.18185818195343018,False,False,0.0014939452719587205,4.18522797601533e-05,0.0,0.0
A_resonant_driven_swell_w0p500_c0p575_s1p000_b0p500,previous_AB,subtract_clip_mean,3.2425561354131558e-18,3.9795929751530256e-17,0.08147959240199612,0.18185802823339328,False,False,0.0014940989919954883,4.200599979706038e-05,1.5372003690155154e-07,1.5372003690155154e-07
A_resonant_driven_swell_w0p500_c0p575_s1p000_b0p500,previous_AB,highpass_10hz,1.9980859160885023e-15,2.4522554918658558e-14,0.08147951641728049,0.19264368570757687,False,False,0.0014381842302734619,4.393778380500412e-05,3.684386104059192e-13,1.4086788592755122e-14
A_resonant_driven_swell_w0p500_c0p575_s1p000_b0p500,previous_AB,highpass_20hz,3.6491881155374675e-15,4.4787197057702446e-14,0.08147837675208756,0.2031338153492946,False,False,0.001380173120460866,4.56797343960106e-05,1.6711796870705255e-15,1.6489082997749257e-17
B_resonant_driven_swell_w0p500_c0p575_s0p000_b0p250,previous_AB,raw,-0.021485137710204032,0.27390292545028316,0.0784407018467711,0.18172678351402283,True,False,0.059947867692889574,-0.036387579179825484,0.0,0.0
B_resonant_driven_swell_w0p500_c0p575_s0p000_b0p250,previous_AB,subtract_clip_mean,-8.593109427181861e-19,1.1390515003555185e-17,0.07544092101629994,0.20305779851399888,False,False,0.038462729982686114,-0.014902441469621455,0.021485137710204032,0.021485137710204032
B_resonant_driven_swell_w0p500_c0p575_s0p000_b0p250,previous_AB,highpass_10hz,-1.0328318334120074e-12,1.419175017168175e-11,0.07277691764000485,0.2500053558327682,False,False,0.003041698362926524,7.85104473929368e-06,2.284244613586772e-09,-1.0794303973959503e-10
B_resonant_driven_swell_w0p500_c0p575_s0p000_b0p250,previous_AB,highpass_20hz,5.3386374853906526e-15,7.33574546557257e-14,0.07277566418362583,0.25722435564630786,False,False,0.0019198239429315677,1.0578486744667739e-05,1.0126695543865965e-12,2.3677478563495795e-14
B_resonant_driven_swell_w0p500_c0p575_s0p000_b0p500,previous_AB,raw,-1.2296908794304058e-07,1.5679823786106496e-06,0.07842504457990175,0.18185818195343018,False,False,0.0014939450481034078,2.8574568545811753e-05,0.0,0.0
B_resonant_driven_swell_w0p500_c0p575_s0p000_b0p500,previous_AB,subtract_clip_mean,-5.509995751843369e-18,7.025811437360926e-17,0.07842504457980534,0.18185805898434224,False,False,0.0014940680171914335,2.8697537633745784e-05,1.2296908794304058e-07,1.2296908794304058e-07
B_resonant_driven_swell_w0p500_c0p575_s0p000_b0p500,previous_AB,highpass_10hz,-2.112300256601713e-14,2.6934027516897506e-13,0.07842496838902116,0.19264368834690374,False,False,0.001438185224686718,3.1171241120459594e-05,3.684849447368065e-13,1.4092604186337662e-14
B_resonant_driven_swell_w0p500_c0p575_s0p000_b0p500,previous_AB,highpass_20hz,2.2140952043142865e-15,2.8232430469549875e-14,0.07842382563209717,0.20313381928844124,False,False,0.0013801735997546628,3.344117739627187e-05,1.6712592691528111e-15,1.6488379118373523e-17
B_resonant_driven_swell_w0p500_c0p575_s0p000_b0p750,previous_AB,raw,0.0213857956464879,0.2726541638997929,0.07843560993386371,0.18191489577293396,True,False,0.059551546345475416,0.03625481534082993,0.0,0.0
B_resonant_driven_swell_w0p500_c0p575_s0p000_b0p750,previous_AB,subtract_clip_mean,3.4372437708727445e-18,4.554821643544637e-17,0.07546384995654462,0.20330069141942186,False,False,0.03816575069898765,0.014869019694342029,0.0213857956464879,-0.0213857956464879
B_resonant_driven_swell_w0p500_c0p575_s0p000_b0p750,previous_AB,highpass_10hz,1.042431977640752e-12,1.4313726663078932e-11,0.0728274335662437,0.24940010982531055,False,False,0.0029985399616828208,3.5949128607316336e-05,2.2746112525213034e-09,1.07546801841043e-10
B_resonant_driven_swell_w0p500_c0p575_s0p000_b0p750,previous_AB,highpass_20hz,3.176100518054036e-15,4.361206624862897e-14,0.07282618759559192,0.2566927470558553,False,False,0.0019076893540208718,3.693779249554833e-05,1.0064492778813433e-12,-2.3562510963178878e-14
A_resonant_driven_swell_w0p500_c0p850_s0p000_b0p500,previous_AB,raw,-1.533103868772537e-07,1.739229931548087e-06,0.08814842942634518,0.24380534887313843,False,False,0.0016247923003378706,4.9294607013276035e-05,0.0,0.0
A_resonant_driven_swell_w0p500_c0p850_s0p000_b0p500,previous_AB,subtract_clip_mean,-6.337418202546623e-18,7.18948510347721e-17,0.08814842942621184,0.24380519556275154,False,False,0.001624945610724674,4.944791740014082e-05,1.533103868772537e-07,1.533103868772537e-07
A_resonant_driven_swell_w0p500_c0p850_s0p000_b0p500,previous_AB,highpass_10hz,1.172487151460166e-14,1.3301294130342072e-13,0.08814835157923186,0.2589455677064033,False,False,0.0015603202052647518,5.115053902325672e-05,6.613794850857804e-13,2.673133449650631e-14
A_resonant_driven_swell_w0p500_c0p850_s0p000_b0p500,previous_AB,highpass_20hz,2.4373784254028453e-15,2.7651234148475638e-14,0.08814718403942247,0.2740174658003995,False,False,0.001488410104620755,5.259493485900979e-05,3.2194510044716428e-15,2.4743725559769366e-17
A_resonant_driven_swell_w0p500_c0p850_s0p400_b0p500,previous_AB,raw,-1.5572327320003992e-07,1.7511346840155825e-06,0.08892706804421573,0.24380533397197723,False,False,0.001624792313853663,5.09874095162842e-05,0.0,0.0
A_resonant_driven_swell_w0p500_c0p850_s0p400_b0p500,previous_AB,subtract_clip_mean,-4.746350285169981e-18,5.337351595598889e-17,0.08892706804407939,0.24380517824870404,False,False,0.0016249480371269848,5.114313278947472e-05,1.5572327320003992e-07,1.5572327320003992e-07
A_resonant_driven_swell_w0p500_c0p850_s0p400_b0p500,previous_AB,highpass_10hz,1.02892952409732e-14,1.1570497628184118e-13,0.08892698975980007,0.2589455528024054,False,False,0.0015603202175583759,5.2832051498098326e-05,6.61379445411366e-13,2.6731330755045534e-14
A_resonant_driven_swell_w0p500_c0p850_s0p400_b0p500,previous_AB,highpass_20hz,-5.64718340117498e-16,6.350443184560729e-15,0.08892581568014776,0.2740174508879123,False,False,0.0014884101157260205,5.424587266676547e-05,3.21945100434636e-15,2.474372553999759e-17
A_resonant_driven_swell_w0p500_c0p850_s1p000_b0p500,previous_AB,raw,-1.554721535047423e-07,1.7307081575671138e-06,0.08983152521988004,0.24380533397197723,False,False,0.001624792253032597,5.276496103407472e-05,0.0,0.0
A_resonant_driven_swell_w0p500_c0p850_s1p000_b0p500,previous_AB,subtract_clip_mean,2.718913529694261e-19,3.0266808039196328e-18,0.0898315252197455,0.24380517849982372,False,False,0.001624947725186023,5.292043318758084e-05,1.554721535047423e-07,1.554721535047423e-07
A_resonant_driven_swell_w0p500_c0p850_s1p000_b0p500,previous_AB,highpass_10hz,-1.8024305488133443e-14,2.006458340949646e-13,0.08983144638628597,0.2589455529266629,False,False,0.0015603201585090226,5.4640898417021244e-05,6.613794562532888e-13,2.6731333717635405e-14
A_resonant_driven_swell_w0p500_c0p850_s1p000_b0p500,previous_AB,highpass_20hz,-2.058992935837024e-15,2.292092711007016e-14,0.08983026410534758,0.27401745114473,False,False,0.001488410058410691,5.607752022277022e-05,3.2194509995107103e-15,2.4743725589778578e-17
B_resonant_driven_swell_w0p500_c0p850_s0p000_b0p250,previous_AB,raw,-0.02268034692337706,0.25730257290887776,0.0881465998064822,0.24416673183441162,True,False,0.06396483640480032,-0.03843079259876972,0.0,0.0
B_resonant_driven_swell_w0p500_c0p850_s0p000_b0p250,previous_AB,subtract_clip_mean,-1.7186218854363722e-18,2.0176643090754783e-17,0.08517878210493145,0.2606758969598074,False,False,0.0412844894814227,-0.015750445675392664,0.02268034692337706,0.02268034692337706
B_resonant_driven_swell_w0p500_c0p850_s0p000_b0p250,previous_AB,highpass_10hz,-1.1030529492241911e-12,1.3363703756769908e-11,0.08254096089681698,0.3166182584056313,False,False,0.003337113635287768,3.4754756124478696e-05,2.395580953349425e-09,-1.1318884428476591e-10
B_resonant_driven_swell_w0p500_c0p850_s0p000_b0p250,previous_AB,highpass_20hz,-3.467051119198282e-15,4.200465124662866e-14,0.0825396953980555,0.3282429494805512,False,False,0.002165510803375826,3.7169177818707644e-05,1.0630521639954174e-12,2.484153752816918e-14
B_resonant_driven_swell_w0p500_c0p850_s0p000_b0p500,previous_AB,raw,-1.533811631812952e-07,1.7400328558517492e-06,0.0881484293043506,0.2438054382801056,False,False,0.0016247918830377783,4.929449041677387e-05,0.0,0.0
B_resonant_driven_swell_w0p500_c0p850_s0p000_b0p500,previous_AB,subtract_clip_mean,5.434470376018529e-18,6.165135804363715e-17,0.08814842930421715,0.2438052848989424,False,False,0.0016249452642008659,4.94478715799641e-05,1.533811631812952e-07,1.533811631812952e-07
B_resonant_driven_swell_w0p500_c0p850_s0p000_b0p500,previous_AB,highpass_10hz,3.5048003803772222e-15,3.976024874472522e-14,0.08814835145723743,0.25894565767270106,False,False,0.0015603201488991274,5.11505196597111e-05,6.614304703048932e-13,2.674497853382103e-14
B_resonant_driven_swell_w0p500_c0p850_s0p000_b0p500,previous_AB,highpass_20hz,-4.756041030059151e-15,5.395567752356329e-14,0.08814718391743136,0.27401755479582457,False,False,0.0014884097509557776,5.259492957245475e-05,3.219486054948793e-15,2.474341153528308e-17
B_resonant_driven_swell_w0p500_c0p850_s0p000_b0p750,previous_AB,raw,0.022365576766480228,0.25379857987827714,0.08812333298794206,0.24445031583309174,True,False,0.06297391878292881,0.037968972140487084,0.0,0.0
B_resonant_driven_swell_w0p500_c0p850_s0p000_b0p750,previous_AB,subtract_clip_mean,1.7186218854363722e-18,2.0162644872641885e-17,0.08523791874985216,0.24452768936013106,False,False,0.0406083420164485,0.015603395374006858,0.022365576766480228,-0.022365576766480228
B_resonant_driven_swell_w0p500_c0p850_s0p000_b0p750,previous_AB,highpass_10hz,1.089787929000594e-12,1.3181036006406899e-11,0.08267847295697253,0.29954391511672374,False,False,0.0032850701181206636,4.9678729219883765e-05,2.3647386789058888e-09,1.1182260631094011e-10
B_resonant_driven_swell_w0p500_c0p850_s0p000_b0p750,previous_AB,highpass_20hz,5.853384460593645e-17,7.079803719296906e-16,0.082677213841953,0.31053400697515776,False,False,0.002137525983650648,4.9713019931944085e-05,1.0459207139005546e-12,-2.4498108195833448e-14
A_resonant_driven_swell_w1p000_c0p300_s0p000_b0p500,previous_AB,raw,-0.008494145295017115,0.3729130115839331,0.0227778195749689,0.11519776284694672,True,False,0.031372863115852224,-0.01454386074627097,0.0,0.0
A_resonant_driven_swell_w1p000_c0p300_s0p000_b0p500,previous_AB,subtract_clip_mean,1.2889664140772793e-18,6.098795167107428e-17,0.02113477135662875,0.1067036175519296,False,False,0.022878717820834647,-0.006049715451253855,0.008494145295017115,0.008494145295017115
A_resonant_driven_swell_w1p000_c0p300_s0p000_b0p500,previous_AB,highpass_10hz,-3.946180964932119e-13,2.038181141005018e-11,0.019361286813723903,0.11225026040314655,False,False,0.0018742374571365634,-2.6105774540539693e-06,8.4973619738902e-10,-4.016182419717083e-11
A_resonant_driven_swell_w1p000_c0p300_s0p000_b0p500,previous_AB,highpass_20hz,9.01098293991228e-16,4.6544341802443586e-14,0.019359996491430033,0.11141147497550835,False,False,0.0013564189833266296,-2.433612690840235e-06,3.763031508112942e-13,8.805574890502802e-15
A_resonant_driven_swell_w1p000_c0p300_s0p400_b0p500,previous_AB,raw,-0.00870406337154694,0.3240105104560307,0.026863521678035535,0.11519775539636612,True,False,0.030453504534770696,-0.015052497006860177,0.0,0.0
A_resonant_driven_swell_w1p000_c0p300_s0p400_b0p500,previous_AB,subtract_clip_mean,1.7186218854363722e-18,6.762413202612351e-17,0.02541432819828964,0.10649369202481918,False,False,0.021749441163217535,-0.006348433635313235,0.00870406337154694,0.00870406337154694
A_resonant_driven_swell_w1p000_c0p300_s0p400_b0p500,previous_AB,highpass_10hz,-3.922663562914569e-13,1.6491948834001007e-11,0.023785324599281555,0.1123470711780452,False,False,0.0018742374571365634,-5.686114621132522e-06,8.497361973855804e-10,-4.0161824197170835e-11
A_resonant_driven_swell_w1p000_c0p300_s0p400_b0p500,previous_AB,highpass_20hz,-8.466935895158041e-16,3.559845636987507e-14,0.02378455910330742,0.11150889109554346,False,False,0.0013564189833266296,-5.161433706991377e-06,3.7630315081021965e-13,8.80557489053521e-15
A_resonant_driven_swell_w1p000_c0p300_s1p000_b0p500,previous_AB,raw,-0.009295036856450499,0.26876769624288577,0.03458390642322789,0.11519769579172134,True,False,0.02802687648203771,-0.016028470872183075,0.0,0.0
A_resonant_driven_swell_w1p000_c0p300_s1p000_b0p500,previous_AB,subtract_clip_mean,0.0,0.0,0.03331139254561133,0.10590265893527084,False,False,0.018731839625587467,-0.006733434015732573,0.009295036856450499,0.009295036856450499
A_resonant_driven_swell_w1p000_c0p300_s1p000_b0p500,previous_AB,highpass_10hz,-3.913329104789999e-13,1.220029631340528e-11,0.032075689018226244,0.11251083030832883,False,False,0.0018742374571365634,2.5737456349175822e-05,8.497361973804124e-10,-4.016182419734668e-11
A_resonant_driven_swell_w1p000_c0p300_s1p000_b0p500,previous_AB,highpass_20hz,1.3067736193550917e-16,4.074219519034662e-15,0.03207420742181109,0.11165357892873132,False,False,0.0013564189833266296,2.5792784735937174e-05,3.763031508111421e-13,8.805574890521894e-15
B_resonant_driven_swell_w1p000_c0p300_s0p000_b0p250,previous_AB,raw,-0.01078316461124977,0.46539461069773436,0.023169938721643784,0.11350908130407333,True,False,0.033861181519533184,-0.018215854698434536,0.0,0.0
B_resonant_driven_swell_w1p000_c0p300_s0p000_b0p250,previous_AB,subtract_clip_mean,-1.7186218854363722e-18,8.380337156807313e-17,0.020507789284352873,0.10272591669282356,False,False,0.023078016908283996,-0.00743269008718477,0.01078316461124977,0.01078316461124977
B_resonant_driven_swell_w1p000_c0p300_s0p000_b0p250,previous_AB,highpass_10hz,-5.363412917789172e-13,3.007213985375534e-11,0.017835155542213273,0.10283197399698889,False,False,0.0018015389519748142,-3.398817285657652e-06,1.1645607690297218e-09,-5.504038943870402e-11
B_resonant_driven_swell_w1p000_c0p300_s0p000_b0p250,previous_AB,highpass_20hz,-4.3292257324164933e-16,2.4275144042001916e-14,0.01783398576307468,0.10200782719994915,False,False,0.0013215037598976053,-3.425417714118871e-06,5.158362781635538e-13,1.2068692305518388e-14
B_resonant_driven_swell_w1p000_c0p300_s0p000_b0p500,previous_AB,raw,-0.008494145118252869,0.3729130057361762,0.02277781945814515,0.11519774794578552,True,False,0.03137286324945266,-0.014543860457913725,0.0,0.0
B_resonant_driven_swell_w1p000_c0p300_s0p000_b0p500,previous_AB,subtract_clip_mean,0.0,0.0,0.021134771301765172,0.10670360282753265,False,False,0.02287871813120118,-0.006049715339660856,0.008494145118252869,0.008494145118252869
B_resonant_driven_swell_w1p000_c0p300_s0p000_b0p500,previous_AB,highpass_10hz,-3.866296398682004e-13,1.9969211818465803e-11,0.019361286934253395,0.11225026870068523,False,False,0.0018742399414682612,-2.6106444719176155e-06,8.497359536720418e-10,-4.016183320123618e-11
B_resonant_driven_swell_w1p000_c0p300_s0p000_b0p500,previous_AB,highpass_20hz,1.3197765715596016e-15,6.817028939157459e-14,0.019359996610528066,0.11141148029645433,False,False,0.001356420512559205,-2.4336766882105925e-06,3.763032528880136e-13,8.805576173232473e-15
B_resonant_driven_swell_w1p000_c0p300_s0p000_b0p750,previous_AB,raw,-0.009559524998258805,0.4173541409746915,0.022905068045888873,0.11424720287322998,True,False,0.03253626370098486,-0.016241571447778453,0.0,0.0
B_resonant_driven_swell_w1p000_c0p300_s0p000_b0p750,previous_AB,subtract_clip_mean,1.2889664140772793e-18,6.192535350592975e-17,0.020814841435727167,0.10468767787497117,False,False,0.022976738702728195,-0.006682046449519644,0.009559524998258805,0.009559524998258805
B_resonant_driven_swell_w1p000_c0p300_s0p000_b0p750,previous_AB,highpass_10hz,-4.577324928344899e-13,2.452221756496898e-11,0.018666031798379445,0.10820025858903112,False,False,0.0018452151845563397,1.305955126647617e-06,9.988087254488119e-10,-4.720023552387657e-11
B_resonant_driven_swell_w1p000_c0p300_s0p000_b0p750,previous_AB,highpass_20hz,-5.221826582456584e-16,2.7976881338912247e-14,0.018664791544130026,0.10735706673466591,False,False,0.0013416547208539673,1.4895198702717182e-06,4.424832861040007e-13,1.0351030721265663e-14
A_resonant_driven_swell_w1p000_c0p575_s0p000_b0p500,previous_AB,raw,-0.009357364678227528,0.24158786673648633,0.03873275924255807,0.20315223932266235,True,False,0.02458568419736071,-0.01589754820159002,0.0,0.0
A_resonant_driven_swell_w1p000_c0p575_s0p000_b0p500,previous_AB,subtract_clip_mean,2.5779328281545586e-18,6.858857729399447e-17,0.03758545416541654,0.2125096040008899,False,False,0.015228319519133641,-0.006540183523362491,0.009357364678227528,0.009357364678227528
A_resonant_driven_swell_w1p000_c0p575_s0p000_b0p500,previous_AB,highpass_10hz,-4.4788203799953966e-13,1.224675127647288e-11,0.03657149785183943,0.22655448410989285,False,False,0.00209423428936357,4.867792233719839e-06,9.765873937834706e-10,-4.6137765368334135e-11
A_resonant_driven_swell_w1p000_c0p575_s0p000_b0p500,previous_AB,highpass_20hz,2.1645761524838874e-16,5.9189836098254455e-15,0.03657006498363529,0.22533922522440852,False,False,0.0016384416503801994,4.57733401200033e-06,4.3301592221620446e-13,1.0123801607070716e-14
A_resonant_driven_swell_w1p000_c0p575_s0p400_b0p500,previous_AB,raw,-0.00942064287820934,0.2391193019550862,0.03939724982962195,0.20317929983139038,True,False,0.024994062230866813,-0.015909169417994588,0.0,0.0
A_resonant_driven_swell_w1p000_c0p575_s0p400_b0p500,previous_AB,subtract_clip_mean,-4.2965547135909306e-19,1.123154743250469e-17,0.03825434330764143,0.21259994270959973,False,False,0.015573419352657863,-0.006488526539785245,0.00942064287820934,0.00942064287820934
A_resonant_driven_swell_w1p000_c0p575_s0p400_b0p500,previous_AB,highpass_10hz,-4.522968226539593e-13,1.2137183095264083e-11,0.03726538679559387,0.22657652556879387,False,False,0.0024863214083901807,8.30544908161304e-06,9.765873937734273e-10,-4.613776536804627e-11
A_resonant_driven_swell_w1p000_c0p575_s0p400_b0p500,previous_AB,highpass_20hz,2.5159684531444894e-16,6.7517036996138255e-15,0.037264201230992916,0.2253649889839887,False,False,0.001724155476698596,7.902654676547962e-06,4.3301592221604234e-13,1.0123801607063884e-14
A_resonant_driven_swell_w1p000_c0p575_s1p000_b0p500,previous_AB,raw,-0.009253978043790386,0.22602859257221536,0.04094162574070699,0.20321929454803467,True,False,0.02558186339968636,-0.015613902530621181,0.0,0.0
A_resonant_driven_swell_w1p000_c0p575_s1p000_b0p500,previous_AB,subtract_clip_mean,-1.2889664140772793e-18,3.2319434971557e-17,0.03988208380535258,0.21247327259182505,False,False,0.01632788535589566,-0.006359924486830799,0.009253978043790386,0.009253978043790386
A_resonant_driven_swell_w1p000_c0p575_s1p000_b0p500,previous_AB,highpass_10hz,-4.4219379816489545e-13,1.1348397812292286e-11,0.03896530642289635,0.22660885201728492,False,False,0.0021423059322893097,6.674145908700436e-06,9.765873937833578e-10,-4.613776536913598e-11
A_resonant_driven_swell_w1p000_c0p575_s1p000_b0p500,previous_AB,highpass_20hz,8.726445282346405e-16,2.2395868987310696e-14,0.038964530857412735,0.22540288757251734,False,False,0.0015740297175953987,6.221537754264747e-06,4.330159222175454e-13,1.012380160706697e-14
B_resonant_driven_swell_w1p000_c0p575_s0p000_b0p250,previous_AB,raw,-0.011840623522075279,0.3329807109657969,0.035559487778532385,0.1985158920288086,True,False,0.03256165688732326,-0.020201138105670816,0.0,0.0
B_resonant_driven_swell_w1p000_c0p575_s0p000_b0p250,previous_AB,subtract_clip_mean,-3.4372437708727445e-18,1.025117642893953e-16,0.03353023718496593,0.21035651555088386,False,False,0.020721033365247506,-0.008360514583595541,0.011840623522075279,0.011840623522075279
B_resonant_driven_swell_w1p000_c0p575_s0p000_b0p250,previous_AB,highpass_10hz,-5.556703514217732e-13,1.7552832077802398e-11,0.03165701973099162,0.2303972647272145,False,False,0.0024635973488429676,1.2372230735472776e-05,1.2042450662537958e-09,-5.690277943194732e-11
B_resonant_driven_swell_w1p000_c0p575_s0p000_b0p250,previous_AB,highpass_20hz,-8.463541449100135e-17,2.673648033872798e-15,0.031655406178653346,0.2281583803570408,False,False,0.0016332823047985894,1.2403898781782689e-05,5.33711837496173e-13,1.2481955817977008e-14
B_resonant_driven_swell_w1p000_c0p575_s0p000_b0p500,previous_AB,raw,-0.009357364514390969,0.241587863230637,0.03873275912647053,0.20315225422382355,True,False,0.024585682908742423,-0.015897547864202527,0.0,0.0
B_resonant_driven_swell_w1p000_c0p575_s0p000_b0p500,previous_AB,subtract_clip_mean,-1.7186218854363722e-18,4.5725718291913926e-17,0.037585454086574537,0.21250961873821453,False,False,0.015228318394351808,-0.006540183349811561,0.009357364514390969,0.009357364514390969
B_resonant_driven_swell_w1p000_c0p575_s0p000_b0p500,previous_AB,highpass_10hz,-4.452034103346885e-13,1.2173507704942855e-11,0.03657149780698959,0.22655450406925084,False,False,0.002094234163903754,4.867759365903297e-06,9.765872054940031e-10,-4.6137778712169684e-11
B_resonant_driven_swell_w1p000_c0p575_s0p000_b0p500,previous_AB,highpass_20hz,9.471603815359557e-16,2.589988240739529e-14,0.03657006493842263,0.22533927754429864,False,False,0.0016384408359229647,4.577321782735382e-06,4.330159156090983e-13,1.0123799081466399e-14
B_resonant_driven_swell_w1p000_c0p575_s0p000_b0p750,previous_AB,raw,-0.010554391402214163,0.2837879746225558,0.03719111571324238,0.20170122385025024,True,False,0.028674735030348893,-0.01799609837717627,0.0,0.0
B_resonant_driven_swell_w1p000_c0p575_s0p000_b0p750,previous_AB,subtract_clip_mean,8.593109427181861e-19,2.4095929238134265e-17,0.0356620794419598,0.21225561525246442,False,False,0.018120343628135062,-0.0074417069749621095,0.010554391402214163,0.010554391402214163
B_resonant_driven_swell_w1p000_c0p575_s0p000_b0p750,previous_AB,highpass_10hz,-4.99848132776142e-13,1.45808997512455e-11,0.03428102115121154,0.22931919973066156,False,False,0.0024598321565789784,-2.1132877318423017e-06,1.0813984608820791e-09,-5.110346261504813e-11
B_resonant_driven_swell_w1p000_c0p575_s0p000_b0p750,previous_AB,highpass_20hz,1.2347494740778643e-15,3.602013484422339e-14,0.03427942397822209,0.22786634086750424,False,False,0.0017405194445979863,-2.67154326885633e-06,4.790767001783119e-13,1.1206462075347945e-14
A_resonant_driven_swell_w1p000_c0p850_s0p000_b0p500,previous_AB,raw,-0.00786905194404166,0.17350587635761894,0.04535323015701489,0.26133832335472107,True,False,0.022892886396045288,-0.013394089701428982,0.0,0.0
A_resonant_driven_swell_w1p000_c0p850_s0p000_b0p500,previous_AB,subtract_clip_mean,-4.2965547135909306e-19,9.619435861947412e-18,0.044665350185318586,0.2692073752987627,False,False,0.015023834452003794,-0.005525037757387323,0.00786905194404166,0.00786905194404166
A_resonant_driven_swell_w1p000_c0p850_s0p000_b0p500,previous_AB,highpass_10hz,-3.759361873619174e-13,8.533394887484548e-12,0.04405470417328067,0.28892883403532255,False,False,0.0020665877240875776,6.6164377037449315e-06,8.115978430404349e-10,-3.8338368799448596e-11
A_resonant_driven_swell_w1p000_c0p850_s0p000_b0p500,previous_AB,highpass_20hz,1.2362136174053132e-15,2.8061075423163993e-14,0.04405439202750004,0.2926004446777594,False,False,0.0015982451631847239,6.02017770503421e-06,3.6006087192560123e-13,8.414886640288715e-15
A_resonant_driven_swell_w1p000_c0p850_s0p400_b0p500,previous_AB,raw,-0.007985796473702659,0.1755798986670378,0.045482407350323065,0.2569025754928589,True,False,0.022929895887005645,-0.013582940371341432,0.0,0.0
A_resonant_driven_swell_w1p000_c0p850_s0p400_b0p500,previous_AB,subtract_clip_mean,-4.2965547135909306e-19,9.595697336704287e-18,0.04477584653651252,0.26488837196656156,False,False,0.014944099413303068,-0.005597143897638773,0.007985796473702659,0.007985796473702659
A_resonant_driven_swell_w1p000_c0p850_s0p400_b0p500,previous_AB,highpass_10hz,-3.6778444907022674e-13,8.330551872870478e-12,0.04414886968868947,0.28458242466782663,False,False,0.002046470562622347,7.303376650190572e-06,8.115978430437166e-10,-3.833836879837864e-11
A_resonant_driven_swell_w1p000_c0p850_s0p400_b0p500,previous_AB,highpass_20hz,1.7325193937589854e-15,3.9242929671888845e-14,0.04414857423348932,0.2877615584366054,False,False,0.0015850597732890417,6.694596217283098e-06,3.600608719229782e-13,8.414886640286681e-15
A_resonant_driven_swell_w1p000_c0p850_s1p000_b0p500,previous_AB,raw,-0.008213288835849411,0.18055887186322342,0.045488148829768524,0.25335627794265747,True,False,0.022946364436374635,-0.014010887929956466,0.0,0.0
A_resonant_driven_swell_w1p000_c0p850_s1p000_b0p500,previous_AB,subtract_clip_mean,-1.2889664140772793e-18,2.8809825951707127e-17,0.04474051374825822,0.2615695667785069,False,False,0.014733075600525107,-0.005797599094107056,0.008213288835849411,0.008213288835849411
A_resonant_driven_swell_w1p000_c0p850_s1p000_b0p500,previous_AB,highpass_10hz,-3.7745611037526706e-13,8.564154037761108e-12,0.04407395157898676,0.2802083958963221,False,False,0.00204001259558143,7.006652202567395e-06,8.115978430476916e-10,-3.833836879874072e-11
A_resonant_driven_swell_w1p000_c0p850_s1p000_b0p500,previous_AB,highpass_20hz,-7.420871677296087e-17,1.6837427300900516e-15,0.04407366722170908,0.283899552333783,False,False,0.0015918298945560567,6.386185641532151e-06,3.6006087192457473e-13,8.414886640284898e-15
B_resonant_driven_swell_w1p000_c0p850_s0p000_b0p250,previous_AB,raw,-0.010723288601192843,0.25428912043020035,0.04216967121145976,0.26288846135139465,True,False,0.030613332034522656,-0.01817614466120032,0.0,0.0
B_resonant_driven_swell_w1p000_c0p850_s0p000_b0p250,previous_AB,subtract_clip_mean,8.593109427181861e-19,2.1070073959894257e-17,0.04078348013176593,0.2736117499525875,False,False,0.019890043433330007,-0.007452856060007473,0.010723288601192843,0.010723288601192843
B_resonant_driven_swell_w1p000_c0p850_s0p000_b0p250,previous_AB,highpass_10hz,-5.190927103629786e-13,1.312582287514324e-11,0.039547441352876994,0.2969515419159975,False,False,0.0022855391157708027,1.2024297437104987e-05,1.131566038456584e-09,-5.3468461931656795e-11
B_resonant_driven_swell_w1p000_c0p850_s0p000_b0p250,previous_AB,highpass_20hz,-1.780540106050104e-15,4.502329523989234e-14,0.03954708549347757,0.2999318464974034,False,False,0.0016892109539296536,1.2045102365660476e-05,5.016733374619999e-13,1.1731673766315206e-14
B_resonant_driven_swell_w1p000_c0p850_s0p000_b0p500,previous_AB,raw,-0.00786905184541077,0.1735058736632419,0.04535323029284782,0.26133838295936584,True,False,0.02289288331559952,-0.013394089521146235,0.0,0.0
B_resonant_driven_swell_w1p000_c0p850_s0p000_b0p500,previous_AB,subtract_clip_mean,-2.5779328281545586e-18,5.771661497100376e-17,0.04466535034062004,0.2692074348047766,False,False,0.015023831470188572,-0.00552503767573547,0.00786905184541077,0.00786905184541077
B_resonant_driven_swell_w1p000_c0p850_s0p000_b0p500,previous_AB,highpass_10hz,-3.7633492526192635e-13,8.542445824571848e-12,0.044054704354041185,0.288928889904964,False,False,0.0020665872981526032,6.6164280278231195e-06,8.115977330424491e-10,-3.8338359263930124e-11
B_resonant_driven_swell_w1p000_c0p850_s0p000_b0p500,previous_AB,highpass_20hz,-3.41222724888703e-15,7.745487062283708e-14,0.04405439220862834,0.2926004978299267,False,False,0.001598245484173836,6.020165994761123e-06,3.6006086358784275e-13,8.414886749886408e-15
B_resonant_driven_swell_w1p000_c0p850_s0p000_b0p750,previous_AB,raw,-0.00928584704551442,0.21224726982939626,0.043750136588227295,0.2516547441482544,True,False,0.02660782290541253,-0.015748736373729165,0.0,0.0
B_resonant_driven_swell_w1p000_c0p850_s0p000_b0p750,previous_AB,subtract_clip_mean,1.7186218854363722e-18,4.019854730570481e-17,0.0427533331581978,0.26094059119376883,False,False,0.01732197585989779,-0.006462889328214744,0.00928584704551442,0.00928584704551442
B_resonant_driven_swell_w1p000_c0p850_s0p000_b0p750,previous_AB,highpass_10hz,-4.4574916970754685e-13,1.0645165019352823e-11,0.041873392182946764,0.28267179716969765,False,False,0.0021507199559125784,-2.722797218518887e-06,9.809833032062477e-10,-4.635418596594e-11
B_resonant_driven_swell_w1p000_c0p850_s0p000_b0p750,previous_AB,highpass_20hz,1.4000449409862423e-15,3.343546400905625e-14,0.04187305253508757,0.2851692333511539,False,False,0.0016621873104117832,-3.3625058319777717e-06,4.3440570284232027e-13,1.0160204492679125e-14
B_clean_held_w0p500_c0p300_s0p000_b0p000,previous_AB,raw,-0.028376672983808887,0.6732582256709463,0.042148275211238095,0.1858970671892166,True,False,0.07719841585146557,-0.05492735617557276,0.0,0.0
B_clean_held_w0p500_c0p300_s0p000_b0p000,previous_AB,subtract_clip_mean,-5.155865656309117e-18,1.6543902792051444e-16,0.03116474825266904,0.15752039420540773,False,False,0.04882174286765515,-0.026550683191763874,0.028376672983808887,0.028376672983808887
B_clean_held_w0p500_c0p300_s0p000_b0p000,previous_AB,highpass_10hz,1.9182059988448544e-14,1.2378758537283605e-12,0.015495948103902394,0.16519462448626582,False,False,0.013003422157203355,-5.3769755081637866e-06,4.41756947137233e-28,2.987590266987248e-29
B_clean_held_w0p500_c0p300_s0p000_b0p000,previous_AB,highpass_20hz,-2.933121957292044e-15,1.9199389008023858e-13,0.015277163018397232,0.14716477619317533,False,False,0.006881872266279321,-5.82735242271897e-06,5.273613317080028e-52,2.0238936647220075e-53
B_clean_held_w0p500_c0p300_s0p000_b1p000,previous_AB,raw,0.02757083206507263,0.669648212028659,0.041172113312374053,0.18008096516132355,True,False,0.07481986279350238,0.05335926446138894,0.0,0.0
B_clean_held_w0p500_c0p300_s0p000_b1p000,previous_AB,subtract_clip_mean,6.874487541745489e-18,2.248207284658626e-16,0.030577641077207566,0.15251013309625092,False,False,0.047249030728432055,0.025788432396316313,0.02757083206507263,-0.02757083206507263
B_clean_held_w0p500_c0p300_s0p000_b1p000,previous_AB,highpass_10hz,6.50355976345695e-15,4.158542460221427e-13,0.015639036575114493,0.16012666627703478,False,False,0.012602782574643494,-3.05911892893358e-06,4.2916855639591005e-28,-2.902594271618438e-29
B_clean_held_w0p500_c0p300_s0p000_b1p000,previous_AB,highpass_20hz,-3.625196640735864e-15,2.3483977077492063e-13,0.015436893967207923,0.14313067366207252,False,False,0.006667397988661227,-2.5527330753750225e-06,5.1231708385034776e-52,-1.966241517681831e-53
B_clean_held_w0p500_c0p850_s0p000_b0p000,previous_AB,raw,-0.02924830426328246,0.38138598559859277,0.0766895097557837,0.1989355981349945,True,False,0.08092014147338955,-0.056610369433061816,0.0,0.0
B_clean_held_w0p500_c0p850_s0p000_b0p000,previous_AB,subtract_clip_mean,0.0,0.0,0.07089300109534719,0.22708018828980986,False,False,0.05167183721010917,-0.027362065169779355,0.02924830426328246,0.02924830426328246
B_clean_held_w0p500_c0p850_s0p000_b0p000,previous_AB,highpass_10hz,4.931137383029776e-15,7.564739103988032e-14,0.06518582221071106,0.2889829626906931,False,False,0.014993406740667256,3.7628316825853003e-06,4.548291793154681e-28,3.075882420755804e-29
B_clean_held_w0p500_c0p850_s0p000_b0p000,previous_AB,highpass_20hz,1.7506782116198046e-15,2.6880125072232586e-14,0.06512909470902244,0.30246730349310536,False,False,0.00894872432076537,6.200676322394304e-06,5.428350001727521e-52,2.083241540643041e-53
B_clean_held_w0p500_c0p850_s0p000_b1p000,previous_AB,raw,0.02762558908671848,0.3628746669317571,0.07612983656396659,0.20277154445648193,True,False,0.07548326957295597,0.053512057477475596,0.0,0.0
B_clean_held_w0p500_c0p850_s0p000_b1p000,previous_AB,subtract_clip_mean,0.0,0.0,0.07094067128853551,0.21800041051120272,False,False,0.04785768048623544,0.025886468390757113,0.02762558908671848,-0.02762558908671848
B_clean_held_w0p500_c0p850_s0p000_b1p000,previous_AB,highpass_10hz,7.460101235841193e-15,1.1324619324903676e-13,0.06587507289923537,0.26435067969252946,False,False,0.01358854364080959,4.155134783272196e-05,4.300799583468816e-28,-2.9083038344552476e-29
B_clean_held_w0p500_c0p850_s0p000_b1p000,previous_AB,highpass_20hz,-2.3742291411631684e-15,3.606716984663991e-14,0.06582798570718341,0.27122193981016374,False,False,0.008082501146299065,4.029830130287569e-05,5.138024523726788e-52,-1.9713703355943967e-53
B_resonant_held_w0p500_c0p300_s0p000_b0p000,previous_AB,raw,-0.016095944119573966,0.6111524010956763,0.026337038176921335,0.17952871322631836,True,False,0.04153542858917375,-0.031146690246198164,0.0,0.0
B_resonant_held_w0p500_c0p300_s0p000_b0p000,previous_AB,subtract_clip_mean,-1.7186218854363722e-18,8.244330289400692e-17,0.020846106658850328,0.1634327691067444,False,False,0.025439484469598678,-0.015050746126624201,0.016095944119573966,0.016095944119573966
B_resonant_held_w0p500_c0p300_s0p000_b0p000,previous_AB,highpass_10hz,1.1784006730012604e-16,8.317409847018357e-15,0.014167880321825142,0.1636769615947759,False,False,0.00712257977170266,-1.1558073797121599e-06,2.523643092348029e-28,1.706728171994049e-29
B_resonant_held_w0p500_c0p300_s0p000_b0p000,previous_AB,highpass_20hz,1.1557955739916864e-16,8.19676405955079e-15,0.014100632464160837,0.15212564967846867,False,False,0.004107096065580419,-1.5279728249736183e-06,3.0123561467347138e-52,1.1560842203046993e-53
B_resonant_held_w0p500_c0p300_s0p000_b1p000,previous_AB,raw,0.01564055434614896,0.6055419180858154,0.025829020054615664,0.1784020960330963,True,False,0.04085266274405863,0.03026199522488783,0.0,0.0
B_resonant_held_w0p500_c0p300_s0p000_b1p000,previous_AB,subtract_clip_mean,-1.7186218854363722e-18,8.361056433836599e-17,0.020555080557538543,0.16276154168694734,False,False,0.025212108397909765,0.014621440878738866,0.01564055434614896,-0.01564055434614896
B_resonant_held_w0p500_c0p300_s0p000_b1p000,previous_AB,highpass_10hz,-2.829860306780952e-15,1.9951757888263712e-13,0.014183513666460286,0.1676399165520655,False,False,0.007075948748264582,-4.444945670269739e-06,2.4472803188143433e-28,-1.6551253239343153e-29
B_resonant_held_w0p500_c0p300_s0p000_b1p000,previous_AB,highpass_20hz,1.785904505660774e-15,1.2649668944176897e-13,0.014118191658153164,0.15838152270269742,False,False,0.0039745947453791435,-4.1492410150644484e-06,2.9208347513925724e-52,-1.1209934460435102e-53
B_resonant_held_w0p500_c0p850_s0p000_b0p000,previous_AB,raw,-0.016913521854959493,0.3701755585537888,0.04569054186353542,0.19875730574131012,True,False,0.04720445513696111,-0.032735440675542016,0.0,0.0
B_resonant_held_w0p500_c0p850_s0p000_b0p000,previous_AB,subtract_clip_mean,-6.874487541745489e-18,1.619631286538052e-16,0.04244476875005081,0.2156708275962696,False,False,0.030290933282001276,-0.015821918820582533,0.016913521854959493,0.016913521854959493
B_resonant_held_w0p500_c0p850_s0p000_b0p000,previous_AB,highpass_10hz,5.187268687991664e-15,1.3210638039324115e-13,0.03926584524192335,0.24261498669742126,False,False,0.008810893259292258,3.150034013020747e-06,2.629793274479213e-28,1.7784798398037146e-29
B_resonant_held_w0p500_c0p850_s0p000_b0p000,previous_AB,highpass_20hz,-2.7548493426825624e-15,7.021647604511039e-14,0.039233659930650984,0.2526539307894624,False,False,0.005179709325317352,4.55132226749718e-06,3.138718275152399e-52,1.2045569651547633e-53
B_resonant_held_w0p500_c0p850_s0p000_b1p000,previous_AB,raw,0.015799675070470056,0.35030553909206696,0.045102555647336194,0.21293072402477264,True,False,0.04298658154714711,0.030603950315104003,0.0,0.0
B_resonant_held_w0p500_c0p850_s0p000_b1p000,previous_AB,subtract_clip_mean,-2.5779328281545586e-18,6.102388308597789e-17,0.042244654023777084,0.19713104895430258,False,False,0.027186906476678294,0.014804275244633942,0.015799675070470056,-0.015799675070470056
B_resonant_held_w0p500_c0p850_s0p000_b1p000,previous_AB,highpass_10hz,-7.31737002392404e-15,1.8539013822380402e-13,0.03947011472147709,0.21200589818445165,False,False,0.007581424323112533,2.356673435858563e-05,2.4611827056901146e-28,-1.6643046403385537e-29
B_resonant_held_w0p500_c0p850_s0p000_b1p000,previous_AB,highpass_20hz,-9.325420254596365e-16,2.3641224198357643e-14,0.03944558951919335,0.21351480122670752,False,False,0.004352397775271482,2.280960006773646e-05,2.940285494583409e-52,-1.12812490193815e-53
B_driven_pluck_w0p500_c0p300_s0p000_b0p000,previous_AB,raw,-0.002291930021316751,0.32642346301236214,0.007021339704462214,0.17050085961818695,True,False,0.026692886545909143,-0.00457455303665561,0.0,0.0
B_driven_pluck_w0p500_c0p300_s0p000_b0p000,previous_AB,subtract_clip_mean,4.2965547135909306e-19,6.473897037894283e-17,0.006636736247798652,0.1682089295968702,False,False,0.024400956524593783,-0.002282623015338859,0.002291930021316751,0.002291930021316751
B_driven_pluck_w0p500_c0p300_s0p000_b0p000,previous_AB,highpass_10hz,6.267822355446697e-16,1.1073084032837171e-13,0.0056604125254170416,0.16138437177198922,False,False,0.012196889239973913,-4.2710539008963443e-07,4.015674137992735e-31,-2.169487051484467e-32
B_driven_pluck_w0p500_c0p300_s0p000_b0p000,previous_AB,highpass_20hz,7.713710832421374e-18,1.4633535616174332e-15,0.005271255720248133,0.15256003242653243,False,False,0.006511877438855616,-4.6304451478807994e-07,7.597259187715913e-59,-1.4011111491225295e-61
B_driven_pluck_w0p500_c0p300_s0p000_b1p000,previous_AB,raw,0.0023617943182124694,0.33077587241369194,0.007140165033738134,0.17879918217658997,True,False,0.025818117108402452,0.004713282795327777,0.0,0.0
B_driven_pluck_w0p500_c0p300_s0p000_b1p000,previous_AB,subtract_clip_mean,-2.1482773567954653e-19,3.1881874415534485e-17,0.006738240445952935,0.1764373878583775,False,False,0.023456322790190706,0.0023514884771153074,0.0023617943182124694,-0.0023617943182124694
B_driven_pluck_w0p500_c0p300_s0p000_b1p000,previous_AB,highpass_10hz,2.1046566008001869e-16,3.6163193277122974e-14,0.0058198859394742765,0.16540803418366162,False,False,0.011369389394945906,-9.315953586572924e-08,4.201311407013546e-31,2.2721240420228967e-32
B_driven_pluck_w0p500_c0p300_s0p000_b1p000,previous_AB,highpass_20hz,-3.5833209929557385e-16,6.517463633102242e-14,0.005498029900398718,0.15381264544432074,False,False,0.006230888836122543,-7.219252394279892e-08,7.950276413648207e-59,1.4701620757742399e-61
B_driven_pluck_w0p500_c0p850_s0p000_b0p000,previous_AB,raw,-0.0025947357981260413,0.2539790205572373,0.01021633909932055,0.19197522103786469,True,False,0.030294893984837947,-0.005178545087288018,0.0,0.0
B_driven_pluck_w0p500_c0p850_s0p000_b0p000,previous_AB,subtract_clip_mean,-2.1482773567954653e-19,2.1740743673112163e-17,0.009881342557073356,0.18938048523973863,False,False,0.027700158186711354,-0.0025838092891619768,0.0025947357981260413,0.0025947357981260413
B_driven_pluck_w0p500_c0p850_s0p000_b0p000,previous_AB,highpass_10hz,-1.5963358123404242e-16,1.7594648880753056e-14,0.009072848359518389,0.18437935712855266,False,False,0.013783591917299397,3.340226991342386e-07,4.537266930785788e-31,-2.4340283437393928e-32
B_driven_pluck_w0p500_c0p850_s0p000_b0p000,previous_AB,highpass_20hz,1.3252212168820855e-16,1.509808233563672e-14,0.008777414160433494,0.19552784718083785,False,False,0.007354546451703148,4.933238461526097e-07,8.547258964265462e-59,-1.579921862251069e-61
B_driven_pluck_w0p500_c0p850_s0p000_b1p000,previous_AB,raw,0.00232271964268267,0.22856064652766628,0.010162377810746677,0.19194850325584412,True,False,0.026122412239506676,0.004639518022900696,0.0,0.0
B_driven_pluck_w0p500_c0p850_s0p000_b1p000,previous_AB,subtract_clip_mean,-8.593109427181861e-19,8.685719713527022e-17,0.009893376381693585,0.18962578361316146,False,False,0.023799692596822884,0.0023167983802180247,0.00232271964268267,-0.00232271964268267
B_driven_pluck_w0p500_c0p850_s0p000_b1p000,previous_AB,highpass_10hz,3.956577234315411e-16,4.259397159959045e-14,0.009289054496982982,0.1833791536251084,False,False,0.011938797070920432,3.2676743101454045e-06,4.094729245218414e-31,2.1355259057458018e-32
B_driven_pluck_w0p500_c0p850_s0p000_b1p000,previous_AB,highpass_20hz,6.219953165940827e-16,6.847434234820099e-14,0.00908362600156355,0.19537886329021253,False,False,0.006664052568541799,3.163123183742036e-06,7.557393590405582e-59,1.5075595724036434e-61
B_resonant_driven_swell_w0p500_c0p300_s0p000_b0p000,previous_AB,raw,-0.023596225071475973,0.5726148807532996,0.041207844686875966,0.17698629200458527,True,False,0.07091807136922912,-0.03992250085589351,0.0,0.0
B_resonant_driven_swell_w0p500_c0p300_s0p000_b0p000,previous_AB,subtract_clip_mean,1.7186218854363722e-18,5.0872086346503815e-17,0.033783200353340426,0.1533900669331093,False,False,0.04732184629775207,-0.016326275784417536,0.023596225071475973,0.023596225071475973
B_resonant_driven_swell_w0p500_c0p300_s0p000_b0p000,previous_AB,highpass_10hz,-1.1603417852827075e-12,4.522814998727554e-11,0.0256553006392956,0.14637386821982423,False,False,0.0028944560144656727,-5.1262267330999326e-06,2.5262465478517063e-09,-1.1936750967392666e-10
B_resonant_driven_swell_w0p500_c0p300_s0p000_b0p000,previous_AB,highpass_20hz,1.6737640080506295e-16,6.524651371239502e-15,0.02565292630696774,0.14689151326806216,False,False,0.0013075995155983635,-5.6020980589313666e-06,1.1188283520538368e-12,2.6167411732600052e-14
B_resonant_driven_swell_w0p500_c0p300_s0p000_b1p000,previous_AB,raw,0.02777911729994789,0.6197072663795731,0.04482619263485136,0.17598092555999756,True,False,0.07268247701080958,0.046746883382590636,0.0,0.0
B_resonant_driven_swell_w0p500_c0p300_s0p000_b1p000,previous_AB,subtract_clip_mean,0.0,0.0,0.035181077132068285,0.14820180826004967,False,False,0.04490335971086195,0.018967766082642754,0.02777911729994789,-0.02777911729994789
B_resonant_driven_swell_w0p500_c0p300_s0p000_b1p000,previous_AB,highpass_10hz,1.4055632294243512e-12,5.765981108884843e-11,0.024376826820651707,0.14944119722085206,False,False,0.002297716568699939,-3.1894788473527546e-06,3.058639281250658e-09,1.4454857713409247e-10
B_resonant_driven_swell_w0p500_c0p300_s0p000_b1p000,previous_AB,highpass_20hz,-1.3613302137530077e-15,5.584908403202064e-14,0.0243751573968966,0.15033007785264252,False,False,0.0011764947535901726,-2.7300774328190777e-06,1.3561062525826968e-12,-3.1707987272549935e-14
B_resonant_driven_swell_w0p500_c0p850_s0p000_b0p000,previous_AB,raw,-0.03309174807125713,0.3943034691149358,0.08392456740372019,0.2453792244195938,True,False,0.09191061893141197,-0.056057760723371854,0.0,0.0
B_resonant_driven_swell_w0p500_c0p850_s0p000_b0p000,previous_AB,subtract_clip_mean,1.2030353198054607e-17,1.5598508342414865e-16,0.07712502332894314,0.27847097249085095,False,False,0.058818870860154825,-0.02296601265211472,0.03309174807125713,0.03309174807125713
B_resonant_driven_swell_w0p500_c0p850_s0p000_b0p000,previous_AB,highpass_10hz,-1.6109775905141283e-12,2.275751755362505e-11,0.07078881019065787,0.34986974937260756,False,False,0.004220650454213812,4.3009336570807495e-06,3.5158961925959203e-09,-1.6612234075068305e-10
B_resonant_driven_swell_w0p500_c0p850_s0p000_b0p000,previous_AB,highpass_20hz,1.7250356681855863e-15,2.4369283464053193e-14,0.07078729543813479,0.3600964869777248,False,False,0.002496506182555035,6.662954805321128e-06,1.5586594828298375e-12,3.6428860058189093e-14
B_resonant_driven_swell_w0p500_c0p850_s0p000_b1p000,previous_AB,raw,0.03032574017928482,0.36682562869782576,0.0826707236540056,0.24509023129940033,True,False,0.08580564033472911,0.0515359398626171,0.0,0.0
B_resonant_driven_swell_w0p500_c0p850_s0p000_b1p000,previous_AB,subtract_clip_mean,-1.7186218854363722e-18,2.2346544572780324e-17,0.07690772413779692,0.24611157139228226,False,False,0.05547990015544369,0.021210199683332275,0.03032574017928482,-0.03032574017928482
B_resonant_driven_swell_w0p500_c0p850_s0p000_b1p000,previous_AB,highpass_10hz,1.4869053901126608e-12,2.0780621616073123e-11,0.07155249816793684,0.30940144793447766,False,False,0.003893037457702227,4.373438296464037e-05,3.180592901258759e-09,1.5038104929587062e-10
B_resonant_driven_swell_w0p500_c0p850_s0p000_b1p000,previous_AB,highpass_20hz,-1.7397924874509176e-15,2.431541129381802e-14,0.07155102031497385,0.31444647374609325,False,False,0.002250707202515915,4.221993794696373e-05,1.408210800508835e-12,-3.2973987660179616e-14
A_clean_held_w0p000_c0p438_s0p000_b0p500,previous_AB,raw,-1.1088756865723753e-05,0.0001920076135295729,0.05775165193653047,0.16554738581180573,False,False,0.002587081106484204,-2.5329451836243484e-05,0.0,0.0
A_clean_held_w0p000_c0p438_s0p000_b0p500,previous_AB,subtract_clip_mean,2.687025037679328e-18,4.6527242028739966e-17,0.0577516508719676,0.16553629705494,False,False,0.0025759923496185616,-1.4240694970514534e-05,1.1088756865723753e-05,1.1088756865723753e-05
A_clean_held_w0p000_c0p438_s0p000_b0p500,previous_AB,highpass_10hz,-4.560347228759406e-15,7.896497659816592e-14,0.05775151751093316,0.16630480361294026,False,False,0.0028605933502106828,-4.872089606113006e-07,9.481747269792969e-33,-4.235952015603278e-34
A_clean_held_w0p000_c0p438_s0p000_b0p500,previous_AB,highpass_20hz,-3.74534870237934e-15,6.48539480444426e-14,0.05775051196286087,0.16528004861752196,False,False,0.0026879730237829584,1.9188987513958496e-06,2.317881761734474e-55,-2.635582990622959e-58
A_clean_held_w0p000_c0p713_s0p000_b0p500,previous_AB,raw,-1.516406083940575e-05,0.0002598619951397003,0.058354284670421454,0.18238171935081482,False,False,0.0026349733876283327,8.071488049349572e-06,0.0,0.0
A_clean_held_w0p000_c0p713_s0p000_b0p500,previous_AB,subtract_clip_mean,4.163965720476211e-18,7.135664303977864e-17,0.05835428270013987,0.18236655528997542,False,False,0.002619809326789029,2.3235548888763668e-05,1.516406083940575e-05,1.516406083940575e-05
A_clean_held_w0p000_c0p713_s0p000_b0p500,previous_AB,highpass_10hz,-3.4889803316544453e-15,5.978981435247196e-14,0.05835409207137296,0.1847610265650612,False,False,0.0029238620876933133,3.943667327146397e-05,4.8092206210316063e-32,7.356390327330934e-35
A_clean_held_w0p000_c0p713_s0p000_b0p500,previous_AB,highpass_20hz,2.52501471482662e-15,4.327136186846566e-14,0.058353021624372406,0.18752707277310074,False,False,0.002663141543200398,4.0588293418503394e-05,6.646815444861946e-55,-1.568311226496654e-56
A_clean_held_w0p125_c0p300_s0p000_b0p500,previous_AB,raw,-5.896945174484483e-06,0.00029604284655626443,0.019919228730168756,0.14974191784858704,False,False,0.0017297538579639595,-2.34649897217525e-05,0.0,0.0
A_clean_held_w0p125_c0p300_s0p000_b0p500,previous_AB,subtract_clip_mean,2.3496783589950405e-19,1.1796031331277615e-17,0.01991922785729452,0.14973602090341256,False,False,0.0017238569127895332,-1.756804454726757e-05,5.896945174484483e-06,5.896945174484483e-06
A_clean_held_w0p125_c0p300_s0p000_b0p500,previous_AB,highpass_10hz,1.4000365492778174e-15,7.028599302747064e-14,0.019919140200959043,0.14819087435752581,False,False,0.001298071931552275,-1.1464938706145152e-05,1.5775602759045755e-32,-9.895848676362185e-35
A_clean_held_w0p125_c0p300_s0p000_b0p500,previous_AB,highpass_20hz,1.581828646400736e-16,7.941420697500905e-15,0.019918711105413715,0.14608964697755392,False,False,0.0013658888753708843,-1.1341012172943394e-05,2.191135583850947e-55,4.4723471001182053e-57
A_clean_held_w0p125_c0p438_s0p000_b0p500,previous_AB,raw,-1.2262358016009637e-05,0.00018254273019034103,0.06717527454105363,0.18780046701431274,False,False,0.0030556371788011006,-3.001286252233652e-05,0.0,0.0
A_clean_held_w0p125_c0p438_s0p000_b0p500,previous_AB,subtract_clip_mean,-4.158930695421221e-18,6.191163033016195e-17,0.06717527342185146,0.18781272937232876,False,False,0.0030433748207850174,-1.7750504506334954e-05,1.2262358016009637e-05,1.2262358016009637e-05
A_clean_held_w0p125_c0p438_s0p000_b0p500,previous_AB,highpass_10hz,2.358504757916437e-15,3.5109792826233987e-14,0.06717512602792021,0.18814430831019832,False,False,0.0032067222058503853,-2.395332591848534e-06,1.2967467971433572e-32,-5.039105028739427e-34
A_clean_held_w0p125_c0p438_s0p000_b0p500,previous_AB,highpass_20hz,-2.4710417637496615e-15,3.678570589593704e-14,0.06717396617968902,0.187073688688221,False,False,0.00301919037653664,3.877097794051434e-07,2.9257358660933628e-55,2.5803173950449834e-58
A_clean_held_w0p125_c0p575_s0p000_b0p500,previous_AB,raw,-1.612037346181558e-05,0.0002228123531823731,0.07234954988613655,0.198505699634552,False,False,0.003306152082076431,2.8116700923528985e-06,0.0,0.0
A_clean_held_w0p125_c0p575_s0p000_b0p500,previous_AB,subtract_clip_mean,-6.1368563711895464e-18,8.482231794366223e-17,0.07234954809022737,0.19852182000801383,False,False,0.0032900317086145578,1.8932043554156342e-05,1.612037346181558e-05,1.612037346181558e-05
A_clean_held_w0p125_c0p575_s0p000_b0p500,previous_AB,highpass_10hz,-1.7888431980341187e-14,2.472507400119185e-13,0.07234935668738096,0.20116920922207024,False,False,0.0035203449122403773,3.699852568317206e-05,4.5882114841069525e-32,-7.931419929450531e-35
A_clean_held_w0p125_c0p575_s0p000_b0p500,previous_AB,highpass_20hz,1.0140171225577896e-15,1.4015804492940927e-14,0.07234812122761132,0.20358331693717543,False,False,0.00328278424237201,3.8987672196826336e-05,6.3749130999464486e-55,-1.6078346754646114e-56
A_clean_held_w0p125_c0p713_s0p000_b0p500,previous_AB,raw,-1.7528187208576087e-05,0.00024480439615113435,0.07160078611396647,0.19895097613334656,False,False,0.003198745382098271,9.534345291131154e-06,0.0,0.0
A_clean_held_w0p125_c0p713_s0p000_b0p500,previous_AB,subtract_clip_mean,-2.6954167461043104e-18,3.764507309432485e-17,0.07160078396847781,0.198933447946138,False,False,0.003181217194889803,2.706253249970199e-05,1.7528187208576087e-05,1.7528187208576087e-05
A_clean_held_w0p125_c0p713_s0p000_b0p500,previous_AB,highpass_10hz,8.787662795306651e-16,1.227317403860439e-14,0.0716005718460904,0.20255338699019504,False,False,0.0033899057345120813,4.5890501605412306e-05,5.705350341756712e-32,5.735394309904016e-35
A_clean_held_w0p125_c0p713_s0p000_b0p500,previous_AB,highpass_20hz,3.835396768804454e-15,5.356749054578513e-14,0.07159933627143257,0.207805115407786,False,False,0.0031258316425035347,4.7341937762272064e-05,7.89037588338314e-55,-1.8643313147524006e-56
A_clean_held_w0p125_c0p850_s0p000_b0p500,previous_AB,raw,-1.757067187946283e-05,0.0002458156712659666,0.07147905497225922,0.19364912807941437,False,False,0.0031167788334770415,1.2552227321608397e-05,0.0,0.0
A_clean_held_w0p125_c0p850_s0p000_b0p500,previous_AB,subtract_clip_mean,2.4000286095449342e-19,3.357667057836255e-18,0.07147905281268592,0.19366669875129383,False,False,0.0030992081615977217,3.012289920107164e-05,1.757067187946283e-05,1.757067187946283e-05
A_clean_held_w0p125_c0p850_s0p000_b0p500,previous_AB,highpass_10hz,-3.4464276565730453e-15,4.821605472997898e-14,0.07147883989832504,0.20155463607034435,False,False,0.0031426057415894575,4.877184035046693e-05,6.03256710913687e-32,1.091003499081351e-34
A_clean_held_w0p125_c0p850_s0p000_b0p500,previous_AB,highpass_20hz,4.0830360844256817e-16,5.712329307973954e-15,0.07147760334345729,0.2086581390170189,False,False,0.0028732040615345807,5.003177961619832e-05,8.338661340556954e-55,-1.9355948891186118e-56
A_clean_held_w0p250_c0p300_s0p000_b0p500,previous_AB,raw,-6.204846510252469e-06,0.00043960798919462867,0.014114498969001637,0.10538239032030106,False,False,0.0013386330788779809,-2.0492652441052688e-05,0.0,0.0
A_clean_held_w0p250_c0p300_s0p000_b0p500,previous_AB,subtract_clip_mean,4.531522549490435e-20,3.2105447010997513e-18,0.014114497605151523,0.10537618547379081,False,False,0.0013324282323677271,-1.4287805930800133e-05,6.204846510252469e-06,6.204846510252469e-06
A_clean_held_w0p250_c0p300_s0p000_b0p500,previous_AB,highpass_10hz,-4.9292702279052174e-15,3.492368624069043e-13,0.014114404172380881,0.10416486358068086,False,False,0.0009571243702655293,-7.987589882980684e-06,1.9848066139892848e-32,5.825308427349552e-34
A_clean_held_w0p250_c0p300_s0p000_b0p500,previous_AB,highpass_20hz,-4.257080117159814e-16,3.016196329124729e-14,0.014114068358392231,0.10270179867172245,False,False,0.000997696317894377,-7.908915861309068e-06,1.5740691416174878e-55,3.570098664353843e-57
A_clean_held_w0p250_c0p438_s0p000_b0p500,previous_AB,raw,-1.0818978224762345e-05,0.00022321809166680575,0.04846819603185063,0.14130829274654388,False,False,0.0021479366409247057,-2.3376122186640537e-05,0.0,0.0
A_clean_held_w0p250_c0p438_s0p000_b0p500,previous_AB,subtract_clip_mean,-3.732631907432121e-18,7.701198530209158e-17,0.04846819482435478,0.14131911172476866,False,False,0.0021371176626999665,-1.2557143961885394e-05,1.0818978224762345e-05,1.0818978224762345e-05
A_clean_held_w0p250_c0p438_s0p000_b0p500,previous_AB,highpass_10hz,-9.387505470207755e-15,1.936842913406292e-13,0.048468078671894524,0.14204888123719128,False,False,0.0024410263426417065,4.2218252354807005e-07,2.499254577186598e-32,9.280217778322204e-34
A_clean_held_w0p250_c0p438_s0p000_b0p500,previous_AB,highpass_20hz,6.951212931875102e-16,1.434208806298133e-14,0.04846723086171132,0.1416517909716481,False,False,0.002289343039543309,2.447531182570313e-06,1.7376407859593644e-55,3.851360896341561e-58
A_clean_held_w0p250_c0p575_s0p000_b0p500,previous_AB,raw,-1.2725970800595397e-05,0.00026070242672812313,0.04881416318332486,0.15349094569683075,False,False,0.002155426302890955,2.8436370659233564e-06,0.0,0.0
A_clean_held_w0p250_c0p575_s0p000_b0p500,previous_AB,subtract_clip_mean,1.258756263747343e-18,2.5786702555898814e-17,0.04881416152447911,0.15350367166763135,False,False,0.002142700332090288,1.5569607866521153e-05,1.2725970800595397e-05,1.2725970800595397e-05
A_clean_held_w0p250_c0p575_s0p000_b0p500,previous_AB,highpass_10hz,7.338728600207305e-15,1.5034061060295297e-13,0.04881401353084008,0.15584392273258313,False,False,0.0026604253816106937,2.9508589133004007e-05,2.2143536446932754e-32,7.627314430414883e-34
A_clean_held_w0p250_c0p575_s0p000_b0p500,previous_AB,highpass_20hz,2.270745949549657e-16,4.651915660048026e-15,0.048813136683699326,0.15748794932709692,False,False,0.0024561237035970605,3.0799358777186116e-05,4.5034471640955526e-55,-1.091564978889153e-56
A_clean_held_w0p250_c0p713_s0p000_b0p500,previous_AB,raw,-1.3154837497928246e-05,0.0002743895943609359,0.047942187926500554,0.15738588571548462,False,False,0.002141371849467948,5.149382327603232e-06,0.0,0.0
A_clean_held_w0p250_c0p713_s0p000_b0p500,previous_AB,subtract_clip_mean,2.3203073795076024e-18,4.839803036132603e-17,0.04794218612172525,0.15738041410149023,False,False,0.0021282170119700993,1.8304219825536212e-05,1.3154837497928246e-05,1.3154837497928246e-05
A_clean_held_w0p250_c0p713_s0p000_b0p500,previous_AB,highpass_10hz,-5.37229452995615e-15,1.1205814671509143e-13,0.04794202552372425,0.16023150534624558,False,False,0.002484850858624523,3.224730255279271e-05,3.3146079393260827e-32,5.264862211704576e-34
A_clean_held_w0p250_c0p713_s0p000_b0p500,previous_AB,highpass_20hz,-2.951090283371616e-15,6.155651748297573e-14,0.04794115073497748,0.1623359368186075,False,False,0.0022565789238885967,3.315394355716864e-05,5.416574005104879e-55,-1.2551150888589885e-56
A_clean_held_w0p250_c0p850_s0p000_b0p500,previous_AB,raw,-1.2961615344656823e-05,0.00027083379911228367,0.04785818973533333,0.15952327847480774,False,False,0.002107490269599475,6.5991576918094605e-06,0.0,0.0
A_clean_held_w0p250_c0p850_s0p000_b0p500,previous_AB,subtract_clip_mean,-1.493724099646847e-19,3.1211463757624816e-18,0.047858187980111544,0.1595362400901524,False,False,0.0020945286542548656,1.9560773036466236e-05,1.2961615344656823e-05,1.2961615344656823e-05
A_clean_held_w0p250_c0p850_s0p000_b0p500,previous_AB,highpass_10hz,-8.935239379668389e-16,1.8670303525511342e-14,0.047858029557254725,0.16134379713295358,False,False,0.0022572440786320816,3.3166040915105926e-05,3.611895440609048e-32,4.845882861188877e-34
A_clean_held_w0p250_c0p850_s0p000_b0p500,previous_AB,highpass_20hz,8.687801465049361e-16,1.8153609172433786e-14,0.047857158224171574,0.16277340220584008,False,False,0.002017696842641197,3.394441557915526e-05,5.699162934279463e-55,-1.3019260950771755e-56
A_clean_held_w0p375_c0p300_s0p000_b0p500,previous_AB,raw,-0.00045490131069998545,0.039580866849674254,0.011492959778462488,0.09381404519081116,False,False,0.0019901741641619674,-0.0008875983663822316,0.0,0.0
A_clean_held_w0p375_c0p300_s0p000_b0p500,previous_AB,subtract_clip_mean,2.1482773567954653e-19,1.870677503524309e-17,0.011483953555587028,0.09426894650151114,False,False,0.0015352728534620244,-0.00043269705568224566,0.00045490131069998545,0.00045490131069998545
A_clean_held_w0p375_c0p300_s0p000_b0p500,previous_AB,highpass_10hz,1.3270962392332926e-15,1.1564329254400367e-13,0.011475773562295594,0.09526952016726521,False,False,0.0008447539840990778,-6.70110384051245e-06,7.007552281509991e-30,4.733286409294791e-31
A_clean_held_w0p375_c0p300_s0p000_b0p500,previous_AB,highpass_20hz,-1.6973992548295922e-16,1.4791585371805942e-14,0.011475438312819287,0.09656001390434656,False,False,0.0007930126776181977,-6.641710200346763e-06,8.439333495974432e-54,3.23108399968769e-55
A_clean_held_w0p375_c0p438_s0p000_b0p500,previous_AB,raw,0.0006466572392338187,0.016108391255080397,0.04014412296012928,0.129146009683609,False,False,0.0033947126059155424,0.001247668422456566,0.0,0.0
A_clean_held_w0p375_c0p438_s0p000_b0p500,previous_AB,subtract_clip_mean,-2.792760563834105e-18,6.95773817320188e-17,0.040138914318313665,0.1284993524443752,False,False,0.0027480553666817177,0.0006010111832227418,0.0006466572392338187,-0.0006466572392338187
A_clean_held_w0p375_c0p438_s0p000_b0p500,previous_AB,highpass_10hz,1.2946658946053587e-14,3.225879055660004e-13,0.04013373943247461,0.12768516661998594,False,False,0.0019262956301190908,-3.289252084374897e-06,9.774829983899015e-30,-6.617766666955763e-31
A_clean_held_w0p375_c0p438_s0p000_b0p500,previous_AB,highpass_20hz,-9.773017198568072e-16,2.4351576167920298e-14,0.0401329964482653,0.12938470234371674,False,False,0.0016441607651390452,-1.660903609014868e-06,1.1643971638199046e-53,-4.4796612797249e-55
A_clean_held_w0p375_c0p575_s0p000_b0p500,previous_AB,raw,0.0006224024789384138,0.01380298324816082,0.045091881062838055,0.15151266753673553,False,False,0.00336478606727239,0.0012196154761343584,0.0,0.0
A_clean_held_w0p375_c0p575_s0p000_b0p500,previous_AB,subtract_clip_mean,1.4500872158369392e-18,3.216156297776256e-17,0.04508758535272591,0.15213507001567395,False,False,0.002742383588333941,0.0005972129971959473,0.0006224024789384138,-0.0006224024789384138
A_clean_held_w0p375_c0p575_s0p000_b0p500,previous_AB,highpass_10hz,6.099841384497792e-15,1.3530073454284623e-13,0.04508357922156092,0.15836746701502719,False,False,0.0018350636349023345,1.7312691081471542e-05,9.978892923728447e-30,-6.735250854556202e-31
A_clean_held_w0p375_c0p575_s0p000_b0p500,previous_AB,highpass_20hz,3.844714082668712e-15,8.528093645351557e-14,0.04508292524161442,0.1623262913796451,False,False,0.0018160760957959747,1.8587057049714996e-05,1.2153744319984796e-53,-4.644612200468954e-55
A_clean_held_w0p375_c0p713_s0p000_b0p500,previous_AB,raw,0.0002700416189522301,0.005780272261301592,0.046717802682087264,0.16705916821956635,False,False,0.0026830271922304734,0.0005463597461161199,0.0,0.0
A_clean_held_w0p375_c0p713_s0p000_b0p500,previous_AB,subtract_clip_mean,3.7594853743920646e-19,8.047356607632883e-18,0.046717022218528366,0.16732920983851857,False,False,0.0024129855732782056,0.0002763181271638903,0.0002700416189522301,-0.0002700416189522301
A_clean_held_w0p375_c0p713_s0p000_b0p500,previous_AB,highpass_10hz,-1.0505165226839131e-14,2.2487184881330709e-13,0.046716230965667564,0.17488729609658132,False,False,0.0016896908654413813,2.4888103552083964e-05,4.3059097238674985e-30,-2.8934838338704936e-31
A_clean_held_w0p375_c0p713_s0p000_b0p500,previous_AB,highpass_20hz,-1.4527775975579885e-15,3.109830635878031e-14,0.04671565006779897,0.1809576464872116,False,False,0.0017308648357803316,2.588813198519373e-05,5.444610543979946e-54,-2.060728551097473e-55
A_clean_held_w0p375_c0p850_s0p000_b0p500,previous_AB,raw,9.503845998382586e-05,0.0020055888985916082,0.047386809954205994,0.17737869918346405,False,False,0.0020984041554124207,0.0002110008909699613,0.0,0.0
A_clean_held_w0p375_c0p850_s0p000_b0p500,previous_AB,subtract_clip_mean,2.5779328281545586e-18,5.4402016413069685e-17,0.047386714650070015,0.17747373764344787,False,False,0.0020033656954286157,0.00011596243098614053,9.503845998382586e-05,-9.503845998382586e-05
A_clean_held_w0p375_c0p850_s0p000_b0p500,previous_AB,highpass_10hz,-5.842080829345194e-15,1.232855874411317e-13,0.04738656764834544,0.1858451677481836,False,False,0.0016747435772706163,2.7836845577751514e-05,1.5180721769161295e-30,-1.0062409989102564e-31
A_clean_held_w0p375_c0p850_s0p000_b0p500,previous_AB,highpass_20hz,-1.5007227844732823e-15,3.167015443889571e-14,0.047386026720165564,0.19311405326845998,False,False,0.001642427492061466,2.8718970996667184e-05,2.1428487759115463e-54,-7.882263006892082e-56
A_clean_held_w0p500_c0p438_s0p000_b0p500,previous_AB,raw,-1.2358922489689113e-05,0.0001755923370210768,0.07038417905563635,0.1965426802635193,False,False,0.003204742801329483,-3.143669398091515e-05,0.0,0.0
A_clean_held_w0p500_c0p438_s0p000_b0p500,previous_AB,subtract_clip_mean,-5.7768520797578065e-18,8.207600410099666e-17,0.0703841779705703,0.1965303213410296,False,False,0.003192383878839693,-1.9077771491237326e-05,1.2358922489689113e-05,1.2358922489689113e-05
A_clean_held_w0p500_c0p438_s0p000_b0p500,previous_AB,highpass_10hz,3.348390683727347e-15,4.757315997916639e-14,0.07038402925501902,0.1961120853123778,False,False,0.003261165164060805,-3.4844820471626494e-06,1.4814081372531954e-32,-5.341861383626219e-34
A_clean_held_w0p500_c0p438_s0p000_b0p500,previous_AB,highpass_20hz,-1.0906191545735555e-15,1.5495530309817516e-14,0.07038282219244675,0.19590435304404577,False,False,0.0030817671061075806,-5.797423459507599e-07,3.2122232938051332e-55,5.7909619157768434e-58
A_clean_held_w0p500_c0p713_s0p000_b0p500,previous_AB,raw,-1.826220591079501e-05,0.00022799718910664453,0.08009838183686095,0.202698215842247,False,False,0.0033648998003182784,7.868511801200655e-06,0.0,0.0
A_clean_held_w0p500_c0p713_s0p000_b0p500,previous_AB,subtract_clip_mean,5.595591177778189e-18,6.985898085446896e-17,0.08009837975499513,0.2026799536363362,False,False,0.00334663759440744,2.613071771200706e-05,1.826220591079501e-05,1.826220591079501e-05
A_clean_held_w0p500_c0p713_s0p000_b0p500,previous_AB,highpass_10hz,1.0691573602766633e-15,1.3348086847603185e-14,0.08009817230614166,0.20827117397273057,False,False,0.0035566053620395863,4.582673195660776e-05,5.910354260587749e-32,3.234067166674407e-35
A_clean_held_w0p500_c0p713_s0p000_b0p500,previous_AB,highpass_20hz,4.245378718932019e-15,5.300300174053686e-14,0.08009694884290185,0.2145532248408592,False,False,0.0032953540014689425,4.742351464005342e-05,8.179217562145712e-55,-1.943433989269773e-56
A_clean_held_w0p625_c0p300_s0p000_b0p500,previous_AB,raw,4.711878296456225e-05,0.0022772031165060468,0.020691515228934622,0.1588839441537857,False,False,0.0016890475216539164,7.868725746574805e-05,0.0,0.0
A_clean_held_w0p625_c0p300_s0p000_b0p500,previous_AB,subtract_clip_mean,-1.2486862136373642e-18,6.034789803750877e-17,0.020691461579345365,0.15893106293675027,False,False,0.0017361663046185272,3.156847450118337e-05,4.711878296456225e-05,-4.711878296456225e-05
A_clean_held_w0p625_c0p300_s0p000_b0p500,previous_AB,highpass_10hz,5.239589731265165e-16,2.5322649863389542e-14,0.020691316902187045,0.15747085374075326,False,False,0.0013491769158482634,-1.1829035825642423e-05,8.2564658958577e-31,-5.69275486344311e-32
A_clean_held_w0p625_c0p300_s0p000_b0p500,previous_AB,highpass_20hz,3.72592693240056e-16,1.8007580004905725e-14,0.020690880903405803,0.1553855038765372,False,False,0.0014188028090981286,-1.1677822483464126e-05,8.464262736662854e-55,-3.386538244418972e-56
A_clean_held_w0p625_c0p438_s0p000_b0p500,previous_AB,raw,-0.00010468607281104289,0.0015055716912577575,0.06953243968315315,0.19429928064346313,False,False,0.0034482181327454586,-0.00020945852614880843,0.0,0.0
A_clean_held_w0p625_c0p438_s0p000_b0p500,previous_AB,subtract_clip_mean,-3.108288800613439e-18,4.470276517887397e-17,0.06953236087691465,0.19419459457065208,False,False,0.0033435320599343615,-0.00010477245333777187,0.00010468607281104289,0.00010468607281104289
A_clean_held_w0p625_c0p438_s0p000_b0p500,previous_AB,highpass_10hz,2.4998186102806108e-15,3.5951985165713805e-14,0.0695321440181446,0.19224237282361362,False,False,0.0032344740180393046,-2.5632807168642464e-06,1.3788524024778094e-30,9.198470279892063e-32
A_clean_held_w0p625_c0p438_s0p000_b0p500,previous_AB,highpass_20hz,-1.9644821588715032e-15,2.8253348255871426e-14,0.0695309504940979,0.19230696964610974,False,False,0.003071702628411382,3.0756084744244304e-07,1.6909611521074532e-54,6.292206323152061e-56
A_clean_held_w0p625_c0p575_s0p000_b0p500,previous_AB,raw,-8.473289521846917e-05,0.0011026541538441909,0.07684448920186288,0.20002715289592743,False,False,0.003802175379530456,-0.00013083732018389347,0.0,0.0
A_clean_held_w0p625_c0p575_s0p000_b0p500,previous_AB,subtract_clip_mean,2.9236712152638288e-18,3.804661886622075e-17,0.07684444248630924,0.19994242000070897,False,False,0.0037174424843120345,-4.610442496541864e-05,8.473289521846917e-05,8.473289521846917e-05
A_clean_held_w0p625_c0p575_s0p000_b0p500,previous_AB,highpass_10hz,-1.0861725561133258e-14,1.413473640675678e-13,0.0768442031642066,0.20229323711866024,False,False,0.003649057507615589,3.619525960033174e-05,1.0340405488216697e-30,7.271375595960363e-32
A_clean_held_w0p625_c0p575_s0p000_b0p500,previous_AB,highpass_20hz,-3.085904757560641e-15,4.015859120442754e-14,0.07684295352523263,0.2058646651055984,False,False,0.003410305635324967,3.8266653775441e-05,1.0981612039898016e-54,3.2912573807809417e-56
A_clean_held_w0p625_c0p713_s0p000_b0p500,previous_AB,raw,-4.3890735224891224e-05,0.0005556640260979757,0.07898790125591526,0.20094908773899078,False,False,0.0034757007289623015,-4.215667456388759e-05,0.0,0.0
A_clean_held_w0p625_c0p713_s0p000_b0p500,previous_AB,subtract_clip_mean,3.625218039592348e-18,4.589587191983661e-17,0.078987889061663,0.20099297847421568,False,False,0.0034318099937374604,1.7340606610108005e-06,4.3890735224891224e-05,4.3890735224891224e-05
A_clean_held_w0p625_c0p713_s0p000_b0p500,previous_AB,highpass_10hz,5.735833408976493e-16,7.261683022868721e-15,0.07898765879635651,0.20817350884117927,False,False,0.0035830686383414062,4.5383757575574276e-05,3.33324872533425e-31,2.618180325959118e-32
A_clean_held_w0p625_c0p713_s0p000_b0p500,previous_AB,highpass_20hz,-1.810605079824288e-15,2.2922985759178525e-14,0.07898644176835948,0.21473308907312252,False,False,0.003311970996654916,4.691009851165391e-05,8.968386130297319e-55,-1.596434057017399e-57
A_clean_held_w0p625_c0p850_s0p000_b0p500,previous_AB,raw,-2.902746224841569e-05,0.00036316858941252826,0.07992833932959711,0.20276284217834473,False,False,0.0032777571406522855,-9.684296973141747e-06,0.0,0.0
A_clean_held_w0p625_c0p850_s0p000_b0p500,previous_AB,subtract_clip_mean,3.2786404816405793e-18,4.1019752510219065e-17,0.07992833405866567,0.20279186964059315,False,False,0.0032487296784038657,1.9343165275280306e-05,2.902746224841569e-05,2.902746224841569e-05
A_clean_held_w0p625_c0p850_s0p000_b0p500,previous_AB,highpass_10hz,6.060824136175837e-15,7.58284378029355e-14,0.07992811551685704,0.2118504815924605,False,False,0.0033636121597826886,4.8840509985444635e-05,1.0014326762530716e-31,1.0600787190163056e-32
A_clean_held_w0p625_c0p850_s0p000_b0p500,previous_AB,highpass_20hz,-1.6488632916411795e-15,2.0629637823427495e-14,0.07992691416854115,0.2200668722739182,False,False,0.0030897572268540705,5.015251392500048e-05,8.280804497065774e-55,-1.3053651156325518e-56
A_clean_held_w0p750_c0p300_s0p000_b0p500,previous_AB,raw,-0.002615847598355081,0.17192684224649155,0.015214887705578514,0.11637017875909805,False,False,0.012482859519236843,-0.005078576137375342,0.0,0.0
A_clean_held_w0p750_c0p300_s0p000_b0p500,previous_AB,subtract_clip_mean,4.2965547135909306e-19,2.866599302625385e-17,0.014988333771154957,0.11375433116074297,False,False,0.009867011920881793,-0.00246272853902026,0.002615847598355081,0.002615847598355081
A_clean_held_w0p750_c0p300_s0p000_b0p500,previous_AB,highpass_10hz,3.1179409436438536e-15,2.1133125881685757e-13,0.014753808599351135,0.10960705589273374,False,False,0.002442000180902721,-4.278679130132027e-06,3.809118216696884e-29,2.5756029785236732e-30
A_clean_held_w0p750_c0p300_s0p000_b0p500,previous_AB,highpass_20hz,-4.624985202073675e-16,3.135981103950985e-14,0.014748128412657564,0.10960875715331692,False,False,0.0017196116852858292,-3.889111446546442e-06,4.550848392813834e-53,1.7461571300755598e-54
A_clean_held_w0p750_c0p438_s0p000_b0p500,previous_AB,raw,-0.004330578713222916,0.08561951666568748,0.05057934080768317,0.2084575891494751,False,False,0.013235661908959495,-0.008348795203752176,0.0,0.0
A_clean_held_w0p750_c0p438_s0p000_b0p500,previous_AB,subtract_clip_mean,-8.593109427181861e-19,1.7051982657037263e-17,0.05039360876686988,0.21278816786269802,False,False,0.008905083195736805,-0.004018216490529261,0.004330578713222916,0.004330578713222916
A_clean_held_w0p750_c0p438_s0p000_b0p500,previous_AB,highpass_10hz,4.365447283076665e-15,8.691546700122175e-14,0.050226357099540195,0.21827216593010612,False,False,0.004151033945827833,3.1274076364258706e-05,6.810727636451167e-29,4.608072264151433e-30
A_clean_held_w0p750_c0p438_s0p000_b0p500,previous_AB,highpass_20hz,-1.6038535243329445e-15,3.1934201266016623e-14,0.05022369311737617,0.21449904873083545,False,False,0.003432303353822524,3.262821074545314e-05,8.0937398878366385e-53,3.109781663714158e-54
A_clean_held_w0p750_c0p575_s0p000_b0p500,previous_AB,raw,-0.002872213918679087,0.044950341754655905,0.06389748790689864,0.2468775361776352,False,False,0.010924541765733795,-0.00552302780013759,0.0,0.0
A_clean_held_w0p750_c0p575_s0p000_b0p500,previous_AB,subtract_clip_mean,1.0741386783977327e-18,1.682735154851002e-17,0.06383290176717336,0.24974975009631428,False,False,0.008052327847055092,-0.0026508138814584996,0.002872213918679087,0.002872213918679087
A_clean_held_w0p750_c0p575_s0p000_b0p500,previous_AB,highpass_10hz,7.09202747758799e-15,1.1120512962308757e-13,0.0637742836290494,0.2555010044699876,False,False,0.004462317933471404,3.556958685560846e-05,4.461038458133561e-29,3.020648199263606e-30
A_clean_held_w0p750_c0p575_s0p000_b0p500,previous_AB,highpass_20hz,-2.19815095830682e-15,3.44686445448241e-14,0.06377248039006223,0.2529198359727461,False,False,0.003871387984511545,3.5047476230968504e-05,5.275179298039815e-53,2.0301110837173215e-54
A_clean_held_w0p750_c0p713_s0p000_b0p500,previous_AB,raw,-0.0021018333846106667,0.031426748397859604,0.0668803962154041,0.25705912709236145,False,False,0.008756496716859586,-0.004040046709280321,0.0,0.0
A_clean_held_w0p750_c0p713_s0p000_b0p500,previous_AB,subtract_clip_mean,1.933449621115919e-18,2.892334996476323e-17,0.06684736116222373,0.2591609604769721,False,False,0.006654663332248822,-0.001938213324669651,0.0021018333846106667,0.0021018333846106667
A_clean_held_w0p750_c0p713_s0p000_b0p500,previous_AB,highpass_10hz,-1.9213487775670944e-15,2.8755385788551924e-14,0.06681700574965058,0.26296198694248707,False,False,0.004135214654744491,2.8596300423203555e-05,3.2262977941199454e-29,2.1854901984944237e-30
A_clean_held_w0p750_c0p713_s0p000_b0p500,previous_AB,highpass_20hz,-7.498528547060872e-16,1.1222720089569329e-14,0.06681560697597892,0.2642674594710382,False,False,0.003661093825632103,2.772692317360109e-05,3.805202738215227e-53,1.4656896370296943e-54
A_clean_held_w0p750_c0p850_s0p000_b0p500,previous_AB,raw,-0.0017269151454885636,0.025313408947101948,0.06822135845461749,0.26249468326568604,False,False,0.007404665792100207,-0.0033159340707072296,0.0,0.0
A_clean_held_w0p750_c0p850_s0p000_b0p500,previous_AB,subtract_clip_mean,2.363105092475012e-18,3.464988988666704e-17,0.06819949789751895,0.2642215984111746,False,False,0.005677750646611776,-0.001589018925218661,0.0017269151454885636,0.0017269151454885636
A_clean_held_w0p750_c0p850_s0p000_b0p500,previous_AB,highpass_10hz,-1.0131064543595105e-14,1.4859442421174805e-13,0.06817930482477774,0.266534565788207,False,False,0.00371142934087692,2.707785496127745e-05,2.638999343010152e-29,1.7882524444443656e-30
A_clean_held_w0p750_c0p850_s0p000_b0p500,previous_AB,highpass_20hz,-4.103807241119198e-15,6.019241591680073e-14,0.06817814468174145,0.27084100799934474,False,False,0.0033608552106876638,2.60796732236729e-05,3.105661519453903e-53,1.1970897288350794e-54
A_clean_held_w0p875_c0p300_s0p000_b0p500,previous_AB,raw,-0.0018743014896816497,0.22212552020300372,0.008438028588379663,0.062236763536930084,True,False,0.0076539957085282155,-0.003633584101313855,0.0,0.0
A_clean_held_w0p875_c0p300_s0p000_b0p500,previous_AB,subtract_clip_mean,3.222416035193198e-19,3.9167689133297296e-17,0.008227230420019221,0.06036246204724843,False,False,0.005779694218846307,-0.0017592826116322046,0.0018743014896816497,0.0018743014896816497
A_clean_held_w0p875_c0p300_s0p000_b0p500,previous_AB,highpass_10hz,7.691740290801217e-16,9.591374100908719e-14,0.008019435181943821,0.0588181132660227,False,False,0.0014629774013253396,-6.867696188604535e-07,2.798087376431192e-29,1.892214776269138e-30
A_clean_held_w0p875_c0p300_s0p000_b0p500,previous_AB,highpass_20hz,-3.6805068105503437e-16,4.5916811949515737e-14,0.008015597456105967,0.06121264080646645,False,False,0.0010021148426768412,-4.536651423923521e-07,3.3398299863977083e-53,1.2818435276414772e-54
A_clean_held_w0p875_c0p438_s0p000_b0p500,previous_AB,raw,-0.0029534334885083736,0.10430424710386882,0.028315563081216334,0.13644060492515564,False,False,0.009017774314195053,-0.005697578374878886,0.0,0.0
A_clean_held_w0p875_c0p438_s0p000_b0p500,previous_AB,subtract_clip_mean,-1.933449621115919e-18,6.865671646618759e-17,0.028161114026886414,0.13939403841366402,False,False,0.006064340825686662,-0.002744144886370515,0.0029534334885083736,0.0029534334885083736
A_clean_held_w0p875_c0p438_s0p000_b0p500,previous_AB,highpass_10hz,3.3553809768453574e-15,1.1975108804773772e-13,0.028019628310247704,0.1458576946334866,False,False,0.0024108932523013785,2.0382589764708467e-05,4.560437196557474e-29,3.0858530565044617e-30
A_clean_held_w0p875_c0p438_s0p000_b0p500,previous_AB,highpass_20hz,-9.502267117944442e-16,3.3914928761671754e-14,0.028017948039104332,0.14454160845042804,False,False,0.0019691215134103467,2.0666661246178278e-05,5.41820921684179e-53,2.082203422120013e-54
A_clean_held_w0p875_c0p575_s0p000_b0p500,previous_AB,raw,-0.0029320368346680216,0.07101432897490259,0.04128796085229845,0.24420811235904694,False,False,0.008800867998777509,-0.0056637274837294015,0.0,0.0
A_clean_held_w0p875_c0p575_s0p000_b0p500,previous_AB,subtract_clip_mean,1.933449621115919e-18,4.694693865648297e-17,0.04118372095065087,0.24714014919371496,False,False,0.0058688311641093924,-0.0027316906490613764,0.0029320368346680216,0.0029320368346680216
A_clean_held_w0p875_c0p575_s0p000_b0p500,previous_AB,highpass_10hz,-4.520945640191587e-15,1.1002704570968846e-13,0.04108940316474837,0.2514817495110595,False,False,0.0032342179746030894,9.489948469654086e-06,4.5860007477364456e-29,3.1031401948638313e-30
A_clean_held_w0p875_c0p575_s0p000_b0p500,previous_AB,highpass_20hz,1.561535817087444e-15,3.8004581890494814e-14,0.04108809357742188,0.24808837583193283,False,False,0.002590888689065806,8.919057556123622e-06,5.452860260006612e-53,2.0954748769777523e-54
A_clean_held_w0p875_c0p713_s0p000_b0p500,previous_AB,raw,-0.0020026868102191054,0.04185615844841327,0.04784688524837677,0.2706775367259979,False,False,0.00739946151865,-0.003867351056661512,0.0,0.0
A_clean_held_w0p875_c0p713_s0p000_b0p500,previous_AB,subtract_clip_mean,-4.081726977911384e-18,8.538292780960145e-17,0.04780495448707707,0.272680223536217,False,False,0.005396774708431056,-0.001864664246442414,0.0020026868102191054,0.0020026868102191054
A_clean_held_w0p875_c0p713_s0p000_b0p500,previous_AB,highpass_10hz,-3.632075743717243e-15,7.603828406768051e-14,0.04776640856971981,0.27774034849500445,False,False,0.003500254377534702,9.113916636951215e-06,3.0883440106470155e-29,2.0901803968269507e-30
A_clean_held_w0p875_c0p713_s0p000_b0p500,previous_AB,highpass_20hz,-6.122842218119826e-17,1.2818604722570194e-15,0.04776527828601431,0.27506580468368597,False,False,0.0027496699973421934,8.424212839910197e-06,3.667710920552267e-53,1.4100877743879027e-54
A_clean_held_w0p875_c0p850_s0p000_b0p500,previous_AB,raw,-0.00154639592590193,0.031028941861731614,0.04983721110416336,0.2814207673072815,False,False,0.006177187205781704,-0.002985265040931041,0.0,0.0
A_clean_held_w0p875_c0p850_s0p000_b0p500,previous_AB,subtract_clip_mean,2.9001744316738784e-18,5.822098615477174e-17,0.049813213812012744,0.28296716323318344,False,False,0.004630791279879897,-0.0014388691150291053,0.00154639592590193,0.00154639592590193
A_clean_held_w0p875_c0p850_s0p000_b0p500,previous_AB,highpass_10hz,8.807168482369679e-15,1.768830593163068e-13,0.04979090997414555,0.2866295837925332,False,False,0.0033856040098864467,8.577346327493067e-06,2.3640164052189142e-29,1.6002773043068497e-30
A_clean_held_w0p875_c0p850_s0p000_b0p500,previous_AB,highpass_20hz,2.1065873493401535e-16,4.2309440071990004e-15,0.04979000775608873,0.2867759644176509,False,False,0.0027575334656141965,7.828535305789367e-06,2.804243452559981e-53,1.0785730272671947e-54
A_clean_held_w1p000_c0p438_s0p000_b0p500,previous_AB,raw,-0.0029534334885083736,0.10430424710386882,0.028315563081216334,0.13644060492515564,False,False,0.009017774314195053,-0.005697578374878886,0.0,0.0
A_clean_held_w1p000_c0p438_s0p000_b0p500,previous_AB,subtract_clip_mean,-1.933449621115919e-18,6.865671646618759e-17,0.028161114026886414,0.13939403841366402,False,False,0.006064340825686662,-0.002744144886370515,0.0029534334885083736,0.0029534334885083736
A_clean_held_w1p000_c0p438_s0p000_b0p500,previous_AB,highpass_10hz,3.3553809768453574e-15,1.1975108804773772e-13,0.028019628310247704,0.1458576946334866,False,False,0.0024108932523013785,2.0382589764708467e-05,4.560437196557474e-29,3.0858530565044617e-30
A_clean_held_w1p000_c0p438_s0p000_b0p500,previous_AB,highpass_20hz,-9.502267117944442e-16,3.3914928761671754e-14,0.028017948039104332,0.14454160845042804,False,False,0.0019691215134103467,2.0666661246178278e-05,5.41820921684179e-53,2.082203422120013e-54
A_clean_held_w1p000_c0p713_s0p000_b0p500,previous_AB,raw,-0.0020026868102191054,0.04185615844841327,0.04784688524837677,0.2706775367259979,False,False,0.00739946151865,-0.003867351056661512,0.0,0.0
A_clean_held_w1p000_c0p713_s0p000_b0p500,previous_AB,subtract_clip_mean,-4.081726977911384e-18,8.538292780960145e-17,0.04780495448707707,0.272680223536217,False,False,0.005396774708431056,-0.001864664246442414,0.0020026868102191054,0.0020026868102191054
A_clean_held_w1p000_c0p713_s0p000_b0p500,previous_AB,highpass_10hz,-3.632075743717243e-15,7.603828406768051e-14,0.04776640856971981,0.27774034849500445,False,False,0.003500254377534702,9.113916636951215e-06,3.0883440106470155e-29,2.0901803968269507e-30
A_clean_held_w1p000_c0p713_s0p000_b0p500,previous_AB,highpass_20hz,-6.122842218119826e-17,1.2818604722570194e-15,0.04776527828601431,0.27506580468368597,False,False,0.0027496699973421934,8.424212839910197e-06,3.667710920552267e-53,1.4100877743879027e-54
A_resonant_held_w0p000_c0p438_s0p000_b0p500,previous_AB,raw,-1.6632562037600053e-05,0.0002624190187161443,0.06338169435650283,0.20137919485569,False,False,0.0026999501865540873,-1.0082312853671774e-05,0.0,0.0
A_resonant_held_w0p000_c0p438_s0p000_b0p500,previous_AB,subtract_clip_mean,7.904989336333314e-18,1.2472038951899466e-16,0.06338169217415249,0.2013958274177276,False,False,0.002716582748591757,6.550249183944022e-06,1.6632562037600053e-05,1.6632562037600053e-05
A_resonant_held_w0p000_c0p438_s0p000_b0p500,previous_AB,highpass_10hz,-2.3361140014968988e-15,3.685799019672347e-14,0.06338148089541165,0.20427468450896819,False,False,0.0037003478263560323,2.5626547317495817e-05,2.54037846472827e-32,-2.3709047943426692e-34
A_resonant_held_w0p000_c0p438_s0p000_b0p500,previous_AB,highpass_20hz,-2.4250342223096963e-15,3.826163177874075e-14,0.06338031363463997,0.20506440465070008,False,False,0.0034178375071163497,2.7975578051071106e-05,3.663261506408782e-55,-1.05099095563736e-56
A_resonant_held_w0p000_c0p713_s0p000_b0p500,previous_AB,raw,-9.88299350116618e-06,0.00029264543966130304,0.03377121991924559,0.15970729291439056,False,False,0.001550748229947982,3.632311664727815e-06,0.0,0.0
A_resonant_held_w0p000_c0p713_s0p000_b0p500,previous_AB,subtract_clip_mean,3.481719825525151e-18,1.03097252125932e-16,0.03377121847313907,0.1596974099208894,False,False,0.001540865236446774,1.3515305165901033e-05,9.88299350116618e-06,9.88299350116618e-06
A_resonant_held_w0p000_c0p713_s0p000_b0p500,previous_AB,highpass_10hz,3.8066870559409045e-15,1.1272029779439502e-13,0.033771087642834374,0.15467948953222319,False,False,0.0015800844177456517,2.385315230556546e-05,2.965650780863449e-32,7.102695002822203e-35
A_resonant_held_w0p000_c0p713_s0p000_b0p500,previous_AB,highpass_20hz,3.2908420256905037e-16,9.744740377640621e-15,0.03377044331772414,0.1497607989918873,False,False,0.0014111017351382848,2.439344788480269e-05,4.0999278870156605e-55,-9.45714748311523e-57
A_resonant_held_w0p125_c0p300_s0p000_b0p500,previous_AB,raw,-1.5609676679973457e-05,0.0008841680981688657,0.017654648151524004,0.17972105741500854,False,False,0.0024933562276524845,-3.876128737061295e-05,0.0,0.0
A_resonant_held_w0p125_c0p300_s0p000_b0p500,previous_AB,subtract_clip_mean,1.7958256029462093e-19,1.0171974482186601e-17,0.017654641250733582,0.17970544773832858,False,False,0.0024777465509724403,-2.3151610690639163e-05,1.5609676679973457e-05,1.5609676679973457e-05
A_resonant_held_w0p125_c0p300_s0p000_b0p500,previous_AB,highpass_10hz,2.642918218197621e-15,1.4970517982624374e-13,0.01765415345858534,0.178514988229462,False,False,0.0018350349498533806,-7.616341621277371e-06,9.627440868377525e-33,-2.4836577394714557e-35
A_resonant_held_w0p125_c0p300_s0p000_b0p500,previous_AB,highpass_20hz,-1.2130969782070144e-16,6.871778995033098e-15,0.017653317708323235,0.18192162445726318,False,False,0.001592585359346845,-7.72507613543802e-06,1.3428010095247782e-55,3.005923909981599e-57
A_resonant_held_w0p125_c0p438_s0p000_b0p500,previous_AB,raw,-1.895283570880264e-05,0.0002701102242315809,0.07016704296447991,0.21584118902683258,False,False,0.0030663576145091936,-1.8767876938986486e-05,0.0,0.0
A_resonant_held_w0p125_c0p438_s0p000_b0p500,previous_AB,subtract_clip_mean,6.548889254856176e-18,9.333284141777688e-17,0.07016704040480251,0.21582223619112378,False,False,0.003085310450218027,1.849587698293483e-07,1.895283570880264e-05,1.895283570880264e-05
A_resonant_held_w0p125_c0p438_s0p000_b0p500,previous_AB,highpass_10hz,8.91957625589316e-15,1.2711961699625974e-13,0.07016679617714394,0.21813453466528923,False,False,0.004222676821360231,2.2049425706902928e-05,1.9586821917289432e-32,-3.095898501878292e-34
A_resonant_held_w0p125_c0p438_s0p000_b0p500,previous_AB,highpass_20hz,-1.1448405002198934e-15,1.6316289735066166e-14,0.07016549220497467,0.22077774389096735,False,False,0.003909851990506235,2.4802039772321057e-05,2.971769252521869e-55,-9.27215458599269e-57
A_resonant_held_w0p125_c0p575_s0p000_b0p500,previous_AB,raw,-1.7559436935636946e-05,0.0003587900532129128,0.04894070161197263,0.20624098181724548,False,False,0.002362703136916157,-9.412547253704227e-06,0.0,0.0
A_resonant_held_w0p125_c0p575_s0p000_b0p500,previous_AB,subtract_clip_mean,1.2226719175199191e-18,2.4982723090309772e-17,0.04894069846189688,0.2062585412541811,False,False,0.002345143699980549,8.146889681935104e-06,1.7559436935636946e-05,1.7559436935636946e-05
A_resonant_held_w0p125_c0p575_s0p000_b0p500,previous_AB,highpass_10hz,-6.104534867019884e-15,1.247339278496311e-13,0.04894045246758368,0.21125197926287725,False,False,0.0031901001529184886,2.648967447664355e-05,3.500046512487494e-32,1.8370843999004954e-35
A_resonant_held_w0p125_c0p575_s0p000_b0p500,previous_AB,highpass_20hz,1.656738070827183e-15,3.3852685919537947e-14,0.048939634354714615,0.21544933616036907,False,False,0.0029301187294537073,2.7386121726396644e-05,4.848057023284807e-55,-1.1390715279439786e-56
A_resonant_held_w0p125_c0p713_s0p000_b0p500,previous_AB,raw,-1.0829455974158692e-05,0.00025887528035147385,0.04183271558201921,0.17756977677345276,False,False,0.0018212902599232424,6.47543206740639e-06,0.0,0.0
A_resonant_held_w0p125_c0p713_s0p000_b0p500,previous_AB,subtract_clip_mean,1.9636597714458553e-18,4.6940768963337523e-17,0.041832714180279965,0.1775589473174786,False,False,0.0018104608039491324,1.730488804156905e-05,1.0829455974158692e-05,1.0829455974158692e-05
A_resonant_held_w0p125_c0p713_s0p000_b0p500,previous_AB,highpass_10hz,4.202844505609154e-15,1.0046820946004788e-13,0.041832580954679545,0.179471685672891,False,False,0.0019474160524518744,2.8720037255129567e-05,3.5504429464219944e-32,6.946413890276334e-35
A_resonant_held_w0p125_c0p713_s0p000_b0p500,previous_AB,highpass_20hz,2.2980643171563443e-15,5.4935752242677134e-14,0.041831853089126916,0.18303945013824222,False,False,0.0017516603680741815,2.9417161908157925e-05,4.909772965206882e-55,-1.1335289953260034e-56
A_resonant_held_w0p125_c0p850_s0p000_b0p500,previous_AB,raw,-1.1094784551114744e-05,0.00026916548010354186,0.04121919551811336,0.1781672090291977,False,False,0.0018222570941565039,6.026657099874872e-06,0.0,0.0
A_resonant_held_w0p125_c0p850_s0p000_b0p500,previous_AB,subtract_clip_mean,4.719496818210038e-18,1.1449755216838273e-16,0.04121919402494682,0.1781783038137488,False,False,0.0018111623096053403,1.712144165099906e-05,1.1094784551114744e-05,1.1094784551114744e-05
A_resonant_held_w0p125_c0p850_s0p000_b0p500,previous_AB,highpass_10hz,9.170272670893609e-15,2.2247653601743372e-13,0.041219055434120064,0.18391923595174736,False,False,0.0017637440546577775,2.8775621489569496e-05,3.5509374238608996e-32,7.495085651777364e-35
A_resonant_held_w0p125_c0p850_s0p000_b0p500,previous_AB,highpass_20hz,-3.855352251439062e-16,9.353490180959487e-15,0.04121832788457129,0.18798157541242408,False,False,0.001551970524619876,2.944732920411375e-05,4.909107299137338e-55,-1.1305921907442232e-56
A_resonant_held_w0p250_c0p300_s0p000_b0p500,previous_AB,raw,-1.2518582540958537e-05,0.0009470874571995409,0.013217979444026159,0.14390254020690918,False,False,0.001984367108667365,-3.0144301922680157e-05,0.0,0.0
A_resonant_held_w0p250_c0p300_s0p000_b0p500,previous_AB,subtract_clip_mean,4.1958542124911435e-20,3.1743551365380233e-18,0.013217973515928577,0.14391505878945013,False,False,0.001971848526126413,-1.7625719381721532e-05,1.2518582540958537e-05,1.2518582540958537e-05
A_resonant_held_w0p250_c0p300_s0p000_b0p500,previous_AB,highpass_10hz,-2.3334924317849346e-15,1.7654482243145916e-13,0.013217563673898607,0.14694708254191252,False,False,0.0014725800555022083,-5.171063927728757e-06,7.740319890482108e-33,6.331779014253859e-35
A_resonant_held_w0p250_c0p300_s0p000_b0p500,previous_AB,highpass_20hz,-5.410642119945792e-16,4.093732585440305e-14,0.013216891936686787,0.14933487194590148,False,False,0.0012746008382366974,-5.252085607497784e-06,9.181033523678071e-56,2.1070866456014083e-57
A_resonant_held_w0p250_c0p438_s0p000_b0p500,previous_AB,raw,-1.3622709177464326e-05,0.0002460416823194125,0.055367485090511044,0.1850162297487259,False,False,0.0023388271725319734,-3.263686175889127e-06,0.0,0.0
A_resonant_held_w0p250_c0p438_s0p000_b0p500,previous_AB,subtract_clip_mean,3.4372437708727445e-18,6.208054906761872e-17,0.05536748341463388,0.18502985245790335,False,False,0.002352449881709495,1.0359023001581996e-05,1.3622709177464326e-05,1.3622709177464326e-05
A_resonant_held_w0p250_c0p438_s0p000_b0p500,previous_AB,highpass_10hz,-5.180268744408965e-16,9.356188058060643e-15,0.055367300360599364,0.18759153764527345,False,False,0.003197572661520552,2.6026354044251254e-05,3.9472282946069805e-32,-1.0354202641683058e-33
A_resonant_held_w0p250_c0p438_s0p000_b0p500,previous_AB,highpass_20hz,-2.9511456686472207e-16,5.330221753595831e-15,0.05536628315053389,0.18831366230237861,False,False,0.0029461265033880256,2.7967712054282902e-05,3.977531140436573e-55,-1.1144180032748474e-56
A_resonant_held_w0p250_c0p575_s0p000_b0p500,previous_AB,raw,-1.3048981065139656e-05,0.0004232680451694618,0.030829119311180927,0.16838644444942474,False,False,0.0015746668999461855,-5.299833350631171e-06,0.0,0.0
A_resonant_held_w0p250_c0p575_s0p000_b0p500,previous_AB,subtract_clip_mean,-2.6874446231005774e-18,8.71722878850334e-17,0.030829116549572454,0.1683733954683596,False,False,0.0015616179188810704,7.749147714503216e-06,1.3048981065139656e-05,1.3048981065139656e-05
A_resonant_held_w0p250_c0p575_s0p000_b0p500,previous_AB,highpass_10hz,-3.4670729376401865e-15,1.1246173271858001e-13,0.030828912678377975,0.16980718009726772,False,False,0.00227727531282625,2.1172510475144235e-05,2.1173701467419787e-32,3.7396248871619223e-34
A_resonant_held_w0p250_c0p575_s0p000_b0p500,previous_AB,highpass_20hz,8.178978616408986e-16,2.6530765584327015e-14,0.030828279683118895,0.17217884607203077,False,False,0.002067488294125878,2.162496264266593e-05,3.482128424412349e-55,-7.930340511023727e-57
A_resonant_held_w0p250_c0p713_s0p000_b0p500,previous_AB,raw,-8.950966960154492e-06,0.0003224467752219904,0.0277595176878173,0.1380796581506729,False,False,0.001296376959046905,9.857045333435324e-07,0.0,0.0
A_resonant_held_w0p250_c0p713_s0p000_b0p500,previous_AB,subtract_clip_mean,-2.528421748447163e-18,9.108306233286056e-17,0.02775951624471205,0.13807070718371275,False,False,0.00128742599208678,9.93667149349294e-06,8.950966960154492e-06,8.950966960154492e-06
A_resonant_held_w0p250_c0p713_s0p000_b0p500,previous_AB,highpass_10hz,1.979424434893027e-15,7.130646936719122e-14,0.027759394799089277,0.13352136598515368,False,False,0.0013365698860133132,1.9234336658461582e-05,2.3011004998058043e-32,1.4735161112157423e-34
A_resonant_held_w0p250_c0p713_s0p000_b0p500,previous_AB,highpass_20hz,-9.058949945269478e-16,3.263444325997607e-14,0.027758861620843598,0.1290457781655687,False,False,0.0011963686572291068,1.965350705961381e-05,3.334894928324858e-55,-7.641197084906588e-57
A_resonant_held_w0p250_c0p850_s0p000_b0p500,previous_AB,raw,-7.482387854325891e-06,0.00027359867232554203,0.027348041533706544,0.12408224493265152,False,False,0.0012041630699038985,3.805416983265243e-06,0.0,0.0
A_resonant_held_w0p250_c0p850_s0p000_b0p500,previous_AB,subtract_clip_mean,-1.0741386783977327e-18,3.927662305459218e-17,0.02734804051012083,0.12408972732050584,False,False,0.0011966806820496066,1.1287804837588943e-05,7.482387854325891e-06,7.482387854325891e-06
A_resonant_held_w0p250_c0p850_s0p000_b0p500,previous_AB,highpass_10hz,1.6133109797278996e-15,5.899203446451862e-14,0.02734794611462743,0.12434188873796204,False,False,0.0010434543879281682,1.910521827619404e-05,2.3253729486070295e-32,1.2782456634093594e-34
A_resonant_held_w0p250_c0p850_s0p000_b0p500,previous_AB,highpass_20hz,7.187565399664728e-16,2.628240214279609e-14,0.027347444729799223,0.1234499282493721,False,False,0.000875154838358326,1.9512715375210986e-05,3.330200243036167e-55,-7.62425495550705e-57
A_resonant_held_w0p375_c0p300_s0p000_b0p500,previous_AB,raw,-0.00031092928292225956,0.028323040135151575,0.01097796286834219,0.130781352519989,False,False,0.004092808113106712,-0.000610419592180762,0.0,0.0
A_resonant_held_w0p375_c0p300_s0p000_b0p500,previous_AB,subtract_clip_mean,-5.10215872238923e-19,4.649502350998038e-17,0.010973558753646027,0.13109228180291127,False,False,0.0037818788301843434,-0.00029949030925850354,0.00031092928292225956,0.00031092928292225956
A_resonant_held_w0p375_c0p300_s0p000_b0p500,previous_AB,highpass_10hz,-1.6074665743953207e-15,1.4660342080773345e-13,0.010964727600070608,0.1335867467024706,False,False,0.0012003862489045483,-4.250776388709094e-06,3.778389094249116e-30,2.552067688453665e-31
A_resonant_held_w0p375_c0p300_s0p000_b0p500,previous_AB,highpass_20hz,-1.3127971876625439e-15,1.1973903279885296e-13,0.010963819875410917,0.13572606410697768,False,False,0.0010491759206231316,-4.318398364308158e-06,4.557997069697425e-54,1.7447346052234974e-55
A_resonant_held_w0p375_c0p438_s0p000_b0p500,previous_AB,raw,0.0008993473860553819,0.01961006226658162,0.04586152628326937,0.16476571559906006,False,False,0.004176608052152492,0.0017546585752152282,0.0,0.0
A_resonant_held_w0p375_c0p438_s0p000_b0p500,previous_AB,subtract_clip_mean,2.685346695994332e-18,5.856462690546201e-17,0.045852707306223504,0.16566506298511544,False,False,0.003277260666097058,0.0008553111891598516,0.0008993473860553819,-0.0008993473860553819
A_resonant_held_w0p375_c0p438_s0p000_b0p500,previous_AB,highpass_10hz,4.855056476107201e-16,1.0590288143602249e-14,0.04584442283603221,0.16575403397414581,False,False,0.002439763743723107,1.971032925366197e-05,1.5021953839498558e-29,-1.0146669806821294e-30
A_resonant_held_w0p375_c0p438_s0p000_b0p500,previous_AB,highpass_20hz,-1.7629687077790337e-15,3.8456179381955376e-14,0.04584357406566144,0.1675112537342153,False,False,0.00233157553640068,2.1230495046232453e-05,1.8171928486764774e-53,-6.95690177190864e-55
A_resonant_held_w0p375_c0p575_s0p000_b0p500,previous_AB,raw,0.0008172210116454379,0.023297987879351133,0.03507689229977392,0.1737448275089264,False,False,0.003675057699689626,0.001596701276050268,0.0,0.0
A_resonant_held_w0p375_c0p575_s0p000_b0p500,previous_AB,subtract_clip_mean,-5.90776273118753e-19,1.6846893645532414e-17,0.03506737120498291,0.17456204852057183,False,False,0.002857836688044172,0.000779480264404829,0.0008172210116454379,-0.0008172210116454379
A_resonant_held_w0p375_c0p575_s0p000_b0p500,previous_AB,highpass_10hz,1.535410750418789e-15,4.379581908723176e-14,0.035058386449185575,0.17635050024323712,False,False,0.0018560573325573841,1.5288408523380777e-05,1.267839179434707e-29,-8.563662148039908e-31
A_resonant_held_w0p375_c0p575_s0p000_b0p500,previous_AB,highpass_20hz,-7.113944941652359e-16,2.0291997827695895e-14,0.03505788341817563,0.17942574594102823,False,False,0.0018414828309969286,1.59195330771098e-05,1.5306992054517154e-53,-5.85928896612859e-55
A_resonant_held_w0p375_c0p713_s0p000_b0p500,previous_AB,raw,0.00048638934248536954,0.01588147421058868,0.030626208627476052,0.17655937373638153,False,False,0.0029060977626450823,0.0009562143259063785,0.0,0.0
A_resonant_held_w0p375_c0p713_s0p000_b0p500,previous_AB,subtract_clip_mean,1.611208017596599e-19,5.261543360036259e-18,0.03062234609400797,0.1770457630788669,False,False,0.002419708420159707,0.00046982498342100916,0.00048638934248536954,-0.00048638934248536954
A_resonant_held_w0p375_c0p713_s0p000_b0p500,previous_AB,highpass_10hz,-4.926007531669585e-15,1.608823643998504e-13,0.030618691800343566,0.18146299380120595,False,False,0.00147921908438917,1.5403965491150257e-05,7.623844248230828e-30,-5.144633851141127e-31
A_resonant_held_w0p375_c0p713_s0p000_b0p500,previous_AB,highpass_20hz,-4.605520634381928e-16,1.5041746335727958e-14,0.030618257558583144,0.18520324472971517,False,False,0.0014069581825617266,1.5917365257505906e-05,9.277638515476188e-54,-3.544098784048228e-55
A_resonant_held_w0p375_c0p850_s0p000_b0p500,previous_AB,raw,0.00017252872930440525,0.00603879331655511,0.028570066942252295,0.18000352382659912,False,False,0.001982989848476292,0.00035023658426730123,0.0,0.0
A_resonant_held_w0p375_c0p850_s0p000_b0p500,previous_AB,subtract_clip_mean,9.935782775179028e-19,3.477753119877294e-17,0.028569546004834273,0.18017605255590352,False,False,0.0018104611191718863,0.00017770785496289793,0.00017252872930440525,-0.00017252872930440525
A_resonant_held_w0p375_c0p850_s0p000_b0p500,previous_AB,highpass_10hz,-2.087452575789509e-15,7.306728123459694e-14,0.028568909921354954,0.18563141988216933,False,False,0.0012361407641141976,1.6264458300116843e-05,2.595412453757888e-30,-1.7434423892402502e-31
A_resonant_held_w0p375_c0p850_s0p000_b0p500,previous_AB,highpass_20hz,9.153549674344303e-16,3.2040668631788735e-14,0.028568535131201122,0.19002292810035337,False,False,0.0011786266526315867,1.674463784792827e-05,3.28352302776278e-54,-1.241997142560551e-55
A_resonant_held_w0p500_c0p438_s0p000_b0p500,previous_AB,raw,-2.0377337879037803e-05,0.0002824736930462106,0.07213888719791058,0.21935109794139862,False,False,0.003178564412499537,-2.486889864046982e-05,0.0,0.0
A_resonant_held_w0p500_c0p438_s0p000_b0p500,previous_AB,subtract_clip_mean,7.184980753469834e-18,9.95992774383654e-17,0.07213888431987958,0.21933072060351957,False,False,0.003198941750378647,-4.491560761417603e-06,2.0377337879037803e-05,2.0377337879037803e-05
A_resonant_held_w0p500_c0p438_s0p000_b0p500,previous_AB,highpass_10hz,-1.4510035903969472e-14,2.0114103414500714e-13,0.07213861639743215,0.22262752841104233,False,False,0.004424995967844533,1.8984846206001304e-05,1.4951551804030183e-32,-3.631917610589382e-34
A_resonant_held_w0p500_c0p438_s0p000_b0p500,previous_AB,highpass_20hz,3.1268957357041522e-15,4.334647340977749e-14,0.07213725799891325,0.22541653036547654,False,False,0.004089221014116371,2.1889193082645247e-05,2.439726366208785e-55,-8.104593215064655e-57
A_resonant_held_w0p500_c0p713_s0p000_b0p500,previous_AB,raw,-1.2149422978213771e-05,0.00024218049878395258,0.050166809628434124,0.20093052089214325,False,False,0.0018599712639050484,2.796213931108122e-06,0.0,0.0
A_resonant_held_w0p500_c0p713_s0p000_b0p500,previous_AB,subtract_clip_mean,1.8369449742286224e-18,3.6616740065869195e-17,0.05016680815725745,0.20091837146916502,False,False,0.0018478218409268695,1.4945636909325454e-05,1.2149422978213771e-05,1.2149422978213771e-05
A_resonant_held_w0p500_c0p713_s0p000_b0p500,previous_AB,highpass_10hz,1.9938481033338865e-15,3.9744474747958365e-14,0.050166673883048574,0.20547572842383185,False,False,0.002139443223412862,2.780498377546329e-05,3.5854026916773304e-32,5.596179609949691e-35
A_resonant_held_w0p500_c0p713_s0p000_b0p500,previous_AB,highpass_20hz,6.750491658057951e-16,1.3456308474070465e-14,0.050165999620666854,0.20874403059263907,False,False,0.0019263580036542945,2.862248748035802e-05,4.9510730789430574e-55,-1.1556184529168686e-56
A_resonant_held_w0p625_c0p300_s0p000_b0p500,previous_AB,raw,2.3803148257122882e-05,0.0013054091432367638,0.018234243555321623,0.18843398988246918,False,False,0.002414844794278197,3.737025214743332e-05,0.0,0.0
A_resonant_held_w0p625_c0p300_s0p000_b0p500,previous_AB,subtract_clip_mean,1.4341429698294729e-18,7.865114817823102e-17,0.018234228018891317,0.1884577930307263,False,False,0.002438647942535213,1.35671038903133e-05,2.3803148257122882e-05,-2.3803148257122882e-05
A_resonant_held_w0p625_c0p300_s0p000_b0p500,previous_AB,highpass_10hz,-1.7386990478431425e-15,9.535646348912732e-14,0.018233677972352567,0.18409566698025645,False,False,0.0019662761183038787,-7.986361912815945e-06,5.478942361437849e-31,-3.7744393450668874e-32
A_resonant_held_w0p625_c0p300_s0p000_b0p500,previous_AB,highpass_20hz,-8.584134495021344e-16,4.7080868567050455e-14,0.018232744544201016,0.1880129207554808,False,False,0.0016962153320229459,-8.08394802658599e-06,5.6071073547715686e-55,-2.2372973592391634e-56
A_resonant_held_w0p625_c0p438_s0p000_b0p500,previous_AB,raw,-0.00018057914138185413,0.002530520185099476,0.07136048249888015,0.2177852988243103,False,False,0.003523984128902846,-0.00033348689433827854,0.0,0.0
A_resonant_held_w0p625_c0p438_s0p000_b0p500,previous_AB,subtract_clip_mean,-6.0957369999071335e-18,8.54220193539364e-17,0.07136025401893324,0.21760471968292844,False,False,0.003343404987520842,-0.00015290775295643657,0.00018057914138185413,0.00018057914138185413
A_resonant_held_w0p625_c0p438_s0p000_b0p500,previous_AB,highpass_10hz,1.478106794599618e-14,2.0713437142760037e-13,0.07135980303086784,0.22053978430892315,False,False,0.00440734481578437,2.0266919111434597e-05,2.5008156601046992e-30,1.6985328711718383e-31
A_resonant_held_w0p625_c0p438_s0p000_b0p500,previous_AB,highpass_20hz,4.103515209666008e-15,5.750566565450125e-14,0.07135845073631986,0.2235630793521239,False,False,0.004084202046185587,2.3112913351133503e-05,2.7522002498726113e-54,1.0670693314630644e-55
A_resonant_held_w0p625_c0p575_s0p000_b0p500,previous_AB,raw,-5.596296973959128e-05,0.0010228771060848392,0.054711332775640026,0.209098681807518,False,False,0.002902263582865816,-8.668062693781835e-05,0.0,0.0
A_resonant_held_w0p625_c0p575_s0p000_b0p500,previous_AB,subtract_clip_mean,-2.1147105230955363e-19,3.865216806279426e-18,0.05471130415401227,0.2091546447772576,False,False,0.0028463006131263374,-3.071765719822737e-05,5.596296973959128e-05,5.596296973959128e-05
A_resonant_held_w0p625_c0p575_s0p000_b0p500,previous_AB,highpass_10hz,1.021160312603303e-14,1.8664632807875598e-13,0.05471097787535479,0.21462194964807071,False,False,0.003405021843783298,2.379174667133472e-05,5.375598098453434e-31,3.84065187304871e-32
A_resonant_held_w0p625_c0p575_s0p000_b0p500,previous_AB,highpass_20hz,8.820189057161882e-17,1.6121655592885202e-15,0.05471019403896956,0.21921568873772754,False,False,0.0031047091121356304,2.4796871320692376e-05,6.999252131013934e-55,1.500966397420527e-56
A_resonant_held_w0p625_c0p713_s0p000_b0p500,previous_AB,raw,-5.056989882613233e-05,0.0010223109994720496,0.04946625718812383,0.20062968134880066,False,False,0.002012726139077125,-7.189866533695215e-05,0.0,0.0
A_resonant_held_w0p625_c0p713_s0p000_b0p500,previous_AB,subtract_clip_mean,-1.2084060131974493e-19,2.4428907973910325e-18,0.049466231339035174,0.20068025124762678,False,False,0.0019621562402510127,-2.1328766510819894e-05,5.056989882613233e-05,5.056989882613233e-05
A_resonant_held_w0p625_c0p713_s0p000_b0p500,previous_AB,highpass_10hz,-5.220235094953786e-15,1.0553165326613446e-13,0.049466060024561186,0.20659371762168016,False,False,0.002145880834055495,2.740618719189853e-05,5.709592377104045e-31,4.0860201605931453e-32
A_resonant_held_w0p625_c0p713_s0p000_b0p500,previous_AB,highpass_20hz,-2.4716988345193377e-15,4.9968255585555344e-14,0.04946538168192224,0.2098409037357277,False,False,0.001919835418511946,2.8180666661368946e-05,7.56834577525469e-55,1.6180082804485338e-56
A_resonant_held_w0p625_c0p850_s0p000_b0p500,previous_AB,raw,-2.3371487739627376e-05,0.0004905798065189459,0.047640541720350614,0.20620688796043396,False,False,0.0019495106915445677,-1.8001154563753536e-05,0.0,0.0
A_resonant_held_w0p625_c0p850_s0p000_b0p500,previous_AB,subtract_clip_mean,-2.4386304682998526e-18,5.1188140891962624e-17,0.0476405359875603,0.20623025944817358,False,False,0.0019261392038048876,5.3703331758690954e-06,2.3371487739627376e-05,2.3371487739627376e-05
A_resonant_held_w0p625_c0p850_s0p000_b0p500,previous_AB,highpass_10hz,2.9094288077249487e-15,6.107063541464255e-14,0.04764038867405286,0.21255395427410326,False,False,0.001950443712659217,2.8626399882072398e-05,1.3879307059794277e-31,1.1683659160284862e-32
A_resonant_held_w0p625_c0p850_s0p000_b0p500,previous_AB,highpass_20hz,3.662203655304615e-15,7.687293689120083e-14,0.04763970004798665,0.21742197154911663,False,False,0.0017235439447697888,2.934221380443367e-05,5.309150126443179e-55,-3.84833560605849e-57
A_resonant_held_w0p750_c0p300_s0p000_b0p500,previous_AB,raw,-0.0004684044299431648,0.03324723383922481,0.014088523340264933,0.15365849435329437,False,False,0.007064278824085923,-0.0009183191815526973,0.0,0.0
A_resonant_held_w0p750_c0p300_s0p000_b0p500,previous_AB,subtract_clip_mean,5.10215872238923e-19,3.623503221363176e-17,0.014080734611489535,0.1531900899233512,False,False,0.006595874394142527,-0.00044991475160953144,0.0004684044299431648,0.0004684044299431648
A_resonant_held_w0p750_c0p300_s0p000_b0p500,previous_AB,highpass_10hz,3.70866141190158e-15,2.63742431957244e-13,0.014061678981191776,0.14775141639591935,False,False,0.002254911326934618,-4.8795534053060975e-06,5.696383071986909e-30,3.8473623210323474e-31
A_resonant_held_w0p750_c0p300_s0p000_b0p500,previous_AB,highpass_20hz,4.587898046689466e-16,3.2635839570507316e-14,0.01405785206407101,0.154379248078106,False,False,0.0018590216476351126,-4.712139382272724e-06,6.860030862134775e-54,2.6259106641297322e-55
A_resonant_held_w0p750_c0p438_s0p000_b0p500,previous_AB,raw,0.0009137809746989489,0.015776644891905618,0.0579198543771353,0.20433621108531952,False,False,0.0030270953783926463,0.0018083139270099792,0.0,0.0
A_resonant_held_w0p750_c0p438_s0p000_b0p500,previous_AB,subtract_clip_mean,-3.061295233433538e-18,5.286056602781628e-17,0.05791264572957134,0.20342243011062058,False,False,0.0033710849330788792,0.0008945329523110247,0.0009137809746989489,-0.0009137809746989489
A_resonant_held_w0p750_c0p438_s0p000_b0p500,previous_AB,highpass_10hz,-4.5505415174648145e-15,7.858818640270142e-14,0.05790363317645402,0.20877187917889783,False,False,0.0028944986255867397,4.799766622384942e-05,1.6209782056619823e-29,-1.0925120187616298e-30
A_resonant_held_w0p750_c0p438_s0p000_b0p500,previous_AB,highpass_20hz,-1.1590292008248535e-16,2.0017136946832645e-15,0.05790184699756721,0.21001315199708936,False,False,0.002588084764234473,4.85067695030705e-05,1.9887700836155842e-53,-7.578175946033423e-55
A_resonant_held_w0p750_c0p575_s0p000_b0p500,previous_AB,raw,-0.0012110411768892547,0.02483967209842617,0.04875431415078888,0.22982126474380493,False,False,0.0036655853899227172,-0.0023279370503219484,0.0,0.0
A_resonant_held_w0p750_c0p575_s0p000_b0p500,previous_AB,subtract_clip_mean,-1.7186218854363722e-18,3.5261542772449315e-17,0.048739270897108125,0.23103230592069418,False,False,0.002454544213033505,-0.0011168958734326974,0.0012110411768892547,0.0012110411768892547
A_resonant_held_w0p750_c0p575_s0p000_b0p500,previous_AB,highpass_10hz,-8.868570612915274e-15,1.8201128449822798e-13,0.04872538885357747,0.22812186546055918,False,False,0.0018542109150221106,1.0269399832936484e-05,2.0037532680764865e-29,1.3571756421572675e-30
A_resonant_held_w0p750_c0p575_s0p000_b0p500,previous_AB,highpass_20hz,1.379528053058003e-15,2.8312509487559696e-14,0.048725036318810144,0.22566455409224037,False,False,0.001954072201782908,9.6850043704635e-06,2.365504721862889e-53,9.109026109120921e-55
A_resonant_held_w0p750_c0p713_s0p000_b0p500,previous_AB,raw,-0.0005036237975101017,0.01142292706838668,0.044088856953652174,0.2366168200969696,False,False,0.003065448186984019,-0.000960032722994634,0.0,0.0
A_resonant_held_w0p750_c0p713_s0p000_b0p500,previous_AB,subtract_clip_mean,1.8260357532761455e-18,4.141987396968316e-17,0.04408598043086016,0.2371204438944797,False,False,0.0025618243894739213,-0.0004564089254845283,0.0005036237975101017,0.0005036237975101017
A_resonant_held_w0p750_c0p713_s0p000_b0p500,previous_AB,highpass_10hz,-7.246387919040484e-15,1.643793871080481e-13,0.04408331267397515,0.23622813678707572,False,False,0.0020563390555657867,1.4452817464093146e-05,7.705798811278594e-30,5.231692838423344e-31
A_resonant_held_w0p750_c0p713_s0p000_b0p500,previous_AB,highpass_20hz,-4.680391456949621e-16,1.0617238739300899e-14,0.04408294446299514,0.2351991910443456,False,False,0.001946828688377166,1.3883129607337436e-05,8.944387872364014e-54,3.461643054742642e-55
A_resonant_held_w0p750_c0p850_s0p000_b0p500,previous_AB,raw,-0.0003512539696274916,0.00835932600945548,0.042019412717027416,0.23945915699005127,False,False,0.002425125827368712,-0.0006642895423759778,0.0,0.0
A_resonant_held_w0p750_c0p850_s0p000_b0p500,previous_AB,subtract_clip_mean,-1.8260357532761455e-18,4.345847404111237e-17,0.042017944568156905,0.23981041095967875,False,False,0.002073871857741229,-0.00031303557274848956,0.0003512539696274916,0.0003512539696274916
A_resonant_held_w0p750_c0p850_s0p000_b0p500,previous_AB,highpass_10hz,1.035876348165689e-14,2.4654022811181035e-13,0.04201652428486846,0.23976766987227066,False,False,0.002161404877940423,1.541582033756856e-05,5.293675406487331e-30,3.600318880430063e-31
A_resonant_held_w0p750_c0p850_s0p000_b0p500,previous_AB,highpass_20hz,-1.5754811581480795e-15,3.7497061654984265e-14,0.0420161230937054,0.23934565711273664,False,False,0.0020262504855587324,1.4811237222029056e-05,6.069421167003527e-54,2.357621221912518e-55
A_resonant_held_w0p875_c0p300_s0p000_b0p500,previous_AB,raw,-0.0003502126724082945,0.04093258367090602,0.008555840872982029,0.11023174226284027,False,False,0.003473548993467691,-0.0006820839936239754,0.0,0.0
A_resonant_held_w0p875_c0p300_s0p000_b0p500,previous_AB,subtract_clip_mean,8.056040087982995e-20,9.423734677565434e-18,0.008548670313439073,0.10988152959043197,False,False,0.003123336321059286,-0.0003318713212156807,0.0003502126724082945,0.0003502126724082945
A_resonant_held_w0p875_c0p300_s0p000_b0p500,previous_AB,highpass_10hz,-8.758898116752918e-16,1.0256886102631176e-13,0.008539529472308382,0.10601833771249303,False,False,0.0014802532157172949,-1.8031255067869797e-06,4.901336023806355e-30,3.3125684122498463e-31
A_resonant_held_w0p875_c0p300_s0p000_b0p500,previous_AB,highpass_20hz,4.398744742936153e-17,5.152105401187497e-15,0.008537761556512986,0.10951341744918122,False,False,0.0011966415928683085,-1.6694846386574825e-06,5.873092011024622e-54,2.2512507964312157e-55
A_resonant_held_w0p875_c0p438_s0p000_b0p500,previous_AB,raw,-0.000148249859135544,0.00410690697627461,0.036097691034147054,0.14630699157714844,False,False,0.004383989896554599,-0.00026531250740568113,0.0,0.0
A_resonant_held_w0p875_c0p438_s0p000_b0p500,previous_AB,subtract_clip_mean,-3.625218039592348e-18,1.0042882269824282e-16,0.03609738660867303,0.146455241436284,False,False,0.0042357400374191684,-0.00011706264827014423,0.000148249859135544,0.000148249859135544
A_resonant_held_w0p875_c0p438_s0p000_b0p500,previous_AB,highpass_10hz,2.9289747749884175e-16,8.114926355932412e-15,0.03609367043543399,0.14838145536344205,False,False,0.0019823643742483948,2.8575299977053485e-05,3.999813781091185e-31,2.95974906350812e-32
A_resonant_held_w0p875_c0p438_s0p000_b0p500,previous_AB,highpass_20hz,8.997489072764907e-16,2.4928771640926162e-14,0.03609278949787287,0.1488010696409051,False,False,0.0019088387804482919,2.7985437228380075e-05,7.451195443699726e-55,9.485594740431938e-57
A_resonant_held_w0p875_c0p575_s0p000_b0p500,previous_AB,raw,-0.0003481064083496901,0.00820212755514209,0.042440989366405876,0.21574851870536804,False,False,0.003271382579103894,-0.0006725392027997593,0.0,0.0
A_resonant_held_w0p875_c0p575_s0p000_b0p500,previous_AB,subtract_clip_mean,1.3963802819170526e-18,3.290279693766772e-17,0.04243956173581253,0.21609662511371774,False,False,0.0029232761707543324,-0.00032443279445006643,0.0003481064083496901,0.0003481064083496901
A_resonant_held_w0p875_c0p575_s0p000_b0p500,previous_AB,highpass_10hz,-5.50170243619967e-15,1.296421633033823e-13,0.04243760128658801,0.2164166750940773,False,False,0.002318855959272826,4.857984195083775e-06,4.4303863554393556e-30,3.005118320991303e-31
A_resonant_held_w0p875_c0p575_s0p000_b0p500,previous_AB,highpass_20hz,1.0042011314203772e-16,2.366314031625868e-15,0.0424373569187857,0.2140183217502864,False,False,0.0020302930522224775,4.550654055578441e-06,5.183415084649878e-54,2.0024492900517328e-55
A_resonant_held_w0p875_c0p713_s0p000_b0p500,previous_AB,raw,-0.0006321520937482611,0.01844328721166299,0.034275456782373745,0.23018012940883636,False,False,0.0028353930966661454,-0.0012181144355075367,0.0,0.0
A_resonant_held_w0p875_c0p713_s0p000_b0p500,previous_AB,subtract_clip_mean,-1.3963802819170526e-18,4.074687739824908e-17,0.03426962680524461,0.23081228150258462,False,False,0.0022032410029178997,-0.0005859623417592786,0.0006321520937482611,0.0006321520937482611
A_resonant_held_w0p875_c0p713_s0p000_b0p500,previous_AB,highpass_10hz,4.9667950108837895e-15,1.4495514507297726e-13,0.03426435818047901,0.23075401757562777,False,False,0.00188585057616484,4.218160452072611e-06,9.993031118746173e-30,6.766890764292962e-31
A_resonant_held_w0p875_c0p713_s0p000_b0p500,previous_AB,highpass_20hz,-1.1841254440406055e-15,3.455871585851627e-14,0.03426416215487946,0.22945536639354874,False,False,0.0017943917812424538,3.7912617171318313e-06,1.1828261281876136e-53,4.552693744949355e-55
A_resonant_held_w0p875_c0p850_s0p000_b0p500,previous_AB,raw,-0.000363495606070877,0.011159468402246403,0.03257284244809594,0.2387346774339676,False,False,0.0025084753480249283,-0.0006988231254606957,0.0,0.0
A_resonant_held_w0p875_c0p850_s0p000_b0p500,previous_AB,subtract_clip_mean,-4.2965547135909306e-19,1.3191425582311936e-17,0.03257081417608175,0.23909817304003847,False,False,0.0021449797419539804,-0.00033532751938981947,0.000363495606070877,0.000363495606070877
A_resonant_held_w0p875_c0p850_s0p000_b0p500,previous_AB,highpass_10hz,-7.494114508429331e-15,2.301010652196743e-13,0.03256879537378414,0.2389347677612489,False,False,0.0018647821336106722,4.945653345095487e-06,5.4622511574196386e-30,3.702809708867469e-31
A_resonant_held_w0p875_c0p850_s0p000_b0p500,previous_AB,highpass_20hz,-6.310271025791806e-17,1.9375352527465293e-15,0.03256854819465482,0.23803396779924677,False,False,0.001739879241646033,4.49162039127301e-06,6.42273350485667e-54,2.477630355266957e-55
A_resonant_held_w1p000_c0p438_s0p000_b0p500,previous_AB,raw,-0.000148249859135544,0.00410690697627461,0.036097691034147054,0.14630699157714844,False,False,0.004383989896554599,-0.00026531250740568113,0.0,0.0
A_resonant_held_w1p000_c0p438_s0p000_b0p500,previous_AB,subtract_clip_mean,-3.625218039592348e-18,1.0042882269824282e-16,0.03609738660867303,0.146455241436284,False,False,0.0042357400374191684,-0.00011706264827014423,0.000148249859135544,0.000148249859135544
A_resonant_held_w1p000_c0p438_s0p000_b0p500,previous_AB,highpass_10hz,2.9289747749884175e-16,8.114926355932412e-15,0.03609367043543399,0.14838145536344205,False,False,0.0019823643742483948,2.8575299977053485e-05,3.999813781091185e-31,2.95974906350812e-32
A_resonant_held_w1p000_c0p438_s0p000_b0p500,previous_AB,highpass_20hz,8.997489072764907e-16,2.4928771640926162e-14,0.03609278949787287,0.1488010696409051,False,False,0.0019088387804482919,2.7985437228380075e-05,7.451195443699726e-55,9.485594740431938e-57
A_resonant_held_w1p000_c0p713_s0p000_b0p500,previous_AB,raw,-0.0006321520937482611,0.01844328721166299,0.034275456782373745,0.23018012940883636,False,False,0.0028353930966661454,-0.0012181144355075367,0.0,0.0
A_resonant_held_w1p000_c0p713_s0p000_b0p500,previous_AB,subtract_clip_mean,-1.3963802819170526e-18,4.074687739824908e-17,0.03426962680524461,0.23081228150258462,False,False,0.0022032410029178997,-0.0005859623417592786,0.0006321520937482611,0.0006321520937482611
A_resonant_held_w1p000_c0p713_s0p000_b0p500,previous_AB,highpass_10hz,4.9667950108837895e-15,1.4495514507297726e-13,0.03426435818047901,0.23075401757562777,False,False,0.00188585057616484,4.218160452072611e-06,9.993031118746173e-30,6.766890764292962e-31
A_resonant_held_w1p000_c0p713_s0p000_b0p500,previous_AB,highpass_20hz,-1.1841254440406055e-15,3.455871585851627e-14,0.03426416215487946,0.22945536639354874,False,False,0.0017943917812424538,3.7912617171318313e-06,1.1828261281876136e-53,4.552693744949355e-55
A_driven_pluck_w0p000_c0p438_s0p000_b0p500,previous_AB,raw,4.7081918393115956e-05,0.006203894944450416,0.0075890902110185236,0.17951568961143494,False,False,0.002768903881317599,9.333419919998356e-05,0.0,0.0
A_driven_pluck_w0p000_c0p438_s0p000_b0p500,previous_AB,subtract_clip_mean,8.391708424982287e-20,1.1057807573308419e-17,0.007588944163975487,0.17946860769304182,False,False,0.002721821962924367,4.625228080686777e-05,4.7081918393115956e-05,-4.7081918393115956e-05
A_driven_pluck_w0p000_c0p438_s0p000_b0p500,previous_AB,highpass_10hz,-1.193935928119364e-15,1.5752444179696673e-13,0.007579369363252392,0.16738932647604404,False,False,0.005051465806265895,-3.70816453736732e-07,1.5139578858733389e-33,3.7668662020982613e-34
A_driven_pluck_w0p000_c0p438_s0p000_b0p500,previous_AB,highpass_20hz,2.5451632067550028e-17,3.362455464679168e-15,0.007569358861375587,0.17515778752193578,False,False,0.004248399877798986,-2.3650786713094085e-07,9.327850952476683e-61,-1.8838444045446686e-63
A_driven_pluck_w0p000_c0p713_s0p000_b0p500,previous_AB,raw,4.652246454403876e-05,0.005033886588884414,0.009241857900964124,0.1867566555738449,False,False,0.0026980065014600052,9.64005681839939e-05,0.0,0.0
A_driven_pluck_w0p000_c0p713_s0p000_b0p500,previous_AB,subtract_clip_mean,5.471393893088451e-19,5.920306582981123e-17,0.009241740805817146,0.18671013310930087,False,False,0.0026514840369161585,4.987810363995623e-05,4.652246454403876e-05,-4.652246454403876e-05
A_driven_pluck_w0p000_c0p713_s0p000_b0p500,previous_AB,highpass_10hz,-8.168488980877758e-18,8.846125299284835e-16,0.009233973863718773,0.17593345038765026,False,False,0.0052139247189971595,3.2566103366097643e-06,1.0083939867996781e-33,-3.4250328327825753e-34
A_driven_pluck_w0p000_c0p713_s0p000_b0p500,previous_AB,highpass_20hz,-2.387359227750317e-16,2.5876938612645574e-14,0.009225817873926012,0.18665257863621393,False,False,0.0044083048496146625,3.361713353580364e-06,8.820857314970027e-61,5.261816991560844e-63
A_driven_pluck_w0p125_c0p300_s0p000_b0p500,previous_AB,raw,5.556299019777229e-05,0.00859202103354543,0.0064668126370780845,0.17895711958408356,False,False,0.003339770913885711,0.00011032015620246782,0.0,0.0
A_driven_pluck_w0p125_c0p300_s0p000_b0p500,previous_AB,subtract_clip_mean,-2.014010021995749e-20,3.1144931500244686e-18,0.006466573933482326,0.1789015565938858,False,False,0.0032842079236875725,5.475716600469549e-05,5.556299019777229e-05,-5.556299019777229e-05
A_driven_pluck_w0p125_c0p300_s0p000_b0p500,previous_AB,highpass_10hz,5.705546159825402e-16,8.844617431372857e-14,0.006450868230419086,0.16443379658985352,False,False,0.005577123630199195,-6.774550369535427e-07,5.369374236006182e-34,1.509215935401588e-34
A_driven_pluck_w0p125_c0p300_s0p000_b0p500,previous_AB,highpass_20hz,-1.291009270596986e-16,2.006368766215219e-14,0.006434556260723319,0.1714357409375616,False,False,0.004639637243532711,-6.629105014870945e-07,3.798131347677078e-61,-1.3846746472012366e-63
A_driven_pluck_w0p125_c0p438_s0p000_b0p500,previous_AB,raw,5.4898868225542895e-05,0.006860540328002401,0.008002120183080087,0.18289177119731903,False,False,0.0032371835284899066,0.00010882729262585183,0.0,0.0
A_driven_pluck_w0p125_c0p438_s0p000_b0p500,previous_AB,subtract_clip_mean,-3.4909507047926314e-19,4.362634879424193e-17,0.008001931862914433,0.18283687232909349,False,False,0.003182284660264438,5.3928424400308275e-05,5.4898868225542895e-05,-5.4898868225542895e-05
A_driven_pluck_w0p125_c0p438_s0p000_b0p500,previous_AB,highpass_10hz,3.3051771616074794e-16,4.1368572083916735e-14,0.007989584834842451,0.170142831402285,False,False,0.005653842060236458,-4.83440064726183e-07,1.624107581169058e-33,4.066506158634672e-34
A_driven_pluck_w0p125_c0p438_s0p000_b0p500,previous_AB,highpass_20hz,-2.843977782760655e-16,3.5653448287036414e-14,0.007976725728924022,0.18090524618527976,False,False,0.004722955481743195,-3.4445204109248253e-07,1.0078444216293403e-60,-2.1238431568131116e-63
A_driven_pluck_w0p125_c0p575_s0p000_b0p500,previous_AB,raw,5.4210030153265414e-05,0.005782200743633712,0.009375328280145142,0.18610402941703796,False,False,0.003130708786099239,0.00011040310716988198,0.0,0.0
A_driven_pluck_w0p125_c0p575_s0p000_b0p500,previous_AB,subtract_clip_mean,-5.504960726788381e-19,5.871850660160405e-17,0.009375171552196795,0.1860498193868847,False,False,0.0030764987559459976,5.619307701661545e-05,5.4210030153265414e-05,-5.4210030153265414e-05
A_driven_pluck_w0p125_c0p575_s0p000_b0p500,previous_AB,highpass_10hz,3.244011047861337e-16,3.4640360873777455e-14,0.00936483040601645,0.17633102210316065,False,False,0.005740149737889586,2.178923784347129e-06,5.202906952878455e-34,-4.423128986389945e-35
A_driven_pluck_w0p125_c0p575_s0p000_b0p500,previous_AB,highpass_20hz,-4.073001699076509e-16,4.354275601308947e-14,0.009354028251799488,0.18895015755228856,False,False,0.004810592271982302,2.3409580763363505e-06,1.4708543223396908e-61,3.0314754341721234e-63
A_driven_pluck_w0p125_c0p713_s0p000_b0p500,previous_AB,raw,5.375991749025122e-05,0.005371556759778969,0.01000825643187718,0.188864603638649,False,False,0.003121522253842775,0.00011094126911216259,0.0,0.0
A_driven_pluck_w0p125_c0p713_s0p000_b0p500,previous_AB,subtract_clip_mean,1.7119085186963864e-19,1.7105209366527278e-17,0.010008112043611544,0.18881084372115872,False,False,0.0030677623363526457,5.718135162191172e-05,5.375991749025122e-05,-5.375991749025122e-05
A_driven_pluck_w0p125_c0p713_s0p000_b0p500,previous_AB,highpass_10hz,1.0544978848290616e-15,1.0546516129724314e-13,0.009998542379858154,0.18145399398657325,False,False,0.0058509758173134465,3.3237366328234015e-06,1.0686511160488325e-33,-3.643042722853822e-34
A_driven_pluck_w0p125_c0p713_s0p000_b0p500,previous_AB,highpass_20hz,2.3543986949840926e-16,2.3571016278979126e-14,0.009988532811305932,0.19572845460493402,False,False,0.004922797443435838,3.4422906737895664e-06,9.38379599912987e-61,5.642198873261241e-63
A_driven_pluck_w0p125_c0p850_s0p000_b0p500,previous_AB,raw,5.35439733892953e-05,0.005192685005708099,0.010311423344654388,0.19119426608085632,False,False,0.0031231338450030607,0.00011094017389187456,0.0,0.0
A_driven_pluck_w0p125_c0p850_s0p000_b0p500,previous_AB,subtract_clip_mean,-1.7790421860962447e-19,1.725335205571209e-17,0.01031128432522337,0.19114072210746702,False,False,0.003069589871613845,5.739620050257889e-05,5.35439733892953e-05,-5.35439733892953e-05
A_driven_pluck_w0p125_c0p850_s0p000_b0p500,previous_AB,highpass_10hz,1.6342612993962891e-15,1.5863442469867657e-13,0.01030205960970036,0.18570642888090297,False,False,0.005940729024042165,3.666121191170391e-06,1.393036757753633e-33,-4.5162489901308335e-34
A_driven_pluck_w0p125_c0p850_s0p000_b0p500,previous_AB,highpass_20hz,-6.862948942661139e-18,6.667974562057539e-16,0.010292404205788445,0.20142654631830284,False,False,0.005011381259650898,3.7666372722880214e-06,1.1564163864487813e-60,6.265586325639574e-63
A_driven_pluck_w0p250_c0p300_s0p000_b0p500,previous_AB,raw,4.025642872425552e-05,0.007006414938168763,0.005745652959397402,0.16582264006137848,False,False,0.002452497943005648,7.979288403401682e-05,0.0,0.0
A_driven_pluck_w0p250_c0p300_s0p000_b0p500,previous_AB,subtract_clip_mean,-4.363688380990789e-20,7.59495138703375e-18,0.00574551193104483,0.1657823836326542,False,False,0.0024122415142817533,3.953645530976123e-05,4.025642872425552e-05,-4.025642872425552e-05
A_driven_pluck_w0p250_c0p300_s0p000_b0p500,previous_AB,highpass_10hz,6.340749710791341e-16,1.105432691877028e-13,0.005735988954718472,0.1551422800262588,False,False,0.004448044467305101,-6.175139576734383e-07,3.776789123143548e-34,1.2272045422940373e-34
A_driven_pluck_w0p250_c0p300_s0p000_b0p500,previous_AB,highpass_20hz,4.909516565858231e-17,8.574056765726067e-15,0.005726013601266942,0.15831204411802408,False,False,0.003750088815656427,-6.080747132799073e-07,3.037512288761627e-61,-1.2636832331634412e-63
A_driven_pluck_w0p250_c0p438_s0p000_b0p500,previous_AB,raw,3.980761526514518e-05,0.005616593687334698,0.0070875013364257635,0.1727755069732666,False,False,0.002365926500643368,7.893691764280348e-05,0.0,0.0
A_driven_pluck_w0p250_c0p438_s0p000_b0p500,previous_AB,subtract_clip_mean,-1.7119085186963864e-19,2.4154288515991318e-17,0.007087389543943799,0.17273569935800145,False,False,0.0023261188853779965,3.9129302377657965e-05,3.980761526514518e-05,-3.980761526514518e-05
A_driven_pluck_w0p250_c0p438_s0p000_b0p500,previous_AB,highpass_10hz,-5.798133452323562e-16,8.189633546401689e-14,0.007079844805597083,0.16215989398740943,False,False,0.004474793498813498,-2.547052914601043e-07,1.2998488995218549e-33,3.3701809988949073e-34
A_driven_pluck_w0p250_c0p438_s0p000_b0p500,previous_AB,highpass_20hz,-2.298301697608416e-16,3.2499023187782216e-14,0.0070719100827388755,0.16704448127289603,False,False,0.003783664897820651,-1.2636678524735207e-07,8.272023619032152e-61,-1.6681257674147583e-63
A_driven_pluck_w0p250_c0p575_s0p000_b0p500,previous_AB,raw,3.961773902031554e-05,0.004897445755115409,0.008089469695286487,0.17809130251407623,False,False,0.0023122773840334124,8.15130933294832e-05,0.0,0.0
A_driven_pluck_w0p250_c0p575_s0p000_b0p500,previous_AB,subtract_clip_mean,-1.0741386783977326e-19,1.3278392783274447e-17,0.00808937268184087,0.17805168477505592,False,False,0.0022726596450133017,4.189535430916743e-05,3.961773902031554e-05,-3.961773902031554e-05
A_driven_pluck_w0p250_c0p575_s0p000_b0p500,previous_AB,highpass_10hz,-1.0676911190221081e-15,1.3209486701300758e-13,0.008082760088754781,0.16762323736219004,False,False,0.004527842363250022,2.362376261020294e-06,3.400103816520515e-34,-1.3066886747592842e-34
A_driven_pluck_w0p250_c0p575_s0p000_b0p500,previous_AB,highpass_20hz,7.478208025109778e-17,9.260039860048501e-15,0.008075783839088798,0.1727547157490742,False,False,0.0038344362308973816,2.4879921603621838e-06,3.561241356735331e-61,3.267525079827567e-63
A_driven_pluck_w0p250_c0p713_s0p000_b0p500,previous_AB,raw,3.994627467596469e-05,0.004772110535482707,0.008370777327756105,0.18200556933879852,False,False,0.002342906414051082,8.302250591209093e-05,0.0,0.0
A_driven_pluck_w0p250_c0p713_s0p000_b0p500,previous_AB,subtract_clip_mean,4.128720545091285e-19,4.932358604213332e-17,0.008370682013194334,0.18196562306412256,False,False,0.0023029601393753977,4.307623123612706e-05,3.994627467596469e-05,-3.994627467596469e-05
A_driven_pluck_w0p250_c0p713_s0p000_b0p500,previous_AB,highpass_10hz,3.175463377591869e-15,3.796501636852953e-13,0.008364182822331447,0.17165578572296372,False,False,0.004603646480427021,3.0346068136532968e-06,9.862648991555856e-34,-3.1586660081803252e-34
A_driven_pluck_w0p250_c0p713_s0p000_b0p500,previous_AB,highpass_20hz,-2.5289818949845304e-16,3.026066323914467e-14,0.00835732473871585,0.17653344699926304,False,False,0.0039049508869929733,3.1264700426866744e-06,8.191693572563964e-61,4.7218129874204564e-63
A_driven_pluck_w0p250_c0p850_s0p000_b0p500,previous_AB,raw,4.044137502188022e-05,0.004755450537577411,0.008504215258325962,0.18481549620628357,False,False,0.002378568308979162,8.425728995491074e-05,0.0,0.0
A_driven_pluck_w0p250_c0p850_s0p000_b0p500,previous_AB,subtract_clip_mean,4.934324553889585e-19,5.802275928019387e-17,0.008504119099303023,0.1847750548312617,False,False,0.0023381269339570855,4.3815914933031504e-05,4.044137502188022e-05,-4.044137502188022e-05
A_driven_pluck_w0p250_c0p850_s0p000_b0p500,previous_AB,highpass_10hz,6.616320827905122e-16,7.786140804775748e-14,0.00849756123578821,0.17450082213091708,False,False,0.004664701688147496,3.218736192394348e-06,1.2071581390060474e-33,-3.7543675124504552e-34
A_driven_pluck_w0p250_c0p850_s0p000_b0p500,previous_AB,highpass_20hz,3.003963081474059e-16,3.5379684658322654e-14,0.008490644024910527,0.1793231790613719,False,False,0.003958145307014289,3.2978594003448355e-06,9.679875511856655e-61,5.161351705035451e-63
A_driven_pluck_w0p375_c0p300_s0p000_b0p500,previous_AB,raw,-0.00017909155851336558,0.03360263692995676,0.005329687633939984,0.16364352405071259,False,False,0.003595484662824749,-0.00035760702797773614,0.0,0.0
A_driven_pluck_w0p375_c0p300_s0p000_b0p500,previous_AB,subtract_clip_mean,-5.370693391988663e-20,1.0082632334441273e-17,0.005326677809764923,0.16382261560922595,False,False,0.0037745762213376947,-0.0001785154694643707,0.00017909155851336558,0.00017909155851336558
A_driven_pluck_w0p375_c0p300_s0p000_b0p500,previous_AB,highpass_10hz,-1.6036209691132172e-15,3.0296229966788145e-13,0.005293137036757267,0.1491948890815875,False,False,0.004624508041339824,-5.81390246115281e-07,5.180706751109126e-32,-2.6892588940417714e-33
A_driven_pluck_w0p375_c0p300_s0p000_b0p500,previous_AB,highpass_20hz,5.496988603784647e-17,1.0431288784188682e-14,0.005269711842430013,0.14588064820139568,False,False,0.003595103487579869,-5.712978810033704e-07,9.532817674678057e-60,-1.9265452366949765e-62
A_driven_pluck_w0p375_c0p438_s0p000_b0p500,previous_AB,raw,0.00023829649422533298,0.03645859416339392,0.006536085652600216,0.16834762692451477,False,False,0.005411347217097799,0.00047504459845021765,0.0,0.0
A_driven_pluck_w0p375_c0p438_s0p000_b0p500,previous_AB,subtract_clip_mean,-1.0741386783977326e-19,1.6444908102424045e-17,0.006531740230517921,0.16810933043028944,False,False,0.0051730507228719275,0.0002367481042248844,0.00023829649422533298,-0.00023829649422533298
A_driven_pluck_w0p375_c0p438_s0p000_b0p500,previous_AB,highpass_10hz,5.7641071725873645e-18,8.870265990614275e-16,0.00649823486543293,0.1528186523079443,False,False,0.0048195449700083725,-3.6431086064862735e-07,3.2880771307781727e-32,2.066525130564663e-33
A_driven_pluck_w0p375_c0p438_s0p000_b0p500,previous_AB,highpass_20hz,2.1410667813312995e-16,3.304227619828902e-14,0.006479779929453429,0.15818659109177,False,False,0.0037894534140202395,-2.452608592605608e-07,6.893074345807347e-60,9.679609179647374e-63
A_driven_pluck_w0p375_c0p575_s0p000_b0p500,previous_AB,raw,0.00030645949249514425,0.041532861657129216,0.0073787232631619005,0.1715754121541977,False,False,0.005282773511789608,0.0006132242550258865,0.0,0.0
A_driven_pluck_w0p375_c0p575_s0p000_b0p500,previous_AB,subtract_clip_mean,2.1482773567954653e-19,2.91396295389993e-17,0.007372356446468538,0.17126895266170256,False,False,0.004976314019294019,0.00030676476253074266,0.00030645949249514425,-0.00030645949249514425
A_driven_pluck_w0p375_c0p575_s0p000_b0p500,previous_AB,highpass_10hz,4.01489016719706e-16,5.4670762002155045e-14,0.007343761125990523,0.15743147371141644,False,False,0.004837347906286283,1.5713850803835014e-06,4.7340621002317256e-32,2.476060841153734e-33
A_driven_pluck_w0p375_c0p575_s0p000_b0p500,previous_AB,highpass_20hz,6.495821139740142e-16,8.862508754386038e-14,0.007329551168595883,0.16857879500202164,False,False,0.003884973688669585,1.6955481998559903e-06,8.711732015870517e-60,1.9155430996146546e-62
A_driven_pluck_w0p375_c0p713_s0p000_b0p500,previous_AB,raw,0.00016229026547136185,0.02076076838402535,0.00781716083284462,0.1738709658384323,False,False,0.004380698498571375,0.00032666636328516837,0.0,0.0
A_driven_pluck_w0p375_c0p713_s0p000_b0p500,previous_AB,subtract_clip_mean,-1.7454753523963157e-19,2.233357698019089e-17,0.00781547601597582,0.17370867557296096,False,False,0.00421840823309974,0.00016437609781380609,0.00016229026547136185,-0.00016229026547136185
A_driven_pluck_w0p375_c0p713_s0p000_b0p500,previous_AB,highpass_10hz,9.325947883263586e-16,1.196138563336563e-13,0.007796711994009595,0.16530899196446772,False,False,0.004851899346946024,2.463087517787763e-06,1.9028466116844554e-32,7.227748310860617e-34
A_driven_pluck_w0p375_c0p713_s0p000_b0p500,previous_AB,highpass_20hz,-6.293844256549902e-17,8.084382953589139e-15,0.007785188174139735,0.17733505292587315,False,False,0.003955471663698092,2.5626385790667577e-06,2.8105892321317015e-60,1.1302800707840698e-62
A_driven_pluck_w0p375_c0p850_s0p000_b0p500,previous_AB,raw,9.364712101552596e-05,0.011568141692643032,0.008095260544317376,0.17555247247219086,False,False,0.0036661084798126258,0.0001901508609030636,0.0,0.0
A_driven_pluck_w0p375_c0p850_s0p000_b0p500,previous_AB,subtract_clip_mean,-1.812609019796174e-19,2.2392488857400636e-17,0.00809471886461211,0.17545882535117532,False,False,0.003572461358797162,9.650373988753727e-05,9.364712101552596e-05,-9.364712101552596e-05
A_driven_pluck_w0p375_c0p850_s0p000_b0p500,previous_AB,highpass_10hz,-8.570080481336604e-16,1.0604940275023003e-13,0.008081215225248418,0.17179492693475007,False,False,0.00484438621014921,2.8598197998777697e-06,6.985537761019898e-33,-1.9337749864082754e-35
A_driven_pluck_w0p375_c0p850_s0p000_b0p500,previous_AB,highpass_20hz,-3.25605419841474e-16,4.0339781705185227e-14,0.008071571190471293,0.18472111234633215,False,False,0.00400947332024404,2.9445678246989054e-06,2.923125822646232e-61,7.652929522947892e-63
A_driven_pluck_w0p500_c0p438_s0p000_b0p500,previous_AB,raw,5.942480941413039e-05,0.007290553644620802,0.008150932331178425,0.1836608499288559,False,False,0.0035076052742499058,0.0001178606294792026,0.0,0.0
A_driven_pluck_w0p500_c0p438_s0p000_b0p500,previous_AB,subtract_clip_mean,3.5580843721924895e-19,4.3653643428111293e-17,0.008150715708419467,0.18360142511944177,False,False,0.0034481804648353567,5.843582006507292e-05,5.942480941413039e-05,-5.942480941413039e-05
A_driven_pluck_w0p500_c0p438_s0p000_b0p500,previous_AB,highpass_10hz,9.061092977808508e-16,1.1136340868221304e-13,0.008136508288521655,0.17140761244802885,False,False,0.005964832291439968,-5.029884761640033e-07,1.6315513329252045e-33,4.026701783252784e-34
A_driven_pluck_w0p500_c0p438_s0p000_b0p500,previous_AB,highpass_20hz,-4.817989251030502e-17,5.932221861062188e-15,0.008121728020077492,0.18320357947211813,False,False,0.004959542782665748,-3.6609661200628003e-07,9.934504116016882e-61,-1.9362726430529892e-63
A_driven_pluck_w0p500_c0p713_s0p000_b0p500,previous_AB,raw,5.83612329419336e-05,0.005684405383537172,0.010266901989600502,0.18961653113365173,False,False,0.0033868665315780755,0.0001199584982078649,0.0,0.0
A_driven_pluck_w0p500_c0p713_s0p000_b0p500,previous_AB,subtract_clip_mean,-3.4909507047926314e-19,3.400253660068116e-17,0.010266736113807164,0.1895581699007098,False,False,0.0033285052986360484,6.15972652659306e-05,5.83612329419336e-05,-5.83612329419336e-05
A_driven_pluck_w0p500_c0p713_s0p000_b0p500,previous_AB,highpass_10hz,-1.1731065015004719e-15,1.1438521866920325e-13,0.010255752580174205,0.1830252124139097,False,False,0.006187787991695379,3.1725903804795555e-06,9.47234982595053e-34,-3.39281202221426e-34
A_driven_pluck_w0p500_c0p713_s0p000_b0p500,previous_AB,highpass_20hz,-3.4739344180338734e-16,3.391096140333269e-14,0.010244281713854515,0.19858232045249416,False,False,0.005183222968831906,3.2970920649440324e-06,8.816669012338809e-61,5.777631483483772e-63
A_driven_pluck_w0p625_c0p300_s0p000_b0p500,previous_AB,raw,6.20311162479216e-05,0.009422601760783118,0.0065832259308777315,0.17920304834842682,False,False,0.0035862123111457945,0.0001232492128455599,0.0,0.0
A_driven_pluck_w0p625_c0p300_s0p000_b0p500,previous_AB,subtract_clip_mean,-6.713366739985829e-21,1.0198138199843608e-18,0.00658293367713803,0.1791410172321789,False,False,0.003524181194898019,6.121809659763825e-05,6.20311162479216e-05,-6.20311162479216e-05
A_driven_pluck_w0p625_c0p300_s0p000_b0p500,previous_AB,highpass_10hz,-3.9823109326823955e-16,6.06583420369036e-14,0.006565149654534935,0.16489620342187597,False,False,0.00585467674157196,-6.733099732901738e-07,9.422149539801577e-34,1.7270569272062266e-34
A_driven_pluck_w0p625_c0p300_s0p000_b0p500,previous_AB,highpass_20hz,3.716516680365496e-16,5.676979600689654e-14,0.006546644416185685,0.17327041516323,False,False,0.004850180756744882,-6.575324327858177e-07,4.582509264514641e-61,-1.0846941724348235e-63
A_driven_pluck_w0p625_c0p438_s0p000_b0p500,previous_AB,raw,5.777149154362344e-05,0.007100118104701021,0.008136694445318123,0.18310606479644775,False,False,0.0034712808711051743,0.00011456590571426476,0.0,0.0
A_driven_pluck_w0p625_c0p438_s0p000_b0p500,previous_AB,subtract_clip_mean,7.720371750983704e-20,9.488578449972247e-18,0.008136489350526774,0.18304829330490413,False,False,0.0034135093795613913,5.679441417064149e-05,5.777149154362344e-05,-5.777149154362344e-05
A_driven_pluck_w0p625_c0p438_s0p000_b0p500,previous_AB,highpass_10hz,4.867066059826904e-16,5.992087987022835e-14,0.008122487637644157,0.17113357459517808,False,False,0.005944944974584542,-4.966700607515187e-07,1.4560545888279823e-33,3.902331532759206e-34
A_driven_pluck_w0p625_c0p438_s0p000_b0p500,previous_AB,highpass_20hz,2.7506058655247596e-16,3.3925335346090666e-14,0.008107822184996387,0.18290256761300133,False,False,0.004945469949851859,-3.599294167579023e-07,9.501544837660808e-61,-2.0089862453024136e-63
A_driven_pluck_w0p625_c0p575_s0p000_b0p500,previous_AB,raw,5.5699853630939965e-05,0.0058394499913578864,0.009538544505625213,0.18659386038780212,False,False,0.0033611032318238885,0.00011319546223741018,0.0,0.0
A_driven_pluck_w0p625_c0p575_s0p000_b0p500,previous_AB,subtract_clip_mean,4.632223050590222e-19,4.856403434898535e-17,0.009538381875983916,0.1865381605341712,False,False,0.0033054033781931436,5.749560860647113e-05,5.5699853630939965e-05,-5.5699853630939965e-05
A_driven_pluck_w0p625_c0p575_s0p000_b0p500,previous_AB,highpass_10hz,7.240492953664645e-16,7.600264960767675e-14,0.009526632283268858,0.17741604415317272,False,False,0.006043757570643398,2.017053037852482e-06,1.030526159254701e-34,-3.5434993309079886e-35
A_driven_pluck_w0p625_c0p575_s0p000_b0p500,previous_AB,highpass_20hz,-2.0781237233261667e-16,2.1842156113386772e-14,0.009514279233873399,0.19115650445089552,False,False,0.005044060248449265,2.1822230451308112e-06,1.5128843424700931e-61,2.775079910032512e-63
A_driven_pluck_w0p625_c0p713_s0p000_b0p500,previous_AB,raw,5.654446861748536e-05,0.005519418348789645,0.010244642649688806,0.18975870311260223,False,False,0.0033527666868109988,0.00011633025664231591,0.0,0.0
A_driven_pluck_w0p625_c0p713_s0p000_b0p500,previous_AB,subtract_clip_mean,3.2895497025930563e-19,3.211043979385871e-17,0.010244486602211535,0.18970215864398474,False,False,0.0032962222181936902,5.97857880248312e-05,5.654446861748536e-05,-5.654446861748536e-05
A_driven_pluck_w0p625_c0p713_s0p000_b0p500,previous_AB,highpass_10hz,1.0089630063661333e-15,9.859274409954636e-14,0.010233643617297145,0.18270772537446775,False,False,0.006167156216676702,3.1708536396770386e-06,1.1260238946663819e-33,-3.532693216389326e-34
A_driven_pluck_w0p625_c0p713_s0p000_b0p500,previous_AB,highpass_20hz,8.137015878429862e-16,7.960106076986772e-14,0.010222245532574684,0.19822516435191706,False,False,0.005167808951630066,3.294707130143007e-06,9.307247652540751e-61,5.668584983196142e-63
A_driven_pluck_w0p625_c0p850_s0p000_b0p500,previous_AB,raw,5.689045484965331e-05,0.005341586605154606,0.010650478791218004,0.19231335818767548,False,False,0.003362027976699934,0.00011757040011571325,0.0,0.0
A_driven_pluck_w0p625_c0p850_s0p000_b0p500,previous_AB,subtract_clip_mean,-1.8797426871960323e-19,1.7649624411661374e-17,0.010650326847488368,0.19225646773282581,False,False,0.0033051375218503976,6.067994526605959e-05,5.689045484965331e-05,-5.689045484965331e-05
A_driven_pluck_w0p625_c0p850_s0p000_b0p500,previous_AB,highpass_10hz,7.195432626313149e-16,6.762660099092429e-14,0.01063994422443145,0.18718785738439137,False,False,0.006271859937854146,3.6089418116836933e-06,1.4705521086091586e-33,-4.61041022310918e-34
A_driven_pluck_w0p625_c0p850_s0p000_b0p500,previous_AB,highpass_20hz,1.9827362226229462e-16,1.865395234514369e-14,0.010629040891375093,0.2042989104043873,False,False,0.005270388135690495,3.7086101273382096e-06,1.195272964238202e-60,6.628685105427194e-63
A_driven_pluck_w0p750_c0p300_s0p000_b0p500,previous_AB,raw,-0.0016665733335028967,0.2680266542485734,0.006217938802300171,0.16392555832862854,True,False,0.020925656721323932,-0.003326263769223977,0.0,0.0
A_driven_pluck_w0p750_c0p300_s0p000_b0p500,previous_AB,subtract_clip_mean,-1.0741386783977326e-19,1.7930899945076947e-17,0.005990433729973743,0.16559213166213144,False,False,0.019259083387821955,-0.0016596904357210807,0.0016665733335028967,0.0016665733335028967
A_driven_pluck_w0p750_c0p300_s0p000_b0p500,previous_AB,highpass_10hz,-1.802679793043202e-16,3.293523281636222e-14,0.00547340838030339,0.1566554349921476,False,False,0.008466623053548226,-1.6985081826171159e-07,2.9571684123894017e-31,-1.5892170183717088e-32
A_driven_pluck_w0p750_c0p300_s0p000_b0p500,previous_AB,highpass_20hz,-3.195575680277669e-16,6.051159003181729e-14,0.005280931601032826,0.14984344880104472,False,False,0.004822816422981937,-1.4226325692258734e-07,5.573193631227403e-59,-1.0414501715405275e-61
A_driven_pluck_w0p750_c0p438_s0p000_b0p500,previous_AB,raw,-0.0017890804769967832,0.2482974567005488,0.007205391874611291,0.17707601189613342,True,False,0.02114181197304758,-0.0035690950223879548,0.0,0.0
A_driven_pluck_w0p750_c0p438_s0p000_b0p500,previous_AB,subtract_clip_mean,3.222416035193198e-19,4.6168094672890066e-17,0.006979746636772955,0.1788650923731302,False,False,0.019352731496051295,-0.0017800145453911716,0.0017890804769967832,0.0017890804769967832
A_driven_pluck_w0p750_c0p438_s0p000_b0p500,previous_AB,highpass_10hz,-2.579432846035524e-17,3.957866314432154e-15,0.006517230853982502,0.16903452905632552,False,False,0.008517027269884134,1.3597409278097379e-06,3.219871351067832e-31,-1.7431285583726073e-32
A_driven_pluck_w0p750_c0p438_s0p000_b0p500,previous_AB,highpass_20hz,-2.887443161029627e-16,4.540440375055268e-14,0.006359390108706096,0.16121081543506177,False,False,0.0048936440967957285,1.43606970108375e-06,6.101126288535989e-59,-1.1132707749310974e-61
A_driven_pluck_w0p750_c0p575_s0p000_b0p500,previous_AB,raw,-0.0017126062026453252,0.20939911188526622,0.008178669848340593,0.18667903542518616,True,False,0.020874909664689148,-0.003414994246383022,0.0,0.0
A_driven_pluck_w0p750_c0p575_s0p000_b0p500,previous_AB,subtract_clip_mean,3.222416035193198e-19,4.0293543437557353e-17,0.007997350841548487,0.18839164162783148,False,False,0.019162303462044228,-0.0017023880437376966,0.0017126062026453252,0.0017126062026453252
A_driven_pluck_w0p750_c0p575_s0p000_b0p500,previous_AB,highpass_10hz,-4.12211836848793e-16,5.410408720666879e-14,0.007618866857030801,0.17783070614251661,False,False,0.00851626999261128,2.527520714396236e-06,3.0705082960240916e-31,-1.6946074626366026e-32
A_driven_pluck_w0p750_c0p575_s0p000_b0p500,previous_AB,highpass_20hz,1.8724083340325977e-16,2.5004941719815278e-14,0.007488153161935984,0.16933750367882205,False,False,0.004948517756159409,2.520271125360076e-06,5.896375464611289e-59,-1.0311949245618778e-61
A_driven_pluck_w0p750_c0p713_s0p000_b0p500,previous_AB,raw,-0.001662229510568739,0.18875895843730545,0.008806096009058205,0.19318969547748566,False,False,0.020652943320938054,-0.0033147899396610767,0.0,0.0
A_driven_pluck_w0p750_c0p713_s0p000_b0p500,previous_AB,subtract_clip_mean,3.222416035193198e-19,3.726287293156671e-17,0.008647792780527597,0.1948519249880544,False,False,0.018990713810368116,-0.001652560429092336,0.001662229510568739,0.001662229510568739
A_driven_pluck_w0p750_c0p713_s0p000_b0p500,previous_AB,highpass_10hz,-2.532529909306613e-15,3.045977744533222e-13,0.008314341474923378,0.1835279753586933,False,False,0.008511994434531212,2.091781749022959e-06,2.9753768083267075e-31,-1.6508584003421337e-32
A_driven_pluck_w0p750_c0p713_s0p000_b0p500,previous_AB,highpass_20hz,1.7226960598767013e-16,2.101358027793752e-14,0.008198013080547661,0.17477198219200774,False,False,0.005005187009580488,2.0400616023736923e-06,5.7342689633419665e-59,-9.937394287024123e-62
A_driven_pluck_w0p750_c0p850_s0p000_b0p500,previous_AB,raw,-0.0016649131874086356,0.18124663423537662,0.009185898510239312,0.19685348868370056,False,False,0.020577784591732,-0.00332024460844796,0.0,0.0
A_driven_pluck_w0p750_c0p850_s0p000_b0p500,previous_AB,subtract_clip_mean,-2.1482773567954653e-19,2.3780548471115703e-17,0.009033758659539762,0.1985184018711092,False,False,0.018912871404322275,-0.0016553314210393248,0.0016649131874086356,0.0016649131874086356
A_driven_pluck_w0p750_c0p850_s0p000_b0p500,previous_AB,highpass_10hz,1.0655512333737377e-15,1.2221086590489478e-13,0.008718956579547976,0.18731994144989864,False,False,0.008510233837086448,1.932571053866818e-06,2.988941735542855e-31,-1.6605871854607534e-32
A_driven_pluck_w0p750_c0p850_s0p000_b0p500,previous_AB,highpass_20hz,-5.464602903045534e-16,6.346632987129325e-14,0.008610239341281422,0.17938377075687006,False,False,0.0050509860554704,1.8667215433466016e-06,5.765411853496014e-59,-9.9784896834427e-62
A_driven_pluck_w0p875_c0p300_s0p000_b0p500,previous_AB,raw,-0.0014442461289000015,0.3326113401631723,0.0043421433802933,0.09966985136270523,True,False,0.01798817762360906,-0.0028824598500619032,0.0,0.0
A_driven_pluck_w0p875_c0p300_s0p000_b0p500,previous_AB,subtract_clip_mean,1.0741386783977326e-19,2.623101111341965e-17,0.004094919077855176,0.09891699577937836,False,False,0.016543931494709185,-0.0014382137211619017,0.0014442461289000015,0.0014442461289000015
A_driven_pluck_w0p875_c0p300_s0p000_b0p500,previous_AB,highpass_10hz,5.294446853721051e-16,1.5341982399683486e-13,0.003450953544197964,0.09899689972195855,False,False,0.007525286604651676,-2.784682048475312e-08,2.5227002319000596e-31,-1.3599706220688713e-32
A_driven_pluck_w0p875_c0p300_s0p000_b0p500,previous_AB,highpass_20hz,-2.0039260075584692e-16,6.283754819513482e-14,0.00318905823845244,0.09840452595127246,False,False,0.003945858948188885,-1.3364912369912491e-08,4.764785254419943e-59,-8.846425583178139e-62
A_driven_pluck_w0p875_c0p438_s0p000_b0p500,previous_AB,raw,-0.0015538990324658252,0.3234159671125163,0.004804645380805285,0.11395152658224106,True,False,0.018430302594026133,-0.0031001534042175123,0.0,0.0
A_driven_pluck_w0p875_c0p438_s0p000_b0p500,previous_AB,subtract_clip_mean,5.3706933919886635e-19,1.1812993455811236e-16,0.004546428821855164,0.11550542561470688,False,False,0.016876403561560404,-0.0015462543717516865,0.0015538990324658252,0.0015538990324658252
A_driven_pluck_w0p875_c0p438_s0p000_b0p500,previous_AB,highpass_10hz,4.879675126217217e-16,1.2415967276530048e-13,0.003930161072058628,0.11175970770444134,False,False,0.007617180477168737,9.479529478425647e-07,2.748311630486104e-31,-1.495131286628806e-32
A_driven_pluck_w0p875_c0p438_s0p000_b0p500,previous_AB,highpass_20hz,-2.722780533832848e-16,7.365114053769916e-14,0.003696861330258915,0.10959439653759638,False,False,0.003983375476878773,9.659139340885004e-07,5.2244664518935025e-59,-9.471673918748782e-62
A_driven_pluck_w0p875_c0p575_s0p000_b0p500,previous_AB,raw,-0.0015587842893240104,0.2963087331421842,0.005260676162980405,0.13134048879146576,True,False,0.01852643740703694,-0.0031101336089695976,0.0,0.0
A_driven_pluck_w0p875_c0p575_s0p000_b0p500,previous_AB,subtract_clip_mean,-3.222416035193198e-19,6.413494662445297e-17,0.005024430836533316,0.13289927308078978,False,False,0.0169676531177141,-0.0015513493196455876,0.0015587842893240104,0.0015587842893240104
A_driven_pluck_w0p875_c0p575_s0p000_b0p500,previous_AB,highpass_10hz,5.337463275589287e-16,1.193762236046461e-13,0.004471127595111456,0.12892675052254315,False,False,0.00766140145436541,6.043127526681648e-07,2.757824572811031e-31,-1.5069955285447588e-32
A_driven_pluck_w0p875_c0p575_s0p000_b0p500,previous_AB,highpass_20hz,6.532126817277274e-17,1.530653803231502e-14,0.004267540317403393,0.12654108442971024,False,False,0.004021632949718862,5.769391638253143e-07,5.258039031364582e-59,-9.475008652533406e-62
A_driven_pluck_w0p875_c0p713_s0p000_b0p500,previous_AB,raw,-0.0014836216828662877,0.26035690028700137,0.005698415064977478,0.14876091480255127,True,False,0.0182784163342858,-0.0029601960657793147,0.0,0.0
A_driven_pluck_w0p875_c0p713_s0p000_b0p500,previous_AB,subtract_clip_mean,2.1482773567954653e-19,3.9046165859770874e-17,0.005501890670932246,0.15024453648541755,False,False,0.016794794651420204,-0.0014765743829130266,0.0014836216828662877,0.0014836216828662877
A_driven_pluck_w0p875_c0p713_s0p000_b0p500,previous_AB,highpass_10hz,-2.0324938087653255e-16,4.041741986015464e-14,0.005028756946380567,0.14585731435641003,False,False,0.007628978768217692,5.503118159936549e-07,2.6055589285640236e-31,-1.427240322257844e-32
A_driven_pluck_w0p875_c0p713_s0p000_b0p500,previous_AB,highpass_20hz,2.116986249524036e-16,4.362338012206263e-14,0.004852870739499081,0.14620515886059282,False,False,0.0040356810831504285,5.117317164164024e-07,4.975956078203319e-59,-8.927609759226895e-62
A_driven_pluck_w0p875_c0p850_s0p000_b0p500,previous_AB,raw,-0.0014471369995524561,0.24107153482755964,0.006002936018919051,0.1641433835029602,True,False,0.017964736963866784,-0.002887400395172104,0.0,0.0
A_driven_pluck_w0p875_c0p850_s0p000_b0p500,previous_AB,subtract_clip_mean,1.0741386783977326e-19,1.8437320798811886e-17,0.005825893523895028,0.16559052050251266,False,False,0.016517599964314827,-0.0014402633956196475,0.0014471369995524561,0.0014471369995524561
A_driven_pluck_w0p875_c0p850_s0p000_b0p500,previous_AB,highpass_10hz,-8.310998546796137e-16,1.5386880233442886e-13,0.005401353894165271,0.16105253898911026,False,False,0.007550863182966863,5.16351273351458e-07,2.5404576708027193e-31,-1.3933471415696434e-32
A_driven_pluck_w0p875_c0p850_s0p000_b0p500,previous_AB,highpass_20hz,-1.383529953909522e-16,2.6385204251325282e-14,0.005243582504539565,0.16414438236806808,False,False,0.004030746321759429,4.7235459409634873e-07,4.855842520972268e-59,-8.693700168768676e-62
A_driven_pluck_w1p000_c0p438_s0p000_b0p500,previous_AB,raw,-0.0015538990324658252,0.3234159671125163,0.004804645380805285,0.11395152658224106,True,False,0.018430302594026133,-0.0031001534042175123,0.0,0.0
A_driven_pluck_w1p000_c0p438_s0p000_b0p500,previous_AB,subtract_clip_mean,5.3706933919886635e-19,1.1812993455811236e-16,0.004546428821855164,0.11550542561470688,False,False,0.016876403561560404,-0.0015462543717516865,0.0015538990324658252,0.0015538990324658252
A_driven_pluck_w1p000_c0p438_s0p000_b0p500,previous_AB,highpass_10hz,4.879675126217217e-16,1.2415967276530048e-13,0.003930161072058628,0.11175970770444134,False,False,0.007617180477168737,9.479529478425647e-07,2.748311630486104e-31,-1.495131286628806e-32
A_driven_pluck_w1p000_c0p438_s0p000_b0p500,previous_AB,highpass_20hz,-2.722780533832848e-16,7.365114053769916e-14,0.003696861330258915,0.10959439653759638,False,False,0.003983375476878773,9.659139340885004e-07,5.2244664518935025e-59,-9.471673918748782e-62
A_driven_pluck_w1p000_c0p713_s0p000_b0p500,previous_AB,raw,-0.0014836216828662877,0.26035690028700137,0.005698415064977478,0.14876091480255127,True,False,0.0182784163342858,-0.0029601960657793147,0.0,0.0
A_driven_pluck_w1p000_c0p713_s0p000_b0p500,previous_AB,subtract_clip_mean,2.1482773567954653e-19,3.9046165859770874e-17,0.005501890670932246,0.15024453648541755,False,False,0.016794794651420204,-0.0014765743829130266,0.0014836216828662877,0.0014836216828662877
A_driven_pluck_w1p000_c0p713_s0p000_b0p500,previous_AB,highpass_10hz,-2.0324938087653255e-16,4.041741986015464e-14,0.005028756946380567,0.14585731435641003,False,False,0.007628978768217692,5.503118159936549e-07,2.6055589285640236e-31,-1.427240322257844e-32
A_driven_pluck_w1p000_c0p713_s0p000_b0p500,previous_AB,highpass_20hz,2.116986249524036e-16,4.362338012206263e-14,0.004852870739499081,0.14620515886059282,False,False,0.0040356810831504285,5.117317164164024e-07,4.975956078203319e-59,-8.927609759226895e-62
A_resonant_driven_swell_w0p000_c0p438_s0p000_b0p500,previous_AB,raw,-8.702093133778313e-08,1.4351681404935639e-06,0.060634659370194806,0.17268891632556915,False,False,0.0012413850664731343,-3.846131312841137e-06,0.0,0.0
A_resonant_driven_swell_w0p000_c0p438_s0p000_b0p500,previous_AB,subtract_clip_mean,3.404516108015314e-18,5.614802067631179e-17,0.06063465937013236,0.1726888293046378,False,False,0.0012414720874043448,-3.7591103814974396e-06,8.702093133778313e-08,8.702093133778313e-08
A_resonant_driven_swell_w0p000_c0p438_s0p000_b0p500,previous_AB,highpass_10hz,-1.308422338309348e-14,2.1578808868656576e-13,0.060634595091568926,0.1710829977318666,False,False,0.0012211669205007781,-1.5030356941883957e-06,8.548888677816493e-14,-7.819051038551246e-15
A_resonant_driven_swell_w0p000_c0p438_s0p000_b0p500,previous_AB,highpass_20hz,1.98865615333135e-15,3.279790636853086e-14,0.06063363103077329,0.1705142262568963,False,False,0.001200579712707481,6.27902991755376e-07,2.9335441455043075e-16,2.2371344966618483e-18
A_resonant_driven_swell_w0p000_c0p713_s0p000_b0p500,previous_AB,raw,-1.2786624981285037e-07,1.9460231911136003e-06,0.06570643679723039,0.1796540915966034,False,False,0.001150194939843362,4.418993906632341e-05,0.0,0.0
A_resonant_driven_swell_w0p000_c0p713_s0p000_b0p500,previous_AB,subtract_clip_mean,-1.3695268149571091e-18,2.0843114947566742e-17,0.06570643679710599,0.17965396373035358,False,False,0.0011500670735933992,4.4317805316134236e-05,1.2786624981285037e-07,1.2786624981285037e-07
A_resonant_driven_swell_w0p000_c0p713_s0p000_b0p500,previous_AB,highpass_10hz,7.21048147703167e-15,1.0973794155741417e-13,0.06570636713883678,0.17953501446604975,False,False,0.0011398088799261423,4.555260441215877e-05,5.130003617161934e-13,2.283558802062857e-14
A_resonant_driven_swell_w0p000_c0p713_s0p000_b0p500,previous_AB,highpass_20hz,-1.6801307972326635e-15,2.5570695596440353e-14,0.06570532236387622,0.17993039018516827,False,False,0.001129542374651962,4.6589189587688875e-05,2.2769158664631306e-15,1.9758703395070305e-17
A_resonant_driven_swell_w0p125_c0p300_s0p000_b0p500,previous_AB,raw,-6.393058661725198e-08,2.1269260235213183e-06,0.030057738684963344,0.150704026222229,False,False,0.0011407261403287943,-1.070490049872327e-05,0.0,0.0
A_resonant_driven_swell_w0p125_c0p300_s0p000_b0p500,previous_AB,subtract_clip_mean,-1.2562387512198483e-18,4.1794186994217715e-17,0.03005773868489536,0.15070396229164237,False,False,0.001140790070915402,-1.064096991210845e-05,6.393058661725198e-08,6.393058661725198e-08
A_resonant_driven_swell_w0p125_c0p300_s0p000_b0p500,previous_AB,highpass_10hz,1.7314972836728227e-15,5.760576831173938e-14,0.03005770662241066,0.1491650402686278,False,False,0.001140041909663688,-1.0529540323980166e-05,1.3114539422364374e-13,-6.412722518544215e-15
A_resonant_driven_swell_w0p125_c0p300_s0p000_b0p500,previous_AB,highpass_20hz,2.356945578491075e-16,7.841527342637071e-15,0.030057225786557604,0.14749545035975084,False,False,0.0011383557190002334,-1.0470978861020172e-05,5.725944191849617e-16,-4.3118981510161624e-18
A_resonant_driven_swell_w0p125_c0p438_s0p000_b0p500,previous_AB,raw,-8.855467859541841e-08,1.3847702497353362e-06,0.06394900425709131,0.178940549492836,False,False,0.0013672768300713454,-8.391271658854159e-06,0.0,0.0
A_resonant_driven_swell_w0p125_c0p438_s0p000_b0p500,previous_AB,subtract_clip_mean,-1.5860328923216522e-18,2.48015260088635e-17,0.06394900425703,0.1789404609381574,False,False,0.0013673653847498606,-8.302716980261106e-06,8.855467859541841e-08,8.855467859541841e-08
A_resonant_driven_swell_w0p125_c0p438_s0p000_b0p500,previous_AB,highpass_10hz,-5.109190134878523e-15,7.989484076277299e-14,0.06394893695387589,0.18254181107894638,False,False,0.0013340067231302597,-5.992792776935344e-06,1.4186873210627128e-13,-1.0677222314180003e-14
A_resonant_driven_swell_w0p125_c0p438_s0p000_b0p500,previous_AB,highpass_20hz,4.4658154725228235e-17,6.983518692032786e-16,0.0639479275342628,0.18654867893214566,False,False,0.00129945062781809,-3.805822344929673e-06,5.373143674538487e-16,4.829082452660887e-19
A_resonant_driven_swell_w0p125_c0p575_s0p000_b0p500,previous_AB,raw,-1.3425566429594268e-07,1.7697199801870598e-06,0.07586265951619749,0.1754927933216095,False,False,0.0013781739720365122,3.571385154927194e-05,0.0,0.0
A_resonant_driven_swell_w0p125_c0p575_s0p000_b0p500,previous_AB,subtract_clip_mean,1.5809978672666629e-18,2.0840264200486917e-17,0.07586265951607869,0.1754926590659452,False,False,0.001378308227700865,3.5848107213570886e-05,1.3425566429594268e-07,1.3425566429594268e-07
A_resonant_driven_swell_w0p125_c0p575_s0p000_b0p500,previous_AB,highpass_10hz,3.5596267682010015e-15,4.6922034478315665e-14,0.07586258370459259,0.18140558802412457,False,False,0.0013362784849221697,3.799182085723095e-05,4.342292533822153e-13,1.7554497482662045e-14
A_resonant_driven_swell_w0p125_c0p575_s0p000_b0p500,previous_AB,highpass_20hz,-1.3399141542670316e-15,1.7662649654346382e-14,0.07586144663959345,0.18746346457326368,False,False,0.0012929840317483982,3.992179364013853e-05,1.9652817882517548e-15,1.9176081351043114e-17
A_resonant_driven_swell_w0p125_c0p713_s0p000_b0p500,previous_AB,raw,-1.4826404657795212e-07,1.9111412501366943e-06,0.07757880092188243,0.17978721857070923,False,False,0.001380333678254144,4.8701481676278284e-05,0.0,0.0
A_resonant_driven_swell_w0p125_c0p713_s0p000_b0p500,previous_AB,subtract_clip_mean,2.4638055935747996e-18,3.175874806392297e-17,0.07757880092174076,0.17978707030666266,False,False,0.0013804819423005846,4.884974572286007e-05,1.4826404657795212e-07,1.4826404657795212e-07
A_resonant_driven_swell_w0p125_c0p713_s0p000_b0p500,previous_AB,highpass_10hz,-4.727317890462121e-16,6.093575204930821e-15,0.07757872400814637,0.18652956019968112,False,False,0.00134208024788975,5.0365901807246164e-05,5.784587990125033e-13,2.5645073692955475e-14
A_resonant_driven_swell_w0p125_c0p713_s0p000_b0p500,previous_AB,highpass_20hz,5.600115986960939e-15,7.218730822460502e-14,0.07757757041634837,0.19351979552026455,False,False,0.0013022265329642915,5.165573913362658e-05,2.569822585262739e-15,2.2409171632300534e-17
A_resonant_driven_swell_w0p125_c0p850_s0p000_b0p500,previous_AB,raw,-1.5187615250281464e-07,1.903560867521905e-06,0.0797852882427291,0.18584339320659637,False,False,0.0014138524507672913,5.109356354862828e-05,0.0,0.0
A_resonant_driven_swell_w0p125_c0p850_s0p000_b0p500,previous_AB,subtract_clip_mean,5.830559013677693e-18,7.307812182053e-17,0.07978528824258455,0.18584324133044386,False,False,0.0014140043269198238,5.124543970114359e-05,1.5187615250281464e-07,1.5187615250281464e-07
A_resonant_driven_swell_w0p125_c0p850_s0p000_b0p500,previous_AB,highpass_10hz,-2.3506387061071954e-14,2.9462086344947415e-13,0.07978520864359347,0.19305931860493064,False,False,0.001375571125052831,5.273288349115697e-05,6.028428261379257e-13,2.6881045187428494e-14
A_resonant_driven_swell_w0p125_c0p850_s0p000_b0p500,previous_AB,highpass_20hz,-1.3867969508957227e-15,1.7381889778852676e-14,0.07978401477283219,0.2005218988318719,False,False,0.001336192056289084,5.398869797457798e-05,2.6746445967801127e-15,2.315576599450861e-17
A_resonant_driven_swell_w0p250_c0p300_s0p000_b0p500,previous_AB,raw,-3.752105650925309e-06,0.0001358637647010394,0.027616676596453858,0.13798518478870392,False,False,0.0011729131830099109,-1.534527041931874e-05,0.0,0.0
A_resonant_driven_swell_w0p250_c0p300_s0p000_b0p500,previous_AB,subtract_clip_mean,1.4618356076319144e-18,5.293307527494481e-17,0.02761667634156626,0.137981432683053,False,False,0.0011691610773589213,-1.1593164768390725e-05,3.752105650925309e-06,3.752105650925309e-06
A_resonant_driven_swell_w0p250_c0p300_s0p000_b0p500,previous_AB,highpass_10hz,4.18697830249004e-15,1.5161067111402053e-13,0.027616646451892393,0.13706031828984763,False,False,0.0011618977934590828,-8.734940386927923e-06,1.9106571113352505e-13,-1.7995470471532522e-14
A_resonant_driven_swell_w0p250_c0p300_s0p000_b0p500,previous_AB,highpass_20hz,8.020341760343121e-16,2.904215905280465e-14,0.02761620355346337,0.13613762647577765,False,False,0.0011592417230339286,-8.820997995659814e-06,3.566827360763762e-16,-8.799884589595586e-19
A_resonant_driven_swell_w0p250_c0p438_s0p000_b0p500,previous_AB,raw,-3.4610077929869377e-06,6.160305189250444e-05,0.056182407959694876,0.16450747847557068,False,False,0.0011206715383162845,-4.800482769763563e-06,0.0,0.0
A_resonant_driven_swell_w0p250_c0p438_s0p000_b0p500,previous_AB,subtract_clip_mean,2.333734112987574e-18,4.153852072502792e-17,0.05618240785309056,0.16450401746777768,False,False,0.0011172105305233466,-1.3394749767713312e-06,3.4610077929869377e-06,3.4610077929869377e-06
A_resonant_driven_swell_w0p250_c0p438_s0p000_b0p500,previous_AB,highpass_10hz,-5.497166927588678e-15,9.78450899927922e-14,0.05618234832216546,0.1613157882521216,False,False,0.0010972954823345194,2.7703953019482373e-06,4.803262726108509e-13,-2.8763839044386217e-14
A_resonant_driven_swell_w0p250_c0p438_s0p000_b0p500,previous_AB,highpass_20hz,1.0598098362620754e-16,1.886405044162647e-15,0.056181456869063486,0.15802728170055774,False,False,0.001081065399328899,4.822788590745632e-06,2.9396281716754974e-16,9.053442349154437e-18
A_resonant_driven_swell_w0p250_c0p575_s0p000_b0p500,previous_AB,raw,-4.293555868846101e-06,7.780589178023633e-05,0.05518291443755057,0.17216530442237854,False,False,0.0010317871791546604,3.218579039219518e-05,0.0,0.0
A_resonant_driven_swell_w0p250_c0p575_s0p000_b0p500,previous_AB,subtract_clip_mean,-3.383536836952858e-18,6.131493564051415e-17,0.0551829142705186,0.1721610108665097,False,False,0.0010274936232856783,3.6479346261035775e-05,4.293555868846101e-06,4.293555868846101e-06
A_resonant_driven_swell_w0p250_c0p575_s0p000_b0p500,previous_AB,highpass_10hz,-2.586227192761811e-15,4.6866497197555294e-14,0.05518285656937717,0.17081348696972126,False,False,0.0010256388090376129,4.0434128641541924e-05,8.576311377173286e-13,-1.1896927393744427e-15
A_resonant_driven_swell_w0p250_c0p575_s0p000_b0p500,previous_AB,highpass_20hz,-8.74046782712455e-17,1.5839347767398142e-15,0.05518199332118274,0.16926464050570497,False,False,0.0010274774094085003,4.128343825075436e-05,2.0835629837863716e-15,2.1147708279597002e-17
A_resonant_driven_swell_w0p250_c0p713_s0p000_b0p500,previous_AB,raw,-3.5139798940515397e-06,6.281124518336117e-05,0.05594507613713731,0.1785321980714798,False,False,0.0010454634178306828,3.180193521964748e-05,0.0,0.0
A_resonant_driven_swell_w0p250_c0p713_s0p000_b0p500,previous_AB,subtract_clip_mean,3.997809893661562e-18,7.145954885731098e-17,0.05594507602677858,0.17852868409158573,False,False,0.0010419494379366161,3.531591511370558e-05,3.5139798940515397e-06,3.5139798940515397e-06
A_resonant_driven_swell_w0p250_c0p713_s0p000_b0p500,previous_AB,highpass_10hz,1.3115770332575515e-15,2.3444036975900682e-14,0.055945016406764254,0.17794336496487762,False,False,0.0010354969396106025,3.862668912227216e-05,8.134265457093114e-13,1.781908631296645e-15
A_resonant_driven_swell_w0p250_c0p713_s0p000_b0p500,previous_AB,highpass_20hz,1.9686947965008445e-16,3.5190376923454023e-15,0.05594412361035922,0.17687505569616563,False,False,0.0010306145926239556,3.9456284830192225e-05,2.100222211111624e-15,2.0860218179784904e-17
A_resonant_driven_swell_w0p250_c0p850_s0p000_b0p500,previous_AB,raw,-3.1824231627170496e-06,5.5407308198371615e-05,0.057436884522944195,0.18476969003677368,False,False,0.0010830231064765834,3.302664988588656e-05,0.0,0.0
A_resonant_driven_swell_w0p250_c0p850_s0p000_b0p500,previous_AB,subtract_clip_mean,4.205924262601122e-18,7.322688728663582e-17,0.05743688443477944,0.18476650761361096,False,False,0.001079840683313928,3.620907304861161e-05,3.1824231627170496e-06,3.1824231627170496e-06
A_resonant_driven_swell_w0p250_c0p850_s0p000_b0p500,previous_AB,highpass_10hz,-2.8541543026712753e-16,4.969206410584367e-15,0.05743682324388762,0.18440961297122646,False,False,0.0010750309218531392,3.9323874098149015e-05,7.824467096970247e-13,4.454061711621056e-15
A_resonant_driven_swell_w0p250_c0p850_s0p000_b0p500,previous_AB,highpass_20hz,-1.9240408376298286e-15,3.3498919939904224e-14,0.05743590662270557,0.18362595777590227,False,False,0.0010687738567524835,4.0160174577448175e-05,2.137923254963525e-15,2.0833782358775875e-17
A_resonant_driven_swell_w0p375_c0p300_s0p000_b0p500,previous_AB,raw,-0.005100246242811019,0.1832211160729194,0.027836563558433915,0.15089714527130127,True,False,0.015366611780791779,-0.008192355070321415,0.0,0.0
A_resonant_driven_swell_w0p375_c0p300_s0p000_b0p500,previous_AB,subtract_clip_mean,1.7186218854363722e-18,6.28028729300097e-17,0.027365338642257347,0.1559973915141123,False,False,0.01396087643064286,-0.0030921088275103936,0.005100246242811019,0.005100246242811019
A_resonant_driven_swell_w0p375_c0p300_s0p000_b0p500,previous_AB,highpass_10hz,-3.172455168305932e-13,1.1867798298316358e-11,0.026731623579716524,0.13903129432189187,False,False,0.0021142649034135985,-8.107754453127117e-06,7.000273411170392e-10,-3.3091393512281304e-11
A_resonant_driven_swell_w0p375_c0p300_s0p000_b0p500,previous_AB,highpass_20hz,-6.501694286674076e-16,2.4323373635256973e-14,0.026730232344290453,0.13647540486524087,False,False,0.0011673188983565728,-8.11933542081902e-06,3.098106695822204e-13,7.252478332176153e-15
A_resonant_driven_swell_w0p375_c0p438_s0p000_b0p500,previous_AB,raw,0.0074834166451760034,0.1482716690257501,0.05047098137052987,0.16079747676849365,True,False,0.021362374270852538,0.01316875375814881,0.0,0.0
A_resonant_driven_swell_w0p375_c0p438_s0p000_b0p500,previous_AB,subtract_clip_mean,8.593109427181861e-19,1.721613745142095e-17,0.04991310885748429,0.16641525313103875,False,False,0.013878957625673817,0.005685337112972804,0.0074834166451760034,-0.0074834166451760034
A_resonant_driven_swell_w0p375_c0p438_s0p000_b0p500,previous_AB,highpass_10hz,2.801423223740713e-13,5.675587585687437e-12,0.04935917526504703,0.18149503354891763,False,False,0.0012978334567031857,-1.3177208492940837e-06,6.23261147035583e-10,2.944647735601567e-11
A_resonant_driven_swell_w0p375_c0p438_s0p000_b0p500,previous_AB,highpass_20hz,-3.185354474519685e-15,6.453513637881569e-14,0.04935845267021563,0.1843275174708975,False,False,0.001070321977283256,6.411299079070574e-07,2.761256375096989e-13,-6.456118595629977e-15
A_resonant_driven_swell_w0p375_c0p575_s0p000_b0p500,previous_AB,raw,0.005336689353090913,0.1037344672019062,0.05144567179107126,0.17399010062217712,True,False,0.012436909898162594,0.00864758939446388,0.0,0.0
A_resonant_driven_swell_w0p375_c0p575_s0p000_b0p500,previous_AB,subtract_clip_mean,8.593109427181861e-19,1.6793872414539654e-17,0.05116812379580896,0.17932678997526805,False,False,0.007100220545061983,0.003310900041372968,0.005336689353090913,-0.005336689353090913
A_resonant_driven_swell_w0p375_c0p575_s0p000_b0p500,previous_AB,highpass_10hz,3.3129076285836987e-13,6.502860468336901e-12,0.0509453900281974,0.18999763860042937,False,False,0.0011896271341816512,1.937524189545894e-05,7.09452397359236e-10,3.355051772648646e-11
A_resonant_driven_swell_w0p375_c0p575_s0p000_b0p500,previous_AB,highpass_20hz,-5.969836198407123e-16,1.171825278496386e-14,0.050944763762625515,0.19753833788137484,False,False,0.001170055068529904,2.0687370268668604e-05,3.1342806280757225e-13,-7.343809827046248e-15
A_resonant_driven_swell_w0p375_c0p713_s0p000_b0p500,previous_AB,raw,0.0021705740385210893,0.03992603998835292,0.05436487162649443,0.1860281527042389,False,False,0.005607510556248698,0.0035109942648046673,0.0,0.0
A_resonant_driven_swell_w0p375_c0p713_s0p000_b0p500,previous_AB,subtract_clip_mean,4.081726977911384e-18,7.514014229760474e-17,0.054321523131338256,0.18819872674275998,False,False,0.00343693651773286,0.0013404202262835864,0.0021705740385210893,-0.0021705740385210893
A_resonant_driven_swell_w0p375_c0p713_s0p000_b0p500,previous_AB,highpass_10hz,1.3359098827578828e-13,2.4608503953548334e-12,0.0542865135271767,0.19909501543359245,False,False,0.0012742867275229509,2.8842368598522364e-05,2.975644055480456e-10,1.4092582161006477e-11
A_resonant_driven_swell_w0p375_c0p713_s0p000_b0p500,previous_AB,highpass_20hz,-1.988015865978524e-15,3.6621232852070094e-14,0.05428588038007975,0.20887691476578765,False,False,0.0012305382403057605,2.996247262974774e-05,1.3076969308106492e-13,-3.0742375126236738e-15
A_resonant_driven_swell_w0p375_c0p850_s0p000_b0p500,previous_AB,raw,0.0007559867989382867,0.013317872226453017,0.056764833457155835,0.24218884110450745,False,False,0.0025036780739972533,0.0012284035282471779,0.0,0.0
A_resonant_driven_swell_w0p375_c0p850_s0p000_b0p500,previous_AB,subtract_clip_mean,-1.9065961541559756e-18,3.3590607827484495e-17,0.056759799166121706,0.24294482790344574,False,False,0.0017476912750579634,0.0004724167293088882,0.0007559867989382867,-0.0007559867989382867
A_resonant_driven_swell_w0p375_c0p850_s0p000_b0p500,previous_AB,highpass_10hz,5.36821934851081e-14,9.458496798351694e-13,0.056755523239658066,0.2540593825948001,False,False,0.0013354032643532496,3.323388061718331e-05,1.0929144340062459e-10,5.1973759921265705e-12
A_resonant_driven_swell_w0p375_c0p850_s0p000_b0p500,previous_AB,highpass_20hz,-3.421475750742203e-15,6.028512902290279e-14,0.056754888082637386,0.26504365121503876,False,False,0.0012888347131043934,3.4244515430086564e-05,4.718048044336072e-14,-1.1219717271502509e-15
A_resonant_driven_swell_w0p500_c0p438_s0p000_b0p500,previous_AB,raw,-7.265131008686703e-08,1.1161514588263328e-06,0.06509090635715523,0.179671049118042,False,False,0.0014149261513659455,-9.69647214259709e-06,0.0,0.0
A_resonant_driven_swell_w0p500_c0p438_s0p000_b0p500,previous_AB,subtract_clip_mean,-1.8696726370860534e-18,2.8724022167217694e-17,0.06509090635711469,0.1796709764667319,False,False,0.0014149988026758776,-9.623820832513304e-06,7.265131008686703e-08,7.265131008686703e-08
A_resonant_driven_swell_w0p500_c0p438_s0p000_b0p500,previous_AB,highpass_10hz,1.1668116712181821e-14,1.792589715444478e-13,0.06509083819712018,0.1836973899226796,False,False,0.0013772723559760422,-7.312927198428363e-06,1.4849642525294536e-13,-1.0118933343137705e-14
A_resonant_driven_swell_w0p500_c0p438_s0p000_b0p500,previous_AB,highpass_20hz,1.5059650847263688e-15,2.3136723676164018e-14,0.06508981590499992,0.18808019573797147,False,False,0.0013365695692509837,-5.104853944046998e-06,6.417589380177758e-16,-9.8871521762989e-19
A_resonant_driven_swell_w0p500_c0p713_s0p000_b0p500,previous_AB,raw,-1.5054566418681825e-07,1.794352509991555e-06,0.08389971499386527,0.1883341372013092,False,False,0.0015595832110758523,4.265424159012027e-05,0.0,0.0
A_resonant_driven_swell_w0p500_c0p713_s0p000_b0p500,previous_AB,subtract_clip_mean,-7.089315277425036e-18,8.449748938902616e-17,0.0838997149937302,0.18833398665564502,False,False,0.001559733756739986,4.2804787254295064e-05,1.5054566418681825e-07,1.5054566418681825e-07
A_resonant_driven_swell_w0p500_c0p713_s0p000_b0p500,previous_AB,highpass_10hz,2.2881637795565503e-15,2.7272629687873397e-14,0.08389963878598652,0.20206426616413709,False,False,0.0014945574510983634,4.474328294812031e-05,5.621885053592329e-13,2.4441440415052596e-14
A_resonant_driven_swell_w0p500_c0p713_s0p000_b0p500,previous_AB,highpass_20hz,-2.961876985381088e-15,3.530309998282791e-14,0.08389849579277177,0.21568120406190674,False,False,0.0014287711893217244,4.6448100787284354e-05,2.5043886633067246e-15,2.094535534534989e-17
A_resonant_driven_swell_w0p625_c0p300_s0p000_b0p500,previous_AB,raw,0.00015686864249884168,0.005131584717392189,0.03056923955034313,0.15568628907203674,False,False,0.0011370786289002612,0.00023057482965146148,0.0,0.0
A_resonant_driven_swell_w0p625_c0p300_s0p000_b0p500,previous_AB,subtract_clip_mean,-8.995911431581012e-19,2.942837313470103e-17,0.030568837055329128,0.15584315771453558,False,False,0.00129394727139912,7.370618715261792e-05,0.00015686864249884168,-0.00015686864249884168
A_resonant_driven_swell_w0p625_c0p300_s0p000_b0p500,previous_AB,highpass_10hz,9.351596510686414e-15,3.0592417173844114e-13,0.03056834789335259,0.15387716960949316,False,False,0.00111277042160389,-1.0469169983893251e-05,2.531101693458356e-11,1.1830808924602396e-12
A_resonant_driven_swell_w0p625_c0p300_s0p000_b0p500,previous_AB,highpass_20hz,7.749667205095317e-16,2.535233859335898e-14,0.030567859357658368,0.15170976573680264,False,False,0.0011144111462180477,-1.0300303273537967e-05,1.1597784147510045e-14,-2.648709941454326e-16
A_resonant_driven_swell_w0p625_c0p438_s0p000_b0p500,previous_AB,raw,-0.00013340326716526453,0.002060754620327938,0.06473515373899072,0.17973417043685913,False,False,0.0019441220150413646,-0.00026013133451384786,0.0,0.0
A_resonant_driven_swell_w0p625_c0p438_s0p000_b0p500,previous_AB,subtract_clip_mean,1.221832746677421e-18,1.8874371504491992e-17,0.06473501628314521,0.1798675737040244,False,False,0.0018107187478760083,-0.00012672806734858146,0.00013340326716526453,0.00013340326716526453
A_resonant_driven_swell_w0p625_c0p438_s0p000_b0p500,previous_AB,highpass_10hz,-3.7053487850008184e-15,5.723898636100389e-14,0.06473470305066793,0.18439658272972925,False,False,0.0013552791388776718,-7.1352579075934e-06,5.446320373211278e-12,-2.73515036460047e-13
A_resonant_driven_swell_w0p625_c0p438_s0p000_b0p500,previous_AB,highpass_20hz,-2.014235758952381e-15,3.111572778815069e-14,0.06473368621380698,0.18862241502942673,False,False,0.001316944296524817,-4.930866080999797e-06,2.116630609515851e-15,5.686957855588258e-17
A_resonant_driven_swell_w0p625_c0p575_s0p000_b0p500,previous_AB,raw,-0.00014803747357683715,0.001903066613298231,0.077788907935425,0.18246354162693024,False,False,0.0016882419140846839,-0.00020758727524484538,0.0,0.0
A_resonant_driven_swell_w0p625_c0p575_s0p000_b0p500,previous_AB,subtract_clip_mean,2.6853466959943316e-20,3.452100858578056e-19,0.07778876707271073,0.18261157910050707,False,False,0.0015402044405079273,-5.954980166800729e-05,0.00014803747357683715,0.00014803747357683715
A_resonant_driven_swell_w0p625_c0p575_s0p000_b0p500,previous_AB,highpass_10hz,-5.0007801712487044e-15,6.428681832752115e-14,0.07778857783521499,0.19317519235297584,False,False,0.0014229347573520438,3.125510446533061e-05,2.1009426174908577e-11,-9.629649482327803e-13
A_resonant_driven_swell_w0p625_c0p575_s0p000_b0p500,previous_AB,highpass_20hz,-6.378403306494237e-16,8.199785078848787e-15,0.07778744497764002,0.20369357567456722,False,False,0.0013665179699228274,3.3483966874682834e-05,1.0537078840243241e-14,2.308126733834343e-16
A_resonant_driven_swell_w0p625_c0p713_s0p000_b0p500,previous_AB,raw,-6.250458116637046e-05,0.000750767620492388,0.08325423134974452,0.18876604735851288,False,False,0.0016431756637559655,-5.8985913080558033e-05,0.0,0.0
A_resonant_driven_swell_w0p625_c0p713_s0p000_b0p500,previous_AB,subtract_clip_mean,6.0151765990273034e-18,7.225072163590035e-17,0.08325420788653339,0.18882855193967926,False,False,0.0015806710825897392,3.5186680858252435e-06,6.250458116637046e-05,6.250458116637046e-05
A_resonant_driven_swell_w0p625_c0p713_s0p000_b0p500,previous_AB,highpass_10hz,3.245650997480289e-15,3.8984872355727184e-14,0.08325411374608432,0.2025390975329113,False,False,0.0014784529738284704,4.4549756426072275e-05,8.570376962767758e-12,-3.5683372330978176e-13
A_resonant_driven_swell_w0p625_c0p713_s0p000_b0p500,previous_AB,highpass_20hz,8.01582702121048e-16,9.62827640617217e-15,0.08325297990065973,0.2160785390027867,False,False,0.001416778582904871,4.6215942915711064e-05,5.681111999922472e-15,1.0454677567820397e-16
A_resonant_driven_swell_w0p625_c0p850_s0p000_b0p500,previous_AB,raw,-3.4497948794096605e-05,0.00039435109649839606,0.08748029129478259,0.2425154596567154,False,False,0.0016438138285808084,-7.665817129983257e-06,0.0,0.0
A_resonant_driven_swell_w0p625_c0p850_s0p000_b0p500,previous_AB,subtract_clip_mean,-8.197020789522698e-18,9.370135039070712e-17,0.08748028449263034,0.2424809617079213,False,False,0.0016093158797865533,2.6832131664100056e-05,3.4497948794096605e-05,3.4497948794096605e-05
A_resonant_driven_swell_w0p625_c0p850_s0p000_b0p500,previous_AB,highpass_10hz,-6.121992977227218e-15,6.998146836561436e-14,0.0874802018334797,0.2574016578996611,False,False,0.0015316374347208522,5.083049984044303e-05,4.773112498364755e-12,-1.7074634500784973e-13
A_resonant_driven_swell_w0p625_c0p850_s0p000_b0p500,previous_AB,highpass_20hz,3.76134833366241e-15,4.299713611755768e-14,0.08747904333392292,0.27229098639413785,False,False,0.0014608533787532976,5.223919014364776e-05,4.746540903530287e-15,6.802578761428601e-17
A_resonant_driven_swell_w0p750_c0p300_s0p000_b0p500,previous_AB,raw,-0.012285929023626066,0.40615397016447147,0.03024943722364919,0.14251874387264252,True,False,0.0493883101380623,-0.021537778626829363,0.0,0.0
A_resonant_driven_swell_w0p750_c0p300_s0p000_b0p500,previous_AB,subtract_clip_mean,0.0,0.0,0.02764207662918826,0.13023281484901644,False,False,0.03710238111444114,-0.009251849603203298,0.012285929023626066,0.012285929023626066
A_resonant_driven_swell_w0p750_c0p300_s0p000_b0p500,previous_AB,highpass_10hz,-4.811968879963959e-13,1.9787867115754207e-11,0.024317774380710727,0.13870330432150793,False,False,0.0016141138930579402,-5.502179558454759e-06,1.0554990765515903e-09,-4.988951818531886e-11
A_resonant_driven_swell_w0p750_c0p300_s0p000_b0p500,previous_AB,highpass_20hz,1.7018040625818652e-15,6.99846836919246e-14,0.024316807232755033,0.13886659124081072,False,False,0.0010689032888494038,-5.193950120186628e-06,4.673194269220483e-13,1.0936970742405151e-14
A_resonant_driven_swell_w0p750_c0p438_s0p000_b0p500,previous_AB,raw,-0.015577640036238346,0.3079282529426996,0.05058853771088387,0.1913367211818695,True,False,0.03871521578925871,-0.02597206840562868,0.0,0.0
A_resonant_driven_swell_w0p750_c0p438_s0p000_b0p500,previous_AB,subtract_clip_mean,8.593109427181861e-19,1.7853801236948592e-17,0.048130419472791876,0.20691436121810786,False,False,0.023137575753019664,-0.01039442836939033,0.015577640036238346,0.015577640036238346
A_resonant_driven_swell_w0p750_c0p438_s0p000_b0p500,previous_AB,highpass_10hz,-8.128041265154264e-13,1.7658190795675e-11,0.04602986432304863,0.22674115132158196,False,False,0.00205337461711793,2.6027415395489755e-05,1.791375377355908e-09,-8.464031507000482e-11
A_resonant_driven_swell_w0p750_c0p438_s0p000_b0p500,previous_AB,highpass_20hz,7.190888516201021e-16,1.5622493133281852e-14,0.046029071383502124,0.22276816484844572,False,False,0.0015094818812392296,2.7112814235830992e-05,7.942502562370594e-13,1.8573063186997358e-14
A_resonant_driven_swell_w0p750_c0p575_s0p000_b0p500,previous_AB,raw,-0.013241620594869585,0.2199260950404017,0.0602094107679083,0.20011372864246368,True,False,0.034116469406353336,-0.022175445019689866,0.0,0.0
A_resonant_driven_swell_w0p750_c0p575_s0p000_b0p500,previous_AB,subtract_clip_mean,-3.4372437708727445e-18,5.852094369520486e-17,0.058735275848847746,0.21335534923733326,False,False,0.020874848811484045,-0.008933824424820288,0.013241620594869585,0.013241620594869585
A_resonant_driven_swell_w0p750_c0p575_s0p000_b0p500,previous_AB,highpass_10hz,-6.698079967550044e-13,1.1650481667048338e-11,0.05749187165792957,0.2365248361241868,False,False,0.002181394041348942,3.0100912672947007e-05,1.4856110528002158e-09,-7.017542967856255e-11
A_resonant_driven_swell_w0p750_c0p575_s0p000_b0p500,previous_AB,highpass_20hz,9.556645388538328e-16,1.6622798539878592e-14,0.057491194190988054,0.23929083722936498,False,False,0.0015975250916313312,2.975984443910674e-05,6.591476744711878e-13,1.5405089123477048e-14
A_resonant_driven_swell_w0p750_c0p713_s0p000_b0p500,previous_AB,raw,-0.011949575451562307,0.1832854071964579,0.06519654583713766,0.20494753122329712,True,False,0.03237678136659655,-0.020136434684022105,0.0,0.0
A_resonant_driven_swell_w0p750_c0p713_s0p000_b0p500,previous_AB,subtract_clip_mean,-6.0151765990273034e-18,9.385207589210377e-17,0.06409209963498942,0.21689710667485942,False,False,0.020427205915034226,-0.008186859232459808,0.011949575451562307,0.011949575451562307
A_resonant_driven_swell_w0p750_c0p713_s0p000_b0p500,previous_AB,highpass_10hz,-5.98165118680016e-13,9.472563598728797e-12,0.06314712088713649,0.24451022677439677,False,False,0.0022958627877198105,2.6729233839306064e-05,1.2974296129187966e-09,-6.12755896773422e-11
A_resonant_driven_swell_w0p750_c0p713_s0p000_b0p500,previous_AB,highpass_20hz,1.1540814495374839e-15,1.8276274993152776e-14,0.06314642617108035,0.2510689595249433,False,False,0.0017231423733774258,2.5996491364452242e-05,5.759695434645617e-13,1.345552033534449e-14
A_resonant_driven_swell_w0p750_c0p850_s0p000_b0p500,previous_AB,raw,-0.011602049574845038,0.1708774164810744,0.06789691589309596,0.24724751710891724,True,False,0.03200101930540648,-0.019598454790255584,0.0,0.0
A_resonant_driven_swell_w0p750_c0p850_s0p000_b0p500,previous_AB,subtract_clip_mean,-6.0151765990273034e-18,8.991522753394996e-17,0.06689830815093148,0.2588495666837623,False,False,0.020398969730561597,-0.007996405215410556,0.011602049574845038,0.011602049574845038
A_resonant_driven_swell_w0p750_c0p850_s0p000_b0p500,previous_AB,highpass_10hz,-5.675526698481861e-13,8.594376756718189e-12,0.06603767625203684,0.28892120346256533,False,False,0.0023447364314313486,2.558942851819075e-05,1.2432378164958534e-09,-5.871374136707687e-11
A_resonant_driven_swell_w0p750_c0p850_s0p000_b0p500,previous_AB,highpass_20hz,-5.015422024108613e-16,7.594869468275411e-15,0.06603697463213255,0.29757625652746433,False,False,0.0017901016488783934,2.4674269429465505e-05,5.520911960948457e-13,1.2895110121621474e-14
A_resonant_driven_swell_w0p875_c0p300_s0p000_b0p500,previous_AB,raw,-0.008494145295017115,0.3729130115839331,0.0227778195749689,0.11519776284694672,True,False,0.031372863115852224,-0.01454386074627097,0.0,0.0
A_resonant_driven_swell_w0p875_c0p300_s0p000_b0p500,previous_AB,subtract_clip_mean,1.2889664140772793e-18,6.098795167107428e-17,0.02113477135662875,0.1067036175519296,False,False,0.022878717820834647,-0.006049715451253855,0.008494145295017115,0.008494145295017115
A_resonant_driven_swell_w0p875_c0p300_s0p000_b0p500,previous_AB,highpass_10hz,-3.946180964932119e-13,2.038181141005018e-11,0.019361286813723903,0.11225026040314655,False,False,0.0018742374571365634,-2.6105774540539693e-06,8.4973619738902e-10,-4.016182419717083e-11
A_resonant_driven_swell_w0p875_c0p300_s0p000_b0p500,previous_AB,highpass_20hz,9.01098293991228e-16,4.6544341802443586e-14,0.019359996491430033,0.11141147497550835,False,False,0.0013564189833266296,-2.433612690840235e-06,3.763031508112942e-13,8.805574890502802e-15
A_resonant_driven_swell_w0p875_c0p438_s0p000_b0p500,previous_AB,raw,-0.009164750094809984,0.27333233555818465,0.033529695914295034,0.1401129513978958,True,False,0.03224811552283794,-0.015924700038305793,0.0,0.0
A_resonant_driven_swell_w0p875_c0p438_s0p000_b0p500,previous_AB,subtract_clip_mean,8.593109427181861e-19,2.6642926454482746e-17,0.03225287372940237,0.1492777014927058,False,False,0.02308336542802721,-0.006759949943495809,0.009164750094809984,0.009164750094809984
A_resonant_driven_swell_w0p875_c0p438_s0p000_b0p500,previous_AB,highpass_10hz,-3.8489022836431194e-13,1.245110687769866e-11,0.030912129511448807,0.17249500303351017,False,False,0.001998533305033438,2.4999853784002382e-05,8.265013118323849e-10,-3.903247198246297e-11
A_resonant_driven_swell_w0p875_c0p438_s0p000_b0p500,previous_AB,highpass_20hz,-6.23968836622928e-16,2.0185979548252137e-14,0.03091100112983896,0.1713081355435334,False,False,0.0011450802183985342,2.4627334920469444e-05,3.6694134152545356e-13,8.571866872102491e-15
A_resonant_driven_swell_w0p875_c0p575_s0p000_b0p500,previous_AB,raw,-0.009357364678227528,0.24158786673648633,0.03873275924255807,0.20315223932266235,True,False,0.02458568419736071,-0.01589754820159002,0.0,0.0
A_resonant_driven_swell_w0p875_c0p575_s0p000_b0p500,previous_AB,subtract_clip_mean,2.5779328281545586e-18,6.858857729399447e-17,0.03758545416541654,0.2125096040008899,False,False,0.015228319519133641,-0.006540183523362491,0.009357364678227528,0.009357364678227528
A_resonant_driven_swell_w0p875_c0p575_s0p000_b0p500,previous_AB,highpass_10hz,-4.4788203799953966e-13,1.224675127647288e-11,0.03657149785183943,0.22655448410989285,False,False,0.00209423428936357,4.867792233719839e-06,9.765873937834706e-10,-4.6137765368334135e-11
A_resonant_driven_swell_w0p875_c0p575_s0p000_b0p500,previous_AB,highpass_20hz,2.1645761524838874e-16,5.9189836098254455e-15,0.03657006498363529,0.22533922522440852,False,False,0.0016384416503801994,4.57733401200033e-06,4.3301592221620446e-13,1.0123801607070716e-14
A_resonant_driven_swell_w0p875_c0p713_s0p000_b0p500,previous_AB,raw,-0.008328425418429916,0.19352045609141652,0.04303640858770857,0.20829680562019348,True,False,0.02160879335385295,-0.013983591412111994,0.0,0.0
A_resonant_driven_swell_w0p875_c0p713_s0p000_b0p500,previous_AB,subtract_clip_mean,2.5779328281545586e-18,6.10553834918461e-17,0.042222858668946685,0.2166252310386234,False,False,0.01328036793542302,-0.005655165993682072,0.008328425418429916,0.008328425418429916
A_resonant_driven_swell_w0p875_c0p713_s0p000_b0p500,previous_AB,highpass_10hz,-4.1884622922079133e-13,1.008366442607782e-11,0.04153710511603244,0.2316113044044408,False,False,0.0019624469655978687,5.7937460574679906e-06,9.262457682491197e-10,-4.3757222123829757e-11
A_resonant_driven_swell_w0p875_c0p713_s0p000_b0p500,previous_AB,highpass_20hz,-1.184611323958412e-15,2.851967930333246e-14,0.041536628492873436,0.23315760656446063,False,False,0.0016028733939230338,5.302156741378056e-06,4.1084490296256447e-13,9.602740663641882e-15
A_resonant_driven_swell_w0p875_c0p850_s0p000_b0p500,previous_AB,raw,-0.00786905194404166,0.17350587635761894,0.04535323015701489,0.26133832335472107,True,False,0.022892886396045288,-0.013394089701428982,0.0,0.0
A_resonant_driven_swell_w0p875_c0p850_s0p000_b0p500,previous_AB,subtract_clip_mean,-4.2965547135909306e-19,9.619435861947412e-18,0.044665350185318586,0.2692073752987627,False,False,0.015023834452003794,-0.005525037757387323,0.00786905194404166,0.00786905194404166
A_resonant_driven_swell_w0p875_c0p850_s0p000_b0p500,previous_AB,highpass_10hz,-3.759361873619174e-13,8.533394887484548e-12,0.04405470417328067,0.28892883403532255,False,False,0.0020665877240875776,6.6164377037449315e-06,8.115978430404349e-10,-3.8338368799448596e-11
A_resonant_driven_swell_w0p875_c0p850_s0p000_b0p500,previous_AB,highpass_20hz,1.2362136174053132e-15,2.8061075423163993e-14,0.04405439202750004,0.2926004446777594,False,False,0.0015982451631847239,6.02017770503421e-06,3.6006087192560123e-13,8.414886640288715e-15
A_resonant_driven_swell_w1p000_c0p438_s0p000_b0p500,previous_AB,raw,-0.009164750094809984,0.27333233555818465,0.033529695914295034,0.1401129513978958,True,False,0.03224811552283794,-0.015924700038305793,0.0,0.0
A_resonant_driven_swell_w1p000_c0p438_s0p000_b0p500,previous_AB,subtract_clip_mean,8.593109427181861e-19,2.6642926454482746e-17,0.03225287372940237,0.1492777014927058,False,False,0.02308336542802721,-0.006759949943495809,0.009164750094809984,0.009164750094809984
A_resonant_driven_swell_w1p000_c0p438_s0p000_b0p500,previous_AB,highpass_10hz,-3.8489022836431194e-13,1.245110687769866e-11,0.030912129511448807,0.17249500303351017,False,False,0.001998533305033438,2.4999853784002382e-05,8.265013118323849e-10,-3.903247198246297e-11
A_resonant_driven_swell_w1p000_c0p438_s0p000_b0p500,previous_AB,highpass_20hz,-6.23968836622928e-16,2.0185979548252137e-14,0.03091100112983896,0.1713081355435334,False,False,0.0011450802183985342,2.4627334920469444e-05,3.6694134152545356e-13,8.571866872102491e-15
A_resonant_driven_swell_w1p000_c0p713_s0p000_b0p500,previous_AB,raw,-0.008328425418429916,0.19352045609141652,0.04303640858770857,0.20829680562019348,True,False,0.02160879335385295,-0.013983591412111994,0.0,0.0
A_resonant_driven_swell_w1p000_c0p713_s0p000_b0p500,previous_AB,subtract_clip_mean,2.5779328281545586e-18,6.10553834918461e-17,0.042222858668946685,0.2166252310386234,False,False,0.01328036793542302,-0.005655165993682072,0.008328425418429916,0.008328425418429916
A_resonant_driven_swell_w1p000_c0p713_s0p000_b0p500,previous_AB,highpass_10hz,-4.1884622922079133e-13,1.008366442607782e-11,0.04153710511603244,0.2316113044044408,False,False,0.0019624469655978687,5.7937460574679906e-06,9.262457682491197e-10,-4.3757222123829757e-11
A_resonant_driven_swell_w1p000_c0p713_s0p000_b0p500,previous_AB,highpass_20hz,-1.184611323958412e-15,2.851967930333246e-14,0.041536628492873436,0.23315760656446063,False,False,0.0016028733939230338,5.302156741378056e-06,4.1084490296256447e-13,9.602740663641882e-15
C_driven_pluck_b0p250_s0p000,combined_13,raw,-0.0016672021301202484,0.17963763578489692,0.009280917792286035,0.17704305052757263,False,False,0.01937961059991973,-0.0033274370921191274,0.0,0.0
C_driven_pluck_b0p250_s0p000,combined_13,subtract_clip_mean,0.0,0.0,0.009129943708725372,0.1787102526576929,False,False,0.017712408469798154,-0.0016602349619988788,0.0016672021301202484,0.0016672021301202484
C_driven_pluck_b0p250_s0p000,combined_13,highpass_10hz,3.124503679217611e-16,3.543754079776389e-14,0.008816931448625711,0.17354947497211087,False,False,0.00849868869186313,2.7448735506725066e-07,2.9724503619043113e-31,-1.5770626100748573e-32
C_driven_pluck_b0p250_s0p000,combined_13,highpass_20hz,6.9923029321780285e-16,8.024966657929827e-14,0.008713186272579242,0.17121899959556272,False,False,0.00494391903923878,4.6324081443649376e-07,5.557750058411525e-59,-1.0451854791250697e-61
C_driven_pluck_b0p250_s0p400,combined_13,raw,-0.001669164072948738,0.17464415136789888,0.009557514865943258,0.17740952968597412,False,False,0.01941149516766892,-0.003330518136245096,0.0,0.0
C_driven_pluck_b0p250_s0p400,combined_13,subtract_clip_mean,-1.0741386783977326e-19,1.1414097977755277e-17,0.009410631313057777,0.17907869375892285,False,False,0.0177423310947187,-0.0016613540632963583,0.001669164072948738,0.001669164072948738
C_driven_pluck_b0p250_s0p400,combined_13,highpass_10hz,-2.9834176551811527e-16,3.2761076011567755e-14,0.009106592390700856,0.1739775395894627,False,False,0.0085479017381232,1.0182533350562011e-06,2.9772977532850875e-31,-1.5916976337871995e-32
C_driven_pluck_b0p250_s0p400,combined_13,highpass_20hz,4.66172134802892e-16,5.1762499273892926e-14,0.009005981962660212,0.17172552899364918,False,False,0.0049924345387954835,1.2090973047621608e-06,5.59649941010119e-59,-1.0331369068000836e-61
C_driven_pluck_b0p250_s1p000,combined_13,raw,-0.0016730211977969624,0.16966766419589466,0.009860577769641055,0.1779392957687378,False,False,0.01946729384947084,-0.0033373691745540563,0.0,0.0
C_driven_pluck_b0p250_s1p000,combined_13,subtract_clip_mean,2.1482773567954653e-19,2.2107048843016203e-17,0.009717612568057105,0.17961231696653476,False,False,0.017794272651674846,-0.0016643479767570939,0.0016730211977969624,0.0016730211977969624
C_driven_pluck_b0p250_s1p000,combined_13,highpass_10hz,-7.685852982859316e-16,8.157035476828167e-14,0.009422360617031337,0.17455575058881062,False,False,0.008615973974918355,1.7539046467295478e-06,2.986224555071544e-31,-1.6092905786004395e-32
C_driven_pluck_b0p250_s1p000,combined_13,highpass_20hz,-9.487183022050537e-16,1.017406921266693e-13,0.00932486581695237,0.17241594844801192,False,False,0.005059980818063588,1.9372485866162157e-06,5.6445798075127115e-59,-1.0226869296706385e-61
C_driven_pluck_b0p500_s0p000,combined_13,raw,5.879620657612186e-05,0.006150866668273698,0.009559011720965105,0.18687359988689423,False,False,0.003402220579572116,0.00011936901272175367,0.0,0.0
C_driven_pluck_b0p500_s0p000,combined_13,subtract_clip_mean,-3.8266190417919227e-19,4.003229143447792e-17,0.009558830895441165,0.1868148036803181,False,False,0.0033434243729960843,6.0572806145631025e-05,5.879620657612186e-05,-5.879620657612186e-05
C_driven_pluck_b0p500_s0p000,combined_13,highpass_10hz,1.0044498406788227e-15,1.0521205261447349e-13,0.009546908512082822,0.17771727682313482,False,False,0.00606435373756889,2.011964008734426e-06,5.646661500545612e-34,-6.443328012780583e-36
C_driven_pluck_b0p500_s0p000,combined_13,highpass_20hz,3.942450842145506e-16,4.134943966587364e-14,0.009534472229860164,0.19148291505018672,False,False,0.005059062637195079,2.1777784340969887e-06,9.783149283089259e-62,2.9582642093752454e-63
C_driven_pluck_b0p500_s0p400,combined_13,raw,5.838083481942981e-05,0.005940094480133448,0.009828267044351498,0.18699224293231964,False,False,0.0033766907103657475,0.00011923913728213297,0.0,0.0
C_driven_pluck_b0p500_s0p400,combined_13,subtract_clip_mean,-4.497955715790506e-19,4.576630907719541e-17,0.009828093648984603,0.1869338620975002,False,False,0.0033183098755462615,6.085830246270228e-05,5.838083481942981e-05,-5.838083481942981e-05
C_driven_pluck_b0p500_s0p400,combined_13,highpass_10hz,-2.2485715943111283e-15,2.2905720321974165e-13,0.00981663777739399,0.17848460996522167,False,False,0.00605774219140532,2.574235297384589e-06,6.029921760666488e-34,-1.6706018749847207e-34
C_driven_pluck_b0p500_s0p400,combined_13,highpass_20hz,6.683450299450767e-17,6.816588324172434e-15,0.009804685249585129,0.19244573335686288,False,False,0.005059026843236225,2.724302433508314e-06,4.4992866081640684e-61,4.3782030010106753e-63
C_driven_pluck_b0p500_s1p000,combined_13,raw,5.779889840290765e-05,0.005710808234767679,0.010120966424861745,0.18716423213481903,False,False,0.0033562324355649936,0.00011875649587715611,0.0,0.0
C_driven_pluck_b0p500_s1p000,combined_13,subtract_clip_mean,4.732923551690009e-19,4.6764316104753445e-17,0.010120801384303624,0.18710643323641613,False,False,0.00329843353716219,6.095759747424944e-05,5.779889840290765e-05,-5.779889840290765e-05
C_driven_pluck_b0p500_s1p000,combined_13,highpass_10hz,-5.660245095338465e-16,5.598728710710923e-14,0.010109875630354896,0.17959048492035404,False,False,0.006053193141202561,3.108435463503977e-06,9.011695763882464e-34,-3.2659833290495467e-34
C_driven_pluck_b0p500_s1p000,combined_13,highpass_20hz,-1.5371490928190242e-16,1.5221597789750176e-14,0.010098473984472904,0.1938087809292941,False,False,0.005064129016757477,3.236110921127487e-06,8.496791335500394e-61,5.682897277819182e-63
C_driven_pluck_b0p750_s0p000,combined_13,raw,0.001716699864606644,0.18055303112023352,0.0095080091093207,0.1868741810321808,False,False,0.020898561931601736,0.0034288332139941363,0.0,0.0
C_driven_pluck_b0p750_s0p000,combined_13,subtract_clip_mean,-1.0741386783977326e-19,1.1485967663125054e-17,0.009351747366015878,0.18515748116757413,False,False,0.019181862066993818,0.001712133349387492,0.001716699864606644,-0.001716699864606644
C_driven_pluck_b0p750_s0p000,combined_13,highpass_10hz,1.8160418579201235e-15,2.0263831143976172e-13,0.008961986729049399,0.1776971381884068,False,False,0.010026739543812424,2.461998773845963e-06,2.9715595078348247e-31,1.5690128977917368e-32
C_driven_pluck_b0p750_s0p000,combined_13,highpass_20hz,3.038335519182787e-16,3.444723947461068e-14,0.008820258358938139,0.19141223319085485,False,False,0.005860539283306077,2.5424198372085347e-06,5.528050286375712e-59,1.0895815281408228e-61
C_driven_pluck_b0p750_s0p400,combined_13,raw,0.0017177522068935664,0.17568665452810137,0.00977736306441426,0.1869928538799286,False,False,0.020907713039020386,0.003431427796686392,0.0,0.0
C_driven_pluck_b0p750_s0p400,combined_13,subtract_clip_mean,0.0,0.0,0.009625287312547325,0.18527510167303501,False,False,0.019189960832126974,0.0017136755897928257,0.0017177522068935664,-0.0017177522068935664
C_driven_pluck_b0p750_s0p400,combined_13,highpass_10hz,1.587153395189098e-15,1.7163937890470288e-13,0.009247023645257495,0.17846591099251746,False,False,0.010055294122572769,2.82018470276394e-06,2.9717581663382788e-31,1.5558557340924388e-32
C_driven_pluck_b0p750_s0p400,combined_13,highpass_20hz,-1.6667401480989194e-16,1.829610155314143e-14,0.009109810323569948,0.19237057490427614,False,False,0.0058978041874114305,2.879378440756748e-06,5.496590606458471e-59,1.1012647146569226e-61
C_driven_pluck_b0p750_s1p000,combined_13,raw,0.0017201594277096522,0.17077710384283454,0.01007254127750467,0.18716482818126678,False,False,0.02091891747608843,0.0034367064526704305,0.0,0.0
C_driven_pluck_b0p750_s1p000,combined_13,subtract_clip_mean,6.444832070386396e-19,6.493813279764902e-17,0.009924572501135605,0.18544466875355714,False,False,0.01919875804837709,0.0017165470249607788,0.0017201594277096522,-0.0017201594277096522
C_driven_pluck_b0p750_s1p000,combined_13,highpass_10hz,-4.961962645587263e-16,5.191447628449223e-14,0.009557955700825377,0.17956912824746796,False,False,0.010097350696299879,3.1617981311806777e-06,2.97487099933893e-31,1.5452967062816782e-32
C_driven_pluck_b0p750_s1p000,combined_13,highpass_20hz,-6.467819057689529e-16,6.862130870332583e-14,0.009425379929217317,0.19373815418749082,False,False,0.0059524355705743,3.196130941710368e-06,5.473305435771734e-59,1.1122425570534285e-61
C_resonant_driven_swell_b0p250_s0p000,combined_13,raw,-0.021485137710204032,0.27390292545028316,0.0784407018467711,0.18172678351402283,True,False,0.059947867692889574,-0.036387579179825484,0.0,0.0
C_resonant_driven_swell_b0p250_s0p000,combined_13,subtract_clip_mean,-8.593109427181861e-19,1.1390515003555185e-17,0.07544092101629994,0.20305779851399888,False,False,0.038462729982686114,-0.014902441469621455,0.021485137710204032,0.021485137710204032
C_resonant_driven_swell_b0p250_s0p000,combined_13,highpass_10hz,-1.0328318334120074e-12,1.419175017168175e-11,0.07277691764000485,0.2500053558327682,False,False,0.003041698362926524,7.85104473929368e-06,2.284244613586772e-09,-1.0794303973959503e-10
C_resonant_driven_swell_b0p250_s0p000,combined_13,highpass_20hz,5.3386374853906526e-15,7.33574546557257e-14,0.07277566418362583,0.25722435564630786,False,False,0.0019198239429315677,1.0578486744667739e-05,1.0126695543865965e-12,2.3677478563495795e-14
C_resonant_driven_swell_b0p250_s0p400,combined_13,raw,-0.021542823371762453,0.2698561622968497,0.07983076313100723,0.18172678351402283,True,False,0.0599793221566049,-0.036482710259927685,0.0,0.0
C_resonant_driven_swell_b0p250_s0p400,combined_13,subtract_clip_mean,-8.593109427181861e-19,1.117888745577457e-17,0.0768690932901646,0.20312919324385564,False,False,0.03843649878484253,-0.014939886888165227,0.021542823371762453,0.021542823371762453
C_resonant_driven_swell_b0p250_s0p400,combined_13,highpass_10hz,-1.048562410998313e-12,1.4123786640326958e-11,0.07424088438184162,0.2500110561800073,False,False,0.003064757557739862,1.7399827039773397e-05,2.284244613582731e-09,-1.079430397404177e-10
C_resonant_driven_swell_b0p250_s0p400,combined_13,highpass_20hz,2.3923816652426687e-15,3.22251246815243e-14,0.07423964030818159,0.2572572307617537,False,False,0.00194831189567851,2.006617412177519e-05,1.0126695543834222e-12,2.3677478563571267e-14
C_resonant_driven_swell_b0p250_s1p000,combined_13,raw,-0.02165171622916667,0.2657366127073991,0.08147810724526408,0.18172676861286163,True,False,0.06002599291536163,-0.03667746376213432,0.0,0.0
C_resonant_driven_swell_b0p250_s1p000,combined_13,subtract_clip_mean,5.155865656309117e-18,6.563916578037303e-17,0.07854861643977183,0.20325653373881786,False,False,0.03837427668619581,-0.015025747532967638,0.02165171622916667,0.02165171622916667
C_resonant_driven_swell_b0p250_s1p000,combined_13,highpass_10hz,-1.0574222609478332e-12,1.3922711777919126e-11,0.07594944704844521,0.2500175292274833,False,False,0.0030951417129730105,2.590915069918198e-05,2.2842446135466544e-09,-1.079430397427052e-10
C_resonant_driven_swell_b0p250_s1p000,combined_13,highpass_20hz,4.874968321858e-15,6.418805767803528e-14,0.07594821370527592,0.25730395858744404,False,False,0.0019869039581864936,2.844442501091972e-05,1.0126695543893942e-12,2.3677478563496326e-14
C_resonant_driven_swell_b0p500_s0p000,combined_13,raw,-1.2296908794304058e-07,1.5679823786106496e-06,0.07842504457990175,0.18185818195343018,False,False,0.0014939450481034078,2.8574568545811753e-05,0.0,0.0
C_resonant_driven_swell_b0p500_s0p000,combined_13,subtract_clip_mean,-5.509995751843369e-18,7.025811437360926e-17,0.07842504457980534,0.18185805898434224,False,False,0.0014940680171914335,2.8697537633745784e-05,1.2296908794304058e-07,1.2296908794304058e-07
C_resonant_driven_swell_b0p500_s0p000,combined_13,highpass_10hz,-2.112300256601713e-14,2.6934027516897506e-13,0.07842496838902116,0.19264368834690374,False,False,0.001438185224686718,3.1171241120459594e-05,3.684849447368065e-13,1.4092604186337662e-14
C_resonant_driven_swell_b0p500_s0p000,combined_13,highpass_20hz,2.2140952043142865e-15,2.8232430469549875e-14,0.07842382563209717,0.20313381928844124,False,False,0.0013801735997546628,3.344117739627187e-05,1.6712592691528111e-15,1.6488379118373523e-17
C_resonant_driven_swell_b0p500_s0p400,combined_13,raw,-1.4512399788725506e-07,1.8178793607034184e-06,0.07983147893328858,0.18185816705226898,False,False,0.001493944939977068,3.5193349814699506e-05,0.0,0.0
C_resonant_driven_swell_b0p500_s0p400,combined_13,subtract_clip_mean,4.3938985313207255e-18,5.5039673447610306e-17,0.07983147893315669,0.1818580219282711,False,False,0.001494090063975011,3.533847381259583e-05,1.4512399788725506e-07,1.4512399788725506e-07
C_resonant_driven_swell_b0p500_s0p400,combined_13,highpass_10hz,5.350133706347457e-15,6.701790923534041e-14,0.07983140279055709,0.19264367157976053,False,False,0.0014381851222041093,3.755672631803168e-05,3.6848493177749463e-13,1.409260293235318e-14
C_resonant_driven_swell_b0p500_s0p400,combined_13,highpass_20hz,-5.701860416588795e-15,7.142480010111865e-14,0.0798302607569985,0.2031338007213388,False,False,0.0013801735023522424,3.958279122052598e-05,1.6712592685832764e-15,1.6488379117618962e-17
C_resonant_driven_swell_b0p500_s1p000,combined_13,raw,-1.5365162355498227e-07,1.885768192985705e-06,0.08147959230965088,0.18185821175575256,False,False,0.001493944879156002,4.185239984536112e-05,0.0,0.0
C_resonant_driven_swell_b0p500_s1p000,combined_13,subtract_clip_mean,-9.365146602280231e-19,1.1493855500290256e-17,0.081479592309506,0.181858058104129,False,False,0.001494098530779651,4.200605146891512e-05,1.5365162355498227e-07,1.5365162355498227e-07
C_resonant_driven_swell_b0p500_s1p000,combined_13,highpass_10hz,7.307536619991645e-15,8.968556699407353e-14,0.08147951632478982,0.19264371605120909,False,False,0.0014381850620955503,4.3937754466871874e-05,3.684849599407673e-13,1.409260317853783e-14
C_resonant_driven_swell_b0p500_s1p000,combined_13,highpass_20hz,1.1241532606106272e-15,1.3796952108006845e-14,0.08147837665959878,0.20313384496954456,False,False,0.001380173449480527,4.567972255940244e-05,1.671259272682597e-15,1.648837913105003e-17
C_resonant_driven_swell_b0p750_s0p000,combined_13,raw,0.0213857956464879,0.2726541638997929,0.07843560993386371,0.18191489577293396,True,False,0.059551546345475416,0.03625481534082993,0.0,0.0
C_resonant_driven_swell_b0p750_s0p000,combined_13,subtract_clip_mean,3.4372437708727445e-18,4.554821643544637e-17,0.07546384995654462,0.20330069141942186,False,False,0.03816575069898765,0.014869019694342029,0.0213857956464879,-0.0213857956464879
C_resonant_driven_swell_b0p750_s0p000,combined_13,highpass_10hz,1.042431977640752e-12,1.4313726663078932e-11,0.0728274335662437,0.24940010982531055,False,False,0.0029985399616828208,3.5949128607316336e-05,2.2746112525213034e-09,1.07546801841043e-10
C_resonant_driven_swell_b0p750_s0p000,combined_13,highpass_20hz,3.176100518054036e-15,4.361206624862897e-14,0.07282618759559192,0.2566927470558553,False,False,0.0019076893540208718,3.693779249554833e-05,1.0064492778813433e-12,-2.3562510963178878e-14
C_resonant_driven_swell_b0p750_s0p400,combined_13,raw,0.021434192944366517,0.26851434294724646,0.07982513227823206,0.18191489577293396,True,False,0.059580264031615655,0.036346543661563695,0.0,0.0
C_resonant_driven_swell_b0p750_s0p400,combined_13,subtract_clip_mean,-8.593109427181861e-19,1.1175323321313729e-17,0.07689360907163165,0.20334908871730048,False,False,0.038146071087248816,0.014912350717197171,0.021434192944366517,-0.021434192944366517
C_resonant_driven_swell_b0p750_s0p400,combined_13,highpass_10hz,1.0402716900708587e-12,1.4001874729846746e-11,0.07429517190675829,0.24944659942595193,False,False,0.00302271674921063,4.013297278418401e-05,2.2746112525360016e-09,1.0754680184181467e-10
C_resonant_driven_swell_b0p750_s0p400,combined_13,highpass_20hz,1.050386786871663e-15,1.4138257539210457e-14,0.07429393501699652,0.2566927739117061,False,False,0.001936053875529226,4.0832933899723835e-05,1.0064492778758416e-12,-2.3562510963073016e-14
C_resonant_driven_swell_b0p750_s1p000,combined_13,raw,0.021521769248642762,0.2641638939079629,0.08147127501134255,0.18191489577293396,True,False,0.05962266827170057,0.03651449972938531,0.0,0.0
C_resonant_driven_swell_b0p750_s1p000,combined_13,subtract_clip_mean,-8.593109427181861e-19,1.093587635156465e-17,0.07857723652803007,0.20343666502157673,False,False,0.03810089902305737,0.01499273048074254,0.021521769248642762,-0.021521769248642762
C_resonant_driven_swell_b0p750_s1p000,combined_13,highpass_10hz,1.0384681978030954e-12,1.3661693004340101e-11,0.0760131410853099,0.2495104145754729,False,False,0.003055450760111604,4.437624228441121e-05,2.274611252515406e-09,1.075468018450219e-10
C_resonant_driven_swell_b0p750_s1p000,combined_13,highpass_20hz,-1.1156574950011751e-15,1.4677402893130546e-14,0.07601191458220007,0.25669277391906076,False,False,0.001974874181695691,4.475901788878275e-05,1.0064492778828848e-12,-2.3562510963204162e-14
